Order ID,External ID,Short ID,Provider,Order Source,Brand,Branch,Menu Items,Menu Categories,Menu Modifiers,Item Quantity,Modifier Quantity,Item Sale Price,Modifier Sale Price,Created At,Status
76732058,001251062687-C8EGCUEHEEJAJ2,GF-905,GrabFood,,Herbox,Greenville,Rica Rica Vegan Vegetarian Ricebox,Ricebox,,2,,39000.00,,"September 05, 2026 08:21:41PM",DELIVERED
76732058,001251062687-C8EGCUEHEEJAJ2,GF-905,GrabFood,,Herbox,Greenville,Teriyaki Vegan Vegetarian Ricebox,Ricebox,,1,,39000.00,,"September 05, 2026 08:21:41PM",DELIVERED
76732058,001251062687-C8EGCUEHEEJAJ2,GF-905,GrabFood,,Herbox,Greenville,Kung Paow Chick Vegan Vegetarian Ricebox,Ricebox,,1,,39000.00,,"September 05, 2026 08:21:41PM",DELIVERED
76730333,001705515401-C8EGCPNTDA6FEE,GF-834,GrabFood,,Herbox,Greenville,Kung Paow Chick Vegan Vegetarian Ricebox,Ricebox,,1,,39000.00,,"September 05, 2026 08:06:40PM",DELIVERED
76730333,001705515401-C8EGCPNTDA6FEE,GF-834,GrabFood,,Herbox,Greenville,Kung Paow Chick Vegan Vegetarian Ricebox,Ricebox,Vegan Chicken Nugget,,1,,35000.00,"September 05, 2026 08:06:40PM",DELIVERED
76728202,F-3346912945,4585,gofood,,Tyfel Coffee,Greenville,Mock Chicken Burrito,Breakfast Burritos,,1,,68000.00,,"September 05, 2026 07:48:08PM",DELIVERED
76728202,F-3346912945,4585,gofood,,Tyfel Coffee,Greenville,Mock Beef Sandwich,Breakfast Sandwiches,,1,,58000.00,,"September 05, 2026 07:48:08PM",DELIVERED
76728202,F-3346912945,4585,gofood,,Tyfel Coffee,Greenville,Chic Chunk - Vegan Plantbased,Lite Bites,,1,,38000.00,,"September 05, 2026 07:48:08PM",DELIVERED
76728202,F-3346912945,4585,gofood,,Tyfel Coffee,Greenville,Mozarella Stick,Lite Bites,,1,,40000.00,,"September 05, 2026 07:48:08PM",DELIVERED
76720365,001491565333-C8EGBB5KCGDCNJ,GF-306,GrabFood,,American Breakfast Club,Greenville,Cheese Omelette - Side Tater Tots,American Breakfast Omelettes,,1,,58000.00,,"September 05, 2026 06:46:19PM",DELIVERED
76717940,F-3346756221,1399,gofood,,Herbox,Greenville,Lada Hitam Blackpepper Vegan Vegetarian Ricebox,Ricebox,,1,,31200.00,,"September 05, 2026 06:18:09PM",DELIVERED
76717940,F-3346756221,1399,gofood,,Herbox,Greenville,Lada Hitam Blackpepper Vegan Vegetarian Ricebox,Ricebox,"Sendok, Garpu, Tissue, Tusuk Gigi",,1,,1500.00,"September 05, 2026 06:18:09PM",DELIVERED
76717940,F-3346756221,1399,gofood,,Herbox,Greenville,Beef Mentai Vegan Vegetarian Rice,Mentai Vegan,,1,,47200.00,,"September 05, 2026 06:18:09PM",DELIVERED
76717940,F-3346756221,1399,gofood,,Herbox,Greenville,Beef Mentai Vegan Vegetarian Rice,Mentai Vegan,"Sendok, Garpu, Tissue, Tusuk Gigi",,1,,1500.00,"September 05, 2026 06:18:09PM",DELIVERED
76714261,001026295827-C8EGAYNVDGLBEN,GF-220,GrabFood,,American Breakfast Club,Greenville,"Burrito - 2 Scrambled Eggs, Cheddar, Avocado, Tater Tots",American Breakfast Burritos,,1,,58000.00,,"September 05, 2026 05:53:22PM",DELIVERED
76711813,001449314186-C8EGAK6KCBKDTA,GF-614,GrabFood,,Tyfel Coffee,Greenville,Meatless Burger - Vegan Plantbased,Brunch,,1,,45000.00,,"September 05, 2026 05:30:57PM",DELIVERED
76711813,001449314186-C8EGAK6KCBKDTA,GF-614,GrabFood,,Tyfel Coffee,Greenville,Chic Chunk - Vegan Plantbased,Lite Bites,,1,,38000.00,,"September 05, 2026 05:30:57PM",DELIVERED
76711597,00104248151-C8EGATJXJNB3PE,GF-668,GrabFood,,American Breakfast Club,Greenville,"Burrito - Mock Chicken, 2 Scrambled Eggs, Cheddar, Avocado, Tater Tots",American Breakfast Burritos,,1,,68000.00,,"September 05, 2026 05:28:44PM",DELIVERED
76711597,00104248151-C8EGATJXJNB3PE,GF-668,GrabFood,,American Breakfast Club,Greenville,"Burrito - Mock Chicken, 2 Scrambled Eggs, Cheddar, Avocado, Tater Tots",American Breakfast Burritos,Tatter Tots,,1,,30000.00,"September 05, 2026 05:28:44PM",DELIVERED
76711597,00104248151-C8EGATJXJNB3PE,GF-668,GrabFood,,American Breakfast Club,Greenville,"Burrito - 2 Scrambled Eggs, Cheddar, Avocado, Tater Tots",American Breakfast Burritos,,1,,58000.00,,"September 05, 2026 05:28:44PM",DELIVERED
76711131,00173465129-C8EGAPE1NUUULN,GF-435,GrabFood,,Tyfel Coffee,Greenville,Meatless Burger - Vegan Plantbased,Brunch,,1,,45000.00,,"September 05, 2026 05:24:31PM",DELIVERED
76710656,00193981716-C8EGAPMWAZB2TN,GF-059,GrabFood,,People Pasta,Greenville,Vegan Chicken Crispy Burger,Meatless Burgers,,1,,49000.00,,"September 05, 2026 05:19:43PM",DELIVERED
76710656,00193981716-C8EGAPMWAZB2TN,GF-059,GrabFood,,People Pasta,Greenville,Meat-less Burger - Vegan,Meatless Burgers,,2,,49000.00,,"September 05, 2026 05:19:43PM",DELIVERED
76689356,001552305319-C8EFUENBKAAECJ,GF-933,GrabFood,,American Breakfast Club,Greenville,"Burrito - Mock Chicken, 2 Scrambled Eggs, Cheddar, Avocado, Tater Tots",American Breakfast Burritos,,1,,68000.00,,"September 05, 2026 01:19:51PM",DELIVERED
76689356,001552305319-C8EFUENBKAAECJ,GF-933,GrabFood,,American Breakfast Club,Greenville,"Sandwich - 2 Scrambled Eggs Mock Beef, Cheddar Cheese  on a wavy brioche bun",American Breakfast Sandwiches,,1,,58000.00,,"September 05, 2026 01:19:51PM",DELIVERED
76684780,00156576840-C8EFT2UXAKXETA,GF-108,GrabFood,,American Breakfast Club,Greenville,"Burrito - 2 Scrambled Eggs, Cheddar, Avocado, Tater Tots",American Breakfast Burritos,,1,,58000.00,,"September 05, 2026 12:33:16PM",DELIVERED
76684780,00156576840-C8EFT2UXAKXETA,GF-108,GrabFood,,American Breakfast Club,Greenville,"Burrito - Mock Beef, 2 Scrambled Eggs, Cheddar, Avocado, Tater Tots,",American Breakfast Burritos,,1,,68000.00,,"September 05, 2026 12:33:16PM",DELIVERED
76684780,00156576840-C8EFT2UXAKXETA,GF-108,GrabFood,,American Breakfast Club,Greenville,"2 Pancakes - Butter, Maple Syrup",American Breakfast Pancakes,,1,,48000.00,,"September 05, 2026 12:33:16PM",DELIVERED
76682662,001095038291-C8EFTXNKVCCANE,GF-942,GrabFood,,American Breakfast Club,Greenville,"Burrito - Mock Beef, 2 Scrambled Eggs, Cheddar, Avocado, Tater Tots,",American Breakfast Burritos,,1,,68000.00,,"September 05, 2026 12:13:22PM",DELIVERED
76682662,001095038291-C8EFTXNKVCCANE,GF-942,GrabFood,,American Breakfast Club,Greenville,"2 Pancakes - Blueberries, Butter, Maple Syrup",American Breakfast Pancakes,,1,,58000.00,,"September 05, 2026 12:13:22PM",DELIVERED
76682662,001095038291-C8EFTXNKVCCANE,GF-942,GrabFood,,American Breakfast Club,Greenville,Cheese Omelette - Side Tater Tots,American Breakfast Omelettes,,1,,58000.00,,"September 05, 2026 12:13:22PM",DELIVERED
76681312,001167872934-C8EFTUBDNFVHTE,GF-780,GrabFood,,American Breakfast Club,Kemang,"Burrito - 2 Scrambled Eggs, Cheddar, Avocado, Tater Tots",American Breakfast Burritos,,2,,58000.00,,"September 05, 2026 12:00:33PM",DELIVERED
76681312,001167872934-C8EFTUBDNFVHTE,GF-780,GrabFood,,American Breakfast Club,Kemang,"Sandwich - 2 Scrambled Eggs, Mock Chicken, Cheddar Cheese Mix, Brioche Bun",American Breakfast Sandwiches,,1,,58000.00,,"September 05, 2026 12:00:33PM",DELIVERED
76678225,001942683711-C8EFTKNHTRJJAN,GF-227,GrabFood,,American Breakfast Club,Kemang,Sandwich - 2 Scrambled Eggs melty cheddar cheese on a wavy brioche bun,American Breakfast Sandwiches,,1,,45000.00,,"September 05, 2026 11:29:58AM",DELIVERED
76677822,F-3346183697,7712,gofood,,American Breakfast Club,Kemang,"Burrito - 2 Scrambled Eggs, Cheddar, Avocado, Tater Tots",American Breakfast Burritos,,1,,58000.00,,"September 05, 2026 11:25:16AM",DELIVERED
76677822,F-3346183697,7712,gofood,,American Breakfast Club,Kemang,"Burrito - 2 Scrambled Eggs, Cheddar, Avocado, Tater Tots",American Breakfast Burritos,Truffle Home Fries,,1,,40000.00,"September 05, 2026 11:25:16AM",DELIVERED
76676393,001610763246-C8EFTFEVDFKXUE,GF-040,GrabFood,,American Breakfast Club,Kemang,"Sandwich - 2 Scrambled Eggs Mock Beef, Cheddar Cheese  on a wavy brioche bun",American Breakfast Sandwiches,,1,,58000.00,,"September 05, 2026 11:11:42AM",DELIVERED
76676154,001841160957-C8EFTE3XKBEALA,GF-237,GrabFood,,American Breakfast Club,Kemang,"Mushroom Omelette - Mushrooms, Spinach, Side Tater Tots",American Breakfast Omelettes,,1,,68000.00,,"September 05, 2026 11:09:06AM",DELIVERED
76675334,0014286864-C8EFTBXWNGDATA,GF-192,GrabFood,,Herbox,Greenville,Lada Hitam Blackpepper Vegan Vegetarian Ricebox,Ricebox,,1,,39000.00,,"September 05, 2026 11:00:16AM",DELIVERED
76675334,0014286864-C8EFTBXWNGDATA,GF-192,GrabFood,,Herbox,Greenville,Rica Rica Vegan Vegetarian Ricebox,Ricebox,,1,,39000.00,,"September 05, 2026 11:00:16AM",DELIVERED
76675334,0014286864-C8EFTBXWNGDATA,GF-192,GrabFood,,Herbox,Greenville,Kung Paow Chick Vegan Vegetarian Ricebox,Ricebox,,1,,39000.00,,"September 05, 2026 11:00:16AM",DELIVERED
76675334,0014286864-C8EFTBXWNGDATA,GF-192,GrabFood,,Herbox,Greenville,Teriyaki Vegan Vegetarian Ricebox,Ricebox,,1,,39000.00,,"September 05, 2026 11:00:16AM",DELIVERED
76674959,F-3346134380,6517,gofood,,American Breakfast Club,Kemang,"Burrito - Mock Beef, 2 Scrambled Eggs, Cheddar, Avocado, Tater Tots,",American Breakfast Burritos,,2,,68000.00,,"September 05, 2026 10:55:35AM",DELIVERED
76674959,F-3346134380,6517,gofood,,American Breakfast Club,Kemang,"Burrito - 2 Scrambled Eggs, Cheddar, Avocado, Tater Tots",American Breakfast Burritos,,1,,58000.00,,"September 05, 2026 10:55:35AM",DELIVERED
76674825,0014342976-C8EFTBDCAX2TJX,GF-434,GrabFood,,American Breakfast Club,Kemang,"Burrito - Mock Beef, 2 Scrambled Eggs, Cheddar, Avocado, Tater Tots,",American Breakfast Burritos,,2,,68000.00,,"September 05, 2026 10:54:31AM",DELIVERED
76674817,00179940261-C8EFTBCZUCDBNX,GF-520,GrabFood,,People Pasta,Greenville,Tattert Tots,,,1,,28000.00,,"September 05, 2026 10:54:26AM",DELIVERED
76674817,00179940261-C8EFTBCZUCDBNX,GF-520,GrabFood,,People Pasta,Greenville,Chicken Nugget - Vegan,,,1,,35000.00,,"September 05, 2026 10:54:26AM",DELIVERED
76674521,F-3346124695,4732,gofood,,Herbox,Greenville,Nasi Goreng Bintang Kuning Vegan Vegetarian,Nasi Goreng Special,,4,,28000.00,,"September 05, 2026 10:49:00AM",DELIVERED
76674521,F-3346124695,4732,gofood,,Herbox,Greenville,Nasi Goreng Bintang Kuning Vegan Vegetarian,Nasi Goreng Special,"Sendok, Garpu, Tissue, Tusuk Gigi",,4,,1500.00,"September 05, 2026 10:49:00AM",DELIVERED
76673739,F-3346114307,4761,gofood,,American Breakfast Club,Kemang,"Burrito - Mock Beef, 2 Scrambled Eggs, Cheddar, Avocado, Tater Tots,",American Breakfast Burritos,,1,,68000.00,,"September 05, 2026 10:41:53AM",DELIVERED
76673693,F-3346113507,2823,gofood,,American Breakfast Club,Kemang,Cheese Omelette - Side Tater Tots,American Breakfast Omelettes,,2,,58000.00,,"September 05, 2026 10:41:19AM",DELIVERED
76673693,F-3346113507,2823,gofood,,American Breakfast Club,Kemang,Cheese Omelette - Side Tater Tots,American Breakfast Omelettes,Cutleries,,2,,600.00,"September 05, 2026 10:41:19AM",DELIVERED
76673693,F-3346113507,2823,gofood,,American Breakfast Club,Kemang,"Burrito - Mock Katsu, 2 Scrambled Eggs, Cheddar, Avocado, Tater Tots",American Breakfast Burritos,,2,,68000.00,,"September 05, 2026 10:41:19AM",DELIVERED
76673693,F-3346113507,2823,gofood,,American Breakfast Club,Kemang,"Burrito - Mock Katsu, 2 Scrambled Eggs, Cheddar, Avocado, Tater Tots",American Breakfast Burritos,Cutleries,,2,,600.00,"September 05, 2026 10:41:19AM",DELIVERED
76673533,00149133769-C8EFSFNJAPKEPE,GF-603,GrabFood,,American Breakfast Club,Kemang,"Burrito - Mock Chicken, 2 Scrambled Eggs, Cheddar, Avocado, Tater Tots",American Breakfast Burritos,,1,,68000.00,,"September 05, 2026 10:40:00AM",DELIVERED
76673108,001657255758-C8EFSEWYGJVBNN,GF-962,GrabFood,,American Breakfast Club,Kemang,Cheese Omelette - Side Tater Tots,American Breakfast Omelettes,,1,,58000.00,,"September 05, 2026 10:34:48AM",DELIVERED
76671224,00106472435-C8EFR8BDCNNZSE,GF-951,GrabFood,,American Breakfast Club,Kemang,"Burrito - 2 Scrambled Eggs, Cheddar, Avocado, Tater Tots",American Breakfast Burritos,,1,,58000.00,,"September 05, 2026 10:10:33AM",DELIVERED
76670523,00133995984-C8EFR6WDJFBCRT,GF-482,GrabFood,,American Breakfast Club,Kemang,"Burrito - 2 Scrambled Eggs, Cheddar, Avocado, Tater Tots",American Breakfast Burritos,,1,,58000.00,,"September 05, 2026 10:01:24AM",DELIVERED
76670263,F-3346039032,6215,gofood,,American Breakfast Club,Greenville,"Burrito - 2 Scrambled Eggs, Cheddar, Avocado, Tater Tots",American Breakfast Burritos,,1,,46400.00,,"September 05, 2026 09:39:15AM",DELIVERED
76670263,F-3346039032,6215,gofood,,American Breakfast Club,Greenville,Tater Tots With Truffle Oil,Sides,,1,,30400.00,,"September 05, 2026 09:39:15AM",DELIVERED
76670263,F-3346039032,6215,gofood,,American Breakfast Club,Greenville,"Burrito - Mock Chicken, 2 Scrambled Eggs, Cheddar, Avocado, Tater Tots",American Breakfast Burritos,,1,,54400.00,,"September 05, 2026 09:39:15AM",DELIVERED
76670170,001891945893-C8EFR4LTV7VEE6,GF-119,GrabFood,,American Breakfast Club,Greenville,"Sandwich - 2 Scrambled Eggs Mock Beef, Cheddar Cheese  on a wavy brioche bun",American Breakfast Sandwiches,,1,,58000.00,,"September 05, 2026 09:56:04AM",DELIVERED
76670170,001891945893-C8EFR4LTV7VEE6,GF-119,GrabFood,,American Breakfast Club,Greenville,"Sandwich - 2 Scrambled Eggs Mock Beef, Cheddar Cheese  on a wavy brioche bun",American Breakfast Sandwiches,Tatter Tots,,1,,30000.00,"September 05, 2026 09:56:04AM",DELIVERED
76669999,F-3346048384,7244,gofood,,American Breakfast Club,Kemang,"Burrito - Mock Katsu, 2 Scrambled Eggs, Cheddar, Avocado, Tater Tots",American Breakfast Burritos,,1,,68000.00,,"September 05, 2026 09:48:59AM",DELIVERED
76669999,F-3346048384,7244,gofood,,American Breakfast Club,Kemang,"Burrito - Mock Katsu, 2 Scrambled Eggs, Cheddar, Avocado, Tater Tots",American Breakfast Burritos,Home Fries,,1,,30000.00,"September 05, 2026 09:48:59AM",DELIVERED
76669586,001199368655-C8EFR233RJB2EA,GF-969,GrabFood,,American Breakfast Club,Greenville,Cheese Omelette - Side Tater Tots,American Breakfast Omelettes,,1,,58000.00,,"September 05, 2026 09:45:49AM",DELIVERED
76669502,F-3346043389,6864,gofood,,American Breakfast Club,Kemang,"Sandwich - 2 Scrambled Eggs, Mock Fish, Cheddar Cheese, Mix, Brioche Bun",American Breakfast Sandwiches,,1,,58000.00,,"September 05, 2026 09:43:52AM",DELIVERED
76669502,F-3346043389,6864,gofood,,American Breakfast Club,Kemang,"Sandwich - 2 Scrambled Eggs, Mock Fish, Cheddar Cheese, Mix, Brioche Bun",American Breakfast Sandwiches,Cutleries,,1,,600.00,"September 05, 2026 09:43:52AM",DELIVERED
76669502,F-3346043389,6864,gofood,,American Breakfast Club,Kemang,"Sandwich - 2 Scrambled Eggs, Mock Fish, Cheddar Cheese, Mix, Brioche Bun",American Breakfast Sandwiches,Home Fries,,1,,30000.00,"September 05, 2026 09:43:52AM",DELIVERED
76669502,F-3346043389,6864,gofood,,American Breakfast Club,Kemang,"Burrito - 2 Scrambled Eggs, Cheddar, Avocado, Tater Tots",American Breakfast Burritos,,1,,58000.00,,"September 05, 2026 09:43:52AM",DELIVERED
76669502,F-3346043389,6864,gofood,,American Breakfast Club,Kemang,"Burrito - 2 Scrambled Eggs, Cheddar, Avocado, Tater Tots",American Breakfast Burritos,Cutleries,,1,,600.00,"September 05, 2026 09:43:52AM",DELIVERED
76668959,001870330796-C8EFRYXCKF3JA6,GF-365,GrabFood,,American Breakfast Club,Greenville,"Burrito - 2 Scrambled Eggs, Cheddar, Avocado, Tater Tots",American Breakfast Burritos,,2,,58000.00,,"September 05, 2026 09:34:53AM",DELIVERED
76668380,00178824022-C8EFRXAKN3WWL6,GF-503,GrabFood,,American Breakfast Club,Kemang,"Mushroom Omelette - Mushrooms, Spinach, Side Tater Tots",American Breakfast Omelettes,,1,,68000.00,,"September 05, 2026 09:23:39AM",DELIVERED
76668380,00178824022-C8EFRXAKN3WWL6,GF-503,GrabFood,,American Breakfast Club,Kemang,"Mushroom Omelette - Mushrooms, Spinach, Side Tater Tots",American Breakfast Omelettes,Cutleries,,1,,600.00,"September 05, 2026 09:23:39AM",DELIVERED
76668380,00178824022-C8EFRXAKN3WWL6,GF-503,GrabFood,,American Breakfast Club,Kemang,Cutleries,,,1,,600.00,,"September 05, 2026 09:23:39AM",DELIVERED
76668363,00120500422-C8EFRVNUA8MFE2,GF-343,GrabFood,,American Breakfast Club,Greenville,"Burrito - Mock Beef, 2 Scrambled Eggs, Cheddar, Avocado, Tater Tots,",American Breakfast Burritos,,1,,68000.00,,"September 05, 2026 09:23:20AM",DELIVERED
76668068,001326252813-C8EFRUV3JBWGVT,GF-225,GrabFood,,American Breakfast Club,Greenville,"2 Pancakes - Butter, Maple Syrup",American Breakfast Pancakes,,1,,48000.00,,"September 05, 2026 09:17:50AM",DELIVERED
76668068,001326252813-C8EFRUV3JBWGVT,GF-225,GrabFood,,American Breakfast Club,Greenville,"2 Pancakes - Blueberries, Butter, Maple Syrup",American Breakfast Pancakes,,1,,58000.00,,"September 05, 2026 09:17:50AM",DELIVERED
76668068,001326252813-C8EFRUV3JBWGVT,GF-225,GrabFood,,American Breakfast Club,Greenville,"2 Pancakes - Chocolate Chips, Butter, Maple Syrup",American Breakfast Pancakes,,1,,58000.00,,"September 05, 2026 09:17:50AM",DELIVERED
76667252,001306347216-C8EFRPVZJ3JJHE,GF-881,GrabFood,,Herbox,Greenville,Pesmol Vegan Vegetarian Ricebox,Ricebox,,1,,39000.00,,"September 05, 2026 09:01:06AM",DELIVERED
76667252,001306347216-C8EFRPVZJ3JJHE,GF-881,GrabFood,,Herbox,Greenville,Teriyaki Vegan Vegetarian Ricebox,Ricebox,,1,,39000.00,,"September 05, 2026 09:01:06AM",DELIVERED
76667249,00126572192-C8EFRPVWL3C3LX,GF-243,GrabFood,,American Breakfast Club,Kemang,Cheese Omelette - Side Tater Tots,American Breakfast Omelettes,,1,,58000.00,,"September 05, 2026 09:01:03AM",DELIVERED
76667160,0016692421-C8EFRPKKAAJBGN,GF-472,GrabFood,,People Pasta,Greenville,Meat-less Burger - Vegan,Meatless Burgers,,1,,49000.00,,"September 05, 2026 08:58:58AM",DELIVERED
76666602,F-3345987950,4417,gofood,,American Breakfast Club,Kemang,"Burrito - 2 Scrambled Eggs, Cheddar, Avocado, Tater Tots",American Breakfast Burritos,,2,,58000.00,,"September 05, 2026 08:37:18AM",DELIVERED
76666602,F-3345987950,4417,gofood,,American Breakfast Club,Kemang,Tater Tots,Sides,,1,,28000.00,,"September 05, 2026 08:37:18AM",DELIVERED
76666602,F-3345987950,4417,gofood,,American Breakfast Club,Kemang,"2 Pancakes - Butter, Maple Syrup",American Breakfast Pancakes,,1,,48000.00,,"September 05, 2026 08:37:18AM",DELIVERED
76666554,00116581875-C8EFRKTEV2EHNA,GF-340,GrabFood,,LA Breakfast Club,Greenville,Mock Chicken Burrito,LA Breakfast Burritos,,1,,86000.00,,"September 05, 2026 08:43:36AM",DELIVERED
76666387,F-3345975476,5315,gofood,,American Breakfast Club,Kemang,Cheese Omelette - Side Tater Tots,American Breakfast Omelettes,,1,,58000.00,,"September 05, 2026 08:18:29AM",DELIVERED
76666387,F-3345975476,5315,gofood,,American Breakfast Club,Kemang,Tater Tots,Sides,,1,,28000.00,,"September 05, 2026 08:18:29AM",DELIVERED
76666126,F-3345982573,6376,gofood,,People Pasta,Greenville,Meat-less Burger - Vegan,Meatless Burgers,,1,,49000.00,,"September 05, 2026 08:29:21AM",DELIVERED
76666126,F-3345982573,6376,gofood,,People Pasta,Greenville,Meat-less Burger - Vegan,Meatless Burgers,Truffle Tatter Tots,,1,,32000.00,"September 05, 2026 08:29:21AM",DELIVERED
76665994,F-3345973431,7174,gofood,,American Breakfast Club,Kemang,"Sandwich - 2 Scrambled Eggs, Mock Chicken, Cheddar Cheese Mix, Brioche Bun",American Breakfast Sandwiches,,1,,58000.00,,"September 05, 2026 08:15:20AM",DELIVERED
76665994,F-3345973431,7174,gofood,,American Breakfast Club,Kemang,"Sandwich - 2 Scrambled Eggs, Mock Chicken, Cheddar Cheese Mix, Brioche Bun",American Breakfast Sandwiches,Home Fries,,1,,30000.00,"September 05, 2026 08:15:20AM",DELIVERED
76665994,F-3345973431,7174,gofood,,American Breakfast Club,Kemang,"2 Pancakes - Blueberries, Butter, Maple Syrup",American Breakfast Pancakes,,1,,58000.00,,"September 05, 2026 08:15:20AM",DELIVERED
76665994,F-3345973431,7174,gofood,,American Breakfast Club,Kemang,Cheese Omelette - Side Tater Tots,American Breakfast Omelettes,,1,,58000.00,,"September 05, 2026 08:15:20AM",DELIVERED
76665994,F-3345973431,7174,gofood,,American Breakfast Club,Kemang,"Mushroom Omelette - Mushrooms, Spinach, Side Tater Tots",American Breakfast Omelettes,,1,,68000.00,,"September 05, 2026 08:15:20AM",DELIVERED
76665876,0015921058-C8EFRE6GVBKDN6,GF-541,GrabFood,,American Breakfast Club,Kemang,"2 Pancakes - Blueberries, Butter, Maple Syrup",American Breakfast Pancakes,,1,,58000.00,,"September 05, 2026 08:23:17AM",DELIVERED
76665876,0015921058-C8EFRE6GVBKDN6,GF-541,GrabFood,,American Breakfast Club,Kemang,"Mushroom Omelette - Mushrooms, Spinach, Side Tater Tots",American Breakfast Omelettes,,1,,68000.00,,"September 05, 2026 08:23:17AM",DELIVERED
76665870,001013631807-C8EFRE5UJY3KGJ,GF-398,GrabFood,,American Breakfast Club,Greenville,"Burrito - Mock Fish, 2 Scrambled Eggs, Cheddar, Avocado, Tater Tots,",American Breakfast Burritos,,1,,68000.00,,"September 05, 2026 08:23:02AM",DELIVERED
76665870,001013631807-C8EFRE5UJY3KGJ,GF-398,GrabFood,,American Breakfast Club,Greenville,"2 Pancakes - Blueberries, Butter, Maple Syrup",American Breakfast Pancakes,,1,,58000.00,,"September 05, 2026 08:23:02AM",DELIVERED
76665669,00118653139-C8EFRCLZVJ4KCT,GF-307,GrabFood,,American Breakfast Club,Greenville,"Burrito - Mock Beef, 2 Scrambled Eggs, Cheddar, Avocado, Tater Tots,",American Breakfast Burritos,,1,,68000.00,,"September 05, 2026 08:16:08AM",DELIVERED
76665633,001220948000-C8EFRCEXTLLTTA,GF-403,GrabFood,,American Breakfast Club,Kemang,"Burrito - Mock Chicken, 2 Scrambled Eggs, Cheddar, Avocado, Tater Tots",American Breakfast Burritos,,1,,68000.00,,"September 05, 2026 08:15:07AM",DELIVERED
76665633,001220948000-C8EFRCEXTLLTTA,GF-403,GrabFood,,American Breakfast Club,Kemang,Cheese Omelette - Side Tater Tots,American Breakfast Omelettes,,1,,58000.00,,"September 05, 2026 08:15:07AM",DELIVERED
76665592,001700901402-C8EFRCAXNUUWKA,GF-359,GrabFood,,American Breakfast Club,Kemang,Cheese Omelette - Side Tater Tots,American Breakfast Omelettes,,2,,58000.00,,"September 05, 2026 08:13:44AM",DELIVERED
76665592,001700901402-C8EFRCAXNUUWKA,GF-359,GrabFood,,American Breakfast Club,Kemang,Cheese Omelette - Side Tater Tots,American Breakfast Omelettes,Cutleries,,2,,600.00,"September 05, 2026 08:13:44AM",DELIVERED
76665592,001700901402-C8EFRCAXNUUWKA,GF-359,GrabFood,,American Breakfast Club,Kemang,"Burrito - 2 Scrambled Eggs, Cheddar, Avocado, Tater Tots",American Breakfast Burritos,,1,,58000.00,,"September 05, 2026 08:13:44AM",DELIVERED
76665408,00154074872-C8EFRBBCR8KGA2,GF-653,GrabFood,,American Breakfast Club,Greenville,"Burrito - Mock Chicken, 2 Scrambled Eggs, Cheddar, Avocado, Tater Tots",American Breakfast Burritos,,1,,68000.00,,"September 05, 2026 08:07:13AM",DELIVERED
76665408,00154074872-C8EFRBBCR8KGA2,GF-653,GrabFood,,American Breakfast Club,Greenville,Cheese Omelette - Side Tater Tots,American Breakfast Omelettes,,1,,58000.00,,"September 05, 2026 08:07:13AM",DELIVERED
76665361,001358199089-C8EFRA4GNNVEJN,GF-666,GrabFood,,People Pasta,Greenville,Chicken Nugget - Vegan,,,1,,35000.00,,"September 05, 2026 08:06:03AM",DELIVERED
76665361,001358199089-C8EFRA4GNNVEJN,GF-666,GrabFood,,People Pasta,Greenville,Vegan Chicken Crispy Burger,Meatless Burgers,,1,,49000.00,,"September 05, 2026 08:06:03AM",DELIVERED
76665169,00160573816-C8EFPGKUAPBJGA,GF-018,GrabFood,,American Breakfast Club,Kemang,"Burrito - Mock Fish, 2 Scrambled Eggs, Cheddar, Avocado, Tater Tots,",American Breakfast Burritos,,1,,68000.00,,"September 05, 2026 07:59:02AM",DELIVERED
76665056,F-3345961319,3155,gofood,,American Breakfast Club,Greenville,"2 Pancakes - Chocolate Chips, Butter, Maple Syrup",American Breakfast Pancakes,,1,,46400.00,,"September 05, 2026 07:54:56AM",DELIVERED
76665056,F-3345961319,3155,gofood,,American Breakfast Club,Greenville,"2 Pancakes - Chocolate Chips, Butter, Maple Syrup",American Breakfast Pancakes,Cutleries,,1,,1500.00,"September 05, 2026 07:54:56AM",DELIVERED
76665056,F-3345961319,3155,gofood,,American Breakfast Club,Greenville,"Burrito - 2 Scrambled Eggs, Cheddar, Avocado, Tater Tots",American Breakfast Burritos,,1,,46400.00,,"September 05, 2026 07:54:56AM",DELIVERED
76664828,F-3345955984,4781,gofood,,American Breakfast Club,Greenville,"Burrito - Mock Beef, 2 Scrambled Eggs, Cheddar, Avocado, Tater Tots,",American Breakfast Burritos,,1,,54400.00,,"September 05, 2026 07:44:40AM",DELIVERED
76664828,F-3345955984,4781,gofood,,American Breakfast Club,Greenville,"2 Pancakes - Blueberries, Butter, Maple Syrup",American Breakfast Pancakes,,1,,46400.00,,"September 05, 2026 07:44:40AM",DELIVERED
76644937,F-3345715656,7788,gofood,,Herbox,Greenville,Beef  wrap Vegan Herbox,Wrap Series,,1,,47200.00,,"September 04, 2026 08:11:41PM",DELIVERED
76644937,F-3345715656,7788,gofood,,Herbox,Greenville,Beef  wrap Vegan Herbox,Wrap Series,Tattertots,,1,,25000.00,"September 04, 2026 08:11:41PM",DELIVERED
76644937,F-3345715656,7788,gofood,,Herbox,Greenville,Vegan Chickin Nugget,Sides,,1,,32000.00,,"September 04, 2026 08:11:41PM",DELIVERED
76640688,0016678513-C8EFEX4HFA3HAT,GF-956,GrabFood,,People Pasta,Greenville,Chicken Nugget - Vegan,,,1,,35000.00,,"September 04, 2026 07:35:57PM",DELIVERED
76640688,0016678513-C8EFEX4HFA3HAT,GF-956,GrabFood,,People Pasta,Greenville,Cacio e Pepe - Vegetarian - Plantbased,Signature Pasta,,1,,43000.00,,"September 04, 2026 07:35:57PM",DELIVERED
76640688,0016678513-C8EFEX4HFA3HAT,GF-956,GrabFood,,People Pasta,Greenville,Cacio e Pepe - Vegetarian - Plantbased,Signature Pasta,Spaghetti,,1,,0.00,"September 04, 2026 07:35:57PM",DELIVERED
76632654,001575652560-C8EFEEVBL6LAGJ,GF-885,GrabFood,,People Pasta,Greenville,Vegan Chicken Crispy Burger,Meatless Burgers,,1,,49000.00,,"September 04, 2026 06:27:31PM",DELIVERED
76632654,001575652560-C8EFEEVBL6LAGJ,GF-885,GrabFood,,People Pasta,Greenville,Meat-less Burger - Vegan,Meatless Burgers,,1,,49000.00,,"September 04, 2026 06:27:31PM",DELIVERED
76632654,001575652560-C8EFEEVBL6LAGJ,GF-885,GrabFood,,People Pasta,Greenville,Cacio e Pepe - Vegetarian - Plantbased,Signature Pasta,,1,,43000.00,,"September 04, 2026 06:27:31PM",DELIVERED
76632654,001575652560-C8EFEEVBL6LAGJ,GF-885,GrabFood,,People Pasta,Greenville,Cacio e Pepe - Vegetarian - Plantbased,Signature Pasta,Spaghetti,,1,,0.00,"September 04, 2026 06:27:31PM",DELIVERED
76632654,001575652560-C8EFEEVBL6LAGJ,GF-885,GrabFood,,People Pasta,Greenville,Truffle Tatter Tots,,,1,,32000.00,,"September 04, 2026 06:27:31PM",DELIVERED
76627347,00186868485-C8EFDAUETU3JLX,GF-686,GrabFood,,Herbox,Greenville,Kung Paow Chick Vegan Vegetarian Ricebox,Ricebox,,1,,39000.00,,"September 04, 2026 05:37:14PM",DELIVERED
76626248,F-3345460575,4666,gofood,,Herbox,Greenville,Nasi Goreng Bintang Kuning Vegan Vegetarian,Nasi Goreng Special,,1,,28000.00,,"September 04, 2026 05:25:51PM",DELIVERED
76626248,F-3345460575,4666,gofood,,Herbox,Greenville,Katsu Chickin Vegan Vegetarian Ricebox,Ricebox,,1,,31200.00,,"September 04, 2026 05:25:51PM",DELIVERED
76626248,F-3345460575,4666,gofood,,Herbox,Greenville,katsu burger vegan,Vegan Burger,,1,,47200.00,,"September 04, 2026 05:25:51PM",DELIVERED
76607622,00149063783-C8EFAPUKVKBWC2,GF-082,GrabFood,,American Breakfast Club,Greenville,"Burrito - Mock Fish, 2 Scrambled Eggs, Cheddar, Avocado, Tater Tots,",American Breakfast Burritos,,1,,68000.00,,"September 04, 2026 01:34:01PM",DELIVERED
76606641,0011154451-C8EFALLEJUDELA,GF-103,GrabFood,,Herbox,Greenville,Rica Rica Vegan Vegetarian Ricebox,Ricebox,,1,,39000.00,,"September 04, 2026 01:22:34PM",DELIVERED
76605572,00159382004-C8EFAJTZN7AAWE,GF-670,GrabFood,,American Breakfast Club,Kemang,"Burrito - 2 Scrambled Eggs, Cheddar, Avocado, Tater Tots",American Breakfast Burritos,,1,,58000.00,,"September 04, 2026 01:10:28PM",DELIVERED
76597431,F-3345035996,1142,gofood,,Herbox,Greenville,Vegan Chickin Nugget,Sides,,1,,32000.00,,"September 04, 2026 11:38:03AM",DELIVERED
76597431,F-3345035996,1142,gofood,,Herbox,Greenville,Fish Burger Vegan,Vegan Burger,,1,,47200.00,,"September 04, 2026 11:38:03AM",DELIVERED
76593948,0013596113-C8EEVUC2TLDFNE,GF-266,GrabFood,,American Breakfast Club,Kemang,"Burrito - 2 Scrambled Eggs, Cheddar, Avocado, Tater Tots",American Breakfast Burritos,,1,,58000.00,,"September 04, 2026 11:01:08AM",DELIVERED
76592825,00153805138-C8EEVP3ARNNZJE,GF-137,GrabFood,,American Breakfast Club,Kemang,"Burrito - 2 Scrambled Eggs, Cheddar, Avocado, Tater Tots",American Breakfast Burritos,,1,,58000.00,,"September 04, 2026 10:48:50AM",DELIVERED
76590178,001636141978-C8EEVGKTMFWCJT,GF-052,GrabFood,,American Breakfast Club,Kemang,"Burrito - Mock Beef, 2 Scrambled Eggs, Cheddar, Avocado, Tater Tots,",American Breakfast Burritos,,1,,68000.00,,"September 04, 2026 10:19:04AM",DELIVERED
76588654,00157623375-C8EEVB2UGT3TNE,GF-554,GrabFood,,American Breakfast Club,Kemang,"Burrito - 2 Scrambled Eggs, Cheddar, Avocado, Tater Tots",American Breakfast Burritos,,1,,58000.00,,"September 04, 2026 09:58:52AM",DELIVERED
76588580,F-3344895700,9836,gofood,,American Breakfast Club,Greenville,Cheese Omelette - Side Tater Tots,American Breakfast Omelettes,,1,,46400.00,,"September 04, 2026 09:57:05AM",DELIVERED
76588580,F-3344895700,9836,gofood,,American Breakfast Club,Greenville,"Burrito - 2 Scrambled Eggs, Cheddar, Avocado, Tater Tots",American Breakfast Burritos,,1,,46400.00,,"September 04, 2026 09:57:05AM",DELIVERED
76588580,F-3344895700,9836,gofood,,American Breakfast Club,Greenville,"Burrito - 2 Scrambled Eggs, Cheddar, Avocado, Tater Tots",American Breakfast Burritos,Tatter Tots,,1,,30000.00,"September 04, 2026 09:57:05AM",DELIVERED
76587973,F-3344886346,1684,gofood,,American Breakfast Club,Kemang,"Burrito - 2 Scrambled Eggs, Cheddar, Avocado, Tater Tots",American Breakfast Burritos,,1,,58000.00,,"September 04, 2026 09:46:41AM",DELIVERED
76587973,F-3344886346,1684,gofood,,American Breakfast Club,Kemang,"Burrito - 2 Scrambled Eggs, Cheddar, Avocado, Tater Tots",American Breakfast Burritos,Tatter Tots,,1,,30000.00,"September 04, 2026 09:46:41AM",DELIVERED
76587600,0019128498-C8EEUFNUTJTFGN,GF-575,GrabFood,,American Breakfast Club,Kemang,"2 Pancakes - Butter, Maple Syrup",American Breakfast Pancakes,,1,,48000.00,,"September 04, 2026 09:40:02AM",DELIVERED
76587600,0019128498-C8EEUFNUTJTFGN,GF-575,GrabFood,,American Breakfast Club,Kemang,"Burrito - Mock Beef, 2 Scrambled Eggs, Cheddar, Avocado, Tater Tots,",American Breakfast Burritos,,1,,68000.00,,"September 04, 2026 09:40:02AM",DELIVERED
76587600,0019128498-C8EEUFNUTJTFGN,GF-575,GrabFood,,American Breakfast Club,Kemang,Tater Tots,Sides,,1,,38000.00,,"September 04, 2026 09:40:02AM",DELIVERED
76585805,001978893233-C8EET7CAGX4ZRT,GF-657,GrabFood,,American Breakfast Club,Greenville,"Burrito - 2 Scrambled Eggs, Cheddar, Avocado, Tater Tots",American Breakfast Burritos,,1,,58000.00,,"September 04, 2026 09:04:11AM",DELIVERED
76585748,00114693305-C8EET64FN6UHLN,GF-613,GrabFood,,American Breakfast Club,Kemang,Cheese Omelette - Side Tater Tots,American Breakfast Omelettes,,1,,58000.00,,"September 04, 2026 09:02:35AM",DELIVERED
76585266,001184634908-C8EET3JGCPAATT,GF-543,GrabFood,,American Breakfast Club,Kemang,"Burrito - 2 Scrambled Eggs, Cheddar, Avocado, Tater Tots",American Breakfast Burritos,,1,,58000.00,,"September 04, 2026 08:48:36AM",DELIVERED
76585216,F-3344837985,7392,gofood,,American Breakfast Club,Kemang,Cheese Omelette - Side Tater Tots,American Breakfast Omelettes,,1,,58000.00,,"September 04, 2026 08:42:37AM",DELIVERED
76585216,F-3344837985,7392,gofood,,American Breakfast Club,Kemang,Cheese Omelette - Side Tater Tots,American Breakfast Omelettes,Chick Nugget,,1,,35000.00,"September 04, 2026 08:42:37AM",DELIVERED
76584768,0018179150-C8EETYNEFFT2N6,GF-833,GrabFood,,American Breakfast Club,Kemang,Cheese Omelette - Side Tater Tots,American Breakfast Omelettes,,2,,58000.00,,"September 04, 2026 08:33:14AM",DELIVERED
76584763,0015589529-C8EETYMKRAKXAJ,GF-324,GrabFood,,American Breakfast Club,Kemang,Sandwich - 2 Scrambled Eggs melty cheddar cheese on a wavy brioche bun,American Breakfast Sandwiches,,1,,45000.00,,"September 04, 2026 08:33:00AM",DELIVERED
76584736,00183608403-C8EETYJTC7X2DA,GF-425,GrabFood,,American Breakfast Club,Greenville,Sandwich - 2 Scrambled Eggs melty cheddar cheese on a wavy brioche bun,American Breakfast Sandwiches,,1,,45000.00,,"September 04, 2026 08:32:00AM",DELIVERED
76584252,0019101163-C8EETUDFGNLGGE,GF-948,GrabFood,,American Breakfast Club,Kemang,Cheese Omelette - Side Tater Tots,American Breakfast Omelettes,,1,,58000.00,,"September 04, 2026 08:14:35AM",DELIVERED
76584252,0019101163-C8EETUDFGNLGGE,GF-948,GrabFood,,American Breakfast Club,Kemang,Cheese Omelette - Side Tater Tots,American Breakfast Omelettes,Cutleries,,1,,600.00,"September 04, 2026 08:14:35AM",DELIVERED
76584231,001038063019-C8EETUBDR3CWGE,GF-800,GrabFood,,American Breakfast Club,Greenville,"Burrito - 2 Scrambled Eggs, Cheddar, Avocado, Tater Tots",American Breakfast Burritos,,1,,58000.00,,"September 04, 2026 08:13:54AM",DELIVERED
76584231,001038063019-C8EETUBDR3CWGE,GF-800,GrabFood,,American Breakfast Club,Greenville,"Burrito - 2 Scrambled Eggs, Cheddar, Avocado, Tater Tots",American Breakfast Burritos,Tatter Tots,,1,,30000.00,"September 04, 2026 08:13:54AM",DELIVERED
76584003,F-3344816959,7641,gofood,,American Breakfast Club,Greenville,"Burrito - 2 Scrambled Eggs, Cheddar, Avocado, Tater Tots",American Breakfast Burritos,,3,,46400.00,,"September 04, 2026 08:04:37AM",DELIVERED
76583837,00173657590-C8EETPJDJK31AA,GF-448,GrabFood,,American Breakfast Club,Kemang,"Burrito - Mock Katsu, 2 Scrambled Eggs, Cheddar, Avocado, Tater Tots",American Breakfast Burritos,,1,,68000.00,,"September 04, 2026 07:58:33AM",DELIVERED
76583508,F-3344806790,1236,gofood,,American Breakfast Club,Kemang,Cheese Omelette - Side Tater Tots,American Breakfast Omelettes,,1,,58000.00,,"September 04, 2026 07:40:36AM",DELIVERED
76583489,00117251742-C8EETKM3JXXATA,GF-084,GrabFood,,American Breakfast Club,Kemang,"Mushroom Omelette - Mushrooms, Spinach, Side Tater Tots",American Breakfast Omelettes,,1,,68000.00,,"September 04, 2026 07:43:09AM",DELIVERED
76583349,0012295328-C8EETJTATUK3N6,GF-170,GrabFood,,American Breakfast Club,Greenville,Cheese Omelette - Side Tater Tots,American Breakfast Omelettes,,1,,58000.00,,"September 04, 2026 07:36:51AM",DELIVERED
76583119,F-3344800664,5122,gofood,,American Breakfast Club,Kemang,"Original Egg burger - Patties, 2 Scrambled Eggs, Cheddar Cheese, Secret Sauce",American Breakfast Burger,,1,,58000.00,,"September 04, 2026 07:24:38AM",DELIVERED
76582995,F-3344798539,6271,gofood,,American Breakfast Club,Greenville,"Burrito - 2 Scrambled Eggs, Cheddar, Avocado, Tater Tots",American Breakfast Burritos,,1,,46400.00,,"September 04, 2026 07:18:57AM",DELIVERED
76582880,001727119443-C8EETB2ZN2KZLX,GF-376,GrabFood,,American Breakfast Club,Kemang,Cheese Omelette - Side Tater Tots,American Breakfast Omelettes,,1,,58000.00,,"September 04, 2026 07:12:08AM",DELIVERED
76582657,00180068119-C8EESGL2UGLFJ6,GF-445,GrabFood,,American Breakfast Club,Kemang,Sandwich - 2 Scrambled Eggs melty cheddar cheese on a wavy brioche bun,American Breakfast Sandwiches,,1,,45000.00,,"September 04, 2026 06:59:37AM",DELIVERED
76582590,F-3344790787,6816,gofood,,Tyfel Coffee,Kemang,Home Fries,Sides,,1,,28000.00,,"September 04, 2026 06:54:35AM",DELIVERED
76582590,F-3344790787,6816,gofood,,Tyfel Coffee,Kemang,"Sandwich-2 Scrambled Eggs, Cheddar Cheese,Secret Sauce,Brioche Bun",Breakfast Sandwiches,,1,,48000.00,,"September 04, 2026 06:54:35AM",DELIVERED
76582590,F-3344790787,6816,gofood,,Tyfel Coffee,Kemang,Breakfast Burrito,Breakfast Burritos,,1,,58000.00,,"September 04, 2026 06:54:35AM",DELIVERED
76582524,001366848261-C8EESE6ZJFLKBA,GF-742,GrabFood,,American Breakfast Club,Kemang,Cheese Omelette - Side Tater Tots,American Breakfast Omelettes,,1,,58000.00,,"September 04, 2026 06:50:06AM",DELIVERED
76582524,001366848261-C8EESE6ZJFLKBA,GF-742,GrabFood,,American Breakfast Club,Kemang,Cheese Omelette - Side Tater Tots,American Breakfast Omelettes,Cutleries,,1,,600.00,"September 04, 2026 06:50:06AM",DELIVERED
76564384,001808804410-C8EEJCC3A6DYE2,GF-518,GrabFood,,People Pasta,Greenville,Vegan Chicken Crispy Burger,Meatless Burgers,,1,,49000.00,,"September 03, 2026 08:07:50PM",DELIVERED
76563936,F-3344578729,8535,gofood,,Tyfel Coffee,Greenville,Mock Chicken Burrito,Breakfast Burritos,,1,,68000.00,,"September 03, 2026 08:02:55PM",DELIVERED
76563936,F-3344578729,8535,gofood,,Tyfel Coffee,Greenville,Mock Beef Sandwich,Breakfast Sandwiches,,1,,58000.00,,"September 03, 2026 08:02:55PM",DELIVERED
76563936,F-3344578729,8535,gofood,,Tyfel Coffee,Greenville,Tater Tots,Sides,,1,,28000.00,,"September 03, 2026 08:02:55PM",DELIVERED
76563936,F-3344578729,8535,gofood,,Tyfel Coffee,Greenville,Chic Chunk - Vegan Plantbased,Lite Bites,,1,,38000.00,,"September 03, 2026 08:02:55PM",DELIVERED
76556958,001496295927-C8EEG4D2REUAJJ,GF-590,GrabFood,,People Pasta,Greenville,Creamy Mushroom - Vegetarian - Plantbased,Signature Pasta,,1,,43000.00,,"September 03, 2026 07:01:28PM",DELIVERED
76556958,001496295927-C8EEG4D2REUAJJ,GF-590,GrabFood,,People Pasta,Greenville,Creamy Mushroom - Vegetarian - Plantbased,Signature Pasta,Spaghetti,,1,,0.00,"September 03, 2026 07:01:28PM",DELIVERED
76556958,001496295927-C8EEG4D2REUAJJ,GF-590,GrabFood,,People Pasta,Greenville,Meat-less Burger - Vegan,Meatless Burgers,,1,,49000.00,,"September 03, 2026 07:01:28PM",DELIVERED
76556958,001496295927-C8EEG4D2REUAJJ,GF-590,GrabFood,,People Pasta,Greenville,Cacio e Pepe - Vegetarian - Plantbased,Signature Pasta,,1,,43000.00,,"September 03, 2026 07:01:28PM",DELIVERED
76556958,001496295927-C8EEG4D2REUAJJ,GF-590,GrabFood,,People Pasta,Greenville,Cacio e Pepe - Vegetarian - Plantbased,Signature Pasta,Fettucine,,1,,1000.00,"September 03, 2026 07:01:28PM",DELIVERED
76556958,001496295927-C8EEG4D2REUAJJ,GF-590,GrabFood,,People Pasta,Greenville,Truffle Tatter Tots,,,1,,32000.00,,"September 03, 2026 07:01:28PM",DELIVERED
76555054,0014083467-C8EEGZLAJPJGGN,GF-348,GrabFood,,American Breakfast Club,Greenville,"2 Pancakes - Blueberries, Butter, Maple Syrup",American Breakfast Pancakes,,1,,58000.00,,"September 03, 2026 06:45:52PM",DELIVERED
76554877,00186363791-C8EEGZCULRNEL6,GF-555,GrabFood,,People Pasta,Greenville,Truffle Fries,,,2,,30000.00,,"September 03, 2026 06:44:21PM",DELIVERED
76554877,00186363791-C8EEGZCULRNEL6,GF-555,GrabFood,,People Pasta,Greenville,Truffle Tatter Tots,,,1,,32000.00,,"September 03, 2026 06:44:21PM",DELIVERED
76548944,F-3344364541,4128,gofood,,Herbox,Greenville,Vegan Chickin Nugget,Sides,,1,,32000.00,,"September 03, 2026 05:47:54PM",DELIVERED
76548944,F-3344364541,4128,gofood,,Herbox,Greenville,Beef Mentai Vegan Vegetarian Rice,Mentai Vegan,,1,,47200.00,,"September 03, 2026 05:47:54PM",DELIVERED
76546550,001830716165-C8EEGEJZJJLVAA,GF-479,GrabFood,,Herbox,Greenville,Rica Wrap,Wrap Series,,1,,59000.00,,"September 03, 2026 05:25:26PM",DELIVERED
76546550,001830716165-C8EEGEJZJJLVAA,GF-479,GrabFood,,Herbox,Greenville,Fish Burger Vegan,Vegan Burger,,1,,59000.00,,"September 03, 2026 05:25:26PM",DELIVERED
76544092,F-3344300499,5572,gofood,,American Breakfast Club,Greenville,Tater Tots With Truffle Oil,Sides,,1,,30400.00,,"September 03, 2026 04:59:32PM",DELIVERED
76544092,F-3344300499,5572,gofood,,American Breakfast Club,Greenville,"2 Pancakes - Blueberries, Butter, Maple Syrup",American Breakfast Pancakes,,1,,46400.00,,"September 03, 2026 04:59:32PM",DELIVERED
76544092,F-3344300499,5572,gofood,,American Breakfast Club,Greenville,"Burrito - Mock Beef, 2 Scrambled Eggs, Cheddar, Avocado, Tater Tots,",American Breakfast Burritos,,1,,54400.00,,"September 03, 2026 04:59:32PM",DELIVERED
76537438,00112902533-C8EEEUTBRJTBSA,GF-929,GrabFood,,American Breakfast Club,Kemang,"2 Pancakes - Butter, Maple Syrup",American Breakfast Pancakes,,1,,48000.00,,"September 03, 2026 03:36:54PM",DELIVERED
76526360,F-3344030939,1932,gofood,,Herbox,Greenville,Original Burger Vegan,Vegan Burger,,1,,47200.00,,"September 03, 2026 12:52:56PM",DELIVERED
76526360,F-3344030939,1932,gofood,,Herbox,Greenville,Tater tots,Sides,,1,,24000.00,,"September 03, 2026 12:52:56PM",DELIVERED
76524795,001395455416-C8EECRLWCKNTCX,GF-010,GrabFood,,American Breakfast Club,Greenville,"Mushroom Omelette - Mushrooms, Spinach, Side Tater Tots",American Breakfast Omelettes,,1,,68000.00,,"September 03, 2026 12:39:23PM",DELIVERED
76524795,001395455416-C8EECRLWCKNTCX,GF-010,GrabFood,,American Breakfast Club,Greenville,"Mushroom Omelette - Mushrooms, Spinach, Side Tater Tots",American Breakfast Omelettes,Tatter Tots,,1,,30000.00,"September 03, 2026 12:39:23PM",DELIVERED
76524795,001395455416-C8EECRLWCKNTCX,GF-010,GrabFood,,American Breakfast Club,Greenville,"2 Pancakes - Butter, Maple Syrup",American Breakfast Pancakes,,1,,48000.00,,"September 03, 2026 12:39:23PM",DELIVERED
76524795,001395455416-C8EECRLWCKNTCX,GF-010,GrabFood,,American Breakfast Club,Greenville,Sandwich - 2 Scrambled Eggs melty cheddar cheese on a wavy brioche bun,American Breakfast Sandwiches,,1,,45000.00,,"September 03, 2026 12:39:23PM",DELIVERED
76523772,F-3343995934,6717,gofood,,Tyfel Coffee,Kemang,Breakfast Burrito,Breakfast Burritos,,1,,58000.00,,"September 03, 2026 12:26:52PM",DELIVERED
76523772,F-3343995934,6717,gofood,,Tyfel Coffee,Kemang,Chic Chunk - Vegan Plantbased,Lite Bites,,1,,38000.00,,"September 03, 2026 12:26:52PM",DELIVERED
76523772,F-3343995934,6717,gofood,,Tyfel Coffee,Kemang,Home Fries With Truffle Oil,Sides,,1,,38000.00,,"September 03, 2026 12:26:52PM",DELIVERED
76523349,F-3343988064,4252,gofood,,American Breakfast Club,Kemang,"2 Pancakes - Blueberries, Butter, Maple Syrup",American Breakfast Pancakes,,1,,58000.00,,"September 03, 2026 12:21:24PM",DELIVERED
76522427,F-3343972703,8123,gofood,,American Breakfast Club,Kemang,Cheese Omelette - Side Tater Tots,American Breakfast Omelettes,,1,,58000.00,,"September 03, 2026 12:11:08PM",DELIVERED
76520403,F-3343936745,9563,gofood,,American Breakfast Club,Kemang,"Egg burger - 2 Scrambled Eggs, Cheddar Cheese, Secret Sauce",American Breakfast Burger,,1,,45000.00,,"September 03, 2026 11:47:20AM",DELIVERED
76519371,001597152274-C8EECAXHCCJDUE,GF-278,GrabFood,,Herbox,Greenville,Kung Paow Chick Vegan Vegetarian Ricebox,Ricebox,,1,,39000.00,,"September 03, 2026 11:38:19AM",DELIVERED
76519371,001597152274-C8EECAXHCCJDUE,GF-278,GrabFood,,Herbox,Greenville,Kung Paow Chick Vegan Vegetarian Ricebox,Ricebox,Tattertots,,1,,25000.00,"September 03, 2026 11:38:19AM",DELIVERED
76519371,001597152274-C8EECAXHCCJDUE,GF-278,GrabFood,,Herbox,Greenville,Kung Paow Chick Vegan Vegetarian Ricebox,Ricebox,"Sendok, Garpu, Tissue, Tusuk Gigi",,1,,1500.00,"September 03, 2026 11:38:19AM",DELIVERED
76518583,00174922755-C8EEBGBGN3CERJ,GF-120,GrabFood,,American Breakfast Club,Kemang,"Burrito - 2 Scrambled Eggs, Cheddar, Avocado, Tater Tots",American Breakfast Burritos,,1,,58000.00,,"September 03, 2026 11:30:38AM",DELIVERED
76518583,00174922755-C8EEBGBGN3CERJ,GF-120,GrabFood,,American Breakfast Club,Kemang,Cutleries,,,6,,600.00,,"September 03, 2026 11:30:38AM",DELIVERED
76515370,00175663254-C8EEA8LJEGLUGE,GF-384,GrabFood,,People Pasta,Greenville,Truffle Tatter Tots,,,1,,32000.00,,"September 03, 2026 10:59:18AM",DELIVERED
76515370,00175663254-C8EEA8LJEGLUGE,GF-384,GrabFood,,People Pasta,Greenville,Cacio e Pepe - Vegetarian - Plantbased,Signature Pasta,,1,,43000.00,,"September 03, 2026 10:59:18AM",DELIVERED
76515370,00175663254-C8EEA8LJEGLUGE,GF-384,GrabFood,,People Pasta,Greenville,Cacio e Pepe - Vegetarian - Plantbased,Signature Pasta,Fusili,,1,,1000.00,"September 03, 2026 10:59:18AM",DELIVERED
76515370,00175663254-C8EEA8LJEGLUGE,GF-384,GrabFood,,People Pasta,Greenville,Cacio e Pepe - Vegetarian - Plantbased,Signature Pasta,Hygine Cutleries,,1,,1500.00,"September 03, 2026 10:59:18AM",DELIVERED
76515370,00175663254-C8EEA8LJEGLUGE,GF-384,GrabFood,,People Pasta,Greenville,Chicken Nugget - Vegan,,,1,,35000.00,,"September 03, 2026 10:59:18AM",DELIVERED
76515370,00175663254-C8EEA8LJEGLUGE,GF-384,GrabFood,,People Pasta,Greenville,Vegan Chicken Crispy Burger,Meatless Burgers,,1,,49000.00,,"September 03, 2026 10:59:18AM",DELIVERED
76515370,00175663254-C8EEA8LJEGLUGE,GF-384,GrabFood,,People Pasta,Greenville,Bolognese - Vegan Friendly - Vegetarian - Plantbase,Signature Pasta,,1,,43000.00,,"September 03, 2026 10:59:18AM",DELIVERED
76515370,00175663254-C8EEA8LJEGLUGE,GF-384,GrabFood,,People Pasta,Greenville,Bolognese - Vegan Friendly - Vegetarian - Plantbase,Signature Pasta,Fettucine,,1,,1000.00,"September 03, 2026 10:59:18AM",DELIVERED
76515370,00175663254-C8EEA8LJEGLUGE,GF-384,GrabFood,,People Pasta,Greenville,Bolognese - Vegan Friendly - Vegetarian - Plantbase,Signature Pasta,Hygine Cutleries,,1,,1500.00,"September 03, 2026 10:59:18AM",DELIVERED
76514587,001838373774-C8EEA7CVCYDHCX,GF-982,GrabFood,,American Breakfast Club,Greenville,Sandwich - 2 Scrambled Eggs melty cheddar cheese on a wavy brioche bun,American Breakfast Sandwiches,,1,,45000.00,,"September 03, 2026 10:51:05AM",DELIVERED
76514587,001838373774-C8EEA7CVCYDHCX,GF-982,GrabFood,,American Breakfast Club,Greenville,"2 Pancakes - Blueberries, Butter, Maple Syrup",American Breakfast Pancakes,,1,,58000.00,,"September 03, 2026 10:51:05AM",DELIVERED
76512409,001684030612-C8EEAZBGGAKWJ2,GF-970,GrabFood,,American Breakfast Club,Greenville,"Sandwich - 2 Scrambled Eggs Mock Beef, Cheddar Cheese  on a wavy brioche bun",American Breakfast Sandwiches,,1,,58000.00,,"September 03, 2026 10:23:58AM",DELIVERED
76512409,001684030612-C8EEAZBGGAKWJ2,GF-970,GrabFood,,American Breakfast Club,Greenville,"Sandwich - 2 Scrambled Eggs Mock Beef, Cheddar Cheese  on a wavy brioche bun",American Breakfast Sandwiches,Tatter Tots,,1,,30000.00,"September 03, 2026 10:23:58AM",DELIVERED
76510351,0014923618-C8EEARNYVBEGAT,GF-830,GrabFood,,American Breakfast Club,Kemang,"Mushroom Omelette - Mushrooms, Spinach, Side Tater Tots",American Breakfast Omelettes,,1,,68000.00,,"September 03, 2026 09:53:31AM",DELIVERED
76510351,0014923618-C8EEARNYVBEGAT,GF-830,GrabFood,,American Breakfast Club,Kemang,"Burrito - 2 Scrambled Eggs, Cheddar, Avocado, Tater Tots",American Breakfast Burritos,,1,,58000.00,,"September 03, 2026 09:53:31AM",DELIVERED
76509095,F-3343766226,3996,gofood,,American Breakfast Club,Kemang,"Burrito - 2 Scrambled Eggs, Cheddar, Avocado, Tater Tots",American Breakfast Burritos,,1,,58000.00,,"September 03, 2026 09:28:36AM",DELIVERED
76509095,F-3343766226,3996,gofood,,American Breakfast Club,Kemang,"Burrito - 2 Scrambled Eggs, Cheddar, Avocado, Tater Tots",American Breakfast Burritos,Tatter Tots,,1,,30000.00,"September 03, 2026 09:28:36AM",DELIVERED
76508823,001665238393-C8EEAJNKJRJ2LE,GF-868,GrabFood,,American Breakfast Club,Greenville,"Burrito - Mock Beef, 2 Scrambled Eggs, Cheddar, Avocado, Tater Tots,",American Breakfast Burritos,,1,,68000.00,,"September 03, 2026 09:23:21AM",DELIVERED
76508823,001665238393-C8EEAJNKJRJ2LE,GF-868,GrabFood,,American Breakfast Club,Greenville,"2 Pancakes - Chocolate Chips, Butter, Maple Syrup",American Breakfast Pancakes,,1,,58000.00,,"September 03, 2026 09:23:21AM",DELIVERED
76508701,0018371335-C8EEAJBTCXLABA,GF-012,GrabFood,,American Breakfast Club,Kemang,"Mushroom Omelette - Mushrooms, Spinach, Side Tater Tots",American Breakfast Omelettes,,1,,68000.00,,"September 03, 2026 09:20:40AM",DELIVERED
76508567,00196932155-C8EEAGAWA24DFA,GF-171,GrabFood,,American Breakfast Club,Kemang,"Burrito - 2 Scrambled Eggs, Cheddar, Avocado, Tater Tots",American Breakfast Burritos,,1,,58000.00,,"September 03, 2026 09:17:13AM",DELIVERED
76508281,0015245604-C8EEAFACGYNBEN,GF-361,GrabFood,,American Breakfast Club,Greenville,"Burrito - Mock Beef, 2 Scrambled Eggs, Cheddar, Avocado, Tater Tots,",American Breakfast Burritos,,1,,68000.00,,"September 03, 2026 09:10:12AM",DELIVERED
76508281,0015245604-C8EEAFACGYNBEN,GF-361,GrabFood,,American Breakfast Club,Greenville,Tater Tots,Sides,,1,,38000.00,,"September 03, 2026 09:10:12AM",DELIVERED
76507717,00105071707-C8EEABBFN6TWWA,GF-204,GrabFood,,American Breakfast Club,Kemang,Cheese Omelette - Side Tater Tots,American Breakfast Omelettes,,1,,58000.00,,"September 03, 2026 08:53:55AM",DELIVERED
76507621,0011762733-C8EEAAVWRVEVL2,GF-447,GrabFood,,American Breakfast Club,Kemang,"Burrito - Mock Beef, 2 Scrambled Eggs, Cheddar, Avocado, Tater Tots,",American Breakfast Burritos,,1,,68000.00,,"September 03, 2026 08:51:03AM",DELIVERED
76507501,0013053294-C8EDWGNGL3T1FE,GF-519,GrabFood,,American Breakfast Club,Kemang,"Burrito - 2 Scrambled Eggs, Cheddar, Avocado, Tater Tots",American Breakfast Burritos,,1,,58000.00,,"September 03, 2026 08:46:36AM",DELIVERED
76507479,001953787656-C8EDWGKWNU3CTE,GF-702,GrabFood,,American Breakfast Club,Greenville,"Burrito - Mock Beef, 2 Scrambled Eggs, Cheddar, Avocado, Tater Tots,",American Breakfast Burritos,,1,,68000.00,,"September 03, 2026 08:45:44AM",DELIVERED
76507228,00148806683-C8EDWFBYL4KHLE,GF-549,GrabFood,,American Breakfast Club,Kemang,"Mushroom Omelette - Mushrooms, Spinach, Side Tater Tots",American Breakfast Omelettes,,1,,68000.00,,"September 03, 2026 08:37:25AM",DELIVERED
76505931,001741392411-C8EDV233KAAYUE,GF-821,GrabFood,,LA Breakfast Club,Greenville,"Sandwich - 2 Scrambled Eggs, Cheddar Cheese, Secret Sauce, Brioche Bun",LA Breakfast Sandwiches,,1,,61000.00,,"September 03, 2026 07:45:51AM",DELIVERED
76505931,001741392411-C8EDV233KAAYUE,GF-821,GrabFood,,LA Breakfast Club,Greenville,"Sandwich - 2 Scrambled Eggs, Cheddar Cheese, Secret Sauce, Brioche Bun",LA Breakfast Sandwiches,Mayo,,1,,0.00,"September 03, 2026 07:45:51AM",DELIVERED
76505931,001741392411-C8EDV233KAAYUE,GF-821,GrabFood,,LA Breakfast Club,Greenville,Cheese Omelette - Side of Tater Tots,LA Breakfast Omelettes,,1,,70000.00,,"September 03, 2026 07:45:51AM",DELIVERED
76505891,0018206529-C8EDV2NTTT4HVT,GF-928,GrabFood,,People Pasta,Greenville,Meat-less Burger - Vegan,Meatless Burgers,,1,,49000.00,,"September 03, 2026 07:43:20AM",DELIVERED
76505891,0018206529-C8EDV2NTTT4HVT,GF-928,GrabFood,,People Pasta,Greenville,Chicken Nugget - Vegan,,,1,,35000.00,,"September 03, 2026 07:43:20AM",DELIVERED
76505746,00126055682-C8EDVZCJTU3GLA,GF-704,GrabFood,,American Breakfast Club,Kemang,"Mushroom Omelette - Mushrooms, Spinach, Side Tater Tots",American Breakfast Omelettes,,1,,68000.00,,"September 03, 2026 07:37:41AM",DELIVERED
76505746,00126055682-C8EDVZCJTU3GLA,GF-704,GrabFood,,American Breakfast Club,Kemang,"Mushroom Omelette - Mushrooms, Spinach, Side Tater Tots",American Breakfast Omelettes,Cutleries,,1,,600.00,"September 03, 2026 07:37:41AM",DELIVERED
76505531,001663421665-C8EDVXUYFCBFJT,GF-924,GrabFood,,American Breakfast Club,Kemang,"2 Pancakes - Chocolate Chips, Butter, Maple Syrup",American Breakfast Pancakes,,2,,58000.00,,"September 03, 2026 07:27:24AM",DELIVERED
76505531,001663421665-C8EDVXUYFCBFJT,GF-924,GrabFood,,American Breakfast Club,Kemang,"2 Pancakes - Chocolate Chips, Butter, Maple Syrup",American Breakfast Pancakes,Cutleries,,2,,600.00,"September 03, 2026 07:27:24AM",DELIVERED
76505510,00186135504-C8EDVXMFRJKWHE,GF-940,GrabFood,,American Breakfast Club,Kemang,"Mushroom Omelette - Mushrooms, Spinach, Side Tater Tots",American Breakfast Omelettes,,1,,68000.00,,"September 03, 2026 07:26:18AM",DELIVERED
76505466,001589615634-C8EDVXAZG8BTRE,GF-034,GrabFood,,American Breakfast Club,Greenville,"Burrito - Mock Chicken, 2 Scrambled Eggs, Cheddar, Avocado, Tater Tots",American Breakfast Burritos,,1,,68000.00,,"September 03, 2026 07:23:48AM",DELIVERED
76505466,001589615634-C8EDVXAZG8BTRE,GF-034,GrabFood,,American Breakfast Club,Greenville,"2 Pancakes - Butter, Maple Syrup",American Breakfast Pancakes,,1,,48000.00,,"September 03, 2026 07:23:48AM",DELIVERED
76505464,0010867636-C8EDVXAWNNMTJX,GF-578,GrabFood,,American Breakfast Club,Kemang,"Mushroom Omelette - Mushrooms, Spinach, Side Tater Tots",American Breakfast Omelettes,,2,,68000.00,,"September 03, 2026 07:23:44AM",DELIVERED
76505464,0010867636-C8EDVXAWNNMTJX,GF-578,GrabFood,,American Breakfast Club,Kemang,"Mushroom Omelette - Mushrooms, Spinach, Side Tater Tots",American Breakfast Omelettes,Cutleries,,2,,600.00,"September 03, 2026 07:23:44AM",DELIVERED
76505464,0010867636-C8EDVXAWNNMTJX,GF-578,GrabFood,,American Breakfast Club,Kemang,"Sandwich - 2 Scrambled Eggs, Mock Chicken, Cheddar Cheese Mix, Brioche Bun",American Breakfast Sandwiches,,1,,58000.00,,"September 03, 2026 07:23:44AM",DELIVERED
76505464,0010867636-C8EDVXAWNNMTJX,GF-578,GrabFood,,American Breakfast Club,Kemang,"Sandwich - 2 Scrambled Eggs, Mock Chicken, Cheddar Cheese Mix, Brioche Bun",American Breakfast Sandwiches,Cutleries,,1,,600.00,"September 03, 2026 07:23:44AM",DELIVERED
76505464,0010867636-C8EDVXAWNNMTJX,GF-578,GrabFood,,American Breakfast Club,Kemang,"Sandwich - 2 Scrambled Eggs, Mock Chicken, Cheddar Cheese Mix, Brioche Bun",American Breakfast Sandwiches,Chick Nugget,,1,,35000.00,"September 03, 2026 07:23:44AM",DELIVERED
76505160,F-3343693435,9327,gofood,,American Breakfast Club,Greenville,"Burrito - 2 Scrambled Eggs, Cheddar, Avocado, Tater Tots",American Breakfast Burritos,,1,,46400.00,,"September 03, 2026 07:06:19AM",DELIVERED
76490248,001653364183-C8EDL3DYSBU2EN,GF-207,GrabFood,,LA Breakfast Club,Greenville,Mock Chicken Burrito,LA Breakfast Burritos,,1,,86000.00,,"September 02, 2026 08:41:28PM",DELIVERED
76487699,F-3343493209,8792,gofood,,Tyfel Coffee,Greenville,Mock Chicken Burrito,Breakfast Burritos,,1,,68000.00,,"September 02, 2026 08:14:35PM",DELIVERED
76487699,F-3343493209,8792,gofood,,Tyfel Coffee,Greenville,Mock Beef Sandwich,Breakfast Sandwiches,,1,,58000.00,,"September 02, 2026 08:14:35PM",DELIVERED
76487699,F-3343493209,8792,gofood,,Tyfel Coffee,Greenville,Tater Tots,Sides,,1,,28000.00,,"September 02, 2026 08:14:35PM",DELIVERED
76487699,F-3343493209,8792,gofood,,Tyfel Coffee,Greenville,Chic Chunk - Vegan Plantbased,Lite Bites,,1,,38000.00,,"September 02, 2026 08:14:35PM",DELIVERED
76486600,0010871867-C8EDLTVWFELCV6,GF-985,GrabFood,,American Breakfast Club,Greenville,"Burrito - Mock Chicken, 2 Scrambled Eggs, Cheddar, Avocado, Tater Tots",American Breakfast Burritos,,1,,68000.00,,"September 02, 2026 08:04:25PM",DELIVERED
76486600,0010871867-C8EDLTVWFELCV6,GF-985,GrabFood,,American Breakfast Club,Greenville,"Burrito - Mock Chicken, 2 Scrambled Eggs, Cheddar, Avocado, Tater Tots",American Breakfast Burritos,Chick Nugget,,1,,35000.00,"September 02, 2026 08:04:25PM",DELIVERED
76475616,001886147795-C8EDKAXXUGMYWE,GF-610,GrabFood,,People Pasta,Greenville,Chicken Nugget - Vegan,,,1,,35000.00,,"September 02, 2026 06:25:04PM",DELIVERED
76475616,001886147795-C8EDKAXXUGMYWE,GF-610,GrabFood,,People Pasta,Greenville,Meat-less Burger - Vegan,Meatless Burgers,,1,,49000.00,,"September 02, 2026 06:25:04PM",DELIVERED
76471969,00178773394-C8EDJ2KGJ7XKLA,GF-795,GrabFood,,Herbox,Greenville,Pesmol Vegan Vegetarian Ricebox,Ricebox,,1,,39000.00,,"September 02, 2026 05:48:56PM",DELIVERED
76471969,00178773394-C8EDJ2KGJ7XKLA,GF-795,GrabFood,,Herbox,Greenville,Fysh Mentai,Mentai Vegan,,1,,59000.00,,"September 02, 2026 05:48:56PM",DELIVERED
76471459,001966464196-C8EDJZBANJBKVX,GF-399,GrabFood,,American Breakfast Club,Greenville,"Mushroom Omelette - Mushrooms, Spinach, Side Tater Tots",American Breakfast Omelettes,,1,,68000.00,,"September 02, 2026 05:43:50PM",DELIVERED
76470328,00103767441-C8EDJXLDKBUUBA,GF-206,GrabFood,,American Breakfast Club,Greenville,"Burrito - Mock Chicken, 2 Scrambled Eggs, Cheddar, Avocado, Tater Tots",American Breakfast Burritos,,1,,68000.00,,"September 02, 2026 05:32:34PM",DELIVERED
76469063,F-3343230334,3191,gofood,,Herbox,Greenville,Vegan Chickin Nugget,Sides,,1,,32000.00,,"September 02, 2026 05:18:26PM",DELIVERED
76469063,F-3343230334,3191,gofood,,Herbox,Greenville,Salted no Egg Vegan Vegetarian Ricebox,Ricebox,,3,,31200.00,,"September 02, 2026 05:18:26PM",DELIVERED
76468979,F-3343228999,6965,gofood,,American Breakfast Club,Greenville,"Burrito - 2 Scrambled Eggs, Cheddar, Avocado, Tater Tots",American Breakfast Burritos,,1,,46400.00,,"September 02, 2026 05:17:20PM",DELIVERED
76467288,001138364827-C8EDJNKTGTCJHE,GF-037,GrabFood,,Herbox,Greenville,Nasi Goreng Bintang Kuning Vegan Vegetarian,Nasi Goreng Special,,1,,35000.00,,"September 02, 2026 04:59:03PM",DELIVERED
76467288,001138364827-C8EDJNKTGTCJHE,GF-037,GrabFood,,Herbox,Greenville,Nasi Goreng Sedap Malam Vegan Vegetarian,Nasi Goreng Special,,1,,35000.00,,"September 02, 2026 04:59:03PM",DELIVERED
76467240,001817295971-C8EDJNE2EUADKA,GF-818,GrabFood,,Herbox,Greenville,Nasi Goreng Bintang Kuning Vegan Vegetarian,Nasi Goreng Special,,1,,35000.00,,"September 02, 2026 04:58:30PM",DELIVERED
76467240,001817295971-C8EDJNE2EUADKA,GF-818,GrabFood,,Herbox,Greenville,Pesmol Vegan Vegetarian Ricebox,Ricebox,,1,,39000.00,,"September 02, 2026 04:58:30PM",DELIVERED
76467240,001817295971-C8EDJNE2EUADKA,GF-818,GrabFood,,Herbox,Greenville,Teriyaki Vegan Vegetarian Ricebox,Ricebox,,1,,39000.00,,"September 02, 2026 04:58:30PM",DELIVERED
76467240,001817295971-C8EDJNE2EUADKA,GF-818,GrabFood,,Herbox,Greenville,Vegan Chickin Nugget,Sides,,1,,40000.00,,"September 02, 2026 04:58:30PM",DELIVERED
76467240,001817295971-C8EDJNE2EUADKA,GF-818,GrabFood,,Herbox,Greenville,Rica Wrap,Wrap Series,,1,,59000.00,,"September 02, 2026 04:58:30PM",DELIVERED
76467240,001817295971-C8EDJNE2EUADKA,GF-818,GrabFood,,Herbox,Greenville,Nasi Goreng Sedap Malam Vegan Vegetarian,Nasi Goreng Special,,1,,35000.00,,"September 02, 2026 04:58:30PM",DELIVERED
76461916,00122645724-C8EDHEUXRX5ZEA,GF-650,GrabFood,,American Breakfast Club,Greenville,"Burrito - Mock Beef, 2 Scrambled Eggs, Cheddar, Avocado, Tater Tots,",American Breakfast Burritos,,1,,68000.00,,"September 02, 2026 03:54:04PM",DELIVERED
76457391,F-3343077121,6125,gofood,,American Breakfast Club,Greenville,Cheese Omelette - Side Tater Tots,American Breakfast Omelettes,,1,,46400.00,,"September 02, 2026 02:49:42PM",DELIVERED
76457391,F-3343077121,6125,gofood,,American Breakfast Club,Greenville,"Burrito - 2 Scrambled Eggs, Cheddar, Avocado, Tater Tots",American Breakfast Burritos,,1,,46400.00,,"September 02, 2026 02:49:42PM",DELIVERED
76457391,F-3343077121,6125,gofood,,American Breakfast Club,Greenville,Home Fries With Truffle Oil,Sides,,1,,30400.00,,"September 02, 2026 02:49:42PM",DELIVERED
76456513,001830564971-C8EDGUUWVACVRJ,GF-409,GrabFood,,People Pasta,Greenville,Meat-less Burger - Vegan,Meatless Burgers,,1,,49000.00,,"September 02, 2026 02:37:26PM",DELIVERED
76456513,001830564971-C8EDGUUWVACVRJ,GF-409,GrabFood,,People Pasta,Greenville,Meat-less Burger - Vegan,Meatless Burgers,Truffle Tatter Tots,,1,,32000.00,"September 02, 2026 02:37:26PM",DELIVERED
76453912,001407388199-C8EDGJ2YETEHBE,GF-947,GrabFood,,People Pasta,Greenville,Tattert Tots,,,1,,28000.00,,"September 02, 2026 01:58:45PM",DELIVERED
76453912,001407388199-C8EDGJ2YETEHBE,GF-947,GrabFood,,People Pasta,Greenville,Cacio e Pepe - Vegetarian - Plantbased,Signature Pasta,,1,,43000.00,,"September 02, 2026 01:58:45PM",DELIVERED
76453912,001407388199-C8EDGJ2YETEHBE,GF-947,GrabFood,,People Pasta,Greenville,Cacio e Pepe - Vegetarian - Plantbased,Signature Pasta,Fettucine,,1,,1000.00,"September 02, 2026 01:58:45PM",DELIVERED
76452455,00109374499-C8EDGEDBDGEGJN,GF-998,GrabFood,,American Breakfast Club,Kemang,"Mushroom Omelette - Mushrooms, Spinach, Side Tater Tots",American Breakfast Omelettes,,1,,68000.00,,"September 02, 2026 01:37:53PM",DELIVERED
76448093,001571696565-C8EDE7LXVYEUEJ,GF-926,GrabFood,,American Breakfast Club,Kemang,"2 Pancakes - Butter, Maple Syrup",American Breakfast Pancakes,,1,,48000.00,,"September 02, 2026 12:39:26PM",DELIVERED
76448093,001571696565-C8EDE7LXVYEUEJ,GF-926,GrabFood,,American Breakfast Club,Kemang,"Sandwich - 2 Scrambled Eggs, Mock Chicken, Cheddar Cheese Mix, Brioche Bun",American Breakfast Sandwiches,,1,,58000.00,,"September 02, 2026 12:39:26PM",DELIVERED
76443638,0013881741-C8EDEULJVLEWJJ,GF-289,GrabFood,,American Breakfast Club,Kemang,"Burrito - Mock Beef, 2 Scrambled Eggs, Cheddar, Avocado, Tater Tots,",American Breakfast Burritos,,1,,68000.00,,"September 02, 2026 11:49:19AM",DELIVERED
76443638,0013881741-C8EDEULJVLEWJJ,GF-289,GrabFood,,American Breakfast Club,Kemang,"Burrito - Mock Beef, 2 Scrambled Eggs, Cheddar, Avocado, Tater Tots,",American Breakfast Burritos,Home Fries,,1,,30000.00,"September 02, 2026 11:49:19AM",DELIVERED
76442995,001910679933-C8EDETDKG6EBFA,GF-132,GrabFood,,Herbox,Greenville,Teriyaki Vegan Vegetarian Ricebox,Ricebox,,1,,39000.00,,"September 02, 2026 11:42:46AM",DELIVERED
76442995,001910679933-C8EDETDKG6EBFA,GF-132,GrabFood,,Herbox,Greenville,Teriyaki Vegan Vegetarian Ricebox,Ricebox,Vegan Chicken Nugget,,1,,35000.00,"September 02, 2026 11:42:46AM",DELIVERED
76437681,0019985421-C8EDECCDTKNFGA,GF-274,GrabFood,,American Breakfast Club,Kemang,"2 Pancakes - Butter, Maple Syrup",American Breakfast Pancakes,,1,,48000.00,,"September 02, 2026 10:47:33AM",DELIVERED
76437681,0019985421-C8EDECCDTKNFGA,GF-274,GrabFood,,American Breakfast Club,Kemang,Sandwich - 2 Scrambled Eggs melty cheddar cheese on a wavy brioche bun,American Breakfast Sandwiches,,1,,45000.00,,"September 02, 2026 10:47:33AM",DELIVERED
76435624,F-3342737521,4722,gofood,,American Breakfast Club,Kemang,"Burrito - Mock Beef, 2 Scrambled Eggs, Cheddar, Avocado, Tater Tots,",American Breakfast Burritos,,1,,68000.00,,"September 02, 2026 10:21:42AM",DELIVERED
76435624,F-3342737521,4722,gofood,,American Breakfast Club,Kemang,"Burrito - Mock Beef, 2 Scrambled Eggs, Cheddar, Avocado, Tater Tots,",American Breakfast Burritos,Cutleries,,1,,600.00,"September 02, 2026 10:21:42AM",DELIVERED
76435624,F-3342737521,4722,gofood,,American Breakfast Club,Kemang,Cheese Omelette - Side Tater Tots,American Breakfast Omelettes,,1,,58000.00,,"September 02, 2026 10:21:42AM",DELIVERED
76435624,F-3342737521,4722,gofood,,American Breakfast Club,Kemang,Cheese Omelette - Side Tater Tots,American Breakfast Omelettes,Cutleries,,1,,600.00,"September 02, 2026 10:21:42AM",DELIVERED
76435284,0017422173-C8EDDECEVT3XLA,GF-281,GrabFood,,American Breakfast Club,Kemang,"Mushroom Omelette - Mushrooms, Spinach, Side Tater Tots",American Breakfast Omelettes,,1,,68000.00,,"September 02, 2026 10:17:37AM",DELIVERED
76434941,F-3342714221,7882,gofood,,American Breakfast Club,Kemang,"Burrito - 2 Scrambled Eggs, Cheddar, Avocado, Tater Tots",American Breakfast Burritos,,1,,58000.00,,"September 02, 2026 09:59:38AM",DELIVERED
76433778,001251594750-C8EDC7UVPAVYRN,GF-465,GrabFood,,American Breakfast Club,Greenville,Cheese Omelette - Side Tater Tots,American Breakfast Omelettes,,1,,58000.00,,"September 02, 2026 09:54:02AM",DELIVERED
76433778,001251594750-C8EDC7UVPAVYRN,GF-465,GrabFood,,American Breakfast Club,Greenville,Cheese Omelette - Side Tater Tots,American Breakfast Omelettes,Tatter Tots,,1,,30000.00,"September 02, 2026 09:54:02AM",DELIVERED
76433778,001251594750-C8EDC7UVPAVYRN,GF-465,GrabFood,,American Breakfast Club,Greenville,"Mushroom Omelette - Mushrooms, Spinach, Side Tater Tots",American Breakfast Omelettes,,1,,68000.00,,"September 02, 2026 09:54:02AM",DELIVERED
76433778,001251594750-C8EDC7UVPAVYRN,GF-465,GrabFood,,American Breakfast Club,Greenville,"Mushroom Omelette - Mushrooms, Spinach, Side Tater Tots",American Breakfast Omelettes,Tatter Tots,,1,,30000.00,"September 02, 2026 09:54:02AM",DELIVERED
76433717,F-3342707889,3634,gofood,,American Breakfast Club,Kemang,"Burrito - 2 Scrambled Eggs, Cheddar, Avocado, Tater Tots",American Breakfast Burritos,,1,,58000.00,,"September 02, 2026 09:52:17AM",DELIVERED
76433227,F-3342700376,8195,gofood,,American Breakfast Club,Kemang,"Burrito - Mock Beef, 2 Scrambled Eggs, Cheddar, Avocado, Tater Tots,",American Breakfast Burritos,,1,,68000.00,,"September 02, 2026 09:43:12AM",DELIVERED
76433214,F-3342700071,6156,gofood,,American Breakfast Club,Kemang,"Mushroom Omelette - Mushrooms, Spinach, Side Tater Tots",American Breakfast Omelettes,,1,,68000.00,,"September 02, 2026 09:42:50AM",DELIVERED
76432928,F-3342695023,8885,gofood,,American Breakfast Club,Kemang,"Burrito - Mock Beef, 2 Scrambled Eggs, Cheddar, Avocado, Tater Tots,",American Breakfast Burritos,,1,,68000.00,,"September 02, 2026 09:36:40AM",DELIVERED
76432928,F-3342695023,8885,gofood,,American Breakfast Club,Kemang,"Mushroom Omelette - Mushrooms, Spinach, Side Tater Tots",American Breakfast Omelettes,,1,,68000.00,,"September 02, 2026 09:36:40AM",DELIVERED
76432496,0018663569-C8EDC2JXJJCCT6,GF-740,GrabFood,,American Breakfast Club,Kemang,"Burrito - Mock Beef, 2 Scrambled Eggs, Cheddar, Avocado, Tater Tots,",American Breakfast Burritos,,1,,68000.00,,"September 02, 2026 09:28:44AM",DELIVERED
76432496,0018663569-C8EDC2JXJJCCT6,GF-740,GrabFood,,American Breakfast Club,Kemang,"Mushroom Omelette - Mushrooms, Spinach, Side Tater Tots",American Breakfast Omelettes,,1,,68000.00,,"September 02, 2026 09:28:44AM",DELIVERED
76432238,00190410984-C8EDCY5GTJ5TLX,GF-180,GrabFood,,American Breakfast Club,Kemang,"Burrito - 2 Scrambled Eggs, Cheddar, Avocado, Tater Tots",American Breakfast Burritos,,1,,58000.00,,"September 02, 2026 09:22:56AM",DELIVERED
76431946,F-3342665558,1779,gofood,,American Breakfast Club,Kemang,Cheese Omelette - Side Tater Tots,American Breakfast Omelettes,,1,,58000.00,,"September 02, 2026 08:56:45AM",DELIVERED
76431946,F-3342665558,1779,gofood,,American Breakfast Club,Kemang,Cheese Omelette - Side Tater Tots,American Breakfast Omelettes,Cutleries,,1,,600.00,"September 02, 2026 08:56:45AM",DELIVERED
76431946,F-3342665558,1779,gofood,,American Breakfast Club,Kemang,"2 Pancakes - Butter, Maple Syrup",American Breakfast Pancakes,,1,,48000.00,,"September 02, 2026 08:56:45AM",DELIVERED
76431878,00117745243-C8EDCXWFNZBBRJ,GF-575,GrabFood,,American Breakfast Club,Kemang,"Burrito - 2 Scrambled Eggs, Cheddar, Avocado, Tater Tots",American Breakfast Burritos,,1,,58000.00,,"September 02, 2026 09:14:35AM",DELIVERED
76431421,00102819940-C8EDCUTVGGAUEA,GF-327,GrabFood,,American Breakfast Club,Kemang,"Sandwich - 2 Scrambled Eggs Mock Beef, Cheddar Cheese  on a wavy brioche bun",American Breakfast Sandwiches,,1,,58000.00,,"September 02, 2026 09:03:42AM",DELIVERED
76431421,00102819940-C8EDCUTVGGAUEA,GF-327,GrabFood,,American Breakfast Club,Kemang,"Mushroom Omelette - Mushrooms, Spinach, Side Tater Tots",American Breakfast Omelettes,,1,,68000.00,,"September 02, 2026 09:03:42AM",DELIVERED
76431235,0010451681-C8EDCT2EAKLVAE,GF-582,GrabFood,,American Breakfast Club,Kemang,"Burrito - Mock Chicken, 2 Scrambled Eggs, Cheddar, Avocado, Tater Tots",American Breakfast Burritos,,1,,68000.00,,"September 02, 2026 08:58:36AM",DELIVERED
76430661,F-3342654843,2897,gofood,,Herbox,Greenville,Teriyaki Vegan Vegetarian Ricebox,Ricebox,,1,,31200.00,,"September 02, 2026 08:37:47AM",DELIVERED
76430515,0019060539-C8EDCLCBCZKZME,GF-058,GrabFood,,American Breakfast Club,Greenville,"Sandwich - 2 Scrambled Eggs, Mock Chicken, Cheddar Cheese Mix, Brioche Bun",American Breakfast Sandwiches,,1,,58000.00,,"September 02, 2026 08:34:11AM",DELIVERED
76429921,F-3342640483,5436,gofood,,American Breakfast Club,Kemang,"Burrito - 2 Scrambled Eggs, Cheddar, Avocado, Tater Tots",American Breakfast Burritos,,1,,58000.00,,"September 02, 2026 08:10:30AM",DELIVERED
76429921,F-3342640483,5436,gofood,,American Breakfast Club,Kemang,Sandwich - 2 Scrambled Eggs melty cheddar cheese on a wavy brioche bun,American Breakfast Sandwiches,,1,,45000.00,,"September 02, 2026 08:10:30AM",DELIVERED
76429919,F-3342639346,7773,gofood,,Herbox,Greenville,Teriyaki Vegan Vegetarian Ricebox,Ricebox,,1,,31200.00,,"September 02, 2026 08:08:15AM",DELIVERED
76429748,0013928597-C8EDCEA2KBKATE,GF-829,GrabFood,,American Breakfast Club,Kemang,Cheese Omelette - Side Tater Tots,American Breakfast Omelettes,,1,,58000.00,,"September 02, 2026 08:03:48AM",DELIVERED
76429592,00161797726-C8EDCBTGRE4BE2,GF-265,GrabFood,,American Breakfast Club,Greenville,"Burrito - Mock Chicken, 2 Scrambled Eggs, Cheddar, Avocado, Tater Tots",American Breakfast Burritos,,1,,68000.00,,"September 02, 2026 07:56:56AM",DELIVERED
76429533,001484148921-C8EDCBAKLPVWFE,GF-681,GrabFood,,American Breakfast Club,Greenville,Cheese Omelette - Side Tater Tots,American Breakfast Omelettes,,1,,58000.00,,"September 02, 2026 07:53:39AM",DELIVERED
76429533,001484148921-C8EDCBAKLPVWFE,GF-681,GrabFood,,American Breakfast Club,Greenville,Cheese Omelette - Side Tater Tots,American Breakfast Omelettes,Cutleries,,1,,1500.00,"September 02, 2026 07:53:39AM",DELIVERED
76429082,F-3342624103,5465,gofood,,American Breakfast Club,Greenville,"Burrito - Mock Chicken, 2 Scrambled Eggs, Cheddar, Avocado, Tater Tots",American Breakfast Burritos,,1,,54400.00,,"September 02, 2026 07:28:43AM",DELIVERED
76429082,F-3342624103,5465,gofood,,American Breakfast Club,Greenville,"Burrito - Mock Chicken, 2 Scrambled Eggs, Cheddar, Avocado, Tater Tots",American Breakfast Burritos,,1,,54400.00,,"September 02, 2026 07:28:43AM",DELIVERED
76429046,00126082415-C8EDBCBTV4CVRX,GF-827,GrabFood,,American Breakfast Club,Kemang,"Burrito - Mock Beef, 2 Scrambled Eggs, Cheddar, Avocado, Tater Tots,",American Breakfast Burritos,,1,,68000.00,,"September 02, 2026 07:27:20AM",DELIVERED
76428789,F-3342618721,3367,gofood,,American Breakfast Club,Kemang,"Burrito - 2 Scrambled Eggs, Cheddar, Avocado, Tater Tots",American Breakfast Burritos,,1,,58000.00,,"September 02, 2026 07:12:28AM",DELIVERED
76428789,F-3342618721,3367,gofood,,American Breakfast Club,Kemang,"Burrito - 2 Scrambled Eggs, Cheddar, Avocado, Tater Tots",American Breakfast Burritos,Chick Nugget,,1,,35000.00,"September 02, 2026 07:12:28AM",DELIVERED
76428703,001819472422-C8EDA7KWWFAKJ2,GF-519,GrabFood,,People Pasta,Greenville,Bolognese - Vegan Friendly - Vegetarian - Plantbase,Signature Pasta,,1,,43000.00,,"September 02, 2026 07:07:50AM",DELIVERED
76428703,001819472422-C8EDA7KWWFAKJ2,GF-519,GrabFood,,People Pasta,Greenville,Bolognese - Vegan Friendly - Vegetarian - Plantbase,Signature Pasta,Spaghetti,,1,,0.00,"September 02, 2026 07:07:50AM",DELIVERED
76428703,001819472422-C8EDA7KWWFAKJ2,GF-519,GrabFood,,People Pasta,Greenville,Creamy Mushroom - Vegetarian - Plantbased,Signature Pasta,,1,,43000.00,,"September 02, 2026 07:07:50AM",DELIVERED
76428703,001819472422-C8EDA7KWWFAKJ2,GF-519,GrabFood,,People Pasta,Greenville,Creamy Mushroom - Vegetarian - Plantbased,Signature Pasta,Fettucine,,1,,1000.00,"September 02, 2026 07:07:50AM",DELIVERED
76428703,001819472422-C8EDA7KWWFAKJ2,GF-519,GrabFood,,People Pasta,Greenville,Hygine Cutleries,Add-on,,1,,1500.00,,"September 02, 2026 07:07:50AM",DELIVERED
76428598,001232060462-C8EDA4NUPCEVHE,GF-695,GrabFood,,American Breakfast Club,Greenville,"Burrito - 2 Scrambled Eggs, Cheddar, Avocado, Tater Tots",American Breakfast Burritos,,1,,58000.00,,"September 02, 2026 07:00:39AM",DELIVERED
76428598,001232060462-C8EDA4NUPCEVHE,GF-695,GrabFood,,American Breakfast Club,Greenville,Sandwich - 2 Scrambled Eggs melty cheddar cheese on a wavy brioche bun,American Breakfast Sandwiches,,5,,45000.00,,"September 02, 2026 07:00:39AM",DELIVERED
76428598,001232060462-C8EDA4NUPCEVHE,GF-695,GrabFood,,American Breakfast Club,Greenville,"2 Pancakes - Butter, Maple Syrup",American Breakfast Pancakes,,2,,48000.00,,"September 02, 2026 07:00:39AM",DELIVERED
76428073,001610328858-C8EDAU6TGU5FAE,GF-147,GrabFood,,American Breakfast Club,Greenville,Cheese Omelette - Side Tater Tots,American Breakfast Omelettes,,1,,58000.00,,"September 02, 2026 06:20:01AM",DELIVERED
76428073,001610328858-C8EDAU6TGU5FAE,GF-147,GrabFood,,American Breakfast Club,Greenville,"Burrito - 2 Scrambled Eggs, Cheddar, Avocado, Tater Tots",American Breakfast Burritos,,1,,58000.00,,"September 02, 2026 06:20:01AM",DELIVERED
76428073,001610328858-C8EDAU6TGU5FAE,GF-147,GrabFood,,American Breakfast Club,Greenville,Tater Tots,Sides,,1,,38000.00,,"September 02, 2026 06:20:01AM",DELIVERED
76412900,0010384878-C8ECPFCHEVBGDA,GF-916,GrabFood,,American Breakfast Club,Greenville,"Burrito - 2 Scrambled Eggs, Cheddar, Avocado, Tater Tots",American Breakfast Burritos,,2,,58000.00,,"September 01, 2026 08:30:57PM",DELIVERED
76411033,F-3342416786,2322,gofood,,American Breakfast Club,Greenville,"Burrito - 2 Scrambled Eggs, Cheddar, Avocado, Tater Tots",American Breakfast Burritos,,1,,46400.00,,"September 01, 2026 08:11:42PM",DELIVERED
76411033,F-3342416786,2322,gofood,,American Breakfast Club,Greenville,"Burrito - 2 Scrambled Eggs, Cheddar, Avocado, Tater Tots",American Breakfast Burritos,Home Fries,,1,,30000.00,"September 01, 2026 08:11:42PM",DELIVERED
76410982,F-3342409574,3587,gofood,,Herbox,Greenville,Rica Wrap,Wrap Series,,1,,47200.00,,"September 01, 2026 08:06:18PM",DELIVERED
76410982,F-3342409574,3587,gofood,,Herbox,Greenville,French Fries,Sides,,2,,24000.00,,"September 01, 2026 08:06:18PM",DELIVERED
76410310,001124851410-C8ECN8KGGP61GX,GF-191,GrabFood,,LA Breakfast Club,Greenville,Mock Chicken Burrito,LA Breakfast Burritos,,1,,86000.00,,"September 01, 2026 08:05:38PM",DELIVERED
76400296,00190498553-C8ECNKE3T8MAN6,GF-525,GrabFood,,Tyfel Coffee,Greenville,Chic Chunk - Vegan Plantbased,Lite Bites,,1,,38000.00,,"September 01, 2026 06:35:21PM",DELIVERED
76400296,00190498553-C8ECNKE3T8MAN6,GF-525,GrabFood,,Tyfel Coffee,Greenville,Risotto,Main Course,,2,,55000.00,,"September 01, 2026 06:35:21PM",DELIVERED
76398773,F-3342243391,8673,gofood,,Herbox,Greenville,Fysh Mentai,Mentai Vegan,,1,,47200.00,,"September 01, 2026 06:20:07PM",DELIVERED
76398773,F-3342243391,8673,gofood,,Herbox,Greenville,Fish Burger Vegan,Vegan Burger,,1,,47200.00,,"September 01, 2026 06:20:07PM",DELIVERED
76398773,F-3342243391,8673,gofood,,Herbox,Greenville,Rica Wrap,Wrap Series,,1,,47200.00,,"September 01, 2026 06:20:07PM",DELIVERED
76398012,00167450588-C8ECNETGCVA3TJ,GF-657,GrabFood,,American Breakfast Club,Greenville,"Sandwich - 2 Scrambled Eggs, Mock Chicken, Cheddar Cheese Mix, Brioche Bun",American Breakfast Sandwiches,,1,,58000.00,,"September 01, 2026 06:13:37PM",DELIVERED
76398012,00167450588-C8ECNETGCVA3TJ,GF-657,GrabFood,,American Breakfast Club,Greenville,"2 Pancakes - Blueberries, Butter, Maple Syrup",American Breakfast Pancakes,,1,,58000.00,,"September 01, 2026 06:13:37PM",DELIVERED
76389759,001878940887-C8ECLZNAAXAHGE,GF-764,GrabFood,,People Pasta,Greenville,Chicken Nugget - Vegan,,,1,,35000.00,,"September 01, 2026 04:46:32PM",DELIVERED
76389759,001878940887-C8ECLZNAAXAHGE,GF-764,GrabFood,,People Pasta,Greenville,Creamy Mushroom - Vegetarian - Plantbased,Signature Pasta,,1,,43000.00,,"September 01, 2026 04:46:32PM",DELIVERED
76389759,001878940887-C8ECLZNAAXAHGE,GF-764,GrabFood,,People Pasta,Greenville,Creamy Mushroom - Vegetarian - Plantbased,Signature Pasta,Spaghetti,,1,,0.00,"September 01, 2026 04:46:32PM",DELIVERED
76389759,001878940887-C8ECLZNAAXAHGE,GF-764,GrabFood,,People Pasta,Greenville,Tattert Tots,,,1,,28000.00,,"September 01, 2026 04:46:32PM",DELIVERED
76388404,F-3342094422,2351,gofood,,Tyfel Coffee,Greenville,Meatless Burger - Vegan Plantbased,Brunch,,1,,46000.00,,"September 01, 2026 04:20:22PM",DELIVERED
76387400,001105044011-C8ECLTXGGUMFUA,GF-615,GrabFood,,American Breakfast Club,Greenville,"Burrito - Mock Beef, 2 Scrambled Eggs, Cheddar, Avocado, Tater Tots,",American Breakfast Burritos,,1,,68000.00,,"September 01, 2026 04:18:18PM",DELIVERED
76385216,00131481889-C8ECLKK1NPCJGT,GF-580,GrabFood,,Herbox,Greenville,Nasi Goreng Bintang Kuning Vegan Vegetarian,Nasi Goreng Special,,1,,35000.00,,"September 01, 2026 03:49:07PM",DELIVERED
76379994,F-3341990118,4468,gofood,,Tyfel Coffee,Greenville,Breakfast Burrito,Breakfast Burritos,,2,,58000.00,,"September 01, 2026 02:32:28PM",DELIVERED
76374764,001506213476-C8ECJNXZCGBWNX,GF-723,GrabFood,,People Pasta,Greenville,Chicken Nugget - Vegan,,,1,,35000.00,,"September 01, 2026 01:15:06PM",DELIVERED
76374764,001506213476-C8ECJNXZCGBWNX,GF-723,GrabFood,,People Pasta,Greenville,Meat-less Burger - Vegan,Meatless Burgers,,1,,49000.00,,"September 01, 2026 01:15:06PM",DELIVERED
76369221,001695958013-C8ECHEMHR3C1G6,GF-921,GrabFood,,American Breakfast Club,Greenville,"Sandwich - 2 Scrambled Eggs Mock Beef, Cheddar Cheese  on a wavy brioche bun",American Breakfast Sandwiches,,1,,58000.00,,"September 01, 2026 12:06:19PM",DELIVERED
76369221,001695958013-C8ECHEMHR3C1G6,GF-921,GrabFood,,American Breakfast Club,Greenville,Cutleries,Cutleries,,1,,1000.00,,"September 01, 2026 12:06:19PM",DELIVERED
76366920,0019296546-C8ECG7NJAZEWTN,GF-799,GrabFood,,American Breakfast Club,Kemang,Cheese Omelette - Side Tater Tots,American Breakfast Omelettes,,1,,58000.00,,"September 01, 2026 11:39:58AM",DELIVERED
76366042,F-3341763068,5911,gofood,,American Breakfast Club,Kemang,"Burrito - 2 Scrambled Eggs, Cheddar, Avocado, Tater Tots",American Breakfast Burritos,,1,,58000.00,,"September 01, 2026 11:29:56AM",DELIVERED
76366042,F-3341763068,5911,gofood,,American Breakfast Club,Kemang,"Burrito - 2 Scrambled Eggs, Cheddar, Avocado, Tater Tots",American Breakfast Burritos,Tatter Tots,,1,,30000.00,"September 01, 2026 11:29:56AM",DELIVERED
76366042,F-3341763068,5911,gofood,,American Breakfast Club,Kemang,"Mushroom Omelette - Mushrooms, Spinach, Side Tater Tots",American Breakfast Omelettes,,1,,68000.00,,"September 01, 2026 11:29:56AM",DELIVERED
76364024,0018502363-C8ECGY4BMAJXC6,GF-142,GrabFood,,American Breakfast Club,Greenville,"Burrito - Mock Beef, 2 Scrambled Eggs, Cheddar, Avocado, Tater Tots,",American Breakfast Burritos,,1,,68000.00,,"September 01, 2026 11:09:14AM",DELIVERED
76363874,F-3341728519,1257,gofood,,American Breakfast Club,Kemang,"Burrito - Mock Beef, 2 Scrambled Eggs, Cheddar, Avocado, Tater Tots,",American Breakfast Burritos,,2,,68000.00,,"September 01, 2026 11:07:12AM",DELIVERED
76363565,0015114476-C8ECGYECGP6FFA,GF-346,GrabFood,,American Breakfast Club,Kemang,"Mushroom Omelette - Mushrooms, Spinach, Side Tater Tots",American Breakfast Omelettes,,1,,68000.00,,"September 01, 2026 11:04:52AM",DELIVERED
76363565,0015114476-C8ECGYECGP6FFA,GF-346,GrabFood,,American Breakfast Club,Kemang,Cheese Omelette - Side Tater Tots,American Breakfast Omelettes,,1,,58000.00,,"September 01, 2026 11:04:52AM",DELIVERED
76363565,0015114476-C8ECGYECGP6FFA,GF-346,GrabFood,,American Breakfast Club,Kemang,"Sandwich - 2 Scrambled Eggs, Mock Chicken, Cheddar Cheese Mix, Brioche Bun",American Breakfast Sandwiches,,2,,58000.00,,"September 01, 2026 11:04:52AM",DELIVERED
76363565,0015114476-C8ECGYECGP6FFA,GF-346,GrabFood,,American Breakfast Club,Kemang,Tater Tots With Truffle Oil,Sides,,1,,48000.00,,"September 01, 2026 11:04:52AM",DELIVERED
76362292,F-3341705236,5289,gofood,,American Breakfast Club,Kemang,"Mushroom Omelette - Mushrooms, Spinach, Side Tater Tots",American Breakfast Omelettes,,1,,68000.00,,"September 01, 2026 10:50:18AM",DELIVERED
76362292,F-3341705236,5289,gofood,,American Breakfast Club,Kemang,"2 Pancakes - Butter, Maple Syrup",American Breakfast Pancakes,,1,,48000.00,,"September 01, 2026 10:50:18AM",DELIVERED
76360819,001618684897-C8ECGPM1L4JKVE,GF-492,GrabFood,,People Pasta,Greenville,Creamy Mushroom - Vegetarian - Plantbased,Signature Pasta,,1,,43000.00,,"September 01, 2026 10:33:07AM",DELIVERED
76360819,001618684897-C8ECGPM1L4JKVE,GF-492,GrabFood,,People Pasta,Greenville,Creamy Mushroom - Vegetarian - Plantbased,Signature Pasta,Fettucine,,1,,1000.00,"September 01, 2026 10:33:07AM",DELIVERED
76360819,001618684897-C8ECGPM1L4JKVE,GF-492,GrabFood,,People Pasta,Greenville,Home Fries,,,1,,25000.00,,"September 01, 2026 10:33:07AM",DELIVERED
76360819,001618684897-C8ECGPM1L4JKVE,GF-492,GrabFood,,People Pasta,Greenville,Vegan Chicken Crispy Burger,Meatless Burgers,,1,,49000.00,,"September 01, 2026 10:33:07AM",DELIVERED
76359521,F-3341664134,9784,gofood,,American Breakfast Club,Greenville,"Mushroom Omelette - Mushrooms, Spinach, Side Tater Tots",American Breakfast Omelettes,,1,,54400.00,,"September 01, 2026 10:15:20AM",DELIVERED
76359521,F-3341664134,9784,gofood,,American Breakfast Club,Greenville,"Mushroom Omelette - Mushrooms, Spinach, Side Tater Tots",American Breakfast Omelettes,Chick Nugget,,1,,35000.00,"September 01, 2026 10:15:20AM",DELIVERED
76357251,001629755793-C8ECGATDLEJGCE,GF-746,GrabFood,,Herbox,Greenville,Lada Hitam Blackpepper Vegan Vegetarian Ricebox,Ricebox,,1,,39000.00,,"September 01, 2026 09:36:56AM",DELIVERED
76357251,001629755793-C8ECGATDLEJGCE,GF-746,GrabFood,,Herbox,Greenville,Lada Hitam Blackpepper Vegan Vegetarian Ricebox,Ricebox,Vegan Chicken Nugget,,1,,35000.00,"September 01, 2026 09:36:56AM",DELIVERED
76357251,001629755793-C8ECGATDLEJGCE,GF-746,GrabFood,,Herbox,Greenville,Pesmol Vegan Vegetarian Ricebox,Ricebox,,1,,39000.00,,"September 01, 2026 09:36:56AM",DELIVERED
76357018,F-3341625832,8261,gofood,,American Breakfast Club,Kemang,"Burrito - Mock Chicken, 2 Scrambled Eggs, Cheddar, Avocado, Tater Tots",American Breakfast Burritos,,1,,68000.00,,"September 01, 2026 09:31:35AM",DELIVERED
76357018,F-3341625832,8261,gofood,,American Breakfast Club,Kemang,"Burrito - Mock Chicken, 2 Scrambled Eggs, Cheddar, Avocado, Tater Tots",American Breakfast Burritos,Cutleries,,1,,600.00,"September 01, 2026 09:31:35AM",DELIVERED
76356549,00172424548-C8ECFE3TAGBKC2,GF-769,GrabFood,,People Pasta,Greenville,Creamy Mushroom - Vegetarian - Plantbased,Signature Pasta,,1,,43000.00,,"September 01, 2026 09:22:21AM",DELIVERED
76356549,00172424548-C8ECFE3TAGBKC2,GF-769,GrabFood,,People Pasta,Greenville,Creamy Mushroom - Vegetarian - Plantbased,Signature Pasta,Spaghetti,,1,,0.00,"September 01, 2026 09:22:21AM",DELIVERED
76356305,0015555206-C8ECFCEDC2XWAN,GF-397,GrabFood,,American Breakfast Club,Kemang,"Burrito - 2 Scrambled Eggs, Cheddar, Avocado, Tater Tots",American Breakfast Burritos,,1,,58000.00,,"September 01, 2026 09:14:55AM",DELIVERED
76356305,0015555206-C8ECFCEDC2XWAN,GF-397,GrabFood,,American Breakfast Club,Kemang,"Burrito - 2 Scrambled Eggs, Cheddar, Avocado, Tater Tots",American Breakfast Burritos,Mineral Water,,1,,10000.00,"September 01, 2026 09:14:55AM",DELIVERED
76355672,001351299541-C8ECE7VWJTKZGX,GF-289,GrabFood,,Tyfel Coffee,Greenville,Omelette Toast,Brunch,,2,,38000.00,,"September 01, 2026 08:56:29AM",DELIVERED
76355554,F-3341598234,6447,gofood,,American Breakfast Club,Kemang,"Burrito - 2 Scrambled Eggs, Cheddar, Avocado, Tater Tots",American Breakfast Burritos,,1,,58000.00,,"September 01, 2026 08:51:55AM",DELIVERED
76355098,F-3341589862,9433,gofood,,American Breakfast Club,Kemang,"Burrito - Mock Beef, 2 Scrambled Eggs, Cheddar, Avocado, Tater Tots,",American Breakfast Burritos,,1,,68000.00,,"September 01, 2026 08:36:50AM",DELIVERED
76355051,00183078530-C8ECE3KJTX2WBE,GF-675,GrabFood,,American Breakfast Club,Kemang,"Burrito - Mock Beef, 2 Scrambled Eggs, Cheddar, Avocado, Tater Tots,",American Breakfast Burritos,,1,,68000.00,,"September 01, 2026 08:35:38AM",DELIVERED
76354977,F-3341587433,6839,gofood,,American Breakfast Club,Kemang,"Burrito - Mock Beef, 2 Scrambled Eggs, Cheddar, Avocado, Tater Tots,",American Breakfast Burritos,,1,,68000.00,,"September 01, 2026 08:32:25AM",DELIVERED
76354977,F-3341587433,6839,gofood,,American Breakfast Club,Kemang,"Burrito - Mock Beef, 2 Scrambled Eggs, Cheddar, Avocado, Tater Tots,",American Breakfast Burritos,Chick Nugget,,1,,35000.00,"September 01, 2026 08:32:25AM",DELIVERED
76354977,F-3341587433,6839,gofood,,American Breakfast Club,Kemang,"Mushroom Omelette - Mushrooms, Spinach, Side Tater Tots",American Breakfast Omelettes,,1,,68000.00,,"September 01, 2026 08:32:25AM",DELIVERED
76354977,F-3341587433,6839,gofood,,American Breakfast Club,Kemang,"Mushroom Omelette - Mushrooms, Spinach, Side Tater Tots",American Breakfast Omelettes,Tatter Tots,,1,,30000.00,"September 01, 2026 08:32:25AM",DELIVERED
76354977,F-3341587433,6839,gofood,,American Breakfast Club,Kemang,"2 Pancakes - Chocolate Chips, Butter, Maple Syrup",American Breakfast Pancakes,,1,,58000.00,,"September 01, 2026 08:32:25AM",DELIVERED
76354792,F-3341583688,9783,gofood,,American Breakfast Club,Greenville,"Burrito - Mock Chicken, 2 Scrambled Eggs, Cheddar, Avocado, Tater Tots",American Breakfast Burritos,,3,,54400.00,,"September 01, 2026 08:25:24AM",DELIVERED
76354792,F-3341583688,9783,gofood,,American Breakfast Club,Greenville,"Burrito - Mock Fish, 2 Scrambled Eggs, Cheddar, Avocado, Tater Tots,",American Breakfast Burritos,,1,,54400.00,,"September 01, 2026 08:25:24AM",DELIVERED
76354697,F-3341579022,1458,gofood,,American Breakfast Club,Kemang,"Burrito - Mock Beef, 2 Scrambled Eggs, Cheddar, Avocado, Tater Tots,",American Breakfast Burritos,,2,,68000.00,,"September 01, 2026 08:16:22AM",DELIVERED
76354696,0016206342-C8ECEY31RNXBEX,GF-541,GrabFood,,American Breakfast Club,Greenville,"Burrito - Mock Beef, 2 Scrambled Eggs, Cheddar, Avocado, Tater Tots,",American Breakfast Burritos,,1,,68000.00,,"September 01, 2026 08:22:27AM",DELIVERED
76354582,00106690465-C8ECEYDFVTKHRA,GF-145,GrabFood,,American Breakfast Club,Kemang,"Burrito - 2 Scrambled Eggs, Cheddar, Avocado, Tater Tots",American Breakfast Burritos,,1,,58000.00,,"September 01, 2026 08:17:55AM",DELIVERED
76354474,00136337040-C8ECEXVHLFNALA,GF-237,GrabFood,,American Breakfast Club,Kemang,"Mushroom Omelette - Mushrooms, Spinach, Side Tater Tots",American Breakfast Omelettes,,1,,68000.00,,"September 01, 2026 08:14:19AM",DELIVERED
76354474,00136337040-C8ECEXVHLFNALA,GF-237,GrabFood,,American Breakfast Club,Kemang,"Sandwich - 2 Scrambled Eggs, Mock Fish, Cheddar Cheese, Mix, Brioche Bun",American Breakfast Sandwiches,,2,,58000.00,,"September 01, 2026 08:14:19AM",DELIVERED
76354474,00136337040-C8ECEXVHLFNALA,GF-237,GrabFood,,American Breakfast Club,Kemang,Sandwich - 2 Scrambled Eggs melty cheddar cheese on a wavy brioche bun,American Breakfast Sandwiches,,1,,45000.00,,"September 01, 2026 08:14:19AM",DELIVERED
76354433,0017267147-C8ECEXLUVZN3VJ,GF-053,GrabFood,,American Breakfast Club,Greenville,"Sandwich - 2 Scrambled Eggs Mock Beef, Cheddar Cheese  on a wavy brioche bun",American Breakfast Sandwiches,,1,,58000.00,,"September 01, 2026 08:12:41AM",DELIVERED
76354277,F-3341572979,2458,gofood,,American Breakfast Club,Greenville,Cheese Omelette - Side Tater Tots,American Breakfast Omelettes,,1,,46400.00,,"September 01, 2026 08:03:59AM",DELIVERED
76354277,F-3341572979,2458,gofood,,American Breakfast Club,Greenville,Cheese Omelette - Side Tater Tots,American Breakfast Omelettes,Cutleries,,1,,1500.00,"September 01, 2026 08:03:59AM",DELIVERED
76354277,F-3341572979,2458,gofood,,American Breakfast Club,Greenville,"Burrito - 2 Scrambled Eggs, Cheddar, Avocado, Tater Tots",American Breakfast Burritos,,1,,46400.00,,"September 01, 2026 08:03:59AM",DELIVERED
76354277,F-3341572979,2458,gofood,,American Breakfast Club,Greenville,"Burrito - 2 Scrambled Eggs, Cheddar, Avocado, Tater Tots",American Breakfast Burritos,Cutleries,,1,,1500.00,"September 01, 2026 08:03:59AM",DELIVERED
76354277,F-3341572979,2458,gofood,,American Breakfast Club,Greenville,"2 Pancakes - Butter, Maple Syrup",American Breakfast Pancakes,,1,,38400.00,,"September 01, 2026 08:03:59AM",DELIVERED
76354242,00123998724-C8ECEUNAGCJTVN,GF-757,GrabFood,,American Breakfast Club,Kemang,"Burrito - Mock Beef, 2 Scrambled Eggs, Cheddar, Avocado, Tater Tots,",American Breakfast Burritos,,1,,68000.00,,"September 01, 2026 08:03:10AM",DELIVERED
76354181,F-3341570749,1932,gofood,,Tyfel Coffee,Kemang,Cheese Omlette-side Of Tater Tots,Breakfast Omlettes,,1,,58000.00,,"September 01, 2026 07:58:39AM",DELIVERED
76354181,F-3341570749,1932,gofood,,Tyfel Coffee,Kemang,Tater Tots,Sides,,1,,28000.00,,"September 01, 2026 07:58:39AM",DELIVERED
76353979,001895918333-C8ECERB2SENXMA,GF-555,GrabFood,,American Breakfast Club,Kemang,"Mushroom Omelette - Mushrooms, Spinach, Side Tater Tots",American Breakfast Omelettes,,1,,68000.00,,"September 01, 2026 07:50:48AM",DELIVERED
76353979,001895918333-C8ECERB2SENXMA,GF-555,GrabFood,,American Breakfast Club,Kemang,"Mushroom Omelette - Mushrooms, Spinach, Side Tater Tots",American Breakfast Omelettes,Cutleries,,1,,600.00,"September 01, 2026 07:50:48AM",DELIVERED
76353895,0015083295-C8ECEPTDN65YJJ,GF-822,GrabFood,,American Breakfast Club,Greenville,"Burrito - Mock Beef, 2 Scrambled Eggs, Cheddar, Avocado, Tater Tots,",American Breakfast Burritos,,1,,68000.00,,"September 01, 2026 07:46:53AM",DELIVERED
76353635,F-3341561419,1691,gofood,,American Breakfast Club,Kemang,"Sandwich - 2 Scrambled Eggs, Mock Fish, Cheddar Cheese, Mix, Brioche Bun",American Breakfast Sandwiches,,1,,58000.00,,"September 01, 2026 07:33:34AM",DELIVERED
76353635,F-3341561419,1691,gofood,,American Breakfast Club,Kemang,"Burrito - 2 Scrambled Eggs, Cheddar, Avocado, Tater Tots",American Breakfast Burritos,,1,,58000.00,,"September 01, 2026 07:33:34AM",DELIVERED
76353550,F-3341559913,6185,gofood,,American Breakfast Club,Kemang,"Burrito - Mock Chicken, 2 Scrambled Eggs, Cheddar, Avocado, Tater Tots",American Breakfast Burritos,,1,,68000.00,,"September 01, 2026 07:29:10AM",DELIVERED
76353550,F-3341559913,6185,gofood,,American Breakfast Club,Kemang,"Burrito - Mock Beef, 2 Scrambled Eggs, Cheddar, Avocado, Tater Tots,",American Breakfast Burritos,,1,,68000.00,,"September 01, 2026 07:29:10AM",DELIVERED
76353485,00165166876-C8ECEJ5JCANETN,GF-814,GrabFood,,American Breakfast Club,Kemang,"Burrito - 2 Scrambled Eggs, Cheddar, Avocado, Tater Tots",American Breakfast Burritos,,1,,58000.00,,"September 01, 2026 07:26:18AM",DELIVERED
76352922,001485715321-C8ECEAWAKFJCSE,GF-868,GrabFood,,Herbox,Greenville,Original Burger Vegan,Vegan Burger,,1,,59000.00,,"September 01, 2026 06:51:10AM",DELIVERED
76352922,001485715321-C8ECEAWAKFJCSE,GF-868,GrabFood,,Herbox,Greenville,Vegan Chickin Nugget,Sides,,1,,40000.00,,"September 01, 2026 06:51:10AM",DELIVERED
76338505,00102933093-C8EBTTJGA3CWDA,GF-916,GrabFood,,Herbox,Greenville,Rica Rica Vegan Vegetarian Ricebox,Ricebox,,1,,39000.00,,"August 31, 2026 08:48:47PM",DELIVERED
76338505,00102933093-C8EBTTJGA3CWDA,GF-916,GrabFood,,Herbox,Greenville,Vegan Chickin Nugget,Sides,,1,,40000.00,,"August 31, 2026 08:48:47PM",DELIVERED
76338505,00102933093-C8EBTTJGA3CWDA,GF-916,GrabFood,,Herbox,Greenville,French Fries,Sides,,1,,30000.00,,"August 31, 2026 08:48:47PM",DELIVERED
76337336,001875787441-C8EBTNWEJJBGHA,GF-674,GrabFood,,American Breakfast Club,Greenville,"Burrito - 2 Scrambled Eggs, Cheddar, Avocado, Tater Tots",American Breakfast Burritos,,1,,58000.00,,"August 31, 2026 08:34:33PM",DELIVERED
76337336,001875787441-C8EBTNWEJJBGHA,GF-674,GrabFood,,American Breakfast Club,Greenville,"Burrito - 2 Scrambled Eggs, Cheddar, Avocado, Tater Tots",American Breakfast Burritos,Tatter Tots,,1,,30000.00,"August 31, 2026 08:34:33PM",DELIVERED
76336785,00144459503-C8EBTLJ1UFVKC6,GF-565,GrabFood,,Herbox,Greenville,Kung Paow Chick Vegan Vegetarian Ricebox,Ricebox,,1,,39000.00,,"August 31, 2026 08:28:50PM",DELIVERED
76336785,00144459503-C8EBTLJ1UFVKC6,GF-565,GrabFood,,Herbox,Greenville,Kung Paow Chick Vegan Vegetarian Ricebox,Ricebox,Vegan Chicken Nugget,,1,,35000.00,"August 31, 2026 08:28:50PM",DELIVERED
76336785,00144459503-C8EBTLJ1UFVKC6,GF-565,GrabFood,,Herbox,Greenville,French Fries,Sides,,1,,30000.00,,"August 31, 2026 08:28:50PM",DELIVERED
76336785,00144459503-C8EBTLJ1UFVKC6,GF-565,GrabFood,,Herbox,Greenville,Tater tots,Sides,,1,,30000.00,,"August 31, 2026 08:28:50PM",DELIVERED
76335608,001526313575-C8EBTJN2R6LKEN,GF-936,GrabFood,,People Pasta,Greenville,Truffle Tatter Tots,,,1,,32000.00,,"August 31, 2026 08:16:48PM",DELIVERED
76335608,001526313575-C8EBTJN2R6LKEN,GF-936,GrabFood,,People Pasta,Greenville,Creamy Mushroom - Vegetarian - Plantbased,Signature Pasta,,1,,43000.00,,"August 31, 2026 08:16:48PM",DELIVERED
76335608,001526313575-C8EBTJN2R6LKEN,GF-936,GrabFood,,People Pasta,Greenville,Creamy Mushroom - Vegetarian - Plantbased,Signature Pasta,Fettucine,,1,,1000.00,"August 31, 2026 08:16:48PM",DELIVERED
76335608,001526313575-C8EBTJN2R6LKEN,GF-936,GrabFood,,People Pasta,Greenville,Cacio e Pepe - Vegetarian - Plantbased,Signature Pasta,,1,,43000.00,,"August 31, 2026 08:16:48PM",DELIVERED
76335608,001526313575-C8EBTJN2R6LKEN,GF-936,GrabFood,,People Pasta,Greenville,Cacio e Pepe - Vegetarian - Plantbased,Signature Pasta,Fusili,,1,,1000.00,"August 31, 2026 08:16:48PM",DELIVERED
76335608,001526313575-C8EBTJN2R6LKEN,GF-936,GrabFood,,People Pasta,Greenville,Hygine Cutleries,Add-on,,2,,1500.00,,"August 31, 2026 08:16:48PM",DELIVERED
76328142,001237083795-C8EBSADWLFBHGA,GF-818,GrabFood,,American Breakfast Club,Greenville,"2 Pancakes - Blueberries, Butter, Maple Syrup",American Breakfast Pancakes,,1,,58000.00,,"August 31, 2026 07:08:03PM",DELIVERED
76326658,00125982311-C8EBR62JLCMAJJ,GF-058,GrabFood,,Herbox,Greenville,Nasi Goreng Bintang Kuning Vegan Vegetarian,Nasi Goreng Special,,1,,35000.00,,"August 31, 2026 06:55:19PM",DELIVERED
76326658,00125982311-C8EBR62JLCMAJJ,GF-058,GrabFood,,Herbox,Greenville,Nasi Goreng Bintang Kuning Vegan Vegetarian,Nasi Goreng Special,Vegan Chicken Nugget,,1,,35000.00,"August 31, 2026 06:55:19PM",DELIVERED
76326658,00125982311-C8EBR62JLCMAJJ,GF-058,GrabFood,,Herbox,Greenville,Pesmol Vegan Vegetarian Ricebox,Ricebox,,1,,39000.00,,"August 31, 2026 06:55:19PM",DELIVERED
76321777,F-3341166979,2558,gofood,,Herbox,Greenville,Nasi Goreng Bulan Merah Vegan Vegetarian,Nasi Goreng Special,,1,,28000.00,,"August 31, 2026 06:12:36PM",CANCELLED
76321777,F-3341166979,2558,gofood,,Herbox,Greenville,Nasi Goreng Sedap Malam Vegan Vegetarian,Nasi Goreng Special,,1,,28000.00,,"August 31, 2026 06:12:36PM",CANCELLED
76321777,F-3341166979,2558,gofood,,Herbox,Greenville,Nasi Goreng Bintang Kuning Vegan Vegetarian,Nasi Goreng Special,,1,,28000.00,,"August 31, 2026 06:12:36PM",CANCELLED
76315192,F-3341076001,8661,gofood,,Tyfel Coffee,Greenville,Mock Chicken Burrito,Breakfast Burritos,,1,,51000.00,,"August 31, 2026 05:05:48PM",DELIVERED
76315192,F-3341076001,8661,gofood,,Tyfel Coffee,Greenville,Mock Beef Sandwich,Breakfast Sandwiches,,1,,58000.00,,"August 31, 2026 05:05:48PM",DELIVERED
76315192,F-3341076001,8661,gofood,,Tyfel Coffee,Greenville,Tater Tots,Sides,,1,,28000.00,,"August 31, 2026 05:05:48PM",DELIVERED
76315192,F-3341076001,8661,gofood,,Tyfel Coffee,Greenville,Chic Chunk - Vegan Plantbased,Lite Bites,,1,,38000.00,,"August 31, 2026 05:05:48PM",DELIVERED
76308699,00188001932-C8EBN2WYBBWDRN,GF-315,GrabFood,,American Breakfast Club,Greenville,"Burrito - 2 Scrambled Eggs, Cheddar, Avocado, Tater Tots",American Breakfast Burritos,,2,,58000.00,,"August 31, 2026 03:51:25PM",DELIVERED
76304762,F-3340935014,7338,gofood,,American Breakfast Club,Greenville,"Burrito - Mock Chicken, 2 Scrambled Eggs, Cheddar, Avocado, Tater Tots",American Breakfast Burritos,,1,,51000.00,,"August 31, 2026 02:52:56PM",DELIVERED
76304762,F-3340935014,7338,gofood,,American Breakfast Club,Greenville,Tater Tots,Sides,,1,,22400.00,,"August 31, 2026 02:52:56PM",DELIVERED
76293036,0015969208-C8EBLN32JJNWLT,GF-400,GrabFood,,American Breakfast Club,Greenville,"Burrito - Mock Beef, 2 Scrambled Eggs, Cheddar, Avocado, Tater Tots,",American Breakfast Burritos,,1,,68000.00,,"August 31, 2026 12:15:51PM",DELIVERED
76292935,001493791284-C8EBLNWWN6JAWA,GF-448,GrabFood,,People Pasta,Greenville,Creamy Mushroom - Vegetarian - Plantbased,Signature Pasta,,2,,43000.00,,"August 31, 2026 12:14:45PM",DELIVERED
76292935,001493791284-C8EBLNWWN6JAWA,GF-448,GrabFood,,People Pasta,Greenville,Creamy Mushroom - Vegetarian - Plantbased,Signature Pasta,Fettucine,,2,,1000.00,"August 31, 2026 12:14:45PM",DELIVERED
76292935,001493791284-C8EBLNWWN6JAWA,GF-448,GrabFood,,People Pasta,Greenville,Hygine Cutleries,Add-on,,1,,1500.00,,"August 31, 2026 12:14:45PM",DELIVERED
76286444,F-3340629347,2236,gofood,,Herbox,Greenville,Beef Mentai Vegan Vegetarian Rice,Mentai Vegan,,1,,47200.00,,"August 31, 2026 10:45:35AM",DELIVERED
76286444,F-3340629347,2236,gofood,,Herbox,Greenville,Vegan Chickin Nugget,Sides,,1,,32000.00,,"August 31, 2026 10:45:35AM",DELIVERED
76286444,F-3340629347,2236,gofood,,Herbox,Greenville,Kung Paow Chick Vegan Vegetarian Ricebox,Ricebox,,1,,31200.00,,"August 31, 2026 10:45:35AM",DELIVERED
76284542,001438360603-C8EBJ72WAZBYVX,GF-273,GrabFood,,American Breakfast Club,Greenville,Cheese Omelette - Side Tater Tots,American Breakfast Omelettes,,1,,58000.00,,"August 31, 2026 10:42:05AM",DELIVERED
76284542,001438360603-C8EBJ72WAZBYVX,GF-273,GrabFood,,American Breakfast Club,Greenville,Cheese Omelette - Side Tater Tots,American Breakfast Omelettes,Cutleries,,1,,1500.00,"August 31, 2026 10:42:05AM",DELIVERED
76284542,001438360603-C8EBJ72WAZBYVX,GF-273,GrabFood,,American Breakfast Club,Greenville,"2 Pancakes - Chocolate Chips, Butter, Maple Syrup",American Breakfast Pancakes,,1,,58000.00,,"August 31, 2026 10:42:05AM",DELIVERED
76284542,001438360603-C8EBJ72WAZBYVX,GF-273,GrabFood,,American Breakfast Club,Greenville,"2 Pancakes - Chocolate Chips, Butter, Maple Syrup",American Breakfast Pancakes,Cutleries,,1,,1500.00,"August 31, 2026 10:42:05AM",DELIVERED
76284542,001438360603-C8EBJ72WAZBYVX,GF-273,GrabFood,,American Breakfast Club,Greenville,"Burrito - Mock Beef, 2 Scrambled Eggs, Cheddar, Avocado, Tater Tots,",American Breakfast Burritos,,1,,68000.00,,"August 31, 2026 10:42:05AM",DELIVERED
76284542,001438360603-C8EBJ72WAZBYVX,GF-273,GrabFood,,American Breakfast Club,Greenville,"Burrito - Mock Beef, 2 Scrambled Eggs, Cheddar, Avocado, Tater Tots,",American Breakfast Burritos,Cutleries,,1,,1500.00,"August 31, 2026 10:42:05AM",DELIVERED
76280077,00138649181-C8EBJNMKKF5CTN,GF-568,GrabFood,,People Pasta,Greenville,Creamy Mushroom - Vegetarian - Plantbased,Signature Pasta,,1,,43000.00,,"August 31, 2026 09:26:19AM",DELIVERED
76280077,00138649181-C8EBJNMKKF5CTN,GF-568,GrabFood,,People Pasta,Greenville,Creamy Mushroom - Vegetarian - Plantbased,Signature Pasta,Spaghetti,,1,,0.00,"August 31, 2026 09:26:19AM",DELIVERED
76280077,00138649181-C8EBJNMKKF5CTN,GF-568,GrabFood,,People Pasta,Greenville,Meat-less Burger - Vegan,Meatless Burgers,,1,,49000.00,,"August 31, 2026 09:26:19AM",DELIVERED
76280077,00138649181-C8EBJNMKKF5CTN,GF-568,GrabFood,,People Pasta,Greenville,Cacio e Pepe - Vegetarian - Plantbased,Signature Pasta,,1,,43000.00,,"August 31, 2026 09:26:19AM",DELIVERED
76280077,00138649181-C8EBJNMKKF5CTN,GF-568,GrabFood,,People Pasta,Greenville,Cacio e Pepe - Vegetarian - Plantbased,Signature Pasta,Fusili,,1,,1000.00,"August 31, 2026 09:26:19AM",DELIVERED
76279517,0015868797-C8EBJJWXNKDBCJ,GF-798,GrabFood,,American Breakfast Club,Greenville,"Burrito - Mock Beef, 2 Scrambled Eggs, Cheddar, Avocado, Tater Tots,",American Breakfast Burritos,,1,,68000.00,,"August 31, 2026 09:11:26AM",DELIVERED
76279517,0015868797-C8EBJJWXNKDBCJ,GF-798,GrabFood,,American Breakfast Club,Greenville,"2 Pancakes - Butter, Maple Syrup",American Breakfast Pancakes,,1,,48000.00,,"August 31, 2026 09:11:26AM",DELIVERED
76278902,F-3340530284,5139,gofood,,American Breakfast Club,Greenville,"Burrito - 2 Scrambled Eggs, Cheddar, Avocado, Tater Tots",American Breakfast Burritos,,1,,46400.00,,"August 31, 2026 08:53:03AM",DELIVERED
76278054,001700366939-C8EBHE4GLA4EKA,GF-666,GrabFood,,American Breakfast Club,Greenville,Cheese Omelette - Side Tater Tots,American Breakfast Omelettes,,1,,58000.00,,"August 31, 2026 08:22:36AM",DELIVERED
76277174,0018746901-C8EBG6BWNLJCN6,GF-354,GrabFood,,American Breakfast Club,Greenville,"Burrito - Mock Chicken, 2 Scrambled Eggs, Cheddar, Avocado, Tater Tots",American Breakfast Burritos,,1,,68000.00,,"August 31, 2026 07:44:04AM",DELIVERED
76276762,00110785154-C8EBGZCAC2A2KE,GF-220,GrabFood,,American Breakfast Club,Greenville,Cheese Omelette - Side Tater Tots,American Breakfast Omelettes,,1,,58000.00,,"August 31, 2026 07:24:10AM",DELIVERED
76276762,00110785154-C8EBGZCAC2A2KE,GF-220,GrabFood,,American Breakfast Club,Greenville,Cheese Omelette - Side Tater Tots,American Breakfast Omelettes,Chick Nugget,,1,,35000.00,"August 31, 2026 07:24:10AM",DELIVERED
76276762,00110785154-C8EBGZCAC2A2KE,GF-220,GrabFood,,American Breakfast Club,Greenville,"Burrito - Mock Chicken, 2 Scrambled Eggs, Cheddar, Avocado, Tater Tots",American Breakfast Burritos,,1,,68000.00,,"August 31, 2026 07:24:10AM",DELIVERED
76276736,00100795675-C8EBGY3KFBVAGA,GF-795,GrabFood,,People Pasta,Greenville,Mushroom Olio - Vegan Friendly - Vegetarian - Plantbased,Signature Pasta,,1,,43000.00,,"August 31, 2026 07:22:21AM",DELIVERED
76276736,00100795675-C8EBGY3KFBVAGA,GF-795,GrabFood,,People Pasta,Greenville,Mushroom Olio - Vegan Friendly - Vegetarian - Plantbased,Signature Pasta,Fettucine,,1,,1000.00,"August 31, 2026 07:22:21AM",DELIVERED
76276313,F-3340483515,1688,gofood,,American Breakfast Club,Greenville,Cheese Omelette - Side Tater Tots,American Breakfast Omelettes,,1,,46400.00,,"August 31, 2026 06:59:27AM",DELIVERED
76276313,F-3340483515,1688,gofood,,American Breakfast Club,Greenville,"Burrito - 2 Scrambled Eggs, Cheddar, Avocado, Tater Tots",American Breakfast Burritos,,1,,46400.00,,"August 31, 2026 06:59:27AM",DELIVERED
76275853,00173919595-C8EBGJ2AUAETTA,GF-112,GrabFood,,American Breakfast Club,Greenville,Cheese Omelette - Side Tater Tots,American Breakfast Omelettes,,1,,58000.00,,"August 31, 2026 06:25:46AM",DELIVERED
76275853,00173919595-C8EBGJ2AUAETTA,GF-112,GrabFood,,American Breakfast Club,Greenville,"Mushroom Omelette - Mushrooms, Spinach, Side Tater Tots",American Breakfast Omelettes,,1,,68000.00,,"August 31, 2026 06:25:46AM",DELIVERED
76275853,00173919595-C8EBGJ2AUAETTA,GF-112,GrabFood,,American Breakfast Club,Greenville,"Burrito - Mock Beef, 2 Scrambled Eggs, Cheddar, Avocado, Tater Tots,",American Breakfast Burritos,,1,,68000.00,,"August 31, 2026 06:25:46AM",DELIVERED
76275776,00190965973-C8EBGGDXCUKVC6,GF-365,GrabFood,,American Breakfast Club,Greenville,Cheese Omelette - Side Tater Tots,American Breakfast Omelettes,,1,,58000.00,,"August 31, 2026 06:20:23AM",CANCELLED
76275776,00190965973-C8EBGGDXCUKVC6,GF-365,GrabFood,,American Breakfast Club,Greenville,"Mushroom Omelette - Mushrooms, Spinach, Side Tater Tots",American Breakfast Omelettes,,1,,68000.00,,"August 31, 2026 06:20:23AM",CANCELLED
76275776,00190965973-C8EBGGDXCUKVC6,GF-365,GrabFood,,American Breakfast Club,Greenville,"Burrito - Mock Beef, 2 Scrambled Eggs, Cheddar, Avocado, Tater Tots,",American Breakfast Burritos,,1,,68000.00,,"August 31, 2026 06:20:23AM",CANCELLED
76255088,0017210066-C8EAVTUFCLMWTN,GF-472,GrabFood,,People Pasta,Greenville,Creamy Mushroom - Vegetarian - Plantbased,Signature Pasta,,1,,43000.00,,"August 30, 2026 07:50:35PM",DELIVERED
76242712,0016439909-C8EAUA3CTAUFNX,GF-692,GrabFood,,American Breakfast Club,Greenville,"Burrito - 2 Scrambled Eggs, Cheddar, Avocado, Tater Tots",American Breakfast Burritos,,1,,58000.00,,"August 30, 2026 06:12:13PM",DELIVERED
76242712,0016439909-C8EAUA3CTAUFNX,GF-692,GrabFood,,American Breakfast Club,Greenville,"Burrito - 2 Scrambled Eggs, Cheddar, Avocado, Tater Tots",American Breakfast Burritos,Cutleries,,1,,1500.00,"August 30, 2026 06:12:13PM",DELIVERED
76236931,00145332739-C8EATPVCSGMXHE,GF-071,GrabFood,,Herbox,Greenville,Original Burger Vegan,Vegan Burger,,1,,59000.00,,"August 30, 2026 05:21:57PM",DELIVERED
76236931,00145332739-C8EATPVCSGMXHE,GF-071,GrabFood,,Herbox,Greenville,Fish Burger Vegan,Vegan Burger,,1,,59000.00,,"August 30, 2026 05:21:57PM",DELIVERED
76236931,00145332739-C8EATPVCSGMXHE,GF-071,GrabFood,,Herbox,Greenville,Fysh Mentai,Mentai Vegan,,1,,59000.00,,"August 30, 2026 05:21:57PM",DELIVERED
76236931,00145332739-C8EATPVCSGMXHE,GF-071,GrabFood,,Herbox,Greenville,Rica Wrap,Wrap Series,,1,,59000.00,,"August 30, 2026 05:21:57PM",DELIVERED
76236762,0011063248-C8EATXUCAJTXAA,GF-570,GrabFood,,Herbox,Greenville,Lada Hitam Blackpepper Vegan Vegetarian Ricebox,Ricebox,,3,,39000.00,,"August 30, 2026 05:20:33PM",DELIVERED
76236762,0011063248-C8EATXUCAJTXAA,GF-570,GrabFood,,Herbox,Greenville,Lada Hitam Blackpepper Vegan Vegetarian Ricebox,Ricebox,Vegan Chicken Nugget,,3,,35000.00,"August 30, 2026 05:20:33PM",DELIVERED
76236762,0011063248-C8EATXUCAJTXAA,GF-570,GrabFood,,Herbox,Greenville,Teriyaki Vegan Vegetarian Ricebox,Ricebox,,1,,39000.00,,"August 30, 2026 05:20:33PM",DELIVERED
76236762,0011063248-C8EATXUCAJTXAA,GF-570,GrabFood,,Herbox,Greenville,Nasi Goreng Bintang Kuning Vegan Vegetarian,Nasi Goreng Special,,3,,35000.00,,"August 30, 2026 05:20:33PM",DELIVERED
76230295,001649259526-C8EATFKCJUBWME,GF-493,GrabFood,,Herbox,Greenville,Pesmol Vegan Vegetarian Ricebox,Ricebox,,1,,39000.00,,"August 30, 2026 04:18:52PM",DELIVERED
76230295,001649259526-C8EATFKCJUBWME,GF-493,GrabFood,,Herbox,Greenville,Pesmol Vegan Vegetarian Ricebox,Ricebox,Vegan Chicken Nugget,,1,,35000.00,"August 30, 2026 04:18:52PM",DELIVERED
76218335,F-3339758943,4173,gofood,,American Breakfast Club,Kemang,Home Fries,Sides,,1,,28000.00,,"August 30, 2026 02:08:27PM",DELIVERED
76218335,F-3339758943,4173,gofood,,American Breakfast Club,Kemang,"2 Pancakes - Butter, Maple Syrup",American Breakfast Pancakes,,1,,48000.00,,"August 30, 2026 02:08:27PM",DELIVERED
76218335,F-3339758943,4173,gofood,,American Breakfast Club,Kemang,"Sandwich - 2 Scrambled Eggs, Mock Chicken, Cheddar Cheese Mix, Brioche Bun",American Breakfast Sandwiches,,1,,58000.00,,"August 30, 2026 02:08:27PM",DELIVERED
76209581,001911946049-C8EAPBWCL6EULJ,GF-609,GrabFood,,Herbox,Greenville,Rica Rica Vegan Vegetarian Ricebox,Ricebox,,1,,39000.00,,"August 30, 2026 12:44:32PM",DELIVERED
76209581,001911946049-C8EAPBWCL6EULJ,GF-609,GrabFood,,Herbox,Greenville,Nasi Goreng Bintang Kuning Vegan Vegetarian,Nasi Goreng Special,,1,,35000.00,,"August 30, 2026 12:44:32PM",DELIVERED
76208588,F-3339607200,6996,gofood,,American Breakfast Club,Kemang,"Burrito - Mock Fish, 2 Scrambled Eggs, Cheddar, Avocado, Tater Tots,",American Breakfast Burritos,,1,,68000.00,,"August 30, 2026 12:34:48PM",DELIVERED
76208588,F-3339607200,6996,gofood,,American Breakfast Club,Kemang,"Burrito - Mock Beef, 2 Scrambled Eggs, Cheddar, Avocado, Tater Tots,",American Breakfast Burritos,,1,,68000.00,,"August 30, 2026 12:34:48PM",DELIVERED
76202625,00178597163-C8EANU5JRYNWDE,GF-695,GrabFood,,American Breakfast Club,Kemang,"Burrito - 2 Scrambled Eggs, Cheddar, Avocado, Tater Tots",American Breakfast Burritos,,1,,58000.00,,"August 30, 2026 11:39:41AM",DELIVERED
76201578,001933330730-C8EANTKGJB4BL6,GF-716,GrabFood,,American Breakfast Club,Greenville,"Mushroom Omelette - Mushrooms, Spinach, Side Tater Tots",American Breakfast Omelettes,,1,,68000.00,,"August 30, 2026 11:28:56AM",DELIVERED
76201578,001933330730-C8EANTKGJB4BL6,GF-716,GrabFood,,American Breakfast Club,Greenville,"Mushroom Omelette - Mushrooms, Spinach, Side Tater Tots",American Breakfast Omelettes,Tatter Tots,,1,,30000.00,"August 30, 2026 11:28:56AM",DELIVERED
76201578,001933330730-C8EANTKGJB4BL6,GF-716,GrabFood,,American Breakfast Club,Greenville,Cheese Omelette - Side Tater Tots,American Breakfast Omelettes,,1,,58000.00,,"August 30, 2026 11:28:56AM",DELIVERED
76201578,001933330730-C8EANTKGJB4BL6,GF-716,GrabFood,,American Breakfast Club,Greenville,Cheese Omelette - Side Tater Tots,American Breakfast Omelettes,Tatter Tots,,1,,30000.00,"August 30, 2026 11:28:56AM",DELIVERED
76201566,001624198829-C8EANTJ2JEDTVT,GF-887,GrabFood,,American Breakfast Club,Kemang,"2 Pancakes - Butter, Maple Syrup",American Breakfast Pancakes,,1,,48000.00,,"August 30, 2026 11:28:50AM",DELIVERED
76201566,001624198829-C8EANTJ2JEDTVT,GF-887,GrabFood,,American Breakfast Club,Kemang,"2 Pancakes - Butter, Maple Syrup",American Breakfast Pancakes,Cutleries,,1,,600.00,"August 30, 2026 11:28:50AM",DELIVERED
76201566,001624198829-C8EANTJ2JEDTVT,GF-887,GrabFood,,American Breakfast Club,Kemang,"Burrito - Mock Beef, 2 Scrambled Eggs, Cheddar, Avocado, Tater Tots,",American Breakfast Burritos,,1,,68000.00,,"August 30, 2026 11:28:50AM",DELIVERED
76200591,00126896561-C8EANPK2NBMKDA,GF-771,GrabFood,,American Breakfast Club,Kemang,"Sandwich - 2 Scrambled Eggs, Mock Fish, Cheddar Cheese, Mix, Brioche Bun",American Breakfast Sandwiches,,1,,58000.00,,"August 30, 2026 11:19:08AM",DELIVERED
76199942,F-3339462721,2693,gofood,,Tyfel Coffee,Kemang,Mock Fish Burrito,Breakfast Burritos,,1,,51000.00,,"August 30, 2026 11:11:45AM",DELIVERED
76199942,F-3339462721,2693,gofood,,Tyfel Coffee,Kemang,Breakfast Burrito,Breakfast Burritos,,1,,58000.00,,"August 30, 2026 11:11:45AM",DELIVERED
76199942,F-3339462721,2693,gofood,,Tyfel Coffee,Kemang,Mock Chicken Burrito,Breakfast Burritos,,1,,68000.00,,"August 30, 2026 11:11:45AM",DELIVERED
76199942,F-3339462721,2693,gofood,,Tyfel Coffee,Kemang,Chic Chunk - Vegan Plantbased,Lite Bites,,3,,38000.00,,"August 30, 2026 11:11:45AM",DELIVERED
76197661,0019215620-C8EANFVVTGCBC6,GF-307,GrabFood,,American Breakfast Club,Greenville,"Burrito - 2 Scrambled Eggs, Cheddar, Avocado, Tater Tots",American Breakfast Burritos,,1,,58000.00,,"August 30, 2026 10:47:42AM",DELIVERED
76197661,0019215620-C8EANFVVTGCBC6,GF-307,GrabFood,,American Breakfast Club,Greenville,"Mushroom Omelette - Mushrooms, Spinach, Side Tater Tots",American Breakfast Omelettes,,1,,68000.00,,"August 30, 2026 10:47:42AM",DELIVERED
76197661,0019215620-C8EANFVVTGCBC6,GF-307,GrabFood,,American Breakfast Club,Greenville,"2 Pancakes - Blueberries, Butter, Maple Syrup",American Breakfast Pancakes,,1,,58000.00,,"August 30, 2026 10:47:42AM",DELIVERED
76195351,F-3339386305,5957,gofood,,American Breakfast Club,Greenville,"Burrito - Mock Fish, 2 Scrambled Eggs, Cheddar, Avocado, Tater Tots,",American Breakfast Burritos,,2,,51000.00,,"August 30, 2026 10:21:25AM",DELIVERED
76195351,F-3339386305,5957,gofood,,American Breakfast Club,Greenville,"Burrito - Mock Chicken, 2 Scrambled Eggs, Cheddar, Avocado, Tater Tots",American Breakfast Burritos,,1,,51000.00,,"August 30, 2026 10:21:25AM",DELIVERED
76194382,0019828235-C8EAMFCCJU6JRA,GF-925,GrabFood,,American Breakfast Club,Kemang,"Burrito - 2 Scrambled Eggs, Cheddar, Avocado, Tater Tots",American Breakfast Burritos,,1,,58000.00,,"August 30, 2026 10:10:52AM",DELIVERED
76194382,0019828235-C8EAMFCCJU6JRA,GF-925,GrabFood,,American Breakfast Club,Kemang,"Sandwich - 2 Scrambled Eggs, Mock Fish, Cheddar Cheese, Mix, Brioche Bun",American Breakfast Sandwiches,,1,,58000.00,,"August 30, 2026 10:10:52AM",DELIVERED
76194282,F-3339369596,8644,gofood,,American Breakfast Club,Greenville,Cheese Omelette - Side Tater Tots,American Breakfast Omelettes,,1,,46400.00,,"August 30, 2026 10:09:02AM",DELIVERED
76194282,F-3339369596,8644,gofood,,American Breakfast Club,Greenville,Cheese Omelette - Side Tater Tots,American Breakfast Omelettes,Truffle Tater Tots,,1,,40000.00,"August 30, 2026 10:09:02AM",DELIVERED
76194282,F-3339369596,8644,gofood,,American Breakfast Club,Greenville,Cheese Omelette - Side Tater Tots,American Breakfast Omelettes,Chick Nugget,,1,,35000.00,"August 30, 2026 10:09:02AM",DELIVERED
76194282,F-3339369596,8644,gofood,,American Breakfast Club,Greenville,Home Fries With Truffle Oil,Sides,,1,,30400.00,,"August 30, 2026 10:09:02AM",DELIVERED
76194006,F-3339357556,7425,gofood,,Herbox,Greenville,Teriyaki Vegan Vegetarian Ricebox,Ricebox,,1,,31200.00,,"August 30, 2026 09:59:29AM",DELIVERED
76194006,F-3339357556,7425,gofood,,Herbox,Greenville,Rica Rica Vegan Vegetarian Ricebox,Ricebox,,1,,31200.00,,"August 30, 2026 09:59:29AM",DELIVERED
76194006,F-3339357556,7425,gofood,,Herbox,Greenville,Nasi Goreng Bulan Merah Vegan Vegetarian,Nasi Goreng Special,,1,,28000.00,,"August 30, 2026 09:59:29AM",DELIVERED
76193255,0018284738-C8EAMBNTRPUYAN,GF-756,GrabFood,,American Breakfast Club,Kemang,"Burrito - Mock Fish, 2 Scrambled Eggs, Cheddar, Avocado, Tater Tots,",American Breakfast Burritos,,1,,68000.00,,"August 30, 2026 09:56:40AM",DELIVERED
76192315,0016039234-C8EAL7UZGYN3BA,GF-099,GrabFood,,American Breakfast Club,Kemang,"Burrito - Mock Chicken, 2 Scrambled Eggs, Cheddar, Avocado, Tater Tots",American Breakfast Burritos,,1,,68000.00,,"August 30, 2026 09:40:46AM",DELIVERED
76192315,0016039234-C8EAL7UZGYN3BA,GF-099,GrabFood,,American Breakfast Club,Kemang,Cheese Omelette - Side Tater Tots,American Breakfast Omelettes,,1,,58000.00,,"August 30, 2026 09:40:46AM",DELIVERED
76192191,00114901709-C8EAL7JCNJBDJJ,GF-125,GrabFood,,American Breakfast Club,Kemang,Cheese Omelette - Side Tater Tots,American Breakfast Omelettes,,1,,58000.00,,"August 30, 2026 09:38:34AM",DELIVERED
76192191,00114901709-C8EAL7JCNJBDJJ,GF-125,GrabFood,,American Breakfast Club,Kemang,"Burrito - Mock Beef, 2 Scrambled Eggs, Cheddar, Avocado, Tater Tots,",American Breakfast Burritos,,2,,68000.00,,"August 30, 2026 09:38:34AM",DELIVERED
76192101,F-3339333645,5123,gofood,,American Breakfast Club,Kemang,"Burrito - 2 Scrambled Eggs, Cheddar, Avocado, Tater Tots",American Breakfast Burritos,,2,,43500.00,,"August 30, 2026 09:36:28AM",DELIVERED
76191756,00157590016-C8EAL6CJJFVFE2,GF-561,GrabFood,,American Breakfast Club,Greenville,Cheese Omelette - Side Tater Tots,American Breakfast Omelettes,,1,,58000.00,,"August 30, 2026 09:30:58AM",DELIVERED
76191440,001586290665-C8EAL33VJRNGVJ,GF-720,GrabFood,,American Breakfast Club,Kemang,"Burrito - 2 Scrambled Eggs, Cheddar, Avocado, Tater Tots",American Breakfast Burritos,,1,,58000.00,,"August 30, 2026 09:25:42AM",DELIVERED
76191285,F-3339319578,6993,gofood,,American Breakfast Club,Kemang,"Sandwich - 2 Scrambled Eggs Mock Beef, Cheddar Cheese  on a wavy brioche bun",American Breakfast Sandwiches,,1,,58000.00,,"August 30, 2026 09:22:08AM",DELIVERED
76191238,F-3339318731,4435,gofood,,American Breakfast Club,Kemang,"Burrito - 2 Scrambled Eggs, Cheddar, Avocado, Tater Tots",American Breakfast Burritos,,1,,43500.00,,"August 30, 2026 09:21:13AM",DELIVERED
76191238,F-3339318731,4435,gofood,,American Breakfast Club,Kemang,Tater Tots,Sides,,2,,28000.00,,"August 30, 2026 09:21:13AM",DELIVERED
76191238,F-3339318731,4435,gofood,,American Breakfast Club,Kemang,"2 Pancakes - Chocolate Chips, Butter, Maple Syrup",American Breakfast Pancakes,,1,,58000.00,,"August 30, 2026 09:21:13AM",DELIVERED
76191238,F-3339318731,4435,gofood,,American Breakfast Club,Kemang,"2 Pancakes - Butter, Maple Syrup",American Breakfast Pancakes,,1,,48000.00,,"August 30, 2026 09:21:13AM",DELIVERED
76190817,0015301389-C8EAL2AERYXCHA,GF-986,GrabFood,,American Breakfast Club,Kemang,"Sandwich - 2 Scrambled Eggs, Mock Fish, Cheddar Cheese, Mix, Brioche Bun",American Breakfast Sandwiches,,1,,58000.00,,"August 30, 2026 09:13:36AM",DELIVERED
76190817,0015301389-C8EAL2AERYXCHA,GF-986,GrabFood,,American Breakfast Club,Kemang,"Sandwich - 2 Scrambled Eggs, Mock Fish, Cheddar Cheese, Mix, Brioche Bun",American Breakfast Sandwiches,Truffle Home Fries,,1,,40000.00,"August 30, 2026 09:13:36AM",DELIVERED
76190784,F-3339310013,5359,gofood,,Tyfel Coffee,Kemang,Choco Chips Pancake,Breakfast Pancakes,,1,,58000.00,,"August 30, 2026 09:12:11AM",DELIVERED
76190784,F-3339310013,5359,gofood,,Tyfel Coffee,Kemang,Cheese Omlette-side Of Tater Tots,Breakfast Omlettes,,1,,58000.00,,"August 30, 2026 09:12:11AM",DELIVERED
76190749,F-3339303356,6688,gofood,,American Breakfast Club,Kemang,"2 Pancakes - Butter, Maple Syrup",American Breakfast Pancakes,,1,,48000.00,,"August 30, 2026 09:04:56AM",DELIVERED
76190736,F-3339309312,8644,gofood,,American Breakfast Club,Kemang,"Burrito - 2 Scrambled Eggs, Cheddar, Avocado, Tater Tots",American Breakfast Burritos,,1,,43500.00,,"August 30, 2026 09:11:23AM",DELIVERED
76190736,F-3339309312,8644,gofood,,American Breakfast Club,Kemang,"Burrito - Mock Chicken, 2 Scrambled Eggs, Cheddar, Avocado, Tater Tots",American Breakfast Burritos,,1,,68000.00,,"August 30, 2026 09:11:23AM",DELIVERED
76190736,F-3339309312,8644,gofood,,American Breakfast Club,Kemang,Tater Tots,Sides,,1,,28000.00,,"August 30, 2026 09:11:23AM",DELIVERED
76190736,F-3339309312,8644,gofood,,American Breakfast Club,Kemang,"2 Pancakes - Butter, Maple Syrup",American Breakfast Pancakes,,1,,48000.00,,"August 30, 2026 09:11:23AM",DELIVERED
76190736,F-3339309312,8644,gofood,,American Breakfast Club,Kemang,"2 Pancakes - Butter, Maple Syrup",American Breakfast Pancakes,Chick Nugget,,1,,35000.00,"August 30, 2026 09:11:23AM",DELIVERED
76190236,001068523967-C8EALXU1RKTFUE,GF-175,GrabFood,,American Breakfast Club,Greenville,"Burrito - Mock Beef, 2 Scrambled Eggs, Cheddar, Avocado, Tater Tots,",American Breakfast Burritos,,1,,68000.00,,"August 30, 2026 09:00:56AM",DELIVERED
76190236,001068523967-C8EALXU1RKTFUE,GF-175,GrabFood,,American Breakfast Club,Greenville,Cheese Omelette - Side Tater Tots,American Breakfast Omelettes,,1,,58000.00,,"August 30, 2026 09:00:56AM",DELIVERED
76189991,F-3339294646,2645,gofood,,American Breakfast Club,Kemang,Cheese Omelette - Side Tater Tots,American Breakfast Omelettes,,1,,58000.00,,"August 30, 2026 08:54:06AM",DELIVERED
76189991,F-3339294646,2645,gofood,,American Breakfast Club,Kemang,Cheese Omelette - Side Tater Tots,American Breakfast Omelettes,Home Fries,,1,,30000.00,"August 30, 2026 08:54:06AM",DELIVERED
76189934,001644724944-C8EALU6ATYEEJN,GF-658,GrabFood,,American Breakfast Club,Greenville,"2 Pancakes - Chocolate Chips, Butter, Maple Syrup",American Breakfast Pancakes,,1,,58000.00,,"August 30, 2026 08:53:10AM",DELIVERED
76189934,001644724944-C8EALU6ATYEEJN,GF-658,GrabFood,,American Breakfast Club,Greenville,"Mushroom Omelette - Mushrooms, Spinach, Side Tater Tots",American Breakfast Omelettes,,1,,68000.00,,"August 30, 2026 08:53:10AM",DELIVERED
76189687,0015279770-C8EALT5TNXNKVJ,GF-582,GrabFood,,American Breakfast Club,Kemang,"Burrito - Mock Chicken, 2 Scrambled Eggs, Cheddar, Avocado, Tater Tots",American Breakfast Burritos,,1,,68000.00,,"August 30, 2026 08:46:22AM",DELIVERED
76189687,0015279770-C8EALT5TNXNKVJ,GF-582,GrabFood,,American Breakfast Club,Kemang,"Burrito - Mock Chicken, 2 Scrambled Eggs, Cheddar, Avocado, Tater Tots",American Breakfast Burritos,Cutleries,,1,,600.00,"August 30, 2026 08:46:22AM",DELIVERED
76189687,0015279770-C8EALT5TNXNKVJ,GF-582,GrabFood,,American Breakfast Club,Kemang,Cutleries,,,1,,600.00,,"August 30, 2026 08:46:22AM",DELIVERED
76189432,001603464599-C8EALRMUABWDNJ,GF-170,GrabFood,,American Breakfast Club,Greenville,"Burrito - Mock Chicken, 2 Scrambled Eggs, Cheddar, Avocado, Tater Tots",American Breakfast Burritos,,1,,68000.00,,"August 30, 2026 08:39:40AM",DELIVERED
76189432,001603464599-C8EALRMUABWDNJ,GF-170,GrabFood,,American Breakfast Club,Greenville,"Burrito - Mock Beef, 2 Scrambled Eggs, Cheddar, Avocado, Tater Tots,",American Breakfast Burritos,,1,,68000.00,,"August 30, 2026 08:39:40AM",DELIVERED
76189186,00146970896-C8EALPNBTGCHUA,GF-146,GrabFood,,American Breakfast Club,Greenville,"Burrito - Mock Chicken, 2 Scrambled Eggs, Cheddar, Avocado, Tater Tots",American Breakfast Burritos,,1,,68000.00,,"August 30, 2026 08:33:13AM",DELIVERED
76188800,00152835509-C8EALLMBT2N3RE,GF-345,GrabFood,,American Breakfast Club,Greenville,"2 Pancakes - Butter, Maple Syrup",American Breakfast Pancakes,,1,,48000.00,,"August 30, 2026 08:22:52AM",DELIVERED
76188710,001095444109-C8EALLBAVE3ZNJ,GF-812,GrabFood,,American Breakfast Club,Kemang,"Burrito - 2 Scrambled Eggs, Cheddar, Avocado, Tater Tots",American Breakfast Burritos,,1,,58000.00,,"August 30, 2026 08:20:31AM",DELIVERED
76188652,00169933346-C8EALKX3LTTABA,GF-876,GrabFood,,American Breakfast Club,Greenville,Cheese Omelette - Side Tater Tots,American Breakfast Omelettes,,2,,58000.00,,"August 30, 2026 08:18:29AM",DELIVERED
76188511,F-3339267017,4233,gofood,,American Breakfast Club,Kemang,"Burrito - Mock Beef, 2 Scrambled Eggs, Cheddar, Avocado, Tater Tots,",American Breakfast Burritos,,1,,68000.00,,"August 30, 2026 08:14:14AM",DELIVERED
76188508,00192150092-C8EALKDTGGCEAT,GF-814,GrabFood,,American Breakfast Club,Greenville,"2 Pancakes - Blueberries, Butter, Maple Syrup",American Breakfast Pancakes,,1,,58000.00,,"August 30, 2026 08:14:40AM",DELIVERED
76188508,00192150092-C8EALKDTGGCEAT,GF-814,GrabFood,,American Breakfast Club,Greenville,"Sandwich - 2 Scrambled Eggs Mock Beef, Cheddar Cheese  on a wavy brioche bun",American Breakfast Sandwiches,,1,,58000.00,,"August 30, 2026 08:14:40AM",DELIVERED
76188417,F-3339265030,7994,gofood,,American Breakfast Club,Kemang,Home Fries With Truffle Oil,Sides,,1,,38000.00,,"August 30, 2026 08:11:10AM",DELIVERED
76188417,F-3339265030,7994,gofood,,American Breakfast Club,Kemang,Tater Tots,Sides,,1,,28000.00,,"August 30, 2026 08:11:10AM",DELIVERED
76188417,F-3339265030,7994,gofood,,American Breakfast Club,Kemang,"Burrito - Mock Chicken, 2 Scrambled Eggs, Cheddar, Avocado, Tater Tots",American Breakfast Burritos,,1,,68000.00,,"August 30, 2026 08:11:10AM",DELIVERED
76187966,0017084465-C8EALE5GPAXZG6,GF-566,GrabFood,,American Breakfast Club,Greenville,"Sandwich - 2 Scrambled Eggs, Mock Chicken, Cheddar Cheese Mix, Brioche Bun",American Breakfast Sandwiches,,1,,58000.00,,"August 30, 2026 07:56:16AM",DELIVERED
76187966,0017084465-C8EALE5GPAXZG6,GF-566,GrabFood,,American Breakfast Club,Greenville,Cheese Omelette - Side Tater Tots,American Breakfast Omelettes,,1,,58000.00,,"August 30, 2026 07:56:16AM",DELIVERED
76187113,001234294988-C8EAKEWJCJ5TVE,GF-053,GrabFood,,American Breakfast Club,Kemang,"Burrito - Mock Beef, 2 Scrambled Eggs, Cheddar, Avocado, Tater Tots,",American Breakfast Burritos,,1,,68000.00,,"August 30, 2026 07:21:18AM",DELIVERED
76186669,0014491434-C8EAKAEXEE3CA6,GF-405,GrabFood,,American Breakfast Club,Kemang,"Sandwich - 2 Scrambled Eggs, Mock Fish, Cheddar Cheese, Mix, Brioche Bun",American Breakfast Sandwiches,,1,,58000.00,,"August 30, 2026 07:01:44AM",DELIVERED
76186669,0014491434-C8EAKAEXEE3CA6,GF-405,GrabFood,,American Breakfast Club,Kemang,Cheese Omelette - Side Tater Tots,American Breakfast Omelettes,,1,,58000.00,,"August 30, 2026 07:01:44AM",DELIVERED
76186495,001485630770-C8EAJ7ATE8KCTN,GF-053,GrabFood,,LA Breakfast Club,Greenville,Mock Chicken Sandwich,LA Breakfast Sandwiches,,1,,86000.00,,"August 30, 2026 06:52:44AM",DELIVERED
76186495,001485630770-C8EAJ7ATE8KCTN,GF-053,GrabFood,,LA Breakfast Club,Greenville,Mock Chicken Sandwich,LA Breakfast Sandwiches,Mayo,,1,,0.00,"August 30, 2026 06:52:44AM",DELIVERED
76186416,001217187268-C8EAJ62VWGLFJ6,GF-673,GrabFood,,Herbox,Greenville,Kung Paow Chick Vegan Vegetarian Ricebox,Ricebox,,1,,39000.00,,"August 30, 2026 06:48:42AM",DELIVERED
76186416,001217187268-C8EAJ62VWGLFJ6,GF-673,GrabFood,,Herbox,Greenville,Kung Paow Chick Vegan Vegetarian Ricebox,Ricebox,Tattertots with Truffle,,1,,35000.00,"August 30, 2026 06:48:42AM",DELIVERED
76186416,001217187268-C8EAJ62VWGLFJ6,GF-673,GrabFood,,Herbox,Greenville,Kung Paow Chick Vegan Vegetarian Ricebox,Ricebox,"Sendok, Garpu, Tissue, Tusuk Gigi",,1,,1500.00,"August 30, 2026 06:48:42AM",DELIVERED
76186342,F-3339224307,5214,gofood,,American Breakfast Club,Kemang,"Burrito - Mock Beef, 2 Scrambled Eggs, Cheddar, Avocado, Tater Tots,",American Breakfast Burritos,,1,,68000.00,,"August 30, 2026 06:43:12AM",DELIVERED
76186342,F-3339224307,5214,gofood,,American Breakfast Club,Kemang,"Burrito - Mock Beef, 2 Scrambled Eggs, Cheddar, Avocado, Tater Tots,",American Breakfast Burritos,Cutleries,,1,,600.00,"August 30, 2026 06:43:12AM",DELIVERED
76186281,001712211974-C8EAJ3XZLCKCVE,GF-629,GrabFood,,American Breakfast Club,Kemang,Sandwich - 2 Scrambled Eggs melty cheddar cheese on a wavy brioche bun,American Breakfast Sandwiches,,1,,45000.00,,"August 30, 2026 06:38:26AM",DELIVERED
76186281,001712211974-C8EAJ3XZLCKCVE,GF-629,GrabFood,,American Breakfast Club,Kemang,Tater Tots,Sides,,2,,38000.00,,"August 30, 2026 06:38:26AM",DELIVERED
76186161,001303411894-C8EAJ2MBG7A1DA,GF-524,GrabFood,,American Breakfast Club,Greenville,"Burrito - 2 Scrambled Eggs, Cheddar, Avocado, Tater Tots",American Breakfast Burritos,,1,,58000.00,,"August 30, 2026 06:29:46AM",DELIVERED
