Order ID,External ID,Short ID,Provider,Order Source,Brand,Branch,Menu Items,Menu Categories,Menu Modifiers,Status,Gross Order Value,Gross Order Value In Cents,Vat,Vat In Cents,Delivery Fee,Delivery Fee In Cents,Additional Fee,Additional Fee In Cents,Discount,Discount In Cents,Promo Code,Net Order Value,Net Order Value In Cents,Currency,Created At,Delivered At,Items Ordered,Unique Items Ordered,Order Type,Payment Method,Payment Channel,Payment Reference ID,Merchant Discount,Merchant Discount In Cents,Provider Discount,Provider Discount In Cents,Delivery Fee Discount,Delivery Fee Discount In Cents,Cancellation Reason,Cancelled By,Restaurant Service Fee,Restaurant Service Fee In Cents,Meal Preparation Time
77308194,00108790129-C8EVDGCBT76HT2,GF-114,GrabFood,,"""People Pasta""",Greenville,"""1x Vegan Chicken Crispy Burger, 2x Bolognese - Vegan Friendly - Vegetarian - Plantbase, 1x Chicken Nugget - Vegan""","""Meatless Burgers,Signature Pasta""","""2x Spaghetti""",DELIVERED,170000,17000000,0,0,0,0,0,0,34000,3400000,-,136000,13600000,IDR,"September 12, 2026 08:30:53PM","September 12, 2026 09:18:00PM",4,3,delivery,Other,Other,-,34000,3400000,0,0,0,0,-,-,0,0,N/A
77302272,00132546626-C8EVC35CVFB1VN,GF-765,GrabFood,,"""People Pasta""",Greenville,"""1x Creamy Mushroom - Vegetarian - Plantbased, 1x Tattert Tots""","""Signature Pasta""","""1x Fettucine""",DELIVERED,72000,7200000,0,0,0,0,0,0,17200,1720000,-,54800,5480000,IDR,"September 12, 2026 07:39:34PM","September 12, 2026 08:29:53PM",2,2,delivery,Other,Other,-,17200,1720000,0,0,0,0,-,-,0,0,12 min 55 sec
77301016,001673187827-C8EVC2M3L2CJJA,GF-208,GrabFood,,"""People Pasta""",Greenville,"""1x Chicken Nugget - Vegan, 1x Tattert Tots""","""N/A""","""N/A""",DELIVERED,63000,6300000,0,0,0,0,0,0,15600,1560000,-,47400,4740000,IDR,"September 12, 2026 07:29:58PM","September 12, 2026 08:17:56PM",2,2,delivery,Other,Other,-,15600,1560000,0,0,0,0,-,-,0,0,9 min 51 sec
77300590,0015630183-C8EVCZNERY4JV2,GF-537,GrabFood,,"""People Pasta""",Greenville,"""1x Vegan Chicken Crispy Burger""","""Meatless Burgers""","""1x Hygine Cutleries""",DELIVERED,50500,5050000,0,0,0,0,0,0,18347,1834700,-,32153,3215300,IDR,"September 12, 2026 07:26:36PM","September 12, 2026 07:46:09PM",1,1,delivery,Other,Other,-,18347,1834700,0,0,0,0,-,-,0,0,13 min 19 sec
77288716,00160851634-C8EVBGCYAT5KTE,GF-283,GrabFood,,"""Herbox""",Greenville,"""10x Kung Paow Chick Vegan Vegetarian Ricebox""","""Ricebox""","""10x Sendok, Garpu, Tissue, Tusuk Gigi""",DELIVERED,405000,40500000,0,0,0,0,0,0,81000,8100000,-,324000,32400000,IDR,"September 12, 2026 05:44:26PM","September 12, 2026 06:57:33PM",10,1,delivery,Other,Other,-,81000,8100000,0,0,0,0,-,-,0,0,N/A
77287948,001402317041-C8EVBFADRAXUT6,GF-325,GrabFood,,"""People Pasta""",Greenville,"""2x Truffle Tatter Tots""","""N/A""","""N/A""",DELIVERED,64000,6400000,0,0,0,0,0,0,12800,1280000,-,51200,5120000,IDR,"September 12, 2026 05:36:56PM","September 12, 2026 06:18:57PM",2,1,delivery,Other,Other,-,12800,1280000,0,0,0,0,-,-,0,0,14 min 4 sec
77285431,001947086422-C8EVA8J1EBK3VA,GF-249,GrabFood,,"""Herbox""",Greenville,"""1x Rica Rica Vegan Vegetarian Ricebox""","""Ricebox""","""1x Vegan Chicken Nugget""",DELIVERED,74000,7400000,0,0,0,0,0,0,7800,780000,-,66200,6620000,IDR,"September 12, 2026 05:12:07PM","September 12, 2026 05:39:50PM",1,1,delivery,Other,Other,-,7800,780000,0,0,0,0,-,-,0,0,N/A
77260532,001281177127-C8EUVEKXNLADJ6,GF-566,GrabFood,,"""Herbox""",Greenville,"""1x Kung Paow Chick Vegan Vegetarian Ricebox""","""Ricebox""","""1x Tattertots""",DELIVERED,64000,6400000,0,0,0,0,0,0,7800,780000,-,56200,5620000,IDR,"September 12, 2026 12:32:27PM","September 12, 2026 01:01:04PM",1,1,delivery,Other,Other,-,7800,780000,0,0,0,0,-,-,0,0,5 min 37 sec
77259580,00151545652-C8EUVBL1R4LJLT,GF-242,GrabFood,,"""American Breakfast Club""",Greenville,"""2x Burrito - 2 Scrambled Eggs, Cheddar, Avocado, Tater Tots, 1x Tater Tots""","""American Breakfast Burritos,Sides""","""N/A""",DELIVERED,154000,15400000,0,0,0,0,0,0,23100,2310000,-,130900,13090000,IDR,"September 12, 2026 12:22:47PM","September 12, 2026 01:04:53PM",3,2,delivery,Other,Other,-,23100,2310000,0,0,0,0,-,-,0,0,N/A
77254359,00120018311-C8EUT7CETKEVG2,GF-873,GrabFood,,"""People Pasta""",Greenville,"""1x Tattert Tots, 1x Bolognese - Vegan Friendly - Vegetarian - Plantbase""","""Signature Pasta""","""1x Spaghetti""",DELIVERED,71000,7100000,0,0,0,0,0,0,29128,2912800,-,41872,4187200,IDR,"September 12, 2026 11:30:55AM","September 12, 2026 11:55:10AM",2,2,delivery,Other,Other,-,29128,2912800,0,0,0,0,-,-,0,0,10 min 4 sec
77253293,F-3354344834,3624,gofood,,"""Tyfel Coffee""",Kemang,"""1x Mock Beef Sandwich, 1x Breakfast Burrito""","""Breakfast Sandwiches,Breakfast Burritos""","""N/A""",DELIVERED,116000,11600000,0,0,0,0,4000,400000,12500,1250000,-,120000,12000000,IDR,"September 12, 2026 11:17:47AM","September 12, 2026 11:41:59AM",2,2,delivery,N/A,N/A,-,0,0,12500,1250000,0,0,-,-,0,0,N/A
77252156,001210893631-C8EUT2KFN2MZSA,GF-906,GrabFood,,"""American Breakfast Club""",Kemang,"""1x Mushroom Omelette - Mushrooms, Spinach, Side Tater Tots, 1x Cheese Omelette - Side Tater Tots""","""American Breakfast Omelettes""","""N/A""",DELIVERED,126000,12600000,0,0,0,0,0,0,25200,2520000,-,100800,10080000,IDR,"September 12, 2026 11:08:57AM","September 12, 2026 11:58:03AM",2,2,delivery,Other,Other,-,25200,2520000,0,0,0,0,-,-,0,0,22 min 33 sec
77251353,F-3354315635,3772,gofood,,"""American Breakfast Club""",Greenville,"""1x Home Fries With Truffle Oil, 1x Cutleries, 1x Burrito - 2 Scrambled Eggs, Cheddar, Avocado, Tater Tots, 1x Cheese Omelette - Side Tater Tots""","""Sides,Cutleries,American Breakfast Burritos,American Breakfast Omelettes""","""N/A""",DELIVERED,124200,12420000,0,0,0,0,4000,400000,65900,6590000,-,103045,10304500,IDR,"September 12, 2026 10:59:53AM","September 12, 2026 11:18:58AM",4,4,delivery,N/A,N/A,-,25155,2515500,40745,4074500,0,0,-,-,0,0,N/A
77251246,00121343108-C8EUTYK1CEBVWA,GF-623,GrabFood,,"""American Breakfast Club""",Kemang,"""1x Mushroom Omelette - Mushrooms, Spinach, Side Tater Tots""","""American Breakfast Omelettes""","""N/A""",DELIVERED,68000,6800000,0,0,0,0,0,0,13600,1360000,-,54400,5440000,IDR,"September 12, 2026 10:59:21AM","September 12, 2026 11:23:34AM",1,1,delivery,Other,Other,-,13600,1360000,0,0,0,0,-,-,0,0,N/A
77250086,00124039065-C8EUTUU2UBAAA6,GF-508,GrabFood,,"""Tyfel Coffee""",Greenville,"""1x Bolognese  - Vegan Plantbased""","""Main Course""","""N/A""",DELIVERED,50000,5000000,0,0,0,0,0,0,13000,1300000,-,37000,3700000,IDR,"September 12, 2026 10:46:16AM","September 12, 2026 11:18:03AM",1,1,delivery,Other,Other,-,13000,1300000,0,0,0,0,-,-,0,0,13 min 17 sec
77249531,F-3354273386,8984,gofood,,"""Tyfel Coffee""",Kemang,"""1x Mock Fish Burrito, 1x Mushroom Omelette-mushrooms,Spinach,Side Of Tater Tots""","""Breakfast Burritos,Breakfast Omlettes""","""N/A""",DELIVERED,136000,13600000,0,0,0,0,4000,400000,61200,6120000,-,112460,11246000,IDR,"September 12, 2026 10:30:43AM","September 12, 2026 11:01:02AM",2,2,delivery,N/A,N/A,-,27540,2754000,33660,3366000,0,0,-,-,0,0,N/A
77249521,F-3354272090,1494,gofood,,"""American Breakfast Club""",Kemang,"""1x Tater Tots, 1x Burrito - 2 Scrambled Eggs, Cheddar, Avocado, Tater Tots""","""American Breakfast Burritos,Sides""","""N/A""",DELIVERED,86000,8600000,0,0,0,0,4000,400000,48700,4870000,-,72585,7258500,IDR,"September 12, 2026 10:29:48AM","September 12, 2026 11:01:22AM",2,2,delivery,N/A,N/A,-,17415,1741500,31285,3128500,0,0,-,-,0,0,N/A
77248642,001468310423-C8EUTP3UTJ5KVE,GF-345,GrabFood,,"""American Breakfast Club""",Greenville,"""2x 2 Pancakes - Blueberries, Butter, Maple Syrup""","""American Breakfast Pancakes""","""N/A""",DELIVERED,116000,11600000,0,0,0,0,0,0,20400,2040000,-,95600,9560000,IDR,"September 12, 2026 10:29:04AM","September 12, 2026 11:21:03AM",2,1,delivery,Other,Other,-,20400,2040000,0,0,0,0,-,-,0,0,10 min 17 sec
77247579,00130404825-C8EUTLEEVYXVAE,GF-633,GrabFood,,"""American Breakfast Club""",Greenville,"""1x Mushroom Omelette - Mushrooms, Spinach, Side Tater Tots""","""American Breakfast Omelettes""","""N/A""",DELIVERED,68000,6800000,0,0,0,0,0,0,10200,1020000,-,57800,5780000,IDR,"September 12, 2026 10:14:56AM","September 12, 2026 10:50:24AM",1,1,delivery,Other,Other,-,10200,1020000,0,0,0,0,-,-,0,0,N/A
77247341,F-3354246604,1594,gofood,,"""American Breakfast Club""",Greenville,"""3x Cutleries, 1x 2 Pancakes - Blueberries, Butter, Maple Syrup, 1x Cheese Omelette - Side Tater Tots""","""American Breakfast Pancakes,American Breakfast Omelettes,Cutleries""","""N/A""",DELIVERED,95800,9580000,0,0,0,0,4000,400000,28800,2880000,-,86840,8684000,IDR,"September 12, 2026 10:10:39AM","September 12, 2026 11:10:13AM",5,3,delivery,N/A,N/A,-,12960,1296000,15840,1584000,0,0,-,-,0,0,N/A
77247241,0010105690-C8EUTKNHNN5YHE,GF-853,GrabFood,,"""American Breakfast Club""",Kemang,"""1x Burrito - 2 Scrambled Eggs, Cheddar, Avocado, Tater Tots, 1x Mushroom Omelette - Mushrooms, Spinach, Side Tater Tots""","""American Breakfast Burritos,American Breakfast Omelettes""","""N/A""",DELIVERED,126000,12600000,0,0,0,0,0,0,25200,2520000,-,100800,10080000,IDR,"September 12, 2026 10:09:57AM","September 12, 2026 10:35:04AM",2,2,delivery,Other,Other,-,25200,2520000,0,0,0,0,-,-,0,0,N/A
77247162,001414430256-C8EUTKKKCENXL6,GF-428,GrabFood,,"""People Pasta""",Greenville,"""1x Creamy Mushroom - Vegetarian - Plantbased, 1x Cacio e Pepe - Vegetarian - Plantbased, 1x Lada Hitam  - Vegan Friendly - Vegetarian - Plantbased""","""Signature Pasta""","""1x Fettucine, 2x Spaghetti""",DELIVERED,130000,13000000,0,0,0,0,0,0,47682,4768200,-,82318,8231800,IDR,"September 12, 2026 10:08:58AM","September 12, 2026 10:48:16AM",3,3,delivery,Other,Other,-,47682,4768200,0,0,0,0,-,-,0,0,14 min 0 sec
77247082,001695467750-C8EUTKCYHAXBA6,GF-217,GrabFood,,"""American Breakfast Club""",Kemang,"""1x Mushroom Omelette - Mushrooms, Spinach, Side Tater Tots, 1x Tater Tots""","""American Breakfast Omelettes,Sides""","""N/A""",DELIVERED,106000,10600000,0,0,0,0,0,0,13600,1360000,-,92400,9240000,IDR,"September 12, 2026 10:07:48AM","September 12, 2026 10:36:27AM",2,2,delivery,Other,Other,-,13600,1360000,0,0,0,0,-,-,0,0,N/A
77246856,0010268184-C8EUTJXKLEJCAT,GF-623,GrabFood,,"""Herbox""",Greenville,"""1x Beef  wrap Vegan Herbox""","""Wrap Series""","""N/A""",DELIVERED,59000,5900000,0,0,0,0,0,0,11800,1180000,-,47200,4720000,IDR,"September 12, 2026 10:04:59AM","September 12, 2026 10:36:28AM",1,1,delivery,Other,Other,-,11800,1180000,0,0,0,0,-,-,0,0,8 min 24 sec
77246200,F-3354229229,7124,gofood,,"""American Breakfast Club""",Kemang,"""1x Burrito - Mock Beef, 2 Scrambled Eggs, Cheddar, Avocado, Tater Tots,""","""American Breakfast Burritos""","""N/A""",DELIVERED,68000,6800000,0,0,0,0,4000,400000,30400,3040000,-,62820,6282000,IDR,"September 12, 2026 09:55:37AM","September 12, 2026 10:21:39AM",1,1,delivery,N/A,N/A,-,9180,918000,21220,2122000,0,0,-,-,0,0,N/A
77245974,001996793177-C8EUTFKTEKWWRX,GF-445,GrabFood,,"""American Breakfast Club""",Kemang,"""1x Burrito - Mock Chicken, 2 Scrambled Eggs, Cheddar, Avocado, Tater Tots""","""American Breakfast Burritos""","""N/A""",DELIVERED,68000,6800000,0,0,0,0,0,0,0,0,-,68000,6800000,IDR,"September 12, 2026 09:52:19AM","September 12, 2026 10:18:12AM",1,1,delivery,Other,Other,-,0,0,0,0,0,0,-,-,0,0,N/A
77245085,0017827311-C8EUTBNFRTBVCT,GF-035,GrabFood,,"""American Breakfast Club""",Greenville,"""1x 2 Pancakes - Blueberries, Butter, Maple Syrup, 1x Sandwich - 2 Scrambled Eggs melty cheddar cheese on a wavy brioche bun""","""American Breakfast Sandwiches,American Breakfast Pancakes""","""N/A""",DELIVERED,103000,10300000,0,0,0,0,0,0,18450,1845000,-,84550,8455000,IDR,"September 12, 2026 09:36:44AM","September 12, 2026 10:36:25AM",2,2,delivery,Other,Other,-,18450,1845000,0,0,0,0,-,-,0,0,24 min 6 sec
77245080,F-3354209941,4111,gofood,,"""American Breakfast Club""",Kemang,"""1x Cheese Omelette - Side Tater Tots, 1x Tater Tots""","""American Breakfast Omelettes,Sides""","""N/A""",DELIVERED,86000,8600000,0,0,0,0,4000,400000,48700,4870000,-,72585,7258500,IDR,"September 12, 2026 09:35:52AM","September 12, 2026 09:58:58AM",2,2,delivery,N/A,N/A,-,17415,1741500,31285,3128500,0,0,-,-,0,0,N/A
77244701,0012377933-C8EUTAKULNAZDA,GF-258,GrabFood,,"""American Breakfast Club""",Kemang,"""1x Burrito - Mock Chicken, 2 Scrambled Eggs, Cheddar, Avocado, Tater Tots""","""American Breakfast Burritos""","""N/A""",DELIVERED,68000,6800000,0,0,0,0,0,0,0,0,-,68000,6800000,IDR,"September 12, 2026 09:29:01AM","September 12, 2026 10:11:28AM",1,1,delivery,Other,Other,-,0,0,0,0,0,0,-,-,0,0,N/A
77244319,0014076292-C8EUSFWVGLLXCJ,GF-962,GrabFood,,"""American Breakfast Club""",Greenville,"""1x 2 Pancakes - Butter, Maple Syrup, 1x Burrito - 2 Scrambled Eggs, Cheddar, Avocado, Tater Tots""","""American Breakfast Burritos,American Breakfast Pancakes""","""N/A""",DELIVERED,106000,10600000,0,0,0,0,0,0,18900,1890000,-,87100,8710000,IDR,"September 12, 2026 09:21:24AM","September 12, 2026 09:45:05AM",2,2,delivery,Other,Other,-,18900,1890000,0,0,0,0,-,-,0,0,N/A
77244292,F-3354196034,7867,gofood,,"""American Breakfast Club""",Kemang,"""1x Tater Tots With Truffle Oil, 1x Cheese Omelette - Side Tater Tots, 2x Burrito - 2 Scrambled Eggs, Cheddar, Avocado, Tater Tots, 1x Burrito - Mock Katsu, 2 Scrambled Eggs, Cheddar, Avocado, Tater Tots""","""Sides,American Breakfast Omelettes,American Breakfast Burritos""","""1x Chick Nugget""",DELIVERED,315000,31500000,0,0,0,0,4000,400000,96000,9600000,-,280300,28030000,IDR,"September 12, 2026 09:20:13AM","September 12, 2026 09:47:37AM",5,4,delivery,N/A,N/A,-,38700,3870000,57300,5730000,0,0,-,-,0,0,N/A
77243126,00146720111-C8EUSAAECJ5YTE,GF-150,GrabFood,,"""American Breakfast Club""",Kemang,"""1x Mushroom Omelette - Mushrooms, Spinach, Side Tater Tots""","""American Breakfast Omelettes""","""1x Cutleries""",DELIVERED,68600,6860000,0,0,0,0,0,0,13600,1360000,-,55000,5500000,IDR,"September 12, 2026 08:53:35AM","September 12, 2026 09:26:10AM",1,1,delivery,Other,Other,-,13600,1360000,0,0,0,0,-,-,0,0,N/A
77242790,001160566008-C8EUR7BKLZCJWE,GF-986,GrabFood,,"""American Breakfast Club""",Greenville,"""1x Burrito - Mock Beef, 2 Scrambled Eggs, Cheddar, Avocado, Tater Tots,""","""American Breakfast Burritos""","""N/A""",DELIVERED,68000,6800000,0,0,0,0,0,0,12200,1220000,-,55800,5580000,IDR,"September 12, 2026 08:43:59AM","September 12, 2026 09:05:35AM",1,1,delivery,Other,Other,-,12200,1220000,0,0,0,0,-,-,0,0,N/A
77242588,001304119426-C8EUR6C2LCCXE2,GF-535,GrabFood,,"""American Breakfast Club""",Kemang,"""1x Burrito - Mock Beef, 2 Scrambled Eggs, Cheddar, Avocado, Tater Tots,""","""American Breakfast Burritos""","""N/A""",DELIVERED,68000,6800000,0,0,0,0,0,0,0,0,-,68000,6800000,IDR,"September 12, 2026 08:37:48AM","September 12, 2026 09:11:14AM",1,1,delivery,Other,Other,-,0,0,0,0,0,0,-,-,0,0,N/A
77242542,F-3354161938,5297,gofood,,"""Tyfel Coffee""",Kemang,"""2x Breakfast Burrito""","""Breakfast Burritos""","""N/A""",DELIVERED,116000,11600000,0,0,0,0,4000,400000,62200,6220000,-,96510,9651000,IDR,"September 12, 2026 08:35:41AM","September 12, 2026 09:04:02AM",2,1,delivery,N/A,N/A,-,23490,2349000,38710,3871000,0,0,-,-,0,0,N/A
77242510,F-3354161215,8723,gofood,,"""American Breakfast Club""",Kemang,"""1x Burrito - 2 Scrambled Eggs, Cheddar, Avocado, Tater Tots, 1x Tater Tots""","""American Breakfast Burritos,Sides""","""N/A""",DELIVERED,86000,8600000,0,0,0,0,4000,400000,38700,3870000,-,72585,7258500,IDR,"September 12, 2026 08:34:36AM","September 12, 2026 09:12:53AM",2,2,delivery,N/A,N/A,-,17415,1741500,21285,2128500,0,0,-,-,0,0,N/A
77242357,001486032949-C8EUR3VANN62JE,GF-944,GrabFood,,"""American Breakfast Club""",Greenville,"""2x Burrito - Mock Beef, 2 Scrambled Eggs, Cheddar, Avocado, Tater Tots,""","""American Breakfast Burritos""","""N/A""",DELIVERED,136000,13600000,0,0,0,0,0,0,20400,2040000,-,115600,11560000,IDR,"September 12, 2026 08:30:50AM","September 12, 2026 09:39:08AM",2,1,delivery,Other,Other,-,20400,2040000,0,0,0,0,-,-,0,0,11 min 58 sec
77242262,00153135408-C8EUR3CGTPBUVX,GF-429,GrabFood,,"""American Breakfast Club""",Kemang,"""1x Burrito - Mock Beef, 2 Scrambled Eggs, Cheddar, Avocado, Tater Tots,, 1x Sandwich - 2 Scrambled Eggs melty cheddar cheese on a wavy brioche bun""","""American Breakfast Sandwiches,American Breakfast Burritos""","""N/A""",DELIVERED,113000,11300000,0,0,0,0,0,0,9000,900000,-,104000,10400000,IDR,"September 12, 2026 08:27:37AM","September 12, 2026 09:04:06AM",2,2,delivery,Other,Other,-,9000,900000,0,0,0,0,-,-,0,0,N/A
77241987,00192863767-C8EURZLFGBTVCJ,GF-988,GrabFood,,"""American Breakfast Club""",Greenville,"""1x Burrito - Mock Beef, 2 Scrambled Eggs, Cheddar, Avocado, Tater Tots,""","""American Breakfast Burritos""","""N/A""",DELIVERED,68000,6800000,0,0,0,0,0,0,13200,1320000,-,54800,5480000,IDR,"September 12, 2026 08:19:15AM","September 12, 2026 08:46:19AM",1,1,delivery,Other,Other,-,13200,1320000,0,0,0,0,-,-,0,0,N/A
77241758,0017000039-C8EURYB3WE2WN2,GF-536,GrabFood,,"""American Breakfast Club""",Greenville,"""1x Sandwich - 2 Scrambled Eggs, Mock Chicken, Cheddar Cheese Mix, Brioche Bun, 1x Cheese Omelette - Side Tater Tots""","""American Breakfast Sandwiches,American Breakfast Omelettes""","""N/A""",DELIVERED,116000,11600000,0,0,0,0,0,0,17400,1740000,-,98600,9860000,IDR,"September 12, 2026 08:10:49AM","September 12, 2026 08:42:15AM",2,2,delivery,Other,Other,-,17400,1740000,0,0,0,0,-,-,0,0,N/A
77241336,00133482365-C8EURUKATX3BFA,GF-925,GrabFood,,"""American Breakfast Club""",Greenville,"""3x Sandwich - 2 Scrambled Eggs melty cheddar cheese on a wavy brioche bun""","""American Breakfast Sandwiches""","""N/A""",DELIVERED,135000,13500000,0,0,0,0,0,0,20250,2025000,-,114750,11475000,IDR,"September 12, 2026 07:55:31AM","September 12, 2026 08:32:19AM",3,1,delivery,Other,Other,-,20250,2025000,0,0,0,0,-,-,0,0,N/A
77241302,F-3354135920,7865,gofood,,"""American Breakfast Club""",Kemang,"""1x Burrito - 2 Scrambled Eggs, Cheddar, Avocado, Tater Tots""","""American Breakfast Burritos""","""N/A""",DELIVERED,58000,5800000,0,0,0,0,4000,400000,0,0,-,62000,6200000,IDR,"September 12, 2026 07:52:42AM","September 12, 2026 08:25:30AM",1,1,delivery,N/A,N/A,-,0,0,0,0,0,0,-,-,0,0,N/A
77241232,F-3354134666,5715,gofood,,"""American Breakfast Club""",Kemang,"""1x Cheese Omelette - Side Tater Tots""","""American Breakfast Omelettes""","""N/A""",DELIVERED,58000,5800000,0,0,0,0,4000,400000,0,0,-,62000,6200000,IDR,"September 12, 2026 07:50:11AM","September 12, 2026 08:25:32AM",1,1,delivery,N/A,N/A,-,0,0,0,0,0,0,-,-,0,0,N/A
77241197,F-3354134014,7441,gofood,,"""American Breakfast Club""",Kemang,"""1x Burrito - 2 Scrambled Eggs, Cheddar, Avocado, Tater Tots, 1x Tater Tots""","""American Breakfast Burritos,Sides""","""N/A""",DELIVERED,86000,8600000,0,0,0,0,4000,400000,48700,4870000,-,72585,7258500,IDR,"September 12, 2026 07:48:54AM","September 12, 2026 08:26:06AM",2,2,delivery,N/A,N/A,-,17415,1741500,31285,3128500,0,0,-,-,0,0,N/A
77241189,F-3354133801,4588,gofood,,"""American Breakfast Club""",Greenville,"""1x Burrito - 2 Scrambled Eggs, Cheddar, Avocado, Tater Tots, 1x Cheese Omelette - Side Tater Tots""","""American Breakfast Burritos,American Breakfast Omelettes""","""N/A""",DELIVERED,92800,9280000,0,0,0,0,4000,400000,0,0,-,96800,9680000,IDR,"September 12, 2026 07:48:31AM","September 12, 2026 08:14:06AM",2,2,delivery,N/A,N/A,-,0,0,0,0,0,0,-,-,0,0,N/A
77240990,001869644389-C8EURPUWVN6ALT,GF-915F,GrabFood,,"""American Breakfast Club""",Greenville,"""1x Burrito - 2 Scrambled Eggs, Cheddar, Avocado, Tater Tots, 1x Tater Tots""","""American Breakfast Burritos,Sides""","""N/A""",DELIVERED,96000,9600000,0,0,0,0,0,0,14400,1440000,-,81600,8160000,IDR,"September 12, 2026 08:59:59AM","September 12, 2026 09:33:51AM",2,2,delivery,Other,Other,-,14400,1440000,0,0,0,0,-,-,0,0,N/A
77240820,F-3354116394,1871,gofood,,"""American Breakfast Club""",Greenville,"""1x Burrito - 2 Scrambled Eggs, Cheddar, Avocado, Tater Tots, 1x Home Fries""","""Sides,American Breakfast Burritos""","""N/A""",DELIVERED,68800,6880000,0,0,0,0,4000,400000,12500,1250000,-,72800,7280000,IDR,"September 12, 2026 07:10:46AM","September 12, 2026 07:56:18AM",2,2,delivery,N/A,N/A,-,0,0,12500,1250000,0,0,-,-,0,0,N/A
77240500,00170358152-C8EURJ5EV4KCVE,GF-491,GrabFood,,"""American Breakfast Club""",Greenville,"""3x Sandwich - 2 Scrambled Eggs, Mock Chicken, Cheddar Cheese Mix, Brioche Bun, 1x 2 Pancakes - Butter, Maple Syrup""","""American Breakfast Pancakes,American Breakfast Sandwiches""","""N/A""",DELIVERED,222000,22200000,0,0,0,0,0,0,33300,3330000,-,188700,18870000,IDR,"September 12, 2026 07:19:34AM","September 12, 2026 07:51:20AM",4,2,delivery,Other,Other,-,33300,3330000,0,0,0,0,-,-,0,0,N/A
77240052,00103079537-C8EUREJCCJJHAJ,GF-686,GrabFood,,"""American Breakfast Club""",Kemang,"""1x Burrito - Mock Beef, 2 Scrambled Eggs, Cheddar, Avocado, Tater Tots,, 1x Burrito - 2 Scrambled Eggs, Cheddar, Avocado, Tater Tots""","""American Breakfast Burritos""","""N/A""",DELIVERED,126000,12600000,0,0,0,0,0,0,11600,1160000,-,114400,11440000,IDR,"September 12, 2026 06:58:33AM","September 12, 2026 07:28:20AM",2,2,delivery,Other,Other,-,11600,1160000,0,0,0,0,-,-,0,0,N/A
77239957,001704019224-C8EURCAEHF2UDA,GF-001,GrabFood,,"""American Breakfast Club""",Kemang,"""1x Sandwich - 2 Scrambled Eggs melty cheddar cheese on a wavy brioche bun""","""American Breakfast Sandwiches""","""N/A""",DELIVERED,45000,4500000,0,0,0,0,0,0,9000,900000,-,36000,3600000,IDR,"September 12, 2026 06:53:34AM","September 12, 2026 07:27:55AM",1,1,delivery,Other,Other,-,9000,900000,0,0,0,0,-,-,0,0,N/A
77239909,00152157471-C8EURBMWEAXAR2,GF-853,GrabFood,,"""American Breakfast Club""",Greenville,"""1x Burrito - Mock Beef, 2 Scrambled Eggs, Cheddar, Avocado, Tater Tots,, 1x 2 Pancakes - Chocolate Chips, Butter, Maple Syrup""","""American Breakfast Pancakes,American Breakfast Burritos""","""N/A""",DELIVERED,126000,12600000,0,0,0,0,0,0,18900,1890000,-,107100,10710000,IDR,"September 12, 2026 06:49:43AM","September 12, 2026 07:29:01AM",2,2,delivery,Other,Other,-,18900,1890000,0,0,0,0,-,-,0,0,N/A
77239579,0016177377-C8EUPE3DA7NDVX,GF-151,GrabFood,,"""American Breakfast Club""",Kemang,"""1x Mushroom Omelette - Mushrooms, Spinach, Side Tater Tots""","""American Breakfast Omelettes""","""N/A""",DELIVERED,68000,6800000,0,0,0,0,0,0,13600,1360000,-,54400,5440000,IDR,"September 12, 2026 06:28:52AM","September 12, 2026 06:54:27AM",1,1,delivery,Other,Other,-,13600,1360000,0,0,0,0,-,-,0,0,N/A
77219837,0013138897-C8EUGFBKGRD1J6,GF-590,GrabFood,,"""Herbox""",Greenville,"""1x Rica Rica Vegan Vegetarian Ricebox, 1x Rica Wrap""","""Ricebox,Wrap Series""","""N/A""",DELIVERED,98000,9800000,0,0,0,0,0,0,19600,1960000,-,78400,7840000,IDR,"September 11, 2026 07:57:19PM","September 11, 2026 08:42:00PM",2,2,delivery,Other,Other,-,19600,1960000,0,0,0,0,-,-,0,0,N/A
77218673,001520510054-C8EUGB6GG64TJE,GF-865,GrabFood,,"""People Pasta""",Greenville,"""1x Chicken Nugget - Vegan, 1x Creamy Mushroom - Vegetarian - Plantbased""","""Signature Pasta""","""1x Spaghetti""",DELIVERED,78000,7800000,0,0,0,0,0,0,31704,3170400,-,46296,4629600,IDR,"September 11, 2026 07:46:36PM","September 11, 2026 08:16:45PM",2,2,delivery,Other,Other,-,31704,3170400,0,0,0,0,-,-,0,0,8 min 48 sec
77217305,0016641995-C8EUGAEBJ2TVGJ,GF-160,GrabFood,,"""People Pasta""",Greenville,"""1x Bolognese - Vegan Friendly - Vegetarian - Plantbase, 1x Creamy Mushroom - Vegetarian - Plantbased, 1x Tattert Tots""","""Signature Pasta""","""2x Spaghetti""",DELIVERED,114000,11400000,0,0,0,0,0,0,25800,2580000,-,88200,8820000,IDR,"September 11, 2026 07:34:51PM","September 11, 2026 08:12:08PM",3,3,delivery,Other,Other,-,25800,2580000,0,0,0,0,-,-,0,0,N/A
77206539,F-3353683382,9686,gofood,,"""American Breakfast Club""",Greenville,"""1x Tater Tots, 2x Home Fries, 3x Burrito - 2 Scrambled Eggs, Cheddar, Avocado, Tater Tots""","""Sides,American Breakfast Burritos""","""N/A""",DELIVERED,206400,20640000,0,0,0,0,4000,400000,102900,10290000,-,168595,16859500,IDR,"September 11, 2026 05:57:57PM","September 11, 2026 06:36:56PM",6,3,delivery,N/A,N/A,-,41805,4180500,61095,6109500,0,0,-,-,0,0,13 min 22 sec
77205769,001507443095-C8EUERJ2J4NEET,GF-973,GrabFood,,"""Herbox""",Greenville,"""2x Teriyaki Vegan Vegetarian Ricebox, 1x Pesmol Vegan Vegetarian Ricebox, 2x Rica Rica Vegan Vegetarian Ricebox, 1x Beef  wrap Vegan Herbox""","""Ricebox,Wrap Series""","""N/A""",DELIVERED,254000,25400000,0,0,0,0,0,0,53800,5380000,-,200200,20020000,IDR,"September 11, 2026 05:52:13PM","September 11, 2026 06:45:28PM",6,4,delivery,Other,Other,-,53800,5380000,0,0,0,0,-,-,0,0,15 min 31 sec
77201931,00116203854-C8EUEFEKETETME,GF-494,GrabFood,,"""American Breakfast Club""",Greenville,"""1x Burrito - Mock Beef, 2 Scrambled Eggs, Cheddar, Avocado, Tater Tots,""","""American Breakfast Burritos""","""1x Cutleries""",DELIVERED,69500,6950000,0,0,0,0,0,0,13200,1320000,-,56300,5630000,IDR,"September 11, 2026 05:11:40PM","September 11, 2026 05:59:34PM",1,1,delivery,Other,Other,-,13200,1320000,0,0,0,0,-,-,0,0,20 min 38 sec
77201850,00140212676-C8EUEFBJAEN1RN,GF-464,GrabFood,,"""American Breakfast Club""",Greenville,"""3x Burrito - 2 Scrambled Eggs, Cheddar, Avocado, Tater Tots""","""American Breakfast Burritos""","""N/A""",DELIVERED,174000,17400000,0,0,0,0,0,0,26100,2610000,-,147900,14790000,IDR,"September 11, 2026 05:10:40PM","September 11, 2026 05:45:03PM",3,1,delivery,Other,Other,-,26100,2610000,0,0,0,0,-,-,0,0,N/A
77195941,F-3353543962,5539,gofood,,"""Herbox""",Greenville,"""1x Beef  wrap Vegan Herbox, 1x Katsu Chickin Vegan Vegetarian Ricebox, 1x Nasi Goreng Bintang Kuning Vegan Vegetarian, 1x Kung Paow Chick Vegan Vegetarian Ricebox""","""Wrap Series,Ricebox,Nasi Goreng Special""","""N/A""",DELIVERED,137600,13760000,0,0,0,0,4000,400000,0,0,-,141600,14160000,IDR,"September 11, 2026 03:58:44PM","September 11, 2026 04:37:50PM",4,4,delivery,N/A,N/A,-,0,0,0,0,0,0,-,-,0,0,N/A
77194238,0019040800-C8EUCY4WCU2YVN,GF-520,GrabFood,,"""People Pasta""",Greenville,"""1x Creamy Mushroom - Vegetarian - Plantbased""","""Signature Pasta""","""1x Fettucine""",DELIVERED,44000,4400000,0,0,0,0,0,0,11600,1160000,-,32400,3240000,IDR,"September 11, 2026 03:36:03PM","September 11, 2026 03:59:40PM",1,1,delivery,Other,Other,-,11600,1160000,0,0,0,0,-,-,0,0,N/A
77192569,F-3353483468,2856,gofood,,"""Herbox""",Greenville,"""1x Beef  wrap Vegan Herbox, 2x Tater tots""","""Wrap Series,Sides""","""1x Tattertots""",DELIVERED,120200,12020000,0,0,0,0,4000,400000,54100,5410000,-,99855,9985500,IDR,"September 11, 2026 02:58:04PM","September 11, 2026 03:37:21PM",3,2,delivery,N/A,N/A,-,24345,2434500,29755,2975500,0,0,-,-,0,0,N/A
77192173,0012324640-C8EUCTCFLLEECN,GF-799,GrabFood,,"""Herbox""",Greenville,"""1x Nasi Goreng Bulan Merah Vegan Vegetarian, 1x Nasi Goreng Bintang Kuning Vegan Vegetarian""","""Nasi Goreng Special""","""N/A""",DELIVERED,70000,7000000,0,0,0,0,0,0,14000,1400000,-,56000,5600000,IDR,"September 11, 2026 03:07:35PM","September 11, 2026 03:31:32PM",2,2,delivery,Other,Other,-,14000,1400000,0,0,0,0,-,-,0,0,N/A
77191255,00107805931-C8EUCNWUEY5ACX,GF-819,GrabFood,,"""American Breakfast Club""",Greenville,"""1x Sandwich - 2 Scrambled Eggs melty cheddar cheese on a wavy brioche bun, 1x Tater Tots""","""American Breakfast Sandwiches,Sides""","""N/A""",DELIVERED,83000,8300000,0,0,0,0,0,0,12450,1245000,-,70550,7055000,IDR,"September 11, 2026 02:54:43PM","September 11, 2026 03:25:01PM",2,2,delivery,Other,Other,-,12450,1245000,0,0,0,0,-,-,0,0,N/A
77190654,F-3353458108,4935,gofood,,"""Tyfel Coffee""",Kemang,"""1x Mock Chicken Burrito""","""Breakfast Burritos""","""N/A""",DELIVERED,68000,6800000,0,0,0,0,4000,400000,15000,1500000,-,72000,7200000,IDR,"September 11, 2026 02:33:50PM","September 11, 2026 03:05:54PM",1,1,delivery,N/A,N/A,-,0,0,15000,1500000,0,0,-,-,0,0,N/A
77187664,F-3353423865,8818,gofood,,"""American Breakfast Club""",Kemang,"""1x Burrito - Mock Katsu, 2 Scrambled Eggs, Cheddar, Avocado, Tater Tots""","""American Breakfast Burritos""","""1x Truffle Tater Tots""",DELIVERED,108000,10800000,0,0,0,0,4000,400000,58600,5860000,-,90130,9013000,IDR,"September 11, 2026 02:03:53PM","September 11, 2026 02:44:33PM",1,1,delivery,N/A,N/A,-,21870,2187000,36730,3673000,0,0,-,-,0,0,N/A
77180519,F-3353300068,1523,gofood,,"""American Breakfast Club""",Kemang,"""1x Burrito - Mock Fish, 2 Scrambled Eggs, Cheddar, Avocado, Tater Tots,""","""American Breakfast Burritos""","""N/A""",DELIVERED,68000,6800000,0,0,0,0,4000,400000,30400,3040000,-,62820,6282000,IDR,"September 11, 2026 12:32:11PM","September 11, 2026 12:50:33PM",1,1,delivery,N/A,N/A,-,9180,918000,21220,2122000,0,0,-,-,0,0,N/A
77180135,F-3353299585,6829,gofood,,"""American Breakfast Club""",Greenville,"""1x Mushroom Omelette - Mushrooms, Spinach, Side Tater Tots, 1x Home Fries With Truffle Oil""","""American Breakfast Omelettes,Sides""","""1x Chick Nugget""",DELIVERED,119800,11980000,0,0,0,0,4000,400000,64000,6400000,-,99500,9950000,IDR,"September 11, 2026 12:31:52PM","September 11, 2026 12:47:11PM",2,2,delivery,N/A,N/A,-,24300,2430000,39700,3970000,0,0,-,-,0,0,6 min 11 sec
77179852,00108838705-C8EUAULBNEW1N2,GF-460,GrabFood,,"""American Breakfast Club""",Kemang,"""1x Burrito - 2 Scrambled Eggs, Cheddar, Avocado, Tater Tots""","""American Breakfast Burritos""","""N/A""",DELIVERED,58000,5800000,0,0,0,0,0,0,11600,1160000,-,46400,4640000,IDR,"September 11, 2026 12:29:14PM","September 11, 2026 01:23:56PM",1,1,delivery,Other,Other,-,11600,1160000,0,0,0,0,-,-,0,0,N/A
77176881,00162464820-C8EUAKCUWEBCHE,GF-170,GrabFood,,"""American Breakfast Club""",Kemang,"""1x Burrito - Mock Chicken, 2 Scrambled Eggs, Cheddar, Avocado, Tater Tots""","""American Breakfast Burritos""","""N/A""",DELIVERED,68000,6800000,0,0,0,0,0,0,0,0,-,68000,6800000,IDR,"September 11, 2026 11:54:22AM","September 11, 2026 12:18:25PM",1,1,delivery,Other,Other,-,0,0,0,0,0,0,-,-,0,0,N/A
77176348,001991019345-C8EUAJETSBXYFA,GF-282,GrabFood,,"""American Breakfast Club""",Kemang,"""2x Burrito - Mock Chicken, 2 Scrambled Eggs, Cheddar, Avocado, Tater Tots""","""American Breakfast Burritos""","""N/A""",DELIVERED,136000,13600000,0,0,0,0,0,0,0,0,-,136000,13600000,IDR,"September 11, 2026 11:48:22AM","September 11, 2026 12:32:06PM",2,1,delivery,Other,Other,-,0,0,0,0,0,0,-,-,0,0,N/A
77175750,001283321557-C8EUAFXEVGAEHA,GF-065,GrabFood,,"""American Breakfast Club""",Kemang,"""1x 2 Pancakes - Chocolate Chips, Butter, Maple Syrup""","""American Breakfast Pancakes""","""N/A""",DELIVERED,58000,5800000,0,0,0,0,0,0,11600,1160000,-,46400,4640000,IDR,"September 11, 2026 11:41:36AM","September 11, 2026 12:31:21PM",1,1,delivery,Other,Other,-,11600,1160000,0,0,0,0,-,-,0,0,N/A
77175497,F-3353224397,8821,gofood,,"""American Breakfast Club""",Greenville,"""1x Burrito - Mock Katsu, 2 Scrambled Eggs, Cheddar, Avocado, Tater Tots""","""American Breakfast Burritos""","""1x Cutleries, 1x Truffle Home Fries""",DELIVERED,95900,9590000,0,0,0,0,4000,400000,28800,2880000,-,86940,8694000,IDR,"September 11, 2026 11:38:21AM","September 11, 2026 12:46:07PM",1,1,delivery,N/A,N/A,-,12960,1296000,15840,1584000,0,0,-,-,0,0,18 min 44 sec
77174371,0010513560-C8EUAAXYEK5GNE,GF-419,GrabFood,,"""American Breakfast Club""",Greenville,"""1x Burrito - Mock Beef, 2 Scrambled Eggs, Cheddar, Avocado, Tater Tots,""","""American Breakfast Burritos""","""N/A""",DELIVERED,68000,6800000,0,0,0,0,0,0,13200,1320000,-,54800,5480000,IDR,"September 11, 2026 11:26:40AM","September 11, 2026 12:16:03PM",1,1,delivery,Other,Other,-,13200,1320000,0,0,0,0,-,-,0,0,27 min 42 sec
77174156,001605548530-C8EUABWDGA4BBA,GF-769,GrabFood,,"""American Breakfast Club""",Kemang,"""1x 2 Pancakes - Blueberries, Butter, Maple Syrup""","""American Breakfast Pancakes""","""1x Cutleries""",DELIVERED,58600,5860000,0,0,0,0,0,0,11600,1160000,-,47000,4700000,IDR,"September 11, 2026 11:24:32AM","September 11, 2026 12:19:36PM",1,1,delivery,Other,Other,-,11600,1160000,0,0,0,0,-,-,0,0,N/A
77172124,00118044159-C8ETV66ZHA5YCA,GF-412,GrabFood,,"""Herbox""",Greenville,"""1x Kung Paow Chick Vegan Vegetarian Ricebox, 1x Beef  wrap Vegan Herbox""","""Wrap Series,Ricebox""","""N/A""",DELIVERED,98000,9800000,0,0,0,0,0,0,22600,2260000,-,75400,7540000,IDR,"September 11, 2026 11:03:17AM","September 11, 2026 11:42:59AM",2,2,delivery,Other,Other,-,22600,2260000,0,0,0,0,-,-,0,0,9 min 12 sec
77171471,F-3353161595,2996,gofood,,"""LA Breakfast Club""",Greenville,"""1x Breakfast Burrito, 1x Water (Bottle)""","""LA Breakfast Burritos,Drinks""","""1x Home Fries""",CANCELLED,127000,12700000,0,0,0,0,0,0,57200,5720000,-,101260,10126000,IDR,"September 11, 2026 10:56:13AM",,2,2,delivery,N/A,N/A,-,25740,2574000,31460,3146000,0,0,N/A,N/A,0,0,28 min 9 sec
77171296,001347410411-C8ETWCJDNAEEGX,GF-487,GrabFood,,"""American Breakfast Club""",Kemang,"""1x Burrito - Mock Beef, 2 Scrambled Eggs, Cheddar, Avocado, Tater Tots,""","""American Breakfast Burritos""","""N/A""",DELIVERED,68000,6800000,0,0,0,0,0,0,0,0,-,68000,6800000,IDR,"September 11, 2026 10:55:14AM","September 11, 2026 11:22:08AM",1,1,delivery,Other,Other,-,0,0,0,0,0,0,-,-,0,0,N/A
77171289,0018115885-C8ETWCE2DFATGJ,GF-623,GrabFood,,"""American Breakfast Club""",Greenville,"""1x Burrito - Mock Chicken, 2 Scrambled Eggs, Cheddar, Avocado, Tater Tots""","""American Breakfast Burritos""","""N/A""",DELIVERED,68000,6800000,0,0,0,0,0,0,10200,1020000,-,57800,5780000,IDR,"September 11, 2026 10:55:10AM","September 11, 2026 11:18:06AM",1,1,delivery,Other,Other,-,10200,1020000,0,0,0,0,-,-,0,0,N/A
77170907,F-3353153933,3995,gofood,,"""LA Breakfast Club""",Greenville,"""1x Mock Chicken Burrito, 1x Mock Katsu Sandwich, 2x Water (Bottle)""","""LA Breakfast Burritos,LA Breakfast Sandwiches,Drinks""","""1x Mayo, 1x Add Mineral Water (500ml)""",DELIVERED,205000,20500000,0,0,0,0,0,0,0,0,-,205000,20500000,IDR,"September 11, 2026 10:50:53AM","September 11, 2026 11:48:48AM",4,3,delivery,N/A,N/A,-,0,0,0,0,0,0,-,-,0,0,N/A
77170837,F-3353152576,5439,gofood,,"""American Breakfast Club""",Kemang,"""1x Mushroom Omelette - Mushrooms, Spinach, Side Tater Tots""","""American Breakfast Omelettes""","""N/A""",DELIVERED,68000,6800000,0,0,0,0,4000,400000,30400,3040000,-,62820,6282000,IDR,"September 11, 2026 10:49:57AM","September 11, 2026 11:10:29AM",1,1,delivery,N/A,N/A,-,9180,918000,21220,2122000,0,0,-,-,0,0,N/A
77170048,001440835063-C8ETWAKKWEJACX,GF-905,GrabFood,,"""American Breakfast Club""",Greenville,"""1x Sandwich - 2 Scrambled Eggs, Mock Fish, Cheddar Cheese, Mix, Brioche Bun, 1x Home Fries With Truffle Oil""","""American Breakfast Sandwiches,Sides""","""1x Cutleries""",DELIVERED,107500,10750000,0,0,0,0,0,0,18900,1890000,-,88600,8860000,IDR,"September 11, 2026 10:42:20AM","September 11, 2026 11:19:51AM",2,2,delivery,Other,Other,-,18900,1890000,0,0,0,0,-,-,0,0,N/A
77168264,001271649907-C8ETV4JDCJTWLT,GF-114,GrabFood,,"""American Breakfast Club""",Greenville,"""1x 2 Pancakes - Blueberries, Butter, Maple Syrup""","""American Breakfast Pancakes""","""N/A""",DELIVERED,58000,5800000,0,0,13000,1300000,0,0,29025,2902500,-,46300,4630000,IDR,"September 11, 2026 10:21:52AM","September 11, 2026 10:51:28AM",1,1,delivery,Cash,Cash,-,11700,1170000,17325,1732500,0,0,-,-,0,0,11 min 29 sec
77167992,F-3353109132,1722,gofood,,"""American Breakfast Club""",Greenville,"""1x Burrito - Mock Beef, 2 Scrambled Eggs, Cheddar, Avocado, Tater Tots,, 1x 2 Pancakes - Butter, Maple Syrup, 1x Cheese Omelette - Side Tater Tots, 1x Tater Tots With Truffle Oil""","""American Breakfast Pancakes,American Breakfast Omelettes,Sides,American Breakfast Burritos""","""N/A""",DELIVERED,169600,16960000,0,0,0,0,4000,400000,0,0,-,173600,17360000,IDR,"September 11, 2026 10:17:31AM","September 11, 2026 11:03:13AM",4,4,delivery,N/A,N/A,-,0,0,0,0,0,0,-,-,0,0,N/A
77167854,F-3353107549,7578,gofood,,"""American Breakfast Club""",Greenville,"""1x Cheese Omelette - Side Tater Tots, 1x Tater Tots With Truffle Oil, 1x Burrito - Mock Beef, 2 Scrambled Eggs, Cheddar, Avocado, Tater Tots,""","""Sides,American Breakfast Burritos,American Breakfast Omelettes""","""N/A""",CANCELLED,131200,13120000,0,0,0,0,4000,400000,0,0,-,135200,13520000,IDR,"September 11, 2026 10:16:12AM",,3,3,delivery,N/A,N/A,-,0,0,0,0,0,0,N/A,N/A,0,0,N/A
77167437,001816331677-C8ETV2UVCT3KEX,GF-344,GrabFood,,"""American Breakfast Club""",Greenville,"""2x Burrito - Mock Beef, 2 Scrambled Eggs, Cheddar, Avocado, Tater Tots,""","""American Breakfast Burritos""","""N/A""",DELIVERED,136000,13600000,0,0,0,0,0,0,23400,2340000,-,112600,11260000,IDR,"September 11, 2026 10:10:42AM","September 11, 2026 10:50:14AM",2,1,delivery,Other,Other,-,23400,2340000,0,0,0,0,-,-,0,0,N/A
77165930,001910640776-C8ETVVBDAE4GVX,GF-374,GrabFood,,"""American Breakfast Club""",Greenville,"""1x Burrito - Mock Chicken, 2 Scrambled Eggs, Cheddar, Avocado, Tater Tots""","""American Breakfast Burritos""","""N/A""",DELIVERED,68000,6800000,0,0,0,0,0,0,13200,1320000,-,54800,5480000,IDR,"September 11, 2026 09:47:13AM","September 11, 2026 10:11:19AM",1,1,delivery,Other,Other,-,13200,1320000,0,0,0,0,-,-,0,0,N/A
77164366,001009753222-C8ETVLKXN6XKAN,GF-319,GrabFood,,"""American Breakfast Club""",Kemang,"""1x Burrito - 2 Scrambled Eggs, Cheddar, Avocado, Tater Tots""","""American Breakfast Burritos""","""N/A""",DELIVERED,58000,5800000,0,0,0,0,0,0,11600,1160000,-,46400,4640000,IDR,"September 11, 2026 09:15:47AM","September 11, 2026 12:15:50PM",1,1,delivery,Other,Other,-,11600,1160000,0,0,0,0,-,-,0,0,N/A
77163632,F-3353036052,1835,gofood,,"""American Breakfast Club""",Greenville,"""1x Burrito - Mock Katsu, 2 Scrambled Eggs, Cheddar, Avocado, Tater Tots""","""American Breakfast Burritos""","""1x Chick Nugget""",DELIVERED,89400,8940000,0,0,0,0,4000,400000,36700,3670000,-,93400,9340000,IDR,"September 11, 2026 08:56:44AM","September 11, 2026 09:21:18AM",1,1,delivery,N/A,N/A,-,0,0,36700,3670000,0,0,-,-,0,0,N/A
77163616,00192566047-C8ETVF63PCN3CJ,GF-998,GrabFood,,"""American Breakfast Club""",Greenville,"""1x Burrito - Mock Beef, 2 Scrambled Eggs, Cheddar, Avocado, Tater Tots,, 1x Coke (Can)""","""American Breakfast Burritos,Drinks""","""1x Truffle Tater Tots""",DELIVERED,123000,12300000,0,0,0,0,0,0,12450,1245000,-,110550,11055000,IDR,"September 11, 2026 08:56:49AM","September 11, 2026 09:35:10AM",2,2,delivery,Other,Other,-,12450,1245000,0,0,0,0,-,-,0,0,24 min 55 sec
77163561,0012954758-C8ETVFX3JEUKEN,GF-460,GrabFood,,"""American Breakfast Club""",Greenville,"""1x Burrito - 2 Scrambled Eggs, Cheddar, Avocado, Tater Tots""","""American Breakfast Burritos""","""1x Cutleries""",DELIVERED,59500,5950000,0,0,0,0,0,0,8700,870000,-,50800,5080000,IDR,"September 11, 2026 08:55:11AM","September 11, 2026 09:29:08AM",1,1,delivery,Other,Other,-,8700,870000,0,0,0,0,-,-,0,0,N/A
77162632,001720291462-C8ETUGBUJJMXLX,GF-306,GrabFood,,"""American Breakfast Club""",Greenville,"""2x Burrito - 2 Scrambled Eggs, Cheddar, Avocado, Tater Tots""","""American Breakfast Burritos""","""N/A""",DELIVERED,116000,11600000,0,0,0,0,0,0,20400,2040000,-,95600,9560000,IDR,"September 11, 2026 08:24:07AM","September 11, 2026 09:00:31AM",2,1,delivery,Other,Other,-,20400,2040000,0,0,0,0,-,-,0,0,15 min 10 sec
77162422,0014271418-C8ETUE41V4JAAT,GF-085,GrabFood,,"""American Breakfast Club""",Kemang,"""1x Burrito - Mock Beef, 2 Scrambled Eggs, Cheddar, Avocado, Tater Tots,""","""American Breakfast Burritos""","""N/A""",DELIVERED,68000,6800000,0,0,0,0,0,0,0,0,-,68000,6800000,IDR,"September 11, 2026 08:16:08AM","September 11, 2026 09:48:05AM",1,1,delivery,Other,Other,-,0,0,0,0,0,0,-,-,0,0,N/A
77162287,001035868371-C8ETUEAGGBCXNX,GF-829,GrabFood,,"""American Breakfast Club""",Greenville,"""1x Cheese Omelette - Side Tater Tots""","""American Breakfast Omelettes""","""N/A""",DELIVERED,58000,5800000,0,0,0,0,0,0,11700,1170000,-,46300,4630000,IDR,"September 11, 2026 08:10:15AM","September 11, 2026 08:34:06AM",1,1,delivery,Other,Other,-,11700,1170000,0,0,0,0,-,-,0,0,N/A
77161687,F-3352996790,2478,gofood,,"""American Breakfast Club""",Kemang,"""2x Burrito - 2 Scrambled Eggs, Cheddar, Avocado, Tater Tots, 1x Katsu Egg burger - Patties, 2 Scrambled Eggs, Cheddar Cheese, Secret Sauce""","""American Breakfast Burritos,American Breakfast Burger""","""3x Cutleries""",DELIVERED,175800,17580000,0,0,0,0,4000,400000,89200,8920000,-,144160,14416000,IDR,"September 11, 2026 07:43:14AM","September 11, 2026 08:11:28AM",3,2,delivery,N/A,N/A,-,35640,3564000,53560,5356000,0,0,-,-,0,0,N/A
77161445,F-3352991588,1259,gofood,,"""American Breakfast Club""",Kemang,"""1x Cheese Omelette - Side Tater Tots""","""American Breakfast Omelettes""","""N/A""",DELIVERED,58000,5800000,0,0,0,0,4000,400000,0,0,-,62000,6200000,IDR,"September 11, 2026 07:30:26AM","September 11, 2026 07:46:26AM",1,1,delivery,N/A,N/A,-,0,0,0,0,0,0,-,-,0,0,N/A
77161366,00172801061-C8ETT3BVRX6WWA,GF-718,GrabFood,,"""American Breakfast Club""",Kemang,"""1x Burrito - 2 Scrambled Eggs, Cheddar, Avocado, Tater Tots""","""American Breakfast Burritos""","""N/A""",DELIVERED,58000,5800000,0,0,0,0,0,0,11600,1160000,-,46400,4640000,IDR,"September 11, 2026 07:27:22AM","September 11, 2026 08:04:00AM",1,1,delivery,Other,Other,-,11600,1160000,0,0,0,0,-,-,0,0,N/A
77160716,00170047744-C8ETTKE2RE4JTJ,GF-853,GrabFood,,"""People Pasta""",Greenville,"""1x Lada Hitam  - Vegan Friendly - Vegetarian - Plantbased, 1x Bolognese - Vegan Friendly - Vegetarian - Plantbase, 1x Chicken Nugget - Vegan""","""Signature Pasta""","""2x Spaghetti""",DELIVERED,121000,12100000,0,0,0,0,0,0,27200,2720000,-,93800,9380000,IDR,"September 11, 2026 06:49:28AM","September 11, 2026 07:38:00AM",3,3,delivery,Other,Other,-,27200,2720000,0,0,0,0,-,-,0,0,N/A
77160572,0019934129-C8ETTK5FLTUZTA,GF-071,GrabFood,,"""American Breakfast Club""",Greenville,"""1x Burrito - Mock Chicken, 2 Scrambled Eggs, Cheddar, Avocado, Tater Tots""","""American Breakfast Burritos""","""N/A""",DELIVERED,68000,6800000,0,0,0,0,0,0,13200,1320000,-,54800,5480000,IDR,"September 11, 2026 06:38:03AM","September 11, 2026 07:26:48AM",1,1,delivery,Other,Other,-,13200,1320000,0,0,0,0,-,-,0,0,N/A
77143374,F-3352779285,6843,gofood,,"""Tyfel Coffee""",Greenville,"""1x Tater Tots, 1x Chic Chunk - Vegan Plantbased, 1x Mozarella Stick, 1x Mock Chicken Burrito""","""Breakfast Burritos,Sides,Lite Bites""","""N/A""",DELIVERED,174000,17400000,0,0,0,0,4000,400000,78300,7830000,-,142765,14276500,IDR,"September 10, 2026 08:10:20PM","September 10, 2026 08:39:54PM",4,4,delivery,N/A,N/A,-,35235,3523500,43065,4306500,0,0,-,-,0,0,N/A
77142674,F-3352769215,3378,gofood,,"""Herbox""",Greenville,"""1x Katsu Chickin Vegan Vegetarian Ricebox, 1x katsu burger vegan""","""Ricebox,Vegan Burger""","""N/A""",DELIVERED,78400,7840000,0,0,0,0,4000,400000,35300,3530000,-,66515,6651500,IDR,"September 10, 2026 08:02:47PM","September 10, 2026 08:35:32PM",2,2,delivery,N/A,N/A,-,15885,1588500,19415,1941500,0,0,-,-,0,0,N/A
77139772,001720010837-C8ETJP2DEY2AKE,GF-512,GrabFood,,"""Herbox""",Greenville,"""1x Kung Paow Chick Vegan Vegetarian Ricebox, 1x Nasi Goreng Sedap Malam Vegan Vegetarian, 1x Nasi Goreng Bintang Kuning Vegan Vegetarian, 1x Nasi Goreng Bulan Merah Vegan Vegetarian""","""Ricebox,Nasi Goreng Special""","""1x Vegan Chicken Nugget""",DELIVERED,179000,17900000,0,0,0,0,0,0,28800,2880000,-,150200,15020000,IDR,"September 10, 2026 07:36:03PM","September 10, 2026 09:16:41PM",4,4,delivery,Other,Other,-,28800,2880000,0,0,0,0,-,-,0,0,14 min 18 sec
77138004,00186694403-C8ETJLADUANXTX,GF-038,GrabFood,,"""American Breakfast Club""",Greenville,"""1x 2 Pancakes - Blueberries, Butter, Maple Syrup""","""American Breakfast Pancakes""","""N/A""",DELIVERED,58000,5800000,0,0,0,0,0,0,11700,1170000,-,46300,4630000,IDR,"September 10, 2026 07:20:13PM","September 10, 2026 08:03:34PM",1,1,delivery,Other,Other,-,11700,1170000,0,0,0,0,-,-,0,0,N/A
77130628,F-3352595113,2744,gofood,,"""Herbox""",Greenville,"""1x Fish Burger Vegan""","""Vegan Burger""","""N/A""",DELIVERED,47200,4720000,0,0,0,0,4000,400000,0,0,-,51200,5120000,IDR,"September 10, 2026 06:13:49PM","September 10, 2026 06:48:07PM",1,1,delivery,N/A,N/A,-,0,0,0,0,0,0,-,-,0,0,N/A
77121594,00177868432-C8ETGN2ZJZD1CJ,GF-133,GrabFood,,"""Herbox""",Greenville,"""1x Kung Paow Chick Vegan Vegetarian Ricebox, 1x Lada Hitam Blackpepper Vegan Vegetarian Ricebox""","""Ricebox""","""N/A""",DELIVERED,78000,7800000,0,0,0,0,0,0,18600,1860000,-,59400,5940000,IDR,"September 10, 2026 04:42:06PM","September 10, 2026 05:22:45PM",2,2,delivery,Other,Other,-,18600,1860000,0,0,0,0,-,-,0,0,N/A
77118555,00153042776-C8ETGEM1TJTFLN,GF-557,GrabFood,,"""Herbox""",Greenville,"""1x Nasi Goreng Bintang Kuning Vegan Vegetarian""","""Nasi Goreng Special""","""N/A""",DELIVERED,35000,3500000,0,0,0,0,0,0,10000,1000000,-,25000,2500000,IDR,"September 10, 2026 04:06:27PM","September 10, 2026 04:40:45PM",1,1,delivery,Other,Other,-,10000,1000000,0,0,0,0,-,-,0,0,7 min 47 sec
77115873,00139256682-C8ETFCNKMFVACX,GF-366,GrabFood,,"""American Breakfast Club""",Greenville,"""1x 2 Pancakes - Blueberries, Butter, Maple Syrup""","""American Breakfast Pancakes""","""N/A""",DELIVERED,58000,5800000,0,0,0,0,0,0,11700,1170000,-,46300,4630000,IDR,"September 10, 2026 03:29:59PM","September 10, 2026 04:06:18PM",1,1,delivery,Other,Other,-,11700,1170000,0,0,0,0,-,-,0,0,N/A
77113002,00153805229-C8ETE3BJVND2WE,GF-994,GrabFood,,"""American Breakfast Club""",Kemang,"""1x Sandwich - 2 Scrambled Eggs melty cheddar cheese on a wavy brioche bun""","""American Breakfast Sandwiches""","""N/A""",DELIVERED,45000,4500000,0,0,0,0,0,0,9000,900000,-,36000,3600000,IDR,"September 10, 2026 02:47:21PM","September 10, 2026 05:47:25PM",1,1,delivery,Other,Other,-,9000,900000,0,0,0,0,-,-,0,0,N/A
77109657,001485044384-C8ETEPCCGAJAJE,GF-709,GrabFood,,"""American Breakfast Club""",Greenville,"""1x Burrito - Mock Beef, 2 Scrambled Eggs, Cheddar, Avocado, Tater Tots,""","""American Breakfast Burritos""","""N/A""",DELIVERED,68000,6800000,0,0,0,0,0,0,11200,1120000,-,56800,5680000,IDR,"September 10, 2026 01:57:33PM","September 10, 2026 02:30:40PM",1,1,delivery,Other,Other,-,11200,1120000,0,0,0,0,-,-,0,0,N/A
77107053,F-3352257368,3163,gofood,,"""Herbox""",Greenville,"""1x Katsu Wrap vegan Herbox, 1x Tater tots""","""Wrap Series,Sides""","""1x Tattertots""",DELIVERED,96200,9620000,0,0,0,0,4000,400000,43300,4330000,-,80715,8071500,IDR,"September 10, 2026 01:18:42PM","September 10, 2026 01:37:03PM",2,2,delivery,N/A,N/A,-,19485,1948500,23815,2381500,0,0,-,-,0,0,N/A
77105718,001383867110-C8ETEADEE8EUJA,GF-047,GrabFood,,"""American Breakfast Club""",Greenville,"""1x Burrito - Mock Beef, 2 Scrambled Eggs, Cheddar, Avocado, Tater Tots,""","""American Breakfast Burritos""","""N/A""",DELIVERED,68000,6800000,0,0,0,0,0,0,10200,1020000,-,57800,5780000,IDR,"September 10, 2026 01:01:39PM","September 10, 2026 01:31:19PM",1,1,delivery,Other,Other,-,10200,1020000,0,0,0,0,-,-,0,0,N/A
77103930,001419862168-C8ETDBMFJNEXRJ,GF-431,GrabFood,,"""American Breakfast Club""",Greenville,"""3x Tater Tots""","""Sides""","""N/A""",DELIVERED,114000,11400000,0,0,0,0,0,0,17100,1710000,-,96900,9690000,IDR,"September 10, 2026 12:38:38PM","September 10, 2026 01:01:21PM",3,1,delivery,Other,Other,-,17100,1710000,0,0,0,0,-,-,0,0,N/A
77102140,F-3352144450,7677,gofood,,"""Tyfel Coffee""",Kemang,"""1x Mock Katsu Sandwich, 1x Tater Tots With Truffle Oil, 1x Breakfast Burrito, 1x Mock Fish Burrito, 1x Mushroom Omelette-mushrooms,Spinach,Side Of Tater Tots""","""Breakfast Burritos,Breakfast Omlettes,Breakfast Sandwiches,Sides""","""N/A""",DELIVERED,290000,29000000,0,0,0,0,4000,400000,119000,11900000,-,240450,24045000,IDR,"September 10, 2026 11:53:44AM","September 10, 2026 01:14:13PM",5,5,delivery,N/A,N/A,-,53550,5355000,65450,6545000,0,0,-,-,0,0,N/A
77100417,F-3352149245,3869,gofood,,"""American Breakfast Club""",Greenville,"""1x Burrito - 2 Scrambled Eggs, Cheddar, Avocado, Tater Tots, 1x Home Fries With Truffle Oil, 1x 2 Pancakes - Blueberries, Butter, Maple Syrup""","""American Breakfast Pancakes,American Breakfast Burritos,Sides""","""N/A""",DELIVERED,123200,12320000,0,0,0,0,4000,400000,65500,6550000,-,102225,10222500,IDR,"September 10, 2026 11:57:00AM","September 10, 2026 12:30:39PM",3,3,delivery,N/A,N/A,-,24975,2497500,40525,4052500,0,0,-,-,0,0,5 min 4 sec
77098229,00106552445-C8ETCVDAJZBKN6,GF-794,GrabFood,,"""Herbox""",Greenville,"""1x Teriyaki Vegan Vegetarian Ricebox, 1x Nasi Goreng Bintang Kuning Vegan Vegetarian""","""Ricebox,Nasi Goreng Special""","""N/A""",DELIVERED,74000,7400000,0,0,0,0,0,0,17800,1780000,-,56200,5620000,IDR,"September 10, 2026 11:34:31AM","September 10, 2026 12:04:30PM",2,2,delivery,Other,Other,-,17800,1780000,0,0,0,0,-,-,0,0,9 min 43 sec
77098136,F-3352113506,5825,gofood,,"""American Breakfast Club""",Greenville,"""1x Burrito - Mock Beef, 2 Scrambled Eggs, Cheddar, Avocado, Tater Tots,""","""American Breakfast Burritos""","""1x Cutleries""",DELIVERED,55900,5590000,0,0,0,0,4000,400000,29600,2960000,-,51080,5108000,IDR,"September 10, 2026 11:32:58AM","September 10, 2026 11:48:11AM",1,1,delivery,N/A,N/A,-,8820,882000,20780,2078000,0,0,-,-,0,0,N/A
77098065,F-3352111545,6465,gofood,,"""American Breakfast Club""",Kemang,"""1x Burrito - Mock Katsu, 2 Scrambled Eggs, Cheddar, Avocado, Tater Tots""","""American Breakfast Burritos""","""N/A""",DELIVERED,68000,6800000,0,0,0,0,4000,400000,0,0,-,72000,7200000,IDR,"September 10, 2026 11:31:38AM","September 10, 2026 11:52:30AM",1,1,delivery,N/A,N/A,-,0,0,0,0,0,0,-,-,0,0,N/A
77097595,F-3352105130,3274,gofood,,"""American Breakfast Club""",Kemang,"""2x Egg burger - 2 Scrambled Eggs, Cheddar Cheese, Secret Sauce""","""American Breakfast Burger""","""N/A""",DELIVERED,90000,9000000,0,0,0,0,4000,400000,40500,4050000,-,75775,7577500,IDR,"September 10, 2026 11:27:30AM","September 10, 2026 12:08:04PM",2,1,delivery,N/A,N/A,-,18225,1822500,22275,2227500,0,0,-,-,0,0,N/A
77096420,00137688370-C8ETCP5XJ4A3GN,GF-615,GrabFood,,"""American Breakfast Club""",Greenville,"""1x Burrito - Mock Beef, 2 Scrambled Eggs, Cheddar, Avocado, Tater Tots,""","""American Breakfast Burritos""","""N/A""",DELIVERED,68000,6800000,0,0,0,0,0,0,13200,1320000,-,54800,5480000,IDR,"September 10, 2026 11:16:25AM","September 10, 2026 11:55:39AM",1,1,delivery,Other,Other,-,13200,1320000,0,0,0,0,-,-,0,0,14 min 19 sec
77093707,F-3352047238,8445,gofood,,"""American Breakfast Club""",Kemang,"""1x Burrito - Mock Beef, 2 Scrambled Eggs, Cheddar, Avocado, Tater Tots,""","""American Breakfast Burritos""","""N/A""",DELIVERED,68000,6800000,0,0,0,0,4000,400000,30400,3040000,-,62820,6282000,IDR,"September 10, 2026 10:48:36AM","September 10, 2026 11:10:56AM",1,1,delivery,N/A,N/A,-,9180,918000,21220,2122000,0,0,-,-,0,0,N/A
77090311,00146023237-C8ETBFMYN8L3RX,GF-265,GrabFood,,"""American Breakfast Club""",Kemang,"""1x Sandwich - 2 Scrambled Eggs melty cheddar cheese on a wavy brioche bun""","""American Breakfast Sandwiches""","""N/A""",DELIVERED,45000,4500000,0,0,0,0,0,0,9000,900000,-,36000,3600000,IDR,"September 10, 2026 10:06:28AM","September 10, 2026 10:39:08AM",1,1,delivery,Other,Other,-,9000,900000,0,0,0,0,-,-,0,0,N/A
77089501,001962352437-C8ETBB3JHCJJLN,GF-959,GrabFood,,"""American Breakfast Club""",Kemang,"""1x Sandwich - 2 Scrambled Eggs Mock Beef, Cheddar Cheese  on a wavy brioche bun, 1x Home Fries""","""American Breakfast Sandwiches,Sides""","""N/A""",DELIVERED,96000,9600000,0,0,0,0,0,0,11600,1160000,-,84400,8440000,IDR,"September 10, 2026 09:52:18AM","September 10, 2026 10:23:21AM",2,2,delivery,Other,Other,-,11600,1160000,0,0,0,0,-,-,0,0,N/A
77089040,F-3351975184,8625,gofood,,"""American Breakfast Club""",Kemang,"""1x Burrito - 2 Scrambled Eggs, Cheddar, Avocado, Tater Tots""","""American Breakfast Burritos""","""N/A""",DELIVERED,58000,5800000,0,0,0,0,4000,400000,10000,1000000,-,62000,6200000,IDR,"September 10, 2026 09:42:08AM","September 10, 2026 09:57:42AM",1,1,delivery,N/A,N/A,-,0,0,10000,1000000,0,0,-,-,0,0,N/A
77089036,001621385960-C8ETBALDEZK1AT,GF-983,GrabFood,,"""Herbox""",Greenville,"""1x Nasi Goreng Bintang Kuning Vegan Vegetarian, 1x Hygiene Cutleries, 1x Perfect mineral water ph 9""","""Nasi Goreng Special,Extra""","""1x Vegan Chicken Nugget""",DELIVERED,87000,8700000,0,0,0,0,0,0,7000,700000,-,80000,8000000,IDR,"September 10, 2026 09:42:34AM","September 10, 2026 09:58:52AM",3,3,delivery,Other,Other,-,7000,700000,0,0,0,0,-,-,0,0,N/A
77087753,F-3351954185,2465,gofood,,"""American Breakfast Club""",Greenville,"""1x Burrito - Mock Fish, 2 Scrambled Eggs, Cheddar, Avocado, Tater Tots,, 1x Mushroom Omelette - Mushrooms, Spinach, Side Tater Tots""","""American Breakfast Burritos,American Breakfast Omelettes""","""N/A""",DELIVERED,108800,10880000,0,0,0,0,4000,400000,40000,4000000,-,112800,11280000,IDR,"September 10, 2026 09:15:21AM","September 10, 2026 09:39:48AM",2,2,delivery,N/A,N/A,-,0,0,40000,4000000,0,0,-,-,0,0,N/A
77087212,0017694998-C8ETAY4DAGKYV6,GF-175,GrabFood,,"""People Pasta""",Greenville,"""1x Cacio e Pepe - Vegetarian - Plantbased, 1x Meat-less Burger - Vegan""","""Meatless Burgers,Signature Pasta""","""1x Fusili""",DELIVERED,93000,9300000,0,0,0,0,0,0,18400,1840000,-,74600,7460000,IDR,"September 10, 2026 09:02:33AM","September 10, 2026 09:43:19AM",2,2,delivery,Other,Other,-,18400,1840000,0,0,0,0,-,-,0,0,24 min 24 sec
77086918,F-3351939366,1537,gofood,,"""American Breakfast Club""",Kemang,"""2x Burrito - Mock Chicken, 2 Scrambled Eggs, Cheddar, Avocado, Tater Tots""","""American Breakfast Burritos""","""N/A""",DELIVERED,136000,13600000,0,0,0,0,4000,400000,0,0,-,140000,14000000,IDR,"September 10, 2026 08:53:22AM","September 10, 2026 09:13:58AM",2,1,delivery,N/A,N/A,-,0,0,0,0,0,0,-,-,0,0,N/A
77086857,F-3351937846,6666,gofood,,"""American Breakfast Club""",Greenville,"""2x Home Fries""","""Sides""","""N/A""",DELIVERED,44800,4480000,0,0,0,0,4000,400000,10000,1000000,-,48800,4880000,IDR,"September 10, 2026 08:50:51AM","September 10, 2026 09:09:13AM",2,1,delivery,N/A,N/A,-,0,0,10000,1000000,0,0,-,-,0,0,N/A
77086791,00173924124-C8ETAVL1JZMHN6,GF-113,GrabFood,,"""American Breakfast Club""",Greenville,"""1x Burrito - 2 Scrambled Eggs, Cheddar, Avocado, Tater Tots""","""American Breakfast Burritos""","""N/A""",DELIVERED,58000,5800000,0,0,0,0,0,0,11700,1170000,-,46300,4630000,IDR,"September 10, 2026 08:49:27AM","September 10, 2026 09:18:56AM",1,1,delivery,Other,Other,-,11700,1170000,0,0,0,0,-,-,0,0,N/A
77086735,00131769800-C8ETAVCHTJ6JWE,GF-257,GrabFood,,"""American Breakfast Club""",Greenville,"""1x Mushroom Omelette - Mushrooms, Spinach, Side Tater Tots, 1x Sandwich - 2 Scrambled Eggs, Mock Chicken, Cheddar Cheese Mix, Brioche Bun""","""American Breakfast Omelettes,American Breakfast Sandwiches""","""N/A""",DELIVERED,126000,12600000,0,0,0,0,0,0,18900,1890000,-,107100,10710000,IDR,"September 10, 2026 08:47:39AM","September 10, 2026 09:16:25AM",2,2,delivery,Other,Other,-,18900,1890000,0,0,0,0,-,-,0,0,N/A
77086673,001493334392-C8ETAU3TCPJCEN,GF-944,GrabFood,,"""Herbox""",Greenville,"""1x Kung Paow Chick Vegan Vegetarian Ricebox""","""Ricebox""","""1x Sendok, Garpu, Tissue, Tusuk Gigi""",DELIVERED,40500,4050000,0,0,0,0,0,0,10800,1080000,-,29700,2970000,IDR,"September 10, 2026 08:45:39AM","September 10, 2026 09:19:19AM",1,1,delivery,Other,Other,-,10800,1080000,0,0,0,0,-,-,0,0,8 min 8 sec
77086596,00157543352-C8ETAUMANX6UJT,GF-276,GrabFood,,"""American Breakfast Club""",Kemang,"""1x Burrito - 2 Scrambled Eggs, Cheddar, Avocado, Tater Tots""","""American Breakfast Burritos""","""N/A""",DELIVERED,58000,5800000,0,0,0,0,0,0,11600,1160000,-,46400,4640000,IDR,"September 10, 2026 08:42:50AM","September 10, 2026 09:08:01AM",1,1,delivery,Other,Other,-,11600,1160000,0,0,0,0,-,-,0,0,N/A
77086268,0011834542-C8ETARD1AJE2GX,GF-575,GrabFood,,"""American Breakfast Club""",Kemang,"""1x Burrito - 2 Scrambled Eggs, Cheddar, Avocado, Tater Tots, 5x Cutleries""","""American Breakfast Burritos""","""1x Cutleries""",DELIVERED,61600,6160000,0,0,0,0,0,0,11600,1160000,-,50000,5000000,IDR,"September 10, 2026 08:31:29AM","September 10, 2026 09:03:55AM",6,2,delivery,Other,Other,-,11600,1160000,0,0,0,0,-,-,0,0,N/A
77086154,001641583922-C8ETAPUXCJJCME,GF-435,GrabFood,,"""American Breakfast Club""",Greenville,"""1x Sandwich - 2 Scrambled Eggs melty cheddar cheese on a wavy brioche bun""","""American Breakfast Sandwiches""","""1x Tatter Tots""",DELIVERED,75000,7500000,0,0,0,0,0,0,6750,675000,-,68250,6825000,IDR,"September 10, 2026 08:27:24AM","September 10, 2026 08:42:15AM",1,1,delivery,Other,Other,-,6750,675000,0,0,0,0,-,-,0,0,N/A
77085953,00156085692-C8ETANL2FBKUJE,GF-329,GrabFood,,"""American Breakfast Club""",Kemang,"""1x Cheese Omelette - Side Tater Tots""","""American Breakfast Omelettes""","""1x Cutleries""",DELIVERED,58600,5860000,0,0,0,0,0,0,11600,1160000,-,47000,4700000,IDR,"September 10, 2026 08:19:29AM","September 10, 2026 09:02:04AM",1,1,delivery,Other,Other,-,11600,1160000,0,0,0,0,-,-,0,0,N/A
77085860,F-3351917785,6961,gofood,,"""Tyfel Coffee""",Kemang,"""1x Mock Chicken Sandwich, 1x Tater Tots With Truffle Oil, 1x Mock Katsu Burrito, 1x Mock Fish Sandwich""","""Breakfast Burritos,Breakfast Sandwiches,Sides""","""N/A""",DELIVERED,232000,23200000,0,0,0,0,4000,400000,10000,1000000,-,236000,23600000,IDR,"September 10, 2026 08:14:58AM","September 10, 2026 09:07:29AM",4,4,delivery,N/A,N/A,-,0,0,10000,1000000,0,0,-,-,0,0,N/A
77085661,001759703616-C8ETAKKCPGC1J2,GF-544,GrabFood,,"""American Breakfast Club""",Greenville,"""1x Mushroom Omelette - Mushrooms, Spinach, Side Tater Tots""","""American Breakfast Omelettes""","""1x Cutleries""",DELIVERED,69500,6950000,0,0,0,0,0,0,10200,1020000,-,59300,5930000,IDR,"September 10, 2026 08:08:52AM","September 10, 2026 08:38:46AM",1,1,delivery,Other,Other,-,10200,1020000,0,0,0,0,-,-,0,0,N/A
77085655,F-3351914233,9292,gofood,,"""American Breakfast Club""",Greenville,"""1x Burrito - 2 Scrambled Eggs, Cheddar, Avocado, Tater Tots""","""American Breakfast Burritos""","""N/A""",DELIVERED,46400,4640000,0,0,0,0,4000,400000,0,0,-,50400,5040000,IDR,"September 10, 2026 08:08:05AM","September 10, 2026 08:42:45AM",1,1,delivery,N/A,N/A,-,0,0,0,0,0,0,-,-,0,0,N/A
77085472,F-3351910500,2337,gofood,,"""American Breakfast Club""",Kemang,"""1x Egg burger - 2 Scrambled Eggs, Cheddar Cheese, Secret Sauce""","""American Breakfast Burger""","""N/A""",DELIVERED,45000,4500000,0,0,0,0,4000,400000,0,0,-,49000,4900000,IDR,"September 10, 2026 08:00:24AM","September 10, 2026 08:19:28AM",1,1,delivery,N/A,N/A,-,0,0,0,0,0,0,-,-,0,0,N/A
77085466,00185897043-C8ETAJBYR8DBT2,GF-920,GrabFood,,"""American Breakfast Club""",Greenville,"""1x Sandwich - 2 Scrambled Eggs, Mock Chicken, Cheddar Cheese Mix, Brioche Bun""","""American Breakfast Sandwiches""","""N/A""",DELIVERED,58000,5800000,0,0,0,0,0,0,8700,870000,-,49300,4930000,IDR,"September 10, 2026 08:00:47AM","September 10, 2026 08:14:46AM",1,1,delivery,Other,Other,-,8700,870000,0,0,0,0,-,-,0,0,N/A
77085407,F-3351909286,8655,gofood,,"""American Breakfast Club""",Kemang,"""1x Katsu Egg burger - Patties, 2 Scrambled Eggs, Cheddar Cheese, Secret Sauce, 1x Burrito - 2 Scrambled Eggs, Cheddar, Avocado, Tater Tots""","""American Breakfast Burritos,American Breakfast Burger""","""2x Cutleries""",DELIVERED,117200,11720000,0,0,0,0,4000,400000,62800,6280000,-,97440,9744000,IDR,"September 10, 2026 07:57:29AM","September 10, 2026 08:25:27AM",2,2,delivery,N/A,N/A,-,23760,2376000,39040,3904000,0,0,-,-,0,0,N/A
77085314,F-3351904370,9531,gofood,,"""Tyfel Coffee""",Kemang,"""1x Breakfast Burrito""","""Breakfast Burritos""","""N/A""",DELIVERED,58000,5800000,0,0,0,0,4000,400000,17400,1740000,-,54170,5417000,IDR,"September 10, 2026 07:45:15AM","September 10, 2026 08:10:32AM",1,1,delivery,N/A,N/A,-,7830,783000,9570,957000,0,0,-,-,0,0,N/A
77085280,00174141955-C8ETAFLAT3TESA,GF-391,GrabFood,,"""American Breakfast Club""",Greenville,"""1x Cheese Omelette - Side Tater Tots""","""American Breakfast Omelettes""","""1x Chick Nugget""",DELIVERED,93000,9300000,0,0,0,0,0,0,8700,870000,-,84300,8430000,IDR,"September 10, 2026 07:52:31AM","September 10, 2026 08:26:10AM",1,1,delivery,Other,Other,-,8700,870000,0,0,0,0,-,-,0,0,N/A
77085082,001764442595-C8ETACBCNLEGKE,GF-658,GrabFood,,"""American Breakfast Club""",Kemang,"""1x Mushroom Omelette - Mushrooms, Spinach, Side Tater Tots""","""American Breakfast Omelettes""","""1x Cutleries""",DELIVERED,68600,6860000,0,0,0,0,0,0,13600,1360000,-,55000,5500000,IDR,"September 10, 2026 07:40:32AM","September 10, 2026 08:46:00AM",1,1,delivery,Other,Other,-,13600,1360000,0,0,0,0,-,-,0,0,N/A
77085061,F-3351901018,8542,gofood,,"""American Breakfast Club""",Kemang,"""1x Burrito - 2 Scrambled Eggs, Cheddar, Avocado, Tater Tots""","""American Breakfast Burritos""","""N/A""",DELIVERED,58000,5800000,0,0,0,0,4000,400000,12500,1250000,-,62000,6200000,IDR,"September 10, 2026 07:36:29AM","September 10, 2026 08:11:39AM",1,1,delivery,N/A,N/A,-,0,0,12500,1250000,0,0,-,-,0,0,N/A
77084883,F-3351898980,7799,gofood,,"""American Breakfast Club""",Kemang,"""1x Home Fries, 1x Egg burger - 2 Scrambled Eggs, Cheddar Cheese, Secret Sauce, 1x Cheese Omelette - Side Tater Tots""","""American Breakfast Burger,American Breakfast Omelettes,Sides""","""N/A""",DELIVERED,131000,13100000,0,0,0,0,4000,400000,69000,6900000,-,108450,10845000,IDR,"September 10, 2026 07:30:54AM","September 10, 2026 08:00:07AM",3,3,delivery,N/A,N/A,-,26550,2655000,42450,4245000,0,0,-,-,0,0,N/A
77084683,F-3351895245,2524,gofood,,"""American Breakfast Club""",Greenville,"""1x Burrito - 2 Scrambled Eggs, Cheddar, Avocado, Tater Tots, 1x Cheese Omelette - Side Tater Tots""","""American Breakfast Burritos,American Breakfast Omelettes""","""N/A""",DELIVERED,92800,9280000,0,0,0,0,4000,400000,0,0,-,96800,9680000,IDR,"September 10, 2026 07:20:09AM","September 10, 2026 08:00:54AM",2,2,delivery,N/A,N/A,-,0,0,0,0,0,0,-,-,0,0,N/A
77083946,001168916691-C8EKV35FL7VWEA,GF-412,GrabFood,,"""American Breakfast Club""",Greenville,"""1x Cutleries, 1x Sandwich - 2 Scrambled Eggs Mock Beef, Cheddar Cheese  on a wavy brioche bun""","""American Breakfast Sandwiches,Cutleries""","""1x Tatter Tots""",DELIVERED,89000,8900000,0,0,0,0,0,0,8700,870000,-,80300,8030000,IDR,"September 10, 2026 06:32:57AM","September 10, 2026 06:59:06AM",2,2,delivery,Other,Other,-,8700,870000,0,0,0,0,-,-,0,0,N/A
77064823,00105496677-C8EKMBDUJ6W3RT,GF-925,GrabFood,,"""People Pasta""",Greenville,"""1x Chicken Nugget - Vegan, 1x Vegan Chicken Crispy Burger""","""Meatless Burgers""","""N/A""",DELIVERED,84000,8400000,0,0,0,0,0,0,16800,1680000,-,67200,6720000,IDR,"September 09, 2026 07:54:41PM","September 09, 2026 09:00:30PM",2,2,delivery,Other,Other,-,16800,1680000,0,0,0,0,-,-,0,0,10 min 12 sec
77063890,F-3351652728,1221,gofood,,"""Herbox""",Greenville,"""1x Nasi Putih, 1x Vegan Chickin Nugget, 1x Perfect mineral water ph 9""","""Extra,Sides""","""N/A""",DELIVERED,57000,5700000,0,0,0,0,4000,400000,0,0,-,61000,6100000,IDR,"September 09, 2026 07:45:02PM","September 09, 2026 08:20:44PM",3,3,delivery,N/A,N/A,-,0,0,0,0,0,0,-,-,0,0,N/A
77039405,0019721874-C8EKJP2VC26EEN,GF-954,GrabFood,,"""American Breakfast Club""",Greenville,"""1x Burrito - Mock Beef, 2 Scrambled Eggs, Cheddar, Avocado, Tater Tots,""","""American Breakfast Burritos""","""N/A""",DELIVERED,68000,6800000,0,0,0,0,0,0,10200,1020000,-,57800,5780000,IDR,"September 09, 2026 03:48:43PM","September 09, 2026 04:13:28PM",1,1,delivery,Other,Other,-,10200,1020000,0,0,0,0,-,-,0,0,N/A
77038050,001295766653-C8EKJK2HTRKWLX,GF-527,GrabFood,,"""Herbox""",Greenville,"""1x Nasi Goreng Sedap Malam Vegan Vegetarian, 1x Nasi Goreng Bulan Merah Vegan Vegetarian""","""Nasi Goreng Special""","""N/A""",DELIVERED,70000,7000000,0,0,0,0,0,0,14000,1400000,-,56000,5600000,IDR,"September 09, 2026 03:31:59PM","September 09, 2026 03:57:42PM",2,2,delivery,Other,Other,-,14000,1400000,0,0,0,0,-,-,0,0,N/A
77036762,F-3351291514,6238,gofood,,"""American Breakfast Club""",Greenville,"""1x Cheese Omelette - Side Tater Tots, 1x Burrito - 2 Scrambled Eggs, Cheddar, Avocado, Tater Tots, 1x Home Fries With Truffle Oil, 1x Tater Tots""","""American Breakfast Omelettes,American Breakfast Burritos,Sides""","""N/A""",DELIVERED,145600,14560000,0,0,0,0,4000,400000,65600,6560000,-,120080,12008000,IDR,"September 09, 2026 03:13:59PM","September 09, 2026 03:55:24PM",4,4,delivery,N/A,N/A,-,29520,2952000,36080,3608000,0,0,-,-,0,0,1 min 54 sec
77035044,00145134447-C8EKJAWZDCLYTJ,GF-934,GrabFood,,"""American Breakfast Club""",Greenville,"""2x Burrito - 2 Scrambled Eggs, Cheddar, Avocado, Tater Tots""","""American Breakfast Burritos""","""N/A""",DELIVERED,116000,11600000,0,0,0,0,0,0,20400,2040000,-,95600,9560000,IDR,"September 09, 2026 02:51:27PM","September 09, 2026 03:04:56PM",2,1,delivery,Other,Other,-,20400,2040000,0,0,0,0,-,-,0,0,N/A
77032962,001652838665-C8EKHBLFL6VJN6,GF-845,GrabFood,,"""People Pasta""",Greenville,"""1x Vegan Chicken Crispy Burger, 1x Tattert Tots, 1x Home Fries""","""Meatless Burgers""","""N/A""",DELIVERED,102000,10200000,0,0,0,0,0,0,40536,4053600,-,61464,6146400,IDR,"September 09, 2026 02:22:36PM","September 09, 2026 02:51:31PM",3,3,delivery,Other,Other,-,40536,4053600,0,0,0,0,-,-,0,0,20 min 23 sec
77030566,F-3351202224,8643,gofood,,"""Herbox""",Greenville,"""2x Pesmol Vegan Vegetarian Ricebox""","""Ricebox""","""N/A""",DELIVERED,62400,6240000,0,0,0,0,4000,400000,0,0,-,66400,6640000,IDR,"September 09, 2026 01:48:45PM","September 09, 2026 02:42:46PM",2,1,delivery,N/A,N/A,-,0,0,0,0,0,0,-,-,0,0,N/A
77029877,001090911732-C8EKG2AZVAJHAE,GF-785,GrabFood,,"""American Breakfast Club""",Greenville,"""1x Burrito - 2 Scrambled Eggs, Cheddar, Avocado, Tater Tots""","""American Breakfast Burritos""","""1x Cutleries""",DELIVERED,59500,5950000,0,0,0,0,0,0,8700,870000,-,50800,5080000,IDR,"September 09, 2026 01:40:26PM","September 09, 2026 02:04:44PM",1,1,delivery,Other,Other,-,8700,870000,0,0,0,0,-,-,0,0,N/A
77026484,00174076836-C8EKGPBBNPB2NX,GF-089,GrabFood,,"""Herbox""",Greenville,"""2x Pesmol Vegan Vegetarian Ricebox""","""Ricebox""","""N/A""",DELIVERED,78000,7800000,0,0,0,0,0,0,15600,1560000,-,62400,6240000,IDR,"September 09, 2026 12:57:11PM","September 09, 2026 01:51:52PM",2,1,delivery,Other,Other,-,15600,1560000,0,0,0,0,-,-,0,0,N/A
77020330,F-3351039197,5277,gofood,,"""American Breakfast Club""",Greenville,"""1x Tater Tots With Truffle Oil, 1x Burrito - 2 Scrambled Eggs, Cheddar, Avocado, Tater Tots, 1x Mushroom Omelette - Mushrooms, Spinach, Side Tater Tots, 1x 2 Pancakes - Chocolate Chips, Butter, Maple Syrup""","""American Breakfast Omelettes,American Breakfast Pancakes,Sides,American Breakfast Burritos""","""N/A""",DELIVERED,177600,17760000,0,0,0,0,4000,400000,80000,8000000,-,145600,14560000,IDR,"September 09, 2026 11:47:38AM","September 09, 2026 12:40:09PM",4,4,delivery,N/A,N/A,-,36000,3600000,44000,4400000,0,0,-,-,0,0,N/A
77015720,F-3350966822,8562,gofood,,"""American Breakfast Club""",Greenville,"""1x Cheese Omelette - Side Tater Tots""","""American Breakfast Omelettes""","""N/A""",DELIVERED,46400,4640000,0,0,0,0,4000,400000,0,0,-,50400,5040000,IDR,"September 09, 2026 11:02:16AM","September 09, 2026 11:31:32AM",1,1,delivery,N/A,N/A,-,0,0,0,0,0,0,-,-,0,0,6 min 13 sec
77014947,00180837218-C8EKE2EULX6YCT,GF-799,GrabFood,,"""American Breakfast Club""",Greenville,"""1x Burrito - Mock Chicken, 2 Scrambled Eggs, Cheddar, Avocado, Tater Tots, 1x Mushroom Omelette - Mushrooms, Spinach, Side Tater Tots""","""American Breakfast Burritos,American Breakfast Omelettes""","""N/A""",DELIVERED,136000,13600000,0,0,0,0,0,0,20400,2040000,-,115600,11560000,IDR,"September 09, 2026 10:55:05AM","September 09, 2026 11:17:56AM",2,2,delivery,Other,Other,-,20400,2040000,0,0,0,0,-,-,0,0,N/A
77011271,001974889528-C8EKEKAYPF4ALT,GF-176,GrabFood,,"""Tyfel Coffee""",Greenville,"""1x Potato Nugget - Truffle Vegan Plantbased, 1x Tyfel Burritos - Vegan""","""Lite Bites""","""N/A""",DELIVERED,83000,8300000,0,0,0,0,0,0,19600,1960000,-,63400,6340000,IDR,"September 09, 2026 10:11:02AM","September 09, 2026 10:58:13AM",2,2,delivery,Other,Other,-,19600,1960000,0,0,0,0,-,-,0,0,N/A
77011035,0013096857-C8EKENVDRCJYRT,GF-364,GrabFood,,"""Herbox""",Greenville,"""1x Fish Burger Vegan, 1x Lauk size Regular Vegan Vegetarian, 1x Perfect mineral water ph 9, 1x Teriyaki Vegan Vegetarian Ricebox, 1x Lada Hitam Blackpepper Vegan Vegetarian Ricebox""","""Ricebox,Vegan Burger,Lauk Only,Extra""","""1x Vegan Chicken Nugget""",DELIVERED,247000,24700000,0,0,0,0,0,0,30400,3040000,-,216600,21660000,IDR,"September 09, 2026 10:07:34AM","September 09, 2026 10:59:17AM",5,5,delivery,Other,Other,-,30400,3040000,0,0,0,0,-,-,0,0,24 min 24 sec
77010632,F-3350888750,4274,gofood,,"""American Breakfast Club""",Kemang,"""1x 2 Pancakes - Blueberries, Butter, Maple Syrup""","""American Breakfast Pancakes""","""N/A""",DELIVERED,58000,5800000,0,0,0,0,4000,400000,10000,1000000,-,62000,6200000,IDR,"September 09, 2026 10:01:22AM","September 09, 2026 10:22:33AM",1,1,delivery,N/A,N/A,-,0,0,10000,1000000,0,0,-,-,0,0,N/A
77010084,00150027921-C8EKEJ52JJKBRA,GF-392,GrabFood,,"""American Breakfast Club""",Kemang,"""1x Burrito - 2 Scrambled Eggs, Cheddar, Avocado, Tater Tots""","""American Breakfast Burritos""","""N/A""",DELIVERED,58000,5800000,0,0,0,0,0,0,11600,1160000,-,46400,4640000,IDR,"September 09, 2026 09:53:32AM","September 09, 2026 10:22:00AM",1,1,delivery,Other,Other,-,11600,1160000,0,0,0,0,-,-,0,0,N/A
77009505,0017950423-C8EKEF6AEKK1FE,GF-025,GrabFood,,"""American Breakfast Club""",Kemang,"""1x Burrito - 2 Scrambled Eggs, Cheddar, Avocado, Tater Tots""","""American Breakfast Burritos""","""N/A""",DELIVERED,58000,5800000,0,0,0,0,0,0,11600,1160000,-,46400,4640000,IDR,"September 09, 2026 09:43:10AM","September 09, 2026 10:07:29AM",1,1,delivery,Other,Other,-,11600,1160000,0,0,0,0,-,-,0,0,N/A
77008567,001221919720-C8EKEBUVVXXDA6,GF-445,GrabFood,,"""Herbox""",Greenville,"""1x Kung Paow Chick Vegan Vegetarian Ricebox""","""Ricebox""","""1x Sendok, Garpu, Tissue, Tusuk Gigi""",DELIVERED,40500,4050000,0,0,0,0,0,0,7800,780000,-,32700,3270000,IDR,"September 09, 2026 09:24:02AM","September 09, 2026 10:01:39AM",1,1,delivery,Other,Other,-,7800,780000,0,0,0,0,-,-,0,0,17 min 41 sec
77008180,0015169030-C8EKEAKVGNK2TX,GF-326,GrabFood,,"""American Breakfast Club""",Kemang,"""1x Cheese Omelette - Side Tater Tots""","""American Breakfast Omelettes""","""N/A""",DELIVERED,58000,5800000,0,0,0,0,0,0,11600,1160000,-,46400,4640000,IDR,"September 09, 2026 09:15:43AM","September 09, 2026 09:47:59AM",1,1,delivery,Other,Other,-,11600,1160000,0,0,0,0,-,-,0,0,N/A
77008140,00133744020-C8EKEADTG36CN6,GF-125,GrabFood,,"""American Breakfast Club""",Greenville,"""1x Cheese Omelette - Side Tater Tots, 1x Mushroom Omelette - Mushrooms, Spinach, Side Tater Tots, 1x Sandwich - 2 Scrambled Eggs melty cheddar cheese on a wavy brioche bun""","""American Breakfast Omelettes,American Breakfast Sandwiches""","""N/A""",DELIVERED,171000,17100000,0,0,0,0,0,0,25650,2565000,-,145350,14535000,IDR,"September 09, 2026 09:14:40AM","September 09, 2026 09:44:21AM",3,3,delivery,Other,Other,-,25650,2565000,0,0,0,0,-,-,0,0,25 min 15 sec
77008095,001607300898-C8EKEAAEABDUEA,GF-414,GrabFood,,"""American Breakfast Club""",Kemang,"""1x Burrito - Mock Chicken, 2 Scrambled Eggs, Cheddar, Avocado, Tater Tots, 1x Cheese Omelette - Side Tater Tots""","""American Breakfast Burritos,American Breakfast Omelettes""","""N/A""",DELIVERED,126000,12600000,0,0,0,0,0,0,11600,1160000,-,114400,11440000,IDR,"September 09, 2026 09:13:35AM","September 09, 2026 10:15:44AM",2,2,delivery,Other,Other,-,11600,1160000,0,0,0,0,-,-,0,0,N/A
77008065,001635404452-C8EKDGLYTE4XVJ,GF-734,GrabFood,,"""People Pasta""",Greenville,"""1x Vegan Chicken Crispy Burger, 1x Bolognese - Vegan Friendly - Vegetarian - Plantbase, 1x Chicken Nugget - Vegan, 1x Tattert Tots""","""Signature Pasta,Meatless Burgers""","""1x Fusili""",DELIVERED,156000,15600000,0,0,0,0,0,0,34000,3400000,-,122000,12200000,IDR,"September 09, 2026 09:12:46AM","September 09, 2026 10:27:15AM",4,4,delivery,Other,Other,-,34000,3400000,0,0,0,0,-,-,0,0,27 min 5 sec
77007934,001933082052-C8EKDF5CE3JTSA,GF-154,GrabFood,,"""American Breakfast Club""",Greenville,"""2x Cheese Omelette - Side Tater Tots""","""American Breakfast Omelettes""","""2x Tatter Tots""",DELIVERED,176000,17600000,0,0,0,0,0,0,20400,2040000,-,155600,15560000,IDR,"September 09, 2026 09:09:32AM","September 09, 2026 09:52:35AM",2,1,delivery,Other,Other,-,20400,2040000,0,0,0,0,-,-,0,0,30 min 28 sec
77007435,001400642560-C8EKDCJUN7BUGA,GF-916,GrabFood,,"""American Breakfast Club""",Kemang,"""1x Burrito - 2 Scrambled Eggs, Cheddar, Avocado, Tater Tots""","""American Breakfast Burritos""","""N/A""",DELIVERED,58000,5800000,0,0,0,0,0,0,11600,1160000,-,46400,4640000,IDR,"September 09, 2026 08:55:24AM","September 09, 2026 09:43:42AM",1,1,delivery,Other,Other,-,11600,1160000,0,0,0,0,-,-,0,0,N/A
77007360,00146647837-C8EKDB6DT8JWCA,GF-494,GrabFood,,"""American Breakfast Club""",Greenville,"""1x Burrito - 2 Scrambled Eggs, Cheddar, Avocado, Tater Tots""","""American Breakfast Burritos""","""N/A""",DELIVERED,58000,5800000,0,0,0,0,0,0,11700,1170000,-,46300,4630000,IDR,"September 09, 2026 08:53:13AM","September 09, 2026 09:28:08AM",1,1,delivery,Other,Other,-,11700,1170000,0,0,0,0,-,-,0,0,N/A
77007120,0014674009-C8EKDA4ACUTFPE,GF-068,GrabFood,,"""American Breakfast Club""",Kemang,"""1x Burrito - 2 Scrambled Eggs, Cheddar, Avocado, Tater Tots, 5x Cutleries""","""American Breakfast Burritos""","""1x Cutleries""",DELIVERED,61600,6160000,0,0,0,0,0,0,11600,1160000,-,50000,5000000,IDR,"September 09, 2026 08:45:52AM","September 09, 2026 09:15:15AM",6,2,delivery,Other,Other,-,11600,1160000,0,0,0,0,-,-,0,0,N/A
77007107,001079046850-C8EKDA3CJ2MWRJ,GF-831,GrabFood,,"""American Breakfast Club""",Greenville,"""1x Burrito - 2 Scrambled Eggs, Cheddar, Avocado, Tater Tots""","""American Breakfast Burritos""","""1x Tatter Tots""",DELIVERED,88000,8800000,0,0,0,0,0,0,8700,870000,-,79300,7930000,IDR,"September 09, 2026 08:45:32AM","September 09, 2026 09:05:20AM",1,1,delivery,Other,Other,-,8700,870000,0,0,0,0,-,-,0,0,N/A
77006265,001062558848-C8EKC3NUJNX3AE,GF-859,GrabFood,,"""American Breakfast Club""",Greenville,"""1x Cheese Omelette - Side Tater Tots""","""American Breakfast Omelettes""","""1x Cutleries""",DELIVERED,59500,5950000,0,0,0,0,0,0,8700,870000,-,50800,5080000,IDR,"September 09, 2026 08:16:41AM","September 09, 2026 08:37:14AM",1,1,delivery,Other,Other,-,8700,870000,0,0,0,0,-,-,0,0,6 min 34 sec
77006162,0017269328-C8EKC25YRZLBR2,GF-388,GrabFood,,"""American Breakfast Club""",Kemang,"""1x Burrito - Mock Beef, 2 Scrambled Eggs, Cheddar, Avocado, Tater Tots,""","""American Breakfast Burritos""","""N/A""",DELIVERED,68000,6800000,0,0,0,0,0,0,0,0,-,68000,6800000,IDR,"September 09, 2026 08:13:05AM","September 09, 2026 08:42:32AM",1,1,delivery,Other,Other,-,0,0,0,0,0,0,-,-,0,0,N/A
77006002,F-3350807852,5517,gofood,,"""American Breakfast Club""",Kemang,"""1x Home Fries, 1x Mushroom Omelette - Mushrooms, Spinach, Side Tater Tots""","""Sides,American Breakfast Omelettes""","""N/A""",DELIVERED,96000,9600000,0,0,0,0,4000,400000,10000,1000000,-,100000,10000000,IDR,"September 09, 2026 08:06:45AM","September 09, 2026 08:28:11AM",2,2,delivery,N/A,N/A,-,0,0,10000,1000000,0,0,-,-,0,0,N/A
77005821,0013400827-C8EKCYVXGBUXGN,GF-727,GrabFood,,"""American Breakfast Club""",Kemang,"""1x Mushroom Omelette - Mushrooms, Spinach, Side Tater Tots""","""American Breakfast Omelettes""","""1x Tatter Tots""",DELIVERED,98000,9800000,0,0,0,0,0,0,13600,1360000,-,84400,8440000,IDR,"September 09, 2026 08:01:04AM","September 09, 2026 08:42:03AM",1,1,delivery,Other,Other,-,13600,1360000,0,0,0,0,-,-,0,0,N/A
77005655,00144473171-C8EKCXT2VX6GGT,GF-798,GrabFood,,"""American Breakfast Club""",Kemang,"""1x Burrito - Mock Beef, 2 Scrambled Eggs, Cheddar, Avocado, Tater Tots,, 1x Burrito - Mock Chicken, 2 Scrambled Eggs, Cheddar, Avocado, Tater Tots""","""American Breakfast Burritos""","""N/A""",DELIVERED,136000,13600000,0,0,0,0,0,0,0,0,-,136000,13600000,IDR,"September 09, 2026 07:53:49AM","September 09, 2026 08:41:56AM",2,2,delivery,Other,Other,-,0,0,0,0,0,0,-,-,0,0,N/A
77005615,0016423078-C8EKCXJGRFDBV2,GF-868,GrabFood,,"""American Breakfast Club""",Greenville,"""1x Sandwich - 2 Scrambled Eggs melty cheddar cheese on a wavy brioche bun""","""American Breakfast Sandwiches""","""1x Cutleries""",DELIVERED,46500,4650000,0,0,0,0,0,0,9750,975000,-,36750,3675000,IDR,"September 09, 2026 07:51:56AM","September 09, 2026 08:23:11AM",1,1,delivery,Other,Other,-,9750,975000,0,0,0,0,-,-,0,0,17 min 28 sec
77004734,F-3350783014,3637,gofood,,"""American Breakfast Club""",Greenville,"""1x Burrito - 2 Scrambled Eggs, Cheddar, Avocado, Tater Tots, 1x Cheese Omelette - Side Tater Tots""","""American Breakfast Burritos,American Breakfast Omelettes""","""N/A""",DELIVERED,92800,9280000,0,0,0,0,4000,400000,0,0,-,96800,9680000,IDR,"September 09, 2026 07:02:18AM","September 09, 2026 07:48:09AM",2,2,delivery,N/A,N/A,-,0,0,0,0,0,0,-,-,0,0,N/A
77004687,F-3350781907,7655,gofood,,"""American Breakfast Club""",Greenville,"""1x Burrito - 2 Scrambled Eggs, Cheddar, Avocado, Tater Tots""","""American Breakfast Burritos""","""N/A""",DELIVERED,46400,4640000,0,0,0,0,4000,400000,0,0,-,50400,5040000,IDR,"September 09, 2026 06:58:24AM","September 09, 2026 07:59:15AM",1,1,delivery,N/A,N/A,-,0,0,0,0,0,0,-,-,0,0,N/A
77004622,F-3350780871,7324,gofood,,"""Tyfel Coffee""",Greenville,"""1x Mock Fish Sandwich, 1x Mushroom Omelette-mushrooms,Spinach,Side Of Tater Tots""","""Breakfast Sandwiches,Breakfast Omlettes""","""N/A""",DELIVERED,126000,12600000,0,0,0,0,4000,400000,56700,5670000,-,104485,10448500,IDR,"September 09, 2026 06:54:19AM","September 09, 2026 08:02:14AM",2,2,delivery,N/A,N/A,-,25515,2551500,31185,3118500,0,0,-,-,0,0,N/A
77004257,00198575855-C8EKCABTCNUWC6,GF-360,GrabFood,,"""American Breakfast Club""",Greenville,"""5x Sandwich - 2 Scrambled Eggs melty cheddar cheese on a wavy brioche bun, 3x Tater Tots With Truffle Oil""","""American Breakfast Sandwiches,Sides""","""N/A""",DELIVERED,369000,36900000,0,0,0,0,0,0,55350,5535000,-,313650,31365000,IDR,"September 09, 2026 06:27:22AM","September 09, 2026 07:24:43AM",8,2,delivery,Other,Other,-,55350,5535000,0,0,0,0,-,-,0,0,N/A
76991230,0018700080-C8EJRY3ADE3VGE,GF-171,GrabFood,,"""American Breakfast Club""",Greenville,"""2x Burrito - 2 Scrambled Eggs, Cheddar, Avocado, Tater Tots""","""American Breakfast Burritos""","""N/A""",DELIVERED,116000,11600000,0,0,0,0,0,0,17400,1740000,-,98600,9860000,IDR,"September 08, 2026 08:55:29PM","September 08, 2026 09:22:09PM",2,1,delivery,Other,Other,-,17400,1740000,0,0,0,0,-,-,0,0,N/A
76988612,001680022475-C8EJRRLVPBJXRN,GF-412F,GrabFood,,"""American Breakfast Club""",Greenville,"""1x 2 Pancakes - Blueberries, Butter, Maple Syrup, 1x Sandwich - 2 Scrambled Eggs melty cheddar cheese on a wavy brioche bun""","""American Breakfast Pancakes,American Breakfast Sandwiches""","""N/A""",DELIVERED,103000,10300000,0,0,0,0,0,0,15450,1545000,-,87550,8755000,IDR,"September 09, 2026 06:30:01AM","September 09, 2026 06:59:29AM",2,2,delivery,Other,Other,-,15450,1545000,0,0,0,0,-,-,0,0,N/A
76987346,F-3350575956,3866,gofood,,"""American Breakfast Club""",Greenville,"""1x Burrito - Mock Chicken, 2 Scrambled Eggs, Cheddar, Avocado, Tater Tots, 1x Tater Tots""","""American Breakfast Burritos,Sides""","""N/A""",DELIVERED,76800,7680000,0,0,0,0,4000,400000,36900,3690000,-,68695,6869500,IDR,"September 08, 2026 08:08:20PM","September 08, 2026 08:28:32PM",2,2,delivery,N/A,N/A,-,12105,1210500,24795,2479500,0,0,-,-,0,0,N/A
76984642,001454899683-C8EJRFU2MAM2R6,GF-563,GrabFood,,"""Herbox""",Greenville,"""2x Pesmol Vegan Vegetarian Ricebox, 1x Rica Wrap, 1x Rica Rica Vegan Vegetarian Ricebox""","""Ricebox,Wrap Series""","""N/A""",DELIVERED,176000,17600000,0,0,0,0,0,0,38200,3820000,-,137800,13780000,IDR,"September 08, 2026 07:47:28PM","September 08, 2026 08:38:46PM",4,3,delivery,Other,Other,-,38200,3820000,0,0,0,0,-,-,0,0,N/A
76964870,00134143938-C8EJNB6ZGPNUT2,GF-582,GrabFood,,"""American Breakfast Club""",Greenville,"""1x Burrito - 2 Scrambled Eggs, Cheddar, Avocado, Tater Tots, 1x Burrito - Mock Chicken, 2 Scrambled Eggs, Cheddar, Avocado, Tater Tots""","""American Breakfast Burritos""","""N/A""",DELIVERED,126000,12600000,0,0,0,0,0,0,21900,2190000,-,104100,10410000,IDR,"September 08, 2026 04:46:49PM","September 08, 2026 05:18:27PM",2,2,delivery,Other,Other,-,21900,2190000,0,0,0,0,-,-,0,0,N/A
76963761,FP-17261226,8449,gofood,,"""People Pasta""",Greenville,"""1x Cacio e Pepe - Vegetarian - Plantbased""","""Signature Pasta""","""1x Spaghetti""",DELIVERED,43000,4300000,0,0,0,0,4000,400000,0,0,-,47000,4700000,IDR,"September 08, 2026 04:33:49PM","September 08, 2026 04:59:09PM",1,1,pickup,N/A,N/A,-,0,0,0,0,0,0,-,-,0,0,N/A
76960764,F-3350222587,1817,gofood,,"""American Breakfast Club""",Kemang,"""1x Burrito - 2 Scrambled Eggs, Cheddar, Avocado, Tater Tots""","""American Breakfast Burritos""","""N/A""",DELIVERED,58000,5800000,0,0,0,0,4000,400000,15000,1500000,-,62000,6200000,IDR,"September 08, 2026 03:56:05PM","September 08, 2026 04:33:02PM",1,1,delivery,N/A,N/A,-,0,0,15000,1500000,0,0,-,-,0,0,N/A
76959427,00174822609-C8EJL4DJNKTJBE,GF-279,GrabFood,,"""American Breakfast Club""",Greenville,"""1x Burrito - Mock Chicken, 2 Scrambled Eggs, Cheddar, Avocado, Tater Tots""","""American Breakfast Burritos""","""N/A""",DELIVERED,68000,6800000,0,0,0,0,0,0,13200,1320000,-,54800,5480000,IDR,"September 08, 2026 03:41:18PM","September 08, 2026 04:06:16PM",1,1,delivery,Other,Other,-,13200,1320000,0,0,0,0,-,-,0,0,N/A
76957818,F-3350185436,5498,gofood,,"""American Breakfast Club""",Kemang,"""1x Sandwich - 2 Scrambled Eggs, Mock Fish, Cheddar Cheese, Mix, Brioche Bun""","""American Breakfast Sandwiches""","""N/A""",DELIVERED,58000,5800000,0,0,0,0,4000,400000,10000,1000000,-,62000,6200000,IDR,"September 08, 2026 03:18:52PM","September 08, 2026 03:47:05PM",1,1,delivery,N/A,N/A,-,0,0,10000,1000000,0,0,-,-,0,0,N/A
76956675,00170608441-C8EJLULWEAEART,GF-825,GrabFood,,"""American Breakfast Club""",Kemang,"""1x Burrito - 2 Scrambled Eggs, Cheddar, Avocado, Tater Tots, 1x Tater Tots""","""American Breakfast Burritos,Sides""","""N/A""",DELIVERED,96000,9600000,0,0,0,0,0,0,11600,1160000,-,84400,8440000,IDR,"September 08, 2026 03:02:44PM","September 08, 2026 03:24:50PM",2,2,delivery,Other,Other,-,11600,1160000,0,0,0,0,-,-,0,0,N/A
76956264,001799687679-C8EJLTNWR33GME,GF-924,GrabFood,,"""American Breakfast Club""",Greenville,"""1x Cheese Omelette - Side Tater Tots""","""American Breakfast Omelettes""","""1x Chick Nugget""",DELIVERED,93000,9300000,0,0,0,0,0,0,8700,870000,-,84300,8430000,IDR,"September 08, 2026 02:56:44PM","September 08, 2026 03:38:29PM",1,1,delivery,Other,Other,-,8700,870000,0,0,0,0,-,-,0,0,N/A
76949417,001639574385-C8EJKBEAVXAKTN,GF-816,GrabFood,,"""American Breakfast Club""",Kemang,"""1x Burrito - Mock Chicken, 2 Scrambled Eggs, Cheddar, Avocado, Tater Tots""","""American Breakfast Burritos""","""N/A""",DELIVERED,68000,6800000,0,0,0,0,0,0,0,0,-,68000,6800000,IDR,"September 08, 2026 01:21:38PM","September 08, 2026 02:19:14PM",1,1,delivery,Other,Other,-,0,0,0,0,0,0,-,-,0,0,N/A
76945841,001609940560-C8EJJY4ZC7UUR2,GF-065,GrabFood,,"""American Breakfast Club""",Greenville,"""1x Burrito - Mock Chicken, 2 Scrambled Eggs, Cheddar, Avocado, Tater Tots""","""American Breakfast Burritos""","""N/A""",DELIVERED,68000,6800000,0,0,0,0,0,0,10200,1020000,-,57800,5780000,IDR,"September 08, 2026 12:37:59PM","September 08, 2026 01:00:12PM",1,1,delivery,Other,Other,-,10200,1020000,0,0,0,0,-,-,0,0,N/A
76945036,F-3349987762,6717,gofood,,"""Herbox""",Greenville,"""2x Katsu Chickin Vegan Vegetarian Ricebox, 1x Original Burger Vegan""","""Ricebox,Vegan Burger""","""N/A""",DELIVERED,109600,10960000,0,0,0,0,4000,400000,49400,4940000,-,91370,9137000,IDR,"September 08, 2026 12:28:32PM","September 08, 2026 01:14:22PM",3,2,delivery,N/A,N/A,-,22230,2223000,27170,2717000,0,0,-,-,0,0,N/A
76944446,F-3349977484,5466,gofood,,"""American Breakfast Club""",Kemang,"""1x 2 Pancakes - Butter, Maple Syrup""","""American Breakfast Pancakes""","""N/A""",DELIVERED,48000,4800000,0,0,0,0,4000,400000,3400,340000,-,52000,5200000,IDR,"September 08, 2026 12:21:40PM","September 08, 2026 12:55:06PM",1,1,delivery,N/A,N/A,-,0,0,3400,340000,0,0,-,-,0,0,N/A
76940789,F-3349918718,7319,gofood,,"""American Breakfast Club""",Kemang,"""1x Burrito - Mock Beef, 2 Scrambled Eggs, Cheddar, Avocado, Tater Tots,""","""American Breakfast Burritos""","""N/A""",DELIVERED,68000,6800000,0,0,0,0,4000,400000,30400,3040000,-,62820,6282000,IDR,"September 08, 2026 11:44:01AM","September 08, 2026 12:06:04PM",1,1,delivery,N/A,N/A,-,9180,918000,21220,2122000,0,0,-,-,0,0,N/A
76940015,F-3349904126,4149,gofood,,"""American Breakfast Club""",Greenville,"""2x Burrito - Mock Katsu, 2 Scrambled Eggs, Cheddar, Avocado, Tater Tots, 1x 2 Pancakes - Chocolate Chips, Butter, Maple Syrup""","""American Breakfast Burritos,American Breakfast Pancakes""","""N/A""",DELIVERED,155200,15520000,0,0,0,0,4000,400000,69900,6990000,-,127745,12774500,IDR,"September 08, 2026 11:34:51AM","September 08, 2026 12:28:28PM",3,2,delivery,N/A,N/A,-,31455,3145500,38445,3844500,0,0,-,-,0,0,14 min 29 sec
76937702,F-3349851832,6747,gofood,,"""Herbox""",Greenville,"""1x Beef  wrap Vegan Herbox, 1x Nasi Goreng Sedap Malam Vegan Vegetarian, 1x Nasi Goreng Bintang Kuning Vegan Vegetarian""","""Nasi Goreng Special,Wrap Series""","""N/A""",DELIVERED,103200,10320000,0,0,0,0,4000,400000,31000,3100000,-,93250,9325000,IDR,"September 08, 2026 11:03:03AM","September 08, 2026 11:53:43AM",3,3,delivery,N/A,N/A,-,13950,1395000,17050,1705000,0,0,-,-,0,0,N/A
76937257,001867174612-C8EJJAXHNBKZNA,GF-697,GrabFood,,"""Herbox""",Greenville,"""1x Teriyaki Vegan Vegetarian Ricebox, 1x Hygiene Cutleries, 1x Tater tots""","""Sides,Ricebox,Extra""","""N/A""",DELIVERED,71000,7100000,0,0,0,0,0,0,7800,780000,-,63200,6320000,IDR,"September 08, 2026 11:10:38AM","September 08, 2026 11:46:49AM",3,3,delivery,Other,Other,-,7800,780000,0,0,0,0,-,-,0,0,N/A
76936831,00183217629-C8EJJA63G7K2AA,GF-276,GrabFood,,"""American Breakfast Club""",Greenville,"""1x Sandwich - 2 Scrambled Eggs melty cheddar cheese on a wavy brioche bun""","""American Breakfast Sandwiches""","""N/A""",DELIVERED,45000,4500000,0,0,0,0,0,0,9750,975000,-,35250,3525000,IDR,"September 08, 2026 11:06:49AM","September 08, 2026 11:28:39AM",1,1,delivery,Other,Other,-,9750,975000,0,0,0,0,-,-,0,0,N/A
76934751,001047537808-C8EJHEK2SBXCEJ,GF-646,GrabFood,,"""American Breakfast Club""",Greenville,"""1x Burrito - Mock Katsu, 2 Scrambled Eggs, Cheddar, Avocado, Tater Tots""","""American Breakfast Burritos""","""N/A""",DELIVERED,68000,6800000,0,0,0,0,0,0,13200,1320000,-,54800,5480000,IDR,"September 08, 2026 10:45:51AM","September 08, 2026 11:12:27AM",1,1,delivery,Other,Other,-,13200,1320000,0,0,0,0,-,-,0,0,N/A
76934692,00125293543-C8EJHEJBAAWWTJ,GF-069,GrabFood,,"""American Breakfast Club""",Kemang,"""1x Burrito - Mock Beef, 2 Scrambled Eggs, Cheddar, Avocado, Tater Tots,, 1x Cheese Omelette - Side Tater Tots""","""American Breakfast Burritos,American Breakfast Omelettes""","""N/A""",DELIVERED,126000,12600000,0,0,0,0,0,0,11600,1160000,-,114400,11440000,IDR,"September 08, 2026 10:45:11AM","September 08, 2026 11:55:03AM",2,2,delivery,Other,Other,-,11600,1160000,0,0,0,0,-,-,0,0,N/A
76934322,00104034897-C8EJHCBZJ3WTG6,GF-969,GrabFood,,"""American Breakfast Club""",Kemang,"""1x Burrito - 2 Scrambled Eggs, Cheddar, Avocado, Tater Tots""","""American Breakfast Burritos""","""N/A""",DELIVERED,58000,5800000,0,0,0,0,0,0,11600,1160000,-,46400,4640000,IDR,"September 08, 2026 10:40:59AM","September 08, 2026 11:04:47AM",1,1,delivery,Other,Other,-,11600,1160000,0,0,0,0,-,-,0,0,N/A
76929588,F-3349747622,1592,gofood,,"""American Breakfast Club""",Kemang,"""1x Cheese Omelette - Side Tater Tots""","""American Breakfast Omelettes""","""N/A""",DELIVERED,58000,5800000,0,0,0,0,4000,400000,10000,1000000,-,62000,6200000,IDR,"September 08, 2026 09:34:48AM","September 08, 2026 09:49:29AM",1,1,delivery,N/A,N/A,-,0,0,10000,1000000,0,0,-,-,0,0,N/A
76929116,F-3349740078,9214,gofood,,"""Herbox""",Greenville,"""1x Fish Burger Vegan, 1x Rica Rica Vegan Vegetarian Ricebox, 1x Original Burger Vegan""","""Vegan Burger,Ricebox""","""1x Vegan Chicken Nugget""",DELIVERED,160600,16060000,0,0,0,0,4000,400000,0,0,-,164600,16460000,IDR,"September 08, 2026 09:25:28AM","September 08, 2026 10:16:29AM",3,3,delivery,N/A,N/A,-,0,0,0,0,0,0,-,-,0,0,N/A
76929025,F-3349738619,4174,gofood,,"""American Breakfast Club""",Greenville,"""1x Cheese Omelette - Side Tater Tots, 1x Tater Tots With Truffle Oil""","""Sides,American Breakfast Omelettes""","""N/A""",DELIVERED,76800,7680000,0,0,0,0,4000,400000,0,0,-,80800,8080000,IDR,"September 08, 2026 09:23:43AM","September 08, 2026 09:51:30AM",2,2,delivery,N/A,N/A,-,0,0,0,0,0,0,-,-,0,0,N/A
76928743,001835954462-C8EJGRC3J2EKNT,GF-717,GrabFood,,"""American Breakfast Club""",Kemang,"""1x Sandwich - 2 Scrambled Eggs Mock Beef, Cheddar Cheese  on a wavy brioche bun, 1x 2 Pancakes - Butter, Maple Syrup""","""American Breakfast Sandwiches,American Breakfast Pancakes""","""2x Cutleries, 1x Home Fries, 1x Chick Nugget""",DELIVERED,172200,17220000,0,0,0,0,0,0,21200,2120000,-,151000,15100000,IDR,"September 08, 2026 09:17:51AM","September 08, 2026 09:53:32AM",2,2,delivery,Other,Other,-,21200,2120000,0,0,0,0,-,-,0,0,N/A
76928731,F-3349733361,4334,gofood,,"""American Breakfast Club""",Kemang,"""1x Burrito - Mock Beef, 2 Scrambled Eggs, Cheddar, Avocado, Tater Tots,""","""American Breakfast Burritos""","""N/A""",DELIVERED,68000,6800000,0,0,0,0,4000,400000,20400,2040000,-,62820,6282000,IDR,"September 08, 2026 09:17:07AM","September 08, 2026 09:51:59AM",1,1,delivery,N/A,N/A,-,9180,918000,11220,1122000,0,0,-,-,0,0,N/A
76928577,001530633939-C8EJGPXCWB5VWA,GF-507,GrabFood,,"""American Breakfast Club""",Kemang,"""1x Cheese Omelette - Side Tater Tots""","""American Breakfast Omelettes""","""N/A""",DELIVERED,58000,5800000,0,0,0,0,0,0,11600,1160000,-,46400,4640000,IDR,"September 08, 2026 09:14:54AM","September 08, 2026 09:45:20AM",1,1,delivery,Other,Other,-,11600,1160000,0,0,0,0,-,-,0,0,N/A
76927894,0018349032-C8EJGK4JRCCUV6,GF-128,GrabFood,,"""American Breakfast Club""",Kemang,"""1x Burrito - 2 Scrambled Eggs, Cheddar, Avocado, Tater Tots, 6x Cutleries""","""American Breakfast Burritos""","""N/A""",DELIVERED,61600,6160000,0,0,0,0,0,0,11600,1160000,-,50000,5000000,IDR,"September 08, 2026 08:59:20AM","September 08, 2026 09:34:25AM",7,2,delivery,Other,Other,-,11600,1160000,0,0,0,0,-,-,0,0,N/A
76927562,F-3349705780,5535,gofood,,"""Tyfel Coffee""",Greenville,"""1x Omelette Toast""","""Brunch""","""N/A""",DELIVERED,38000,3800000,0,0,0,0,4000,400000,12500,1250000,-,42000,4200000,IDR,"September 08, 2026 08:36:22AM","September 08, 2026 09:09:46AM",1,1,delivery,N/A,N/A,-,0,0,12500,1250000,0,0,-,-,0,0,N/A
76927397,00189375282-C8EJGF5ZLP4KBA,GF-562,GrabFood,,"""American Breakfast Club""",Kemang,"""1x Sandwich - 2 Scrambled Eggs melty cheddar cheese on a wavy brioche bun""","""American Breakfast Sandwiches""","""1x Cutleries""",DELIVERED,45600,4560000,0,0,0,0,0,0,9000,900000,-,36600,3660000,IDR,"September 08, 2026 08:43:06AM","September 08, 2026 09:09:12AM",1,1,delivery,Other,Other,-,9000,900000,0,0,0,0,-,-,0,0,N/A
76926641,F-3349694093,9532,gofood,,"""American Breakfast Club""",Kemang,"""1x Burrito - Mock Chicken, 2 Scrambled Eggs, Cheddar, Avocado, Tater Tots""","""American Breakfast Burritos""","""N/A""",DELIVERED,68000,6800000,0,0,0,0,4000,400000,0,0,-,72000,7200000,IDR,"September 08, 2026 08:15:52AM","September 08, 2026 08:39:13AM",1,1,delivery,N/A,N/A,-,0,0,0,0,0,0,-,-,0,0,N/A
76926527,001538442536-C8EJFGJKRTCJJA,GF-747,GrabFood,,"""American Breakfast Club""",Greenville,"""2x Burrito - 2 Scrambled Eggs, Cheddar, Avocado, Tater Tots, 1x 2 Pancakes - Butter, Maple Syrup""","""American Breakfast Pancakes,American Breakfast Burritos""","""N/A""",DELIVERED,164000,16400000,0,0,0,0,0,0,27600,2760000,-,136400,13640000,IDR,"September 08, 2026 08:11:59AM","September 08, 2026 09:02:53AM",3,2,delivery,Other,Other,-,27600,2760000,0,0,0,0,-,-,0,0,N/A
76926219,0015731644-C8EJFEEVKBWXAE,GF-423,GrabFood,,"""American Breakfast Club""",Kemang,"""1x Burrito - 2 Scrambled Eggs, Cheddar, Avocado, Tater Tots""","""American Breakfast Burritos""","""N/A""",DELIVERED,58000,5800000,0,0,0,0,0,0,11600,1160000,-,46400,4640000,IDR,"September 08, 2026 07:58:29AM","September 08, 2026 08:38:47AM",1,1,delivery,Other,Other,-,11600,1160000,0,0,0,0,-,-,0,0,N/A
76926048,F-3349681899,9478,gofood,,"""American Breakfast Club""",Kemang,"""1x Cheese Omelette - Side Tater Tots, 2x Katsu Egg burger - Patties, 2 Scrambled Eggs, Cheddar Cheese, Secret Sauce""","""American Breakfast Omelettes,American Breakfast Burger""","""N/A""",DELIVERED,174000,17400000,0,0,0,0,4000,400000,0,0,-,178000,17800000,IDR,"September 08, 2026 07:50:13AM","September 08, 2026 09:13:19AM",3,2,delivery,N/A,N/A,-,0,0,0,0,0,0,-,-,0,0,N/A
76925997,F-3349680917,7861,gofood,,"""American Breakfast Club""",Greenville,"""1x Burrito - Mock Chicken, 2 Scrambled Eggs, Cheddar, Avocado, Tater Tots, 1x Cheese Omelette - Side Tater Tots""","""American Breakfast Burritos,American Breakfast Omelettes""","""N/A""",DELIVERED,100800,10080000,0,0,0,0,4000,400000,30300,3030000,-,91165,9116500,IDR,"September 08, 2026 07:47:58AM","September 08, 2026 08:31:33AM",2,2,delivery,N/A,N/A,-,13635,1363500,16665,1666500,0,0,-,-,0,0,N/A
76925444,001097299874-C8EJE36JR65UA2,GF-338,GrabFood,,"""American Breakfast Club""",Greenville,"""2x Burrito - 2 Scrambled Eggs, Cheddar, Avocado, Tater Tots, 1x 2 Pancakes - Butter, Maple Syrup""","""American Breakfast Burritos,American Breakfast Pancakes""","""N/A""",DELIVERED,164000,16400000,0,0,0,0,0,0,24600,2460000,-,139400,13940000,IDR,"September 08, 2026 07:20:00AM","September 08, 2026 07:51:30AM",3,2,delivery,Other,Other,-,24600,2460000,0,0,0,0,-,-,0,0,N/A
76925410,00128094555-C8EJE3WWRRNEHE,GF-647,GrabFood,,"""American Breakfast Club""",Kemang,"""1x Sandwich - 2 Scrambled Eggs Mock Beef, Cheddar Cheese  on a wavy brioche bun""","""American Breakfast Sandwiches""","""1x Tatter Tots""",DELIVERED,88000,8800000,0,0,0,0,0,0,11600,1160000,-,76400,7640000,IDR,"September 08, 2026 07:18:06AM","September 08, 2026 08:01:35AM",1,1,delivery,Other,Other,-,11600,1160000,0,0,0,0,-,-,0,0,N/A
76925394,F-3349668893,7194,gofood,,"""American Breakfast Club""",Kemang,"""1x Burrito - Mock Fish, 2 Scrambled Eggs, Cheddar, Avocado, Tater Tots,""","""American Breakfast Burritos""","""N/A""",DELIVERED,68000,6800000,0,0,0,0,4000,400000,0,0,-,72000,7200000,IDR,"September 08, 2026 07:16:29AM","September 08, 2026 07:59:04AM",1,1,delivery,N/A,N/A,-,0,0,0,0,0,0,-,-,0,0,N/A
76925166,F-3349664123,3861,gofood,,"""American Breakfast Club""",Greenville,"""1x Burrito - 2 Scrambled Eggs, Cheddar, Avocado, Tater Tots""","""American Breakfast Burritos""","""N/A""",DELIVERED,46400,4640000,0,0,0,0,4000,400000,0,0,-,50400,5040000,IDR,"September 08, 2026 07:02:49AM","September 08, 2026 07:40:37AM",1,1,delivery,N/A,N/A,-,0,0,0,0,0,0,-,-,0,0,N/A
76924994,FP-17259812,5726,gofood,,"""Herbox""",Greenville,"""1x Kung Paow Chick Vegan Vegetarian Ricebox, 1x Katsu Wrap vegan Herbox""","""Ricebox,Wrap Series""","""N/A""",DELIVERED,78400,7840000,0,0,0,0,4000,400000,0,0,-,82400,8240000,IDR,"September 08, 2026 06:52:56AM","September 08, 2026 07:11:57AM",2,2,pickup,N/A,N/A,-,0,0,0,0,0,0,-,-,0,0,N/A
76924959,00194470093-C8EJEXA2LPD3RE,GF-875,GrabFood,,"""American Breakfast Club""",Greenville,"""4x Sandwich - 2 Scrambled Eggs melty cheddar cheese on a wavy brioche bun, 4x Tater Tots With Truffle Oil""","""American Breakfast Sandwiches,Sides""","""N/A""",DELIVERED,372000,37200000,0,0,0,0,0,0,55800,5580000,-,316200,31620000,IDR,"September 08, 2026 06:50:31AM","September 08, 2026 07:46:53AM",8,2,delivery,Other,Other,-,55800,5580000,0,0,0,0,-,-,0,0,N/A
76908942,00167571282-C8EHT7UWNJVYGJ,GF-143,GrabFood,,"""American Breakfast Club""",Greenville,"""1x Burrito - 2 Scrambled Eggs, Cheddar, Avocado, Tater Tots""","""American Breakfast Burritos""","""N/A""",DELIVERED,58000,5800000,0,0,0,0,0,0,11700,1170000,-,46300,4630000,IDR,"September 07, 2026 08:27:23PM","September 07, 2026 09:03:43PM",1,1,delivery,Other,Other,-,11700,1170000,0,0,0,0,-,-,0,0,N/A
76908728,001252204544-C8EHT7E1NRJCKA,GF-928,GrabFood,,"""LA Breakfast Club""",Greenville,"""1x Mock Chicken Burrito""","""LA Breakfast Burritos""","""N/A""",DELIVERED,86000,8600000,0,0,0,0,0,0,21500,2150000,-,64500,6450000,IDR,"September 07, 2026 08:25:09PM","September 07, 2026 09:07:25PM",1,1,delivery,Other,Other,-,21500,2150000,0,0,0,0,-,-,0,0,N/A
76908652,001189216441-C8EHT7CECX33TJ,GF-127,GrabFood,,"""People Pasta""",Greenville,"""2x Cacio e Pepe - Vegetarian - Plantbased, 1x Truffle Fries""","""Signature Pasta""","""1x Fettucine, 1x Fusili""",DELIVERED,118000,11800000,0,0,0,0,0,0,23200,2320000,-,94800,9480000,IDR,"September 07, 2026 08:24:14PM","September 07, 2026 09:01:17PM",3,3,delivery,Other,Other,-,23200,2320000,0,0,0,0,-,-,0,0,N/A
76907680,001957250285-C8EHT4B2L4NFTA,GF-202,GrabFood,,"""Herbox""",Greenville,"""2x Rica Rica Vegan Vegetarian Ricebox, 1x Lada Hitam Blackpepper Vegan Vegetarian Ricebox, 1x Pesmol Vegan Vegetarian Ricebox""","""Ricebox""","""N/A""",DELIVERED,156000,15600000,0,0,0,0,0,0,34200,3420000,-,121800,12180000,IDR,"September 07, 2026 08:14:12PM","September 07, 2026 09:08:05PM",4,3,delivery,Other,Other,-,34200,3420000,0,0,0,0,-,-,0,0,N/A
76899877,001054134181-C8EHTKV1LRADGA,GF-016,GrabFood,,"""Herbox""",Greenville,"""1x Fysh Mentai""","""Mentai Vegan""","""N/A""",DELIVERED,59000,5900000,0,0,0,0,0,0,14800,1480000,-,44200,4420000,IDR,"September 07, 2026 07:04:29PM","September 07, 2026 07:51:32PM",1,1,delivery,Other,Other,-,14800,1480000,0,0,0,0,-,-,0,0,N/A
76892017,00112146320-C8EHSBEUNLEEPA,GF-822,GrabFood,,"""Tyfel Coffee""",Greenville,"""1x Tyfel Sandwich, 1x Potato Nugget - Truffle Vegan Plantbased""","""Brunch,Lite Bites""","""N/A""",DELIVERED,81000,8100000,0,0,0,0,0,0,19200,1920000,-,61800,6180000,IDR,"September 07, 2026 05:55:23PM","September 07, 2026 06:34:10PM",2,2,delivery,Other,Other,-,19200,1920000,0,0,0,0,-,-,0,0,25 min 58 sec
76883699,001592490510-C8EHRPL1CVE3CA,GF-499,GrabFood,,"""People Pasta""",Greenville,"""1x Chicken Nugget - Vegan, 1x Bolognese - Vegan Friendly - Vegetarian - Plantbase""","""Signature Pasta""","""1x Spaghetti""",DELIVERED,78000,7800000,0,0,0,0,0,0,18600,1860000,-,59400,5940000,IDR,"September 07, 2026 04:32:56PM","September 07, 2026 05:19:31PM",2,2,delivery,Other,Other,-,18600,1860000,0,0,0,0,-,-,0,0,13 min 48 sec
76877859,0019097310-C8EHPEUDMB4WAJ,GF-450,GrabFood,,"""Herbox""",Greenville,"""1x Rica Rica Vegan Vegetarian Ricebox""","""Ricebox""","""N/A""",DELIVERED,39000,3900000,0,0,0,0,0,0,10800,1080000,-,28200,2820000,IDR,"September 07, 2026 03:20:33PM","September 07, 2026 03:51:27PM",1,1,delivery,Other,Other,-,10800,1080000,0,0,0,0,-,-,0,0,9 min 44 sec
76872890,00199795308-C8EHNTJFNPVTVE,GF-707,GrabFood,,"""People Pasta""",Greenville,"""1x Vegan Chicken Crispy Burger, 1x Cacio e Pepe - Vegetarian - Plantbased""","""Meatless Burgers,Signature Pasta""","""1x Spaghetti""",DELIVERED,92000,9200000,0,0,0,0,0,0,18400,1840000,-,73600,7360000,IDR,"September 07, 2026 02:11:16PM","September 07, 2026 02:38:35PM",2,2,delivery,Other,Other,-,18400,1840000,0,0,0,0,-,-,0,0,13 min 35 sec
76870688,001380548453-C8EHNNKKRACAR6,GF-715,GrabFood,,"""American Breakfast Club""",Greenville,"""1x Cheese Omelette - Side Tater Tots""","""American Breakfast Omelettes""","""1x Cutleries, 1x Add Hydro Coco, 1x Tatter Tots""",DELIVERED,104500,10450000,0,0,29000,2900000,0,0,8700,870000,-,95800,9580000,IDR,"September 07, 2026 01:41:27PM","September 07, 2026 02:19:54PM",1,1,delivery,Cash,Cash,-,8700,870000,0,0,0,0,-,-,0,0,15 min 38 sec
76870266,0019507516-C8EHNLECC8JDTE,GF-723,GrabFood,,"""American Breakfast Club""",Greenville,"""1x Burrito - Mock Chicken, 2 Scrambled Eggs, Cheddar, Avocado, Tater Tots""","""American Breakfast Burritos""","""N/A""",DELIVERED,68000,6800000,0,0,0,0,0,0,13200,1320000,-,54800,5480000,IDR,"September 07, 2026 01:35:23PM","September 07, 2026 01:56:51PM",1,1,delivery,Other,Other,-,13200,1320000,0,0,0,0,-,-,0,0,N/A
76865608,00152584193-C8EHMFCBT23UJT,GF-195,GrabFood,,"""American Breakfast Club""",Kemang,"""1x Sandwich - 2 Scrambled Eggs melty cheddar cheese on a wavy brioche bun, 1x Cheese Omelette - Side Tater Tots""","""American Breakfast Omelettes,American Breakfast Sandwiches""","""N/A""",DELIVERED,103000,10300000,0,0,0,0,0,0,20600,2060000,-,82400,8240000,IDR,"September 07, 2026 12:37:37PM","September 07, 2026 01:08:05PM",2,2,delivery,Other,Other,-,20600,2060000,0,0,0,0,-,-,0,0,N/A
76862772,00178058278-C8EHL6VZTA2ALJ,GF-819,GrabFood,,"""American Breakfast Club""",Kemang,"""1x Burrito - 2 Scrambled Eggs, Cheddar, Avocado, Tater Tots""","""American Breakfast Burritos""","""N/A""",DELIVERED,58000,5800000,0,0,0,0,0,0,11600,1160000,-,46400,4640000,IDR,"September 07, 2026 12:09:11PM","September 07, 2026 12:37:25PM",1,1,delivery,Other,Other,-,11600,1160000,0,0,0,0,-,-,0,0,N/A
76861280,F-3348786668,1838,gofood,,"""American Breakfast Club""",Kemang,"""1x Sandwich - 2 Scrambled Eggs melty cheddar cheese on a wavy brioche bun""","""American Breakfast Sandwiches""","""N/A""",DELIVERED,45000,4500000,0,0,0,0,4000,400000,0,0,-,49000,4900000,IDR,"September 07, 2026 11:53:18AM","September 07, 2026 12:36:34PM",1,1,delivery,N/A,N/A,-,0,0,0,0,0,0,-,-,0,0,N/A
76857401,0015561710-C8EHLULFTBNGCX,GF-995,GrabFood,,"""American Breakfast Club""",Kemang,"""1x Mushroom Omelette - Mushrooms, Spinach, Side Tater Tots""","""American Breakfast Omelettes""","""1x Chick Nugget""",DELIVERED,103000,10300000,0,0,0,0,0,0,13600,1360000,-,89400,8940000,IDR,"September 07, 2026 11:15:58AM","September 07, 2026 11:52:05AM",1,1,delivery,Other,Other,-,13600,1360000,0,0,0,0,-,-,0,0,N/A
76855027,F-3348689233,7871,gofood,,"""Tyfel Coffee""",Greenville,"""2x Breakfast Burrito""","""Breakfast Burritos""","""N/A""",DELIVERED,116000,11600000,0,0,0,0,4000,400000,34800,3480000,-,104340,10434000,IDR,"September 07, 2026 10:53:23AM","September 07, 2026 11:42:54AM",2,1,delivery,N/A,N/A,-,15660,1566000,19140,1914000,0,0,-,-,0,0,N/A
76854493,001769832156-C8EHLLJTRYDXLX,GF-019,GrabFood,,"""American Breakfast Club""",Greenville,"""1x Sandwich - 2 Scrambled Eggs Mock Beef, Cheddar Cheese  on a wavy brioche bun""","""American Breakfast Sandwiches""","""1x Cutleries""",DELIVERED,59500,5950000,0,0,0,0,0,0,11700,1170000,-,47800,4780000,IDR,"September 07, 2026 10:48:41AM","September 07, 2026 11:57:36AM",1,1,delivery,Other,Other,-,11700,1170000,0,0,0,0,-,-,0,0,17 min 38 sec
76854271,0019075936-C8EHLK5BNYMGGE,GF-309,GrabFood,,"""American Breakfast Club""",Greenville,"""1x Burrito - Mock Beef, 2 Scrambled Eggs, Cheddar, Avocado, Tater Tots,""","""American Breakfast Burritos""","""N/A""",DELIVERED,68000,6800000,0,0,0,0,0,0,13200,1320000,-,54800,5480000,IDR,"September 07, 2026 10:46:11AM","September 07, 2026 11:21:03AM",1,1,delivery,Other,Other,-,13200,1320000,0,0,0,0,-,-,0,0,N/A
76853952,F-3348673374,4712,gofood,,"""American Breakfast Club""",Kemang,"""1x Original Egg burger - Patties, 2 Scrambled Eggs, Cheddar Cheese, Secret Sauce""","""American Breakfast Burger""","""1x Tatter Tots""",DELIVERED,88000,8800000,0,0,0,0,4000,400000,39600,3960000,-,74180,7418000,IDR,"September 07, 2026 10:42:05AM","September 07, 2026 11:12:20AM",1,1,delivery,N/A,N/A,-,17820,1782000,21780,2178000,0,0,-,-,0,0,N/A
76853145,F-3348633735,2815,gofood,,"""American Breakfast Club""",Kemang,"""1x Burrito - 2 Scrambled Eggs, Cheddar, Avocado, Tater Tots""","""American Breakfast Burritos""","""1x Tatter Tots""",DELIVERED,88000,8800000,0,0,0,0,4000,400000,0,0,-,92000,9200000,IDR,"September 07, 2026 10:10:17AM","September 07, 2026 11:00:21AM",1,1,delivery,N/A,N/A,-,0,0,0,0,0,0,-,-,0,0,N/A
76851901,001098482479-C8EHLEAHR7TERJ,GF-906,GrabFood,,"""American Breakfast Club""",Kemang,"""1x Burrito - Mock Beef, 2 Scrambled Eggs, Cheddar, Avocado, Tater Tots,""","""American Breakfast Burritos""","""1x Tatter Tots""",DELIVERED,98000,9800000,0,0,0,0,0,0,0,0,-,98000,9800000,IDR,"September 07, 2026 10:16:59AM","September 07, 2026 10:46:08AM",1,1,delivery,Other,Other,-,0,0,0,0,0,0,-,-,0,0,12 min 22 sec
76851291,00118063610-C8EHLBJBPAU2SA,GF-879,GrabFood,,"""American Breakfast Club""",Greenville,"""1x Burrito - Mock Beef, 2 Scrambled Eggs, Cheddar, Avocado, Tater Tots,""","""American Breakfast Burritos""","""N/A""",DELIVERED,68000,6800000,0,0,0,0,0,0,13200,1320000,-,54800,5480000,IDR,"September 07, 2026 10:08:31AM","September 07, 2026 10:31:19AM",1,1,delivery,Other,Other,-,13200,1320000,0,0,0,0,-,-,0,0,N/A
76850842,F-3348609516,1121,gofood,,"""Tyfel Coffee""",Greenville,"""1x Chic Chunk - Vegan Plantbased, 1x Tyfel Burritos - Vegan, 1x Mock Chicken Burrito, 1x Tater Tots""","""Breakfast Burritos,Sides,Lite Bites""","""N/A""",DELIVERED,179000,17900000,0,0,0,0,4000,400000,80600,8060000,-,146730,14673000,IDR,"September 07, 2026 09:45:20AM","September 07, 2026 10:45:36AM",4,4,delivery,N/A,N/A,-,36270,3627000,44330,4433000,0,0,-,-,0,0,N/A
76850536,00164370815-C8EHKGBDC8NENJ,GF-474,GrabFood,,"""American Breakfast Club""",Kemang,"""1x Burrito - 2 Scrambled Eggs, Cheddar, Avocado, Tater Tots""","""American Breakfast Burritos""","""N/A""",DELIVERED,58000,5800000,0,0,0,0,0,0,11600,1160000,-,46400,4640000,IDR,"September 07, 2026 09:57:13AM","September 07, 2026 10:24:30AM",1,1,delivery,Other,Other,-,11600,1160000,0,0,0,0,-,-,0,0,N/A
76850485,00102526779-C8EHKF5DEEEKTJ,GF-261,GrabFood,,"""American Breakfast Club""",Kemang,"""1x Burrito - Mock Fish, 2 Scrambled Eggs, Cheddar, Avocado, Tater Tots,""","""American Breakfast Burritos""","""N/A""",DELIVERED,68000,6800000,0,0,0,0,0,0,13600,1360000,-,54400,5440000,IDR,"September 07, 2026 09:56:13AM","September 07, 2026 10:27:38AM",1,1,delivery,Other,Other,-,13600,1360000,0,0,0,0,-,-,0,0,N/A
76850447,F-3348618221,9868,gofood,,"""American Breakfast Club""",Kemang,"""2x Burrito - 2 Scrambled Eggs, Cheddar, Avocado, Tater Tots, 1x Tater Tots""","""American Breakfast Burritos,Sides""","""N/A""",DELIVERED,144000,14400000,0,0,0,0,4000,400000,0,0,-,148000,14800000,IDR,"September 07, 2026 09:55:15AM","September 07, 2026 10:23:40AM",3,2,delivery,N/A,N/A,-,0,0,0,0,0,0,-,-,0,0,N/A
76850262,00126623671-C8EHKFLXCBBWPA,GF-226,GrabFood,,"""American Breakfast Club""",Kemang,"""1x Cheese Omelette - Side Tater Tots""","""American Breakfast Omelettes""","""1x Cutleries""",DELIVERED,58600,5860000,0,0,0,0,0,0,11600,1160000,-,47000,4700000,IDR,"September 07, 2026 09:52:45AM","September 07, 2026 10:22:38AM",1,1,delivery,Other,Other,-,11600,1160000,0,0,0,0,-,-,0,0,N/A
76849442,00144677140-C8EHKBLACT4WVX,GF-058,GrabFood,,"""American Breakfast Club""",Kemang,"""1x Burrito - 2 Scrambled Eggs, Cheddar, Avocado, Tater Tots""","""American Breakfast Burritos""","""N/A""",DELIVERED,58000,5800000,0,0,0,0,0,0,11600,1160000,-,46400,4640000,IDR,"September 07, 2026 09:35:58AM","September 07, 2026 10:27:04AM",1,1,delivery,Other,Other,-,11600,1160000,0,0,0,0,-,-,0,0,N/A
76849214,F-3348595601,4542,gofood,,"""American Breakfast Club""",Greenville,"""1x Home Fries, 1x 2 Pancakes - Butter, Maple Syrup""","""Sides,American Breakfast Pancakes""","""N/A""",DELIVERED,60800,6080000,0,0,0,0,4000,400000,15000,1500000,-,64800,6480000,IDR,"September 07, 2026 09:29:08AM","September 07, 2026 09:54:40AM",2,2,delivery,N/A,N/A,-,0,0,15000,1500000,0,0,-,-,0,0,N/A
76848960,001361242637-C8EHJ8NKN2U1E6,GF-523,GrabFood,,"""People Pasta""",Greenville,"""1x Chicken Nugget - Vegan, 1x Cacio e Pepe - Vegetarian - Plantbased""","""Signature Pasta""","""1x Spaghetti""",DELIVERED,78000,7800000,0,0,0,0,0,0,18600,1860000,-,59400,5940000,IDR,"September 07, 2026 09:26:46AM","September 07, 2026 09:57:43AM",2,2,delivery,Other,Other,-,18600,1860000,0,0,0,0,-,-,0,0,16 min 7 sec
76848081,00127637160-C8EHJ4DXLTMGGE,GF-855,GrabFood,,"""American Breakfast Club""",Kemang,"""1x Sandwich - 2 Scrambled Eggs, Mock Fish, Cheddar Cheese, Mix, Brioche Bun, 1x Cheese Omelette - Side Tater Tots""","""American Breakfast Sandwiches,American Breakfast Omelettes""","""1x Cutleries""",DELIVERED,116600,11660000,0,0,0,0,0,0,23200,2320000,-,93400,9340000,IDR,"September 07, 2026 09:08:06AM","September 07, 2026 09:59:45AM",2,2,delivery,Other,Other,-,23200,2320000,0,0,0,0,-,-,0,0,N/A
76847693,F-3348571691,5843,gofood,,"""American Breakfast Club""",Greenville,"""1x Cheese Omelette - Side Tater Tots, 1x 2 Pancakes - Chocolate Chips, Butter, Maple Syrup""","""American Breakfast Omelettes,American Breakfast Pancakes""","""N/A""",DELIVERED,92800,9280000,0,0,0,0,4000,400000,10000,1000000,-,96800,9680000,IDR,"September 07, 2026 08:58:37AM","September 07, 2026 09:23:52AM",2,2,delivery,N/A,N/A,-,0,0,10000,1000000,0,0,-,-,0,0,N/A
76847645,0019465984-C8EHJ2WWEVB2FA,GF-823,GrabFood,,"""American Breakfast Club""",Kemang,"""1x Burrito - Mock Beef, 2 Scrambled Eggs, Cheddar, Avocado, Tater Tots,""","""American Breakfast Burritos""","""N/A""",DELIVERED,68000,6800000,0,0,0,0,0,0,0,0,-,68000,6800000,IDR,"September 07, 2026 08:58:04AM","September 07, 2026 09:18:23AM",1,1,delivery,Other,Other,-,0,0,0,0,0,0,-,-,0,0,9 min 24 sec
76847412,001404127731-C8EHJZDTFBBKG2,GF-548,GrabFood,,"""American Breakfast Club""",Greenville,"""2x Cheese Omelette - Side Tater Tots""","""American Breakfast Omelettes""","""2x Tatter Tots""",DELIVERED,176000,17600000,0,0,0,0,0,0,20400,2040000,-,155600,15560000,IDR,"September 07, 2026 08:51:19AM","September 07, 2026 09:14:10AM",2,1,delivery,Other,Other,-,20400,2040000,0,0,0,0,-,-,0,0,12 min 25 sec
76847355,F-3348561196,7729,gofood,,"""American Breakfast Club""",Kemang,"""1x Burrito - Mock Chicken, 2 Scrambled Eggs, Cheddar, Avocado, Tater Tots""","""American Breakfast Burritos""","""N/A""",DELIVERED,68000,6800000,0,0,0,0,4000,400000,20400,2040000,-,62820,6282000,IDR,"September 07, 2026 08:41:03AM","September 07, 2026 09:22:28AM",1,1,delivery,N/A,N/A,-,9180,918000,11220,1122000,0,0,-,-,0,0,N/A
76847188,001192971978-C8EHJYDERKJZBE,GF-916,GrabFood,,"""American Breakfast Club""",Greenville,"""1x Burrito - 2 Scrambled Eggs, Cheddar, Avocado, Tater Tots""","""American Breakfast Burritos""","""N/A""",DELIVERED,58000,5800000,0,0,0,0,0,0,11700,1170000,-,46300,4630000,IDR,"September 07, 2026 08:44:34AM","September 07, 2026 09:17:29AM",1,1,delivery,Other,Other,-,11700,1170000,0,0,0,0,-,-,0,0,N/A
76847052,F-3348560896,2543,gofood,,"""American Breakfast Club""",Kemang,"""1x Mushroom Omelette - Mushrooms, Spinach, Side Tater Tots""","""American Breakfast Omelettes""","""N/A""",DELIVERED,68000,6800000,0,0,0,0,4000,400000,20400,2040000,-,62820,6282000,IDR,"September 07, 2026 08:40:35AM","September 07, 2026 09:13:51AM",1,1,delivery,N/A,N/A,-,9180,918000,11220,1122000,0,0,-,-,0,0,N/A
76846743,00164766216-C8EHJUUCN3J1TT,GF-529,GrabFood,,"""American Breakfast Club""",Kemang,"""2x Mushroom Omelette - Mushrooms, Spinach, Side Tater Tots""","""American Breakfast Omelettes""","""N/A""",DELIVERED,136000,13600000,0,0,0,0,0,0,27200,2720000,-,108800,10880000,IDR,"September 07, 2026 08:30:35AM","September 07, 2026 09:06:34AM",2,1,delivery,Other,Other,-,27200,2720000,0,0,0,0,-,-,0,0,N/A
76846711,F-3348554047,7325,gofood,,"""American Breakfast Club""",Kemang,"""1x Burrito - 2 Scrambled Eggs, Cheddar, Avocado, Tater Tots""","""American Breakfast Burritos""","""N/A""",DELIVERED,58000,5800000,0,0,0,0,4000,400000,0,0,-,62000,6200000,IDR,"September 07, 2026 08:28:51AM","September 07, 2026 09:00:51AM",1,1,delivery,N/A,N/A,-,0,0,0,0,0,0,-,-,0,0,N/A
76846708,F-3348553985,1531,gofood,,"""American Breakfast Club""",Kemang,"""1x Cheese Omelette - Side Tater Tots""","""American Breakfast Omelettes""","""1x Cutleries""",DELIVERED,58600,5860000,0,0,0,0,4000,400000,0,0,-,62600,6260000,IDR,"September 07, 2026 08:28:45AM","September 07, 2026 09:04:36AM",1,1,delivery,N/A,N/A,-,0,0,0,0,0,0,-,-,0,0,N/A
76846497,F-3348549186,9116,gofood,,"""American Breakfast Club""",Greenville,"""1x Tater Tots With Truffle Oil, 1x 2 Pancakes - Butter, Maple Syrup, 1x Burrito - Mock Beef, 2 Scrambled Eggs, Cheddar, Avocado, Tater Tots,""","""Sides,American Breakfast Pancakes,American Breakfast Burritos""","""N/A""",DELIVERED,123200,12320000,0,0,0,0,4000,400000,55500,5550000,-,102225,10222500,IDR,"September 07, 2026 08:20:05AM","September 07, 2026 09:18:38AM",3,3,delivery,N/A,N/A,-,24975,2497500,30525,3052500,0,0,-,-,0,0,N/A
76846455,0019058154-C8EHJRJ3CCL3FA,GF-844,GrabFood,,"""American Breakfast Club""",Kemang,"""1x Burrito - Mock Chicken, 2 Scrambled Eggs, Cheddar, Avocado, Tater Tots, 1x Cutleries""","""American Breakfast Burritos""","""1x Cutleries""",DELIVERED,69200,6920000,0,0,0,0,0,0,0,0,-,69200,6920000,IDR,"September 07, 2026 08:18:49AM","September 07, 2026 08:45:53AM",2,2,delivery,Other,Other,-,0,0,0,0,0,0,-,-,0,0,N/A
76846410,001676256656-C8EHJRCGEZNZJ2,GF-044,GrabFood,,"""American Breakfast Club""",Kemang,"""2x Burrito - Mock Beef, 2 Scrambled Eggs, Cheddar, Avocado, Tater Tots,""","""American Breakfast Burritos""","""N/A""",DELIVERED,136000,13600000,0,0,0,0,0,0,0,0,-,136000,13600000,IDR,"September 07, 2026 08:17:36AM","September 07, 2026 09:00:16AM",2,1,delivery,Other,Other,-,0,0,0,0,0,0,-,-,0,0,N/A
76846319,001936189115-C8EHJPVTVLLHJE,GF-062,GrabFood,,"""American Breakfast Club""",Kemang,"""1x Sandwich - 2 Scrambled Eggs Mock Beef, Cheddar Cheese  on a wavy brioche bun, 1x Burrito - Mock Beef, 2 Scrambled Eggs, Cheddar, Avocado, Tater Tots,, 1x Burrito - 2 Scrambled Eggs, Cheddar, Avocado, Tater Tots""","""American Breakfast Sandwiches,American Breakfast Burritos""","""N/A""",DELIVERED,184000,18400000,0,0,0,0,0,0,23200,2320000,-,160800,16080000,IDR,"September 07, 2026 08:14:21AM","September 07, 2026 08:54:29AM",3,3,delivery,Other,Other,-,23200,2320000,0,0,0,0,-,-,0,0,N/A
76846293,F-3348545130,2678,gofood,,"""People Pasta""",Greenville,"""1x Vegan Fillet-no-Fish""","""Meatless Burgers""","""1x Truffle Tatter Tots""",DELIVERED,81000,8100000,0,0,0,0,4000,400000,46500,4650000,-,68575,6857500,IDR,"September 07, 2026 08:12:38AM","September 07, 2026 08:34:18AM",1,1,delivery,N/A,N/A,-,16425,1642500,30075,3007500,0,0,-,-,0,0,N/A
76845787,F-3348535900,2211,gofood,,"""American Breakfast Club""",Kemang,"""1x Burrito - Mock Chicken, 2 Scrambled Eggs, Cheddar, Avocado, Tater Tots, 1x Tater Tots With Truffle Oil""","""American Breakfast Burritos,Sides""","""N/A""",DELIVERED,106000,10600000,0,0,0,0,4000,400000,37100,3710000,-,93305,9330500,IDR,"September 07, 2026 07:53:08AM","September 07, 2026 08:29:42AM",2,2,delivery,N/A,N/A,-,16695,1669500,20405,2040500,0,0,-,-,0,0,N/A
76845603,001379541837-C8EHJGDJE7LDG6,GF-269,GrabFood,,"""American Breakfast Club""",Greenville,"""1x Cheese Omelette - Side Tater Tots""","""American Breakfast Omelettes""","""1x Cutleries""",DELIVERED,59500,5950000,0,0,0,0,0,0,8700,870000,-,50800,5080000,IDR,"September 07, 2026 07:44:38AM","September 07, 2026 08:08:41AM",1,1,delivery,Other,Other,-,8700,870000,0,0,0,0,-,-,0,0,8 min 35 sec
76845548,001489160049-C8EHJFT2WBTWEX,GF-425,GrabFood,,"""Tyfel Coffee""",Greenville,"""2x Omelette Toast""","""Brunch""","""N/A""",DELIVERED,76000,7600000,0,0,0,0,0,0,15200,1520000,-,60800,6080000,IDR,"September 07, 2026 07:42:32AM","September 07, 2026 08:09:14AM",2,1,delivery,Other,Other,-,15200,1520000,0,0,0,0,-,-,0,0,N/A
76845498,F-3348530516,2951,gofood,,"""American Breakfast Club""",Kemang,"""2x Burrito - Mock Chicken, 2 Scrambled Eggs, Cheddar, Avocado, Tater Tots""","""American Breakfast Burritos""","""N/A""",DELIVERED,136000,13600000,0,0,0,0,4000,400000,61200,6120000,-,112460,11246000,IDR,"September 07, 2026 07:39:50AM","September 07, 2026 08:27:11AM",2,1,delivery,N/A,N/A,-,27540,2754000,33660,3366000,0,0,-,-,0,0,N/A
76845365,F-3348527568,9716,gofood,,"""American Breakfast Club""",Greenville,"""1x Burrito - Mock Katsu, 2 Scrambled Eggs, Cheddar, Avocado, Tater Tots""","""American Breakfast Burritos""","""N/A""",DELIVERED,54400,5440000,0,0,0,0,4000,400000,0,0,-,58400,5840000,IDR,"September 07, 2026 07:32:07AM","September 07, 2026 07:58:33AM",1,1,delivery,N/A,N/A,-,0,0,0,0,0,0,-,-,0,0,N/A
76845362,00103521734-C8EHJELFEF6TE2,GF-148,GrabFood,,"""American Breakfast Club""",Greenville,"""2x Burrito - 2 Scrambled Eggs, Cheddar, Avocado, Tater Tots""","""American Breakfast Burritos""","""N/A""",DELIVERED,116000,11600000,0,0,0,0,0,0,20400,2040000,-,95600,9560000,IDR,"September 07, 2026 07:32:37AM","September 07, 2026 08:08:50AM",2,1,delivery,Other,Other,-,20400,2040000,0,0,0,0,-,-,0,0,N/A
76845321,00117453452-C8EHJEBGEU5KT6,GF-913,GrabFood,,"""American Breakfast Club""",Greenville,"""1x Burrito - 2 Scrambled Eggs, Cheddar, Avocado, Tater Tots""","""American Breakfast Burritos""","""N/A""",DELIVERED,58000,5800000,0,0,0,0,0,0,11700,1170000,-,46300,4630000,IDR,"September 07, 2026 07:30:35AM","September 07, 2026 08:08:15AM",1,1,delivery,Other,Other,-,11700,1170000,0,0,0,0,-,-,0,0,14 min 26 sec
76844977,F-3348520771,5869,gofood,,"""American Breakfast Club""",Greenville,"""1x Burrito - 2 Scrambled Eggs, Cheddar, Avocado, Tater Tots""","""American Breakfast Burritos""","""N/A""",DELIVERED,46400,4640000,0,0,0,0,4000,400000,0,0,-,50400,5040000,IDR,"September 07, 2026 07:12:23AM","September 07, 2026 07:50:33AM",1,1,delivery,N/A,N/A,-,0,0,0,0,0,0,-,-,0,0,N/A
76844521,0011251192-C8EHHAEFAUAULJ,GF-682,GrabFood,,"""American Breakfast Club""",Greenville,"""2x Burrito - 2 Scrambled Eggs, Cheddar, Avocado, Tater Tots""","""American Breakfast Burritos""","""N/A""",DELIVERED,116000,11600000,0,0,0,0,0,0,17400,1740000,-,98600,9860000,IDR,"September 07, 2026 06:41:36AM","September 07, 2026 07:18:02AM",2,1,delivery,Other,Other,-,17400,1740000,0,0,0,0,-,-,0,0,N/A
76844443,001580957831-C8EHG7MFN231ET,GF-069,GrabFood,,"""People Pasta""",Greenville,"""1x Bolognese - Vegan Friendly - Vegetarian - Plantbase""","""Signature Pasta""","""1x Spaghetti""",DELIVERED,43000,4300000,0,0,0,0,0,0,11600,1160000,-,31400,3140000,IDR,"September 07, 2026 06:35:28AM","September 07, 2026 07:36:34AM",1,1,delivery,Other,Other,-,11600,1160000,0,0,0,0,-,-,0,0,N/A
76844436,00175475296-C8EHG7XBNF6JLN,GF-622,GrabFood,,"""American Breakfast Club""",Greenville,"""1x Burrito - Mock Beef, 2 Scrambled Eggs, Cheddar, Avocado, Tater Tots,, 1x Burrito - 2 Scrambled Eggs, Cheddar, Avocado, Tater Tots""","""American Breakfast Burritos""","""N/A""",DELIVERED,126000,12600000,0,0,0,0,0,0,18900,1890000,-,107100,10710000,IDR,"September 07, 2026 06:34:51AM","September 07, 2026 07:16:42AM",2,2,delivery,Other,Other,-,18900,1890000,0,0,0,0,-,-,0,0,N/A
76844218,00126143614-C8EHG3LFEE3URJ,GF-330,GrabFood,,"""American Breakfast Club""",Greenville,"""4x Sandwich - 2 Scrambled Eggs Mock Beef, Cheddar Cheese  on a wavy brioche bun, 1x Cheese Omelette - Side Tater Tots, 2x Home Fries With Truffle Oil""","""American Breakfast Sandwiches,American Breakfast Omelettes,Sides""","""N/A""",DELIVERED,386000,38600000,0,0,0,0,0,0,57900,5790000,-,328100,32810000,IDR,"September 07, 2026 06:15:57AM","September 07, 2026 07:15:18AM",7,3,delivery,Other,Other,-,57900,5790000,0,0,0,0,-,-,0,0,N/A
76824344,001435194035-C8EGWFJWVETUV2,GF-501,GrabFood,,"""People Pasta""",Greenville,"""1x Truffle Fries, 1x Truffle Tatter Tots""","""N/A""","""N/A""",DELIVERED,62000,6200000,0,0,0,0,0,0,22816,2281600,-,39184,3918400,IDR,"September 06, 2026 07:58:46PM","September 06, 2026 08:50:54PM",2,2,delivery,Other,Other,-,22816,2281600,0,0,0,0,-,-,0,0,24 min 12 sec
76822970,001682717416-C8EGWCA2ETNBT6,GF-370,GrabFood,,"""People Pasta""",Greenville,"""1x Chicken Nugget - Vegan, 1x Lada Hitam  - Vegan Friendly - Vegetarian - Plantbased""","""Signature Pasta""","""N/A""",DELIVERED,78000,7800000,0,0,0,0,0,0,31704,3170400,-,46296,4629600,IDR,"September 06, 2026 07:47:15PM","September 06, 2026 08:42:04PM",2,2,delivery,Other,Other,-,31704,3170400,0,0,0,0,-,-,0,0,11 min 28 sec
76821598,001168925646-C8EGWAKHTFX2EA,GF-520,GrabFood,,"""Herbox""",Greenville,"""1x Lada Hitam Blackpepper Vegan Vegetarian Ricebox, 1x Vegan Chickin Nugget""","""Ricebox,Sides""","""N/A""",DELIVERED,79000,7900000,0,0,0,0,0,0,7800,780000,-,71200,7120000,IDR,"September 06, 2026 07:35:39PM","September 06, 2026 08:29:56PM",2,2,delivery,Other,Other,-,7800,780000,0,0,0,0,-,-,0,0,15 min 22 sec
76818186,001244358277-C8EGV3JFVPMXJX,GF-382,GrabFood,,"""People Pasta""",Greenville,"""1x Chicken Nugget - Vegan, 1x Home Fries, 1x Vegan Chicken Crispy Burger""","""Meatless Burgers""","""N/A""",DELIVERED,109000,10900000,0,0,41000,4100000,0,0,26800,2680000,-,87200,8720000,IDR,"September 06, 2026 07:08:35PM","September 06, 2026 07:58:26PM",3,3,delivery,Cash,Cash,-,21800,2180000,5000,500000,0,0,-,-,0,0,18 min 55 sec
76816066,0015092059-C8EGVYLJNTKART,GF-644,GrabFood,,"""American Breakfast Club""",Greenville,"""1x Burrito - 2 Scrambled Eggs, Cheddar, Avocado, Tater Tots, 1x Cheese Omelette - Side Tater Tots""","""American Breakfast Burritos,American Breakfast Omelettes""","""N/A""",DELIVERED,116000,11600000,0,0,0,0,0,0,17400,1740000,-,98600,9860000,IDR,"September 06, 2026 06:52:38PM","September 06, 2026 07:16:25PM",2,2,delivery,Other,Other,-,17400,1740000,0,0,0,0,-,-,0,0,13 min 16 sec
76814334,001542845232-C8EGVU4YBF2WEE,GF-210,GrabFood,,"""Herbox""",Greenville,"""1x Nasi Goreng Bintang Kuning Vegan Vegetarian, 1x Pesmol Vegan Vegetarian Ricebox, 1x Teriyaki Vegan Vegetarian Ricebox, 1x Nasi Goreng Bulan Merah Vegan Vegetarian""","""Ricebox,Nasi Goreng Special""","""N/A""",DELIVERED,148000,14800000,0,0,0,0,0,0,32600,3260000,-,115400,11540000,IDR,"September 06, 2026 06:39:25PM","September 06, 2026 07:14:29PM",4,4,delivery,Other,Other,-,32600,3260000,0,0,0,0,-,-,0,0,20 min 23 sec
76811027,0011762123-C8EGVNTFG6VESA,GF-223,GrabFood,,"""People Pasta""",Greenville,"""2x Chicken Nugget - Vegan, 1x Vegan Chicken Crispy Burger, 1x Truffle Fries""","""Meatless Burgers""","""N/A""",DELIVERED,149000,14900000,0,0,0,0,0,0,56800,5680000,-,92200,9220000,IDR,"September 06, 2026 06:13:36PM","September 06, 2026 07:22:48PM",4,3,delivery,Other,Other,-,56800,5680000,0,0,0,0,-,-,0,0,N/A
76805749,00152650713-C8EGVBN1WATUFE,GF-609,GrabFood,,"""Herbox""",Greenville,"""2x Pesmol Vegan Vegetarian Ricebox""","""Ricebox""","""N/A""",DELIVERED,78000,7800000,0,0,0,0,0,0,18600,1860000,-,59400,5940000,IDR,"September 06, 2026 05:30:08PM","September 06, 2026 07:02:59PM",2,1,delivery,Other,Other,-,18600,1860000,0,0,0,0,-,-,0,0,6 min 24 sec
76803708,F-3347973771,2966,gofood,,"""Herbox""",Greenville,"""1x Salted no Egg Vegan Vegetarian Ricebox, 1x Tater tots, 1x Pesmol Vegan Vegetarian Ricebox, 1x Kung Paow Chick Vegan Vegetarian Ricebox, 1x Nasi Goreng Sedap Malam Vegan Vegetarian""","""Nasi Goreng Special,Ricebox,Sides""","""N/A""",DELIVERED,145600,14560000,0,0,0,0,4000,400000,65600,6560000,-,120080,12008000,IDR,"September 06, 2026 04:58:04PM","September 06, 2026 05:55:02PM",5,5,delivery,N/A,N/A,-,29520,2952000,36080,3608000,0,0,-,-,0,0,N/A
76801968,001951355126-C8EGUBWGPA3BTX,GF-777,GrabFood,,"""American Breakfast Club""",Greenville,"""1x Sandwich - 2 Scrambled Eggs, Mock Fish, Cheddar Cheese, Mix, Brioche Bun, 1x Home Fries With Truffle Oil""","""American Breakfast Sandwiches,Sides""","""1x Cutleries""",DELIVERED,107500,10750000,0,0,0,0,0,0,18900,1890000,-,88600,8860000,IDR,"September 06, 2026 04:57:56PM","September 06, 2026 05:27:17PM",2,2,delivery,Other,Other,-,18900,1890000,0,0,0,0,-,-,0,0,15 min 52 sec
76801419,001245171741-C8EGUA6BLTATBA,GF-991,GrabFood,,"""Herbox""",Greenville,"""1x Lada Hitam Blackpepper Vegan Vegetarian Ricebox""","""Ricebox""","""1x Tattertots with Truffle""",DELIVERED,74000,7400000,0,0,0,0,0,0,7800,780000,-,66200,6620000,IDR,"September 06, 2026 04:53:11PM","September 06, 2026 05:14:01PM",1,1,delivery,Other,Other,-,7800,780000,0,0,0,0,-,-,0,0,N/A
76801297,001608755760-C8EGUA22VZDVJ2,GF-830,GrabFood,,"""Herbox""",Greenville,"""1x Teriyaki Vegan Vegetarian Ricebox""","""Ricebox""","""1x Vegan Chicken Nugget""",DELIVERED,74000,7400000,0,0,0,0,0,0,7800,780000,-,66200,6620000,IDR,"September 06, 2026 04:52:08PM","September 06, 2026 05:11:45PM",1,1,delivery,Other,Other,-,7800,780000,0,0,0,0,-,-,0,0,N/A
76791715,F-3347839575,9186,gofood,,"""American Breakfast Club""",Greenville,"""1x Cheese Omelette - Side Tater Tots, 1x Burrito - 2 Scrambled Eggs, Cheddar, Avocado, Tater Tots, 1x Home Fries With Truffle Oil, 1x Tater Tots""","""American Breakfast Burritos,Sides,American Breakfast Omelettes""","""N/A""",DELIVERED,145600,14560000,0,0,0,0,4000,400000,65600,6560000,-,120080,12008000,IDR,"September 06, 2026 03:15:23PM","September 06, 2026 03:47:10PM",4,4,delivery,N/A,N/A,-,29520,2952000,36080,3608000,0,0,-,-,0,0,N/A
76790351,001865144835-C8EGTFW2RZKESE,GF-513,GrabFood,,"""Herbox""",Greenville,"""1x Nasi Goreng Sedap Malam Vegan Vegetarian, 1x Rica Wrap, 1x Pesmol Vegan Vegetarian Ricebox, 1x Lada Hitam Blackpepper Vegan Vegetarian Ricebox, 1x Hygiene Cutleries""","""Nasi Goreng Special,Wrap Series,Ricebox,Extra""","""1x Vegan Chicken Nugget""",DELIVERED,209000,20900000,0,0,0,0,0,0,34400,3440000,-,174600,17460000,IDR,"September 06, 2026 03:01:33PM","September 06, 2026 03:46:52PM",5,5,delivery,Other,Other,-,34400,3440000,0,0,0,0,-,-,0,0,N/A
76789832,001772501199-C8EGTE5CCY2ECT,GF-923,GrabFood,,"""American Breakfast Club""",Greenville,"""1x 2 Pancakes - Blueberries, Butter, Maple Syrup""","""American Breakfast Pancakes""","""N/A""",DELIVERED,58000,5800000,0,0,13000,1300000,0,0,39025,3902500,-,46300,4630000,IDR,"September 06, 2026 02:56:11PM","September 06, 2026 03:18:46PM",1,1,delivery,Cash,Cash,-,11700,1170000,27325,2732500,0,0,-,-,0,0,N/A
76768245,001572430336-C8EGPFECNTEATJ,GF-171,GrabFood,,"""American Breakfast Club""",Kemang,"""1x Mushroom Omelette - Mushrooms, Spinach, Side Tater Tots""","""American Breakfast Omelettes""","""1x Tatter Tots""",DELIVERED,98000,9800000,0,0,0,0,0,0,13600,1360000,-,84400,8440000,IDR,"September 06, 2026 11:38:15AM","September 06, 2026 12:08:11PM",1,1,delivery,Other,Other,-,13600,1360000,0,0,0,0,-,-,0,0,N/A
76766430,F-3347441977,8558,gofood,,"""American Breakfast Club""",Kemang,"""1x Burrito - 2 Scrambled Eggs, Cheddar, Avocado, Tater Tots, 1x Tater Tots""","""Sides,American Breakfast Burritos""","""N/A""",DELIVERED,86000,8600000,0,0,0,0,4000,400000,48700,4870000,-,72585,7258500,IDR,"September 06, 2026 11:19:16AM","September 06, 2026 11:39:21AM",2,2,delivery,N/A,N/A,-,17415,1741500,31285,3128500,0,0,-,-,0,0,N/A
76765130,F-3347421549,3212,gofood,,"""Tyfel Coffee""",Greenville,"""1x Tater Tots, 1x Tyfel Burritos - Vegan, 1x Tater Tots With Truffle Oil, 1x Omelette Toast""","""Sides,Lite Bites,Brunch""","""N/A""",DELIVERED,149000,14900000,0,0,0,0,4000,400000,77100,7710000,-,122805,12280500,IDR,"September 06, 2026 11:08:01AM","September 06, 2026 11:35:21AM",4,4,delivery,N/A,N/A,-,30195,3019500,46905,4690500,0,0,-,-,0,0,N/A
76763740,F-3347400225,9768,gofood,,"""LA Breakfast Club""",Greenville,"""1x Mock Chicken Sandwich""","""LA Breakfast Sandwiches""","""1x Ketchup, 1x Add Mineral Water (500ml)""",DELIVERED,101000,10100000,0,0,0,0,0,0,0,0,-,101000,10100000,IDR,"September 06, 2026 10:55:32AM","September 06, 2026 11:25:35AM",1,1,delivery,N/A,N/A,-,0,0,0,0,0,0,-,-,0,0,N/A
76762721,001860350943-C8EGN22UAKVGRX,GF-091,GrabFood,,"""American Breakfast Club""",Greenville,"""1x 2 Pancakes - Blueberries, Butter, Maple Syrup, 1x Burrito - Mock Chicken, 2 Scrambled Eggs, Cheddar, Avocado, Tater Tots, 3x Cutleries""","""American Breakfast Burritos,Cutleries,American Breakfast Pancakes""","""N/A""",DELIVERED,129000,12900000,0,0,0,0,0,0,21900,2190000,-,107100,10710000,IDR,"September 06, 2026 10:45:24AM","September 06, 2026 11:10:10AM",5,3,delivery,Other,Other,-,21900,2190000,0,0,0,0,-,-,0,0,N/A
76759893,001301986082-C8EGNUCAANMBV2,GF-819,GrabFood,,"""American Breakfast Club""",Kemang,"""2x Burrito - 2 Scrambled Eggs, Cheddar, Avocado, Tater Tots""","""American Breakfast Burritos""","""2x Cutleries""",DELIVERED,117200,11720000,0,0,0,0,0,0,23200,2320000,-,94000,9400000,IDR,"September 06, 2026 10:14:10AM","September 06, 2026 10:42:52AM",2,1,delivery,Other,Other,-,23200,2320000,0,0,0,0,-,-,0,0,N/A
76759096,F-3347322987,7168,gofood,,"""American Breakfast Club""",Kemang,"""1x Sandwich - 2 Scrambled Eggs, Mock Fish, Cheddar Cheese, Mix, Brioche Bun""","""American Breakfast Sandwiches""","""N/A""",DELIVERED,58000,5800000,0,0,0,0,4000,400000,10000,1000000,-,62000,6200000,IDR,"September 06, 2026 10:03:52AM","September 06, 2026 10:23:28AM",1,1,delivery,N/A,N/A,-,0,0,10000,1000000,0,0,-,-,0,0,N/A
76758880,001594081312-C8EGNPW3TUBWGN,GF-993,GrabFood,,"""American Breakfast Club""",Greenville,"""2x Burrito - Mock Beef, 2 Scrambled Eggs, Cheddar, Avocado, Tater Tots,""","""American Breakfast Burritos""","""N/A""",DELIVERED,136000,13600000,0,0,0,0,0,0,20400,2040000,-,115600,11560000,IDR,"September 06, 2026 10:01:30AM","September 06, 2026 10:45:41AM",2,1,delivery,Other,Other,-,20400,2040000,0,0,0,0,-,-,0,0,N/A
76758345,001825114403-C8EGNNTURE6AEX,GF-704,GrabFood,,"""American Breakfast Club""",Greenville,"""1x 2 Pancakes - Blueberries, Butter, Maple Syrup""","""American Breakfast Pancakes""","""1x Cutleries""",DELIVERED,59500,5950000,0,0,0,0,0,0,8700,870000,-,50800,5080000,IDR,"September 06, 2026 09:53:41AM","September 06, 2026 10:37:34AM",1,1,delivery,Other,Other,-,8700,870000,0,0,0,0,-,-,0,0,N/A
76758058,F-3347305644,5793,gofood,,"""American Breakfast Club""",Greenville,"""2x Burrito - Mock Beef, 2 Scrambled Eggs, Cheddar, Avocado, Tater Tots,, 1x Burrito - Mock Chicken, 2 Scrambled Eggs, Cheddar, Avocado, Tater Tots, 1x 2 Pancakes - Blueberries, Butter, Maple Syrup""","""American Breakfast Burritos,American Breakfast Pancakes""","""N/A""",DELIVERED,209600,20960000,0,0,0,0,4000,400000,94400,9440000,-,171120,17112000,IDR,"September 06, 2026 09:48:33AM","September 06, 2026 10:24:30AM",4,4,delivery,N/A,N/A,-,42480,4248000,51920,5192000,0,0,-,-,0,0,N/A
76757978,001695038826-C8EGNLDBV72DV2,GF-270,GrabFood,,"""American Breakfast Club""",Kemang,"""2x Burrito - Mock Beef, 2 Scrambled Eggs, Cheddar, Avocado, Tater Tots,""","""American Breakfast Burritos""","""N/A""",DELIVERED,136000,13600000,0,0,0,0,0,0,0,0,-,136000,13600000,IDR,"September 06, 2026 09:47:53AM","September 06, 2026 10:34:11AM",2,1,delivery,Other,Other,-,0,0,0,0,0,0,-,-,0,0,N/A
76757911,F-3347303247,2822,gofood,,"""Tyfel Coffee""",Kemang,"""1x Breakfast Burrito""","""Breakfast Burritos""","""N/A""",DELIVERED,58000,5800000,0,0,0,0,4000,400000,0,0,-,62000,6200000,IDR,"September 06, 2026 09:46:18AM","September 06, 2026 10:10:07AM",1,1,delivery,N/A,N/A,-,0,0,0,0,0,0,-,-,0,0,N/A
76757781,F-3347301341,9451,gofood,,"""American Breakfast Club""",Kemang,"""1x Burrito - 2 Scrambled Eggs, Cheddar, Avocado, Tater Tots""","""American Breakfast Burritos""","""N/A""",DELIVERED,58000,5800000,0,0,0,0,4000,400000,0,0,-,62000,6200000,IDR,"September 06, 2026 09:44:35AM","September 06, 2026 10:14:03AM",1,1,delivery,N/A,N/A,-,0,0,0,0,0,0,-,-,0,0,N/A
76757626,F-3347298112,1815,gofood,,"""American Breakfast Club""",Kemang,"""1x Burrito - 2 Scrambled Eggs, Cheddar, Avocado, Tater Tots""","""American Breakfast Burritos""","""1x Tatter Tots""",DELIVERED,88000,8800000,0,0,0,0,4000,400000,0,0,-,92000,9200000,IDR,"September 06, 2026 09:41:38AM","September 06, 2026 10:07:50AM",1,1,delivery,N/A,N/A,-,0,0,0,0,0,0,-,-,0,0,N/A
76757375,F-3347294111,8836,gofood,,"""American Breakfast Club""",Greenville,"""1x Burrito - 2 Scrambled Eggs, Cheddar, Avocado, Tater Tots""","""American Breakfast Burritos""","""N/A""",DELIVERED,46400,4640000,0,0,0,0,4000,400000,0,0,-,50400,5040000,IDR,"September 06, 2026 09:37:54AM","September 06, 2026 10:03:47AM",1,1,delivery,N/A,N/A,-,0,0,0,0,0,0,-,-,0,0,N/A
76756897,00151082211-C8EGNGBKHGJ3CT,GF-866,GrabFood,,"""American Breakfast Club""",Kemang,"""1x Sandwich - 2 Scrambled Eggs melty cheddar cheese on a wavy brioche bun, 1x Burrito - Mock Fish, 2 Scrambled Eggs, Cheddar, Avocado, Tater Tots,""","""American Breakfast Sandwiches,American Breakfast Burritos""","""N/A""",DELIVERED,113000,11300000,0,0,0,0,0,0,22600,2260000,-,90400,9040000,IDR,"September 06, 2026 09:30:39AM","September 06, 2026 10:12:48AM",2,2,delivery,Other,Other,-,22600,2260000,0,0,0,0,-,-,0,0,N/A
76755610,001987899221-C8EGNBATRX2ATA,GF-394,GrabFood,,"""American Breakfast Club""",Kemang,"""1x Cheese Omelette - Side Tater Tots""","""American Breakfast Omelettes""","""N/A""",DELIVERED,58000,5800000,0,0,0,0,0,0,11600,1160000,-,46400,4640000,IDR,"September 06, 2026 09:07:00AM","September 06, 2026 09:26:44AM",1,1,delivery,Other,Other,-,11600,1160000,0,0,0,0,-,-,0,0,N/A
76755585,F-3347262530,4467,gofood,,"""American Breakfast Club""",Kemang,"""1x Burrito - 2 Scrambled Eggs, Cheddar, Avocado, Tater Tots, 2x Katsu Egg burger - Patties, 2 Scrambled Eggs, Cheddar Cheese, Secret Sauce""","""American Breakfast Burger,American Breakfast Burritos""","""1x Tatter Tots""",DELIVERED,204000,20400000,0,0,0,0,4000,400000,10000,1000000,-,208000,20800000,IDR,"September 06, 2026 09:05:54AM","September 06, 2026 09:44:22AM",3,3,delivery,N/A,N/A,-,0,0,10000,1000000,0,0,-,-,0,0,N/A
76755028,00183075051-C8EGMFT3BBNXEE,GF-062,GrabFood,,"""American Breakfast Club""",Kemang,"""1x Mushroom Omelette - Mushrooms, Spinach, Side Tater Tots""","""American Breakfast Omelettes""","""N/A""",DELIVERED,68000,6800000,0,0,0,0,0,0,13600,1360000,-,54400,5440000,IDR,"September 06, 2026 08:53:48AM","September 06, 2026 09:44:36AM",1,1,delivery,Other,Other,-,13600,1360000,0,0,0,0,-,-,0,0,N/A
76754197,F-3347233586,1128,gofood,,"""Tyfel Coffee""",Greenville,"""2x Mock Beef Sandwich""","""Breakfast Sandwiches""","""N/A""",DELIVERED,116000,11600000,0,0,0,0,4000,400000,0,0,-,120000,12000000,IDR,"September 06, 2026 08:28:41AM","September 06, 2026 09:10:14AM",2,1,delivery,N/A,N/A,-,0,0,0,0,0,0,-,-,0,0,N/A
76754192,001531562950-C8EGMA3AGTCEPE,GF-418,GrabFood,,"""American Breakfast Club""",Kemang,"""1x Cheese Omelette - Side Tater Tots, 1x Burrito - Mock Chicken, 2 Scrambled Eggs, Cheddar, Avocado, Tater Tots""","""American Breakfast Omelettes,American Breakfast Burritos""","""N/A""",DELIVERED,126000,12600000,0,0,0,0,0,0,11600,1160000,-,114400,11440000,IDR,"September 06, 2026 08:32:10AM","September 06, 2026 09:00:40AM",2,2,delivery,Other,Other,-,11600,1160000,0,0,0,0,-,-,0,0,N/A
76754022,00107178703-C8EGMAC3EEDGA2,GF-264,GrabFood,,"""American Breakfast Club""",Kemang,"""1x Mushroom Omelette - Mushrooms, Spinach, Side Tater Tots""","""American Breakfast Omelettes""","""1x Cutleries""",DELIVERED,68600,6860000,0,0,0,0,0,0,13600,1360000,-,55000,5500000,IDR,"September 06, 2026 08:27:50AM","September 06, 2026 08:49:03AM",1,1,delivery,Other,Other,-,13600,1360000,0,0,0,0,-,-,0,0,N/A
76753836,F-3347228062,9124,gofood,,"""American Breakfast Club""",Kemang,"""1x Burrito - Mock Katsu, 2 Scrambled Eggs, Cheddar, Avocado, Tater Tots""","""American Breakfast Burritos""","""1x Tatter Tots""",DELIVERED,98000,9800000,0,0,0,0,4000,400000,0,0,-,102000,10200000,IDR,"September 06, 2026 08:21:05AM","September 06, 2026 08:59:46AM",1,1,delivery,N/A,N/A,-,0,0,0,0,0,0,-,-,0,0,N/A
76752920,00197230705-C8EGLZEANGDJNX,GF-376,GrabFood,,"""American Breakfast Club""",Kemang,"""1x Sandwich - 2 Scrambled Eggs melty cheddar cheese on a wavy brioche bun, 1x Mushroom Omelette - Mushrooms, Spinach, Side Tater Tots""","""American Breakfast Omelettes,American Breakfast Sandwiches""","""N/A""",DELIVERED,113000,11300000,0,0,0,0,0,0,22600,2260000,-,90400,9040000,IDR,"September 06, 2026 07:51:30AM","September 06, 2026 08:23:18AM",2,2,delivery,Other,Other,-,22600,2260000,0,0,0,0,-,-,0,0,N/A
76752711,00161870455-C8EGLX5ZTLKEA6,GF-078,GrabFood,,"""American Breakfast Club""",Greenville,"""1x Burrito - Mock Chicken, 2 Scrambled Eggs, Cheddar, Avocado, Tater Tots""","""American Breakfast Burritos""","""N/A""",DELIVERED,68000,6800000,0,0,0,0,0,0,10200,1020000,-,57800,5780000,IDR,"September 06, 2026 07:43:08AM","September 06, 2026 08:12:29AM",1,1,delivery,Other,Other,-,10200,1020000,0,0,0,0,-,-,0,0,14 min 1 sec
76752574,F-3347199890,5327,gofood,,"""American Breakfast Club""",Kemang,"""1x Cheese Omelette - Side Tater Tots""","""American Breakfast Omelettes""","""1x Cutleries""",DELIVERED,58600,5860000,0,0,0,0,4000,400000,12500,1250000,-,62600,6260000,IDR,"September 06, 2026 07:34:36AM","September 06, 2026 07:54:43AM",1,1,delivery,N/A,N/A,-,0,0,12500,1250000,0,0,-,-,0,0,N/A
76752540,0018268024-C8EGLXABABBHVT,GF-256,GrabFood,,"""American Breakfast Club""",Greenville,"""1x Sandwich - 2 Scrambled Eggs, Mock Fish, Cheddar Cheese, Mix, Brioche Bun, 1x Cheese Omelette - Side Tater Tots""","""American Breakfast Sandwiches,American Breakfast Omelettes""","""2x Cutleries""",DELIVERED,119000,11900000,0,0,0,0,0,0,17400,1740000,-,101600,10160000,IDR,"September 06, 2026 07:36:51AM","September 06, 2026 08:25:28AM",2,2,delivery,Other,Other,-,17400,1740000,0,0,0,0,-,-,0,0,20 min 33 sec
76752168,001594465067-C8EGLTDZFAVJRE,GF-715,GrabFood,,"""American Breakfast Club""",Greenville,"""1x Burrito - Mock Beef, 2 Scrambled Eggs, Cheddar, Avocado, Tater Tots,""","""American Breakfast Burritos""","""N/A""",DELIVERED,68000,6800000,0,0,0,0,0,0,13200,1320000,-,54800,5480000,IDR,"September 06, 2026 07:21:27AM","September 06, 2026 07:43:06AM",1,1,delivery,Other,Other,-,13200,1320000,0,0,0,0,-,-,0,0,N/A
76752079,0017737712-C8EGLJMXNF6CAX,GF-950,GrabFood,,"""American Breakfast Club""",Greenville,"""1x Burrito - 2 Scrambled Eggs, Cheddar, Avocado, Tater Tots""","""American Breakfast Burritos""","""N/A""",DELIVERED,58000,5800000,0,0,0,0,0,0,11700,1170000,-,46300,4630000,IDR,"September 06, 2026 07:17:28AM","September 06, 2026 07:50:50AM",1,1,delivery,Other,Other,-,11700,1170000,0,0,0,0,-,-,0,0,N/A
76752016,0016060765-C8EGLPX3VFXXEE,GF-075,GrabFood,,"""American Breakfast Club""",Greenville,"""2x Burrito - Mock Beef, 2 Scrambled Eggs, Cheddar, Avocado, Tater Tots,""","""American Breakfast Burritos""","""N/A""",DELIVERED,136000,13600000,0,0,0,0,0,0,20400,2040000,-,115600,11560000,IDR,"September 06, 2026 07:15:10AM","September 06, 2026 08:12:14AM",2,1,delivery,Other,Other,-,20400,2040000,0,0,0,0,-,-,0,0,N/A
76751737,00126795658-C8EGLLDVNVEZBA,GF-785,GrabFood,,"""American Breakfast Club""",Greenville,"""1x Sandwich - 2 Scrambled Eggs Mock Beef, Cheddar Cheese  on a wavy brioche bun, 1x Burrito - Mock Beef, 2 Scrambled Eggs, Cheddar, Avocado, Tater Tots,, 1x Burrito - Mock Chicken, 2 Scrambled Eggs, Cheddar, Avocado, Tater Tots""","""American Breakfast Burritos,American Breakfast Sandwiches""","""N/A""",DELIVERED,194000,19400000,0,0,0,0,0,0,32100,3210000,-,161900,16190000,IDR,"September 06, 2026 07:01:23AM","September 06, 2026 07:46:01AM",3,3,delivery,Other,Other,-,32100,3210000,0,0,0,0,-,-,0,0,N/A
76751352,00126954781-C8EGLELCCABDUA,GF-136,GrabFood,,"""American Breakfast Club""",Greenville,"""2x Burrito - Mock Beef, 2 Scrambled Eggs, Cheddar, Avocado, Tater Tots,""","""American Breakfast Burritos""","""N/A""",DELIVERED,136000,13600000,0,0,0,0,0,0,20400,2040000,-,115600,11560000,IDR,"September 06, 2026 06:35:00AM","September 06, 2026 07:01:08AM",2,1,delivery,Other,Other,-,20400,2040000,0,0,0,0,-,-,0,0,N/A
