Order ID,External ID,Short ID,Provider,Order Source,Brand,Branch,Menu Items,Menu Categories,Menu Modifiers,Status,Gross Order Value,Gross Order Value In Cents,Vat,Vat In Cents,Delivery Fee,Delivery Fee In Cents,Additional Fee,Additional Fee In Cents,Discount,Discount In Cents,Promo Code,Net Order Value,Net Order Value In Cents,Currency,Created At,Delivered At,Items Ordered,Unique Items Ordered,Order Type,Payment Method,Payment Channel,Payment Reference ID,Merchant Discount,Merchant Discount In Cents,Provider Discount,Provider Discount In Cents,Delivery Fee Discount,Delivery Fee Discount In Cents,Cancellation Reason,Cancelled By,Restaurant Service Fee,Restaurant Service Fee In Cents,Meal Preparation Time
78443924,F-3370776449,1468,gofood,,"""People Pasta""",Greenville,"""1x Bolognese - Vegan Friendly - Vegetarian - Plantbase, 2x Vegan Chicken Crispy Burger, 1x Truffle Fries""","""Signature Pasta,Meatless Burgers,Side Dish""","""1x Spaghetti""",DELIVERED,171000,17100000,0,0,0,0,4000,400000,77000,7700000,-,140350,14035000,IDR,"September 26, 2026 08:11:58PM","September 26, 2026 08:47:16PM",4,3,delivery,N/A,N/A,-,34650,3465000,42350,4235000,0,0,-,-,0,0,N/A
78441956,F-3370737271,9732,gofood,,"""American Breakfast Club""",Greenville,"""1x Burrito - Mock Fish, 2 Scrambled Eggs, Cheddar, Avocado, Tater Tots,""","""American Breakfast Burritos""","""N/A""",DELIVERED,54400,5440000,0,0,0,0,4000,400000,12500,1250000,-,58400,5840000,IDR,"September 26, 2026 07:45:53PM","September 26, 2026 08:31:53PM",1,1,delivery,N/A,N/A,-,0,0,12500,1250000,0,0,-,-,0,0,3 min 14 sec
78439819,001121342425-C8JEE22GBE2JGA,GF-363,GrabFood,,"""American Breakfast Club""",Greenville,"""1x Sandwich - 2 Scrambled Eggs Mock Beef, Cheddar Cheese  on a wavy brioche bun""","""American Breakfast Sandwiches""","""N/A""",DELIVERED,58000,5800000,0,0,0,0,0,0,8700,870000,-,49300,4930000,IDR,"September 26, 2026 07:38:37PM","September 26, 2026 08:02:07PM",1,1,delivery,Other,Other,-,8700,870000,0,0,0,0,-,-,0,0,7 min 9 sec
78438348,F-3370681724,3136,gofood,,"""American Breakfast Club""",Greenville,"""1x Burrito - Mock Chicken, 2 Scrambled Eggs, Cheddar, Avocado, Tater Tots, 1x Burrito - Mock Fish, 2 Scrambled Eggs, Cheddar, Avocado, Tater Tots,""","""American Breakfast Burritos""","""1x Truffle Tater Tots""",DELIVERED,148800,14880000,0,0,0,0,4000,400000,67000,6700000,-,122650,12265000,IDR,"September 26, 2026 07:12:05PM","September 26, 2026 08:13:27PM",2,2,delivery,N/A,N/A,-,30150,3015000,36850,3685000,0,0,-,-,0,0,3 sec
78431449,001308555261-C8JEEJ23FEC1GJ,GF-346,GrabFood,,"""People Pasta""",Greenville,"""3x Tattert Tots""","""N/A""","""N/A""",DELIVERED,84000,8400000,0,0,0,0,0,0,31400,3140000,-,52600,5260000,IDR,"September 26, 2026 06:32:11PM","September 26, 2026 06:49:48PM",3,1,delivery,Other,Other,-,31400,3140000,0,0,0,0,-,-,0,0,N/A
78429098,001918644564-C8JEEEMDAFCAG2,GF-570,GrabFood,,"""People Pasta""",Greenville,"""2x Meat-less Burger - Vegan, 1x Home Fries""","""Meatless Burgers""","""1x Tattert Tots""",DELIVERED,151000,15100000,0,0,0,0,0,0,0,0,-,151000,15100000,IDR,"September 26, 2026 06:12:54PM","September 26, 2026 06:58:35PM",3,3,delivery,Other,Other,-,0,0,0,0,0,0,-,-,0,0,17 min 20 sec
78422284,001695430697-C8JEC7LXFAAKLX,GF-236,GrabFood,,"""American Breakfast Club""",Greenville,"""1x Cheese Omelette - Side Tater Tots, 1x Sandwich - 2 Scrambled Eggs, Mock Chicken, Cheddar Cheese Mix, Brioche Bun""","""American Breakfast Omelettes,American Breakfast Sandwiches""","""N/A""",DELIVERED,116000,11600000,0,0,0,0,0,0,17400,1740000,-,98600,9860000,IDR,"September 26, 2026 05:12:45PM","September 26, 2026 05:36:31PM",2,2,delivery,Other,Other,-,17400,1740000,0,0,0,0,-,-,0,0,11 min 48 sec
78420003,00199828979-C8JEC2UDAPT1CE,GF-066,GrabFood,,"""American Breakfast Club""",Greenville,"""1x 2 Pancakes - Chocolate Chips, Butter, Maple Syrup""","""American Breakfast Pancakes""","""N/A""",DELIVERED,58000,5800000,0,0,0,0,0,0,11700,1170000,-,46300,4630000,IDR,"September 26, 2026 04:50:33PM","September 26, 2026 05:45:20PM",1,1,delivery,Other,Other,-,11700,1170000,0,0,0,0,-,-,0,0,9 min 28 sec
78416201,00113494209-C8JECRDABA4BSA,GF-529,GrabFood,,"""Herbox""",Greenville,"""1x Nasi Goreng Bintang Kuning Vegan Vegetarian, 1x Lada Hitam Blackpepper Vegan Vegetarian Ricebox, 1x Kung Paow Chick Vegan Vegetarian Ricebox""","""Nasi Goreng Special,Ricebox""","""N/A""",DELIVERED,113000,11300000,0,0,0,0,0,0,22600,2260000,-,90400,9040000,IDR,"September 26, 2026 04:11:10PM","September 26, 2026 04:48:43PM",3,3,delivery,Other,Other,-,22600,2260000,0,0,0,0,-,-,0,0,N/A
78410497,00132926662-C8JEBGJXGU3DV6,GF-488,GrabFood,,"""American Breakfast Club""",Greenville,"""1x Burrito - Mock Chicken, 2 Scrambled Eggs, Cheddar, Avocado, Tater Tots""","""American Breakfast Burritos""","""1x Cutleries, 1x Truffle Tater Tots""",DELIVERED,109500,10950000,0,0,0,0,0,0,10200,1020000,-,99300,9930000,IDR,"September 26, 2026 03:05:27PM","September 26, 2026 03:36:46PM",1,1,delivery,Other,Other,-,10200,1020000,0,0,0,0,-,-,0,0,N/A
78399739,00125570760-C8JEANAJGVLHV2,GF-667,GrabFood,,"""American Breakfast Club""",Greenville,"""2x 2 Pancakes - Butter, Maple Syrup""","""American Breakfast Pancakes""","""N/A""",DELIVERED,96000,9600000,0,0,0,0,0,0,14400,1440000,-,81600,8160000,IDR,"September 26, 2026 01:10:19PM","September 26, 2026 02:08:05PM",2,1,delivery,Other,Other,-,14400,1440000,0,0,0,0,-,-,0,0,N/A
78398200,F-3370171547,2227,gofood,,"""American Breakfast Club""",Greenville,"""1x Burrito - 2 Scrambled Eggs, Cheddar, Avocado, Tater Tots""","""American Breakfast Burritos""","""1x Truffle Tater Tots""",DELIVERED,86400,8640000,0,0,0,0,4000,400000,10000,1000000,-,90400,9040000,IDR,"September 26, 2026 12:54:08PM","September 26, 2026 01:14:19PM",1,1,delivery,N/A,N/A,-,0,0,10000,1000000,0,0,-,-,0,0,N/A
78394913,F-3370119358,7967,gofood,,"""American Breakfast Club""",Kemang,"""1x Egg burger - 2 Scrambled Eggs, Cheddar Cheese, Secret Sauce""","""American Breakfast Burger""","""1x Home Fries""",DELIVERED,75000,7500000,0,0,0,0,4000,400000,0,0,-,79000,7900000,IDR,"September 26, 2026 12:21:50PM","September 26, 2026 12:47:26PM",1,1,delivery,N/A,N/A,-,0,0,0,0,0,0,-,-,0,0,N/A
78392142,00145895292-C8JDWBLTJPVYJ6,GF-505,GrabFood,,"""Herbox""",Greenville,"""1x Nasi Goreng Bulan Merah Vegan Vegetarian, 1x Beef Mentai Vegan Vegetarian Rice, 1x Tater tots""","""Nasi Goreng Special,Mentai Vegan,Sides""","""N/A""",DELIVERED,124000,12400000,0,0,0,0,0,0,21800,2180000,-,102200,10220000,IDR,"September 26, 2026 11:56:57AM","September 26, 2026 12:34:59PM",3,3,delivery,Other,Other,-,21800,2180000,0,0,0,0,-,-,0,0,24 min 59 sec
78390216,001077695306-C8JDV7LJTZDGVT,GF-752,GrabFood,,"""American Breakfast Club""",Greenville,"""1x 2 Pancakes - Chocolate Chips, Butter, Maple Syrup, 1x Cheese Omelette - Side Tater Tots""","""American Breakfast Omelettes,American Breakfast Pancakes""","""N/A""",DELIVERED,116000,11600000,0,0,13000,1300000,0,0,51910,5191000,-,98600,9860000,IDR,"September 26, 2026 11:39:18AM","September 26, 2026 12:32:22PM",2,2,delivery,Cash,Cash,-,17400,1740000,34510,3451000,0,0,-,-,0,0,9 min 0 sec
78388826,F-3370023673,1362,gofood,,"""American Breakfast Club""",Kemang,"""1x Burrito - Mock Beef, 2 Scrambled Eggs, Cheddar, Avocado, Tater Tots,""","""American Breakfast Burritos""","""N/A""",DELIVERED,68000,6800000,0,0,0,0,4000,400000,30400,3040000,-,62820,6282000,IDR,"September 26, 2026 11:26:13AM","September 26, 2026 11:52:23AM",1,1,delivery,N/A,N/A,-,9180,918000,21220,2122000,0,0,-,-,0,0,N/A
78388602,F-3370019033,1112,gofood,,"""Herbox""",Greenville,"""1x Katsu Chickin Vegan Vegetarian Ricebox""","""Ricebox""","""N/A""",DELIVERED,31200,3120000,0,0,0,0,4000,400000,2000,200000,-,35200,3520000,IDR,"September 26, 2026 11:23:33AM","September 26, 2026 12:04:46PM",1,1,delivery,N/A,N/A,-,0,0,2000,200000,0,0,-,-,0,0,N/A
78386627,001857146282-C8JDVYLXJ6KCTN,GF-162,GrabFood,,"""American Breakfast Club""",Greenville,"""1x 2 Pancakes - Blueberries, Butter, Maple Syrup, 1x 2 Pancakes - Butter, Maple Syrup, 1x Burrito - Mock Chicken, 2 Scrambled Eggs, Cheddar, Avocado, Tater Tots""","""American Breakfast Pancakes,American Breakfast Burritos""","""1x Tatter Tots""",DELIVERED,204000,20400000,0,0,13000,1300000,0,0,26100,2610000,-,177900,17790000,IDR,"September 26, 2026 11:06:03AM","September 26, 2026 11:57:03AM",3,3,delivery,Cash,Cash,-,26100,2610000,0,0,0,0,-,-,0,0,13 min 17 sec
78385002,001011122769-C8JDVUKJR63CJN,GF-379,GrabFood,,"""American Breakfast Club""",Kemang,"""1x 2 Pancakes - Blueberries, Butter, Maple Syrup, 1x 2 Pancakes - Chocolate Chips, Butter, Maple Syrup, 1x Burrito - Mock Chicken, 2 Scrambled Eggs, Cheddar, Avocado, Tater Tots""","""American Breakfast Burritos,American Breakfast Pancakes""","""N/A""",DELIVERED,184000,18400000,0,0,0,0,0,0,23200,2320000,-,160800,16080000,IDR,"September 26, 2026 10:49:00AM","September 26, 2026 11:25:37AM",3,3,delivery,Other,Other,-,23200,2320000,0,0,0,0,-,-,0,0,16 min 48 sec
78384929,00141669759-C8JDVUEBLTUEME,GF-375,GrabFood,,"""American Breakfast Club""",Greenville,"""1x Burrito - Mock Chicken, 2 Scrambled Eggs, Cheddar, Avocado, Tater Tots""","""American Breakfast Burritos""","""N/A""",DELIVERED,68000,6800000,0,0,0,0,0,0,10200,1020000,-,57800,5780000,IDR,"September 26, 2026 10:48:11AM","September 26, 2026 11:13:53AM",1,1,delivery,Other,Other,-,10200,1020000,0,0,0,0,-,-,0,0,11 min 18 sec
78382800,001682064066-C8JDVNCJRNL3KE,GF-338,GrabFood,,"""American Breakfast Club""",Greenville,"""1x Sandwich - 2 Scrambled Eggs, Mock Fish, Cheddar Cheese, Mix, Brioche Bun, 1x Home Fries With Truffle Oil""","""American Breakfast Sandwiches,Sides""","""N/A""",DELIVERED,106000,10600000,0,0,0,0,0,0,18900,1890000,-,87100,8710000,IDR,"September 26, 2026 10:24:18AM","September 26, 2026 11:06:29AM",2,2,delivery,Other,Other,-,18900,1890000,0,0,0,0,-,-,0,0,19 min 52 sec
78382461,00151576961-C8JDVLAWLGBUHE,GF-225,GrabFood,,"""People Pasta""",Greenville,"""1x Creamy Mushroom - Vegetarian - Plantbased""","""Signature Pasta""","""1x Fettucine, 1x Home Fries""",DELIVERED,69000,6900000,0,0,0,0,0,0,27150,2715000,-,41850,4185000,IDR,"September 26, 2026 10:20:23AM","September 26, 2026 11:29:54AM",1,1,delivery,Other,Other,-,27150,2715000,0,0,0,0,-,-,0,0,23 min 51 sec
78382391,001798744104-C8JDVK5EEJEFAT,GF-867,GrabFood,,"""People Pasta""",Greenville,"""1x Tattert Tots, 1x Creamy Mushroom - Vegetarian - Plantbased, 1x Cacio e Pepe - Vegetarian - Plantbased""","""Signature Pasta""","""1x Fusili, 1x Fettucine""",DELIVERED,116000,11600000,0,0,0,0,0,0,35000,3500000,-,81000,8100000,IDR,"September 26, 2026 10:19:34AM","September 26, 2026 11:07:23AM",3,3,delivery,Other,Other,-,35000,3500000,0,0,0,0,-,-,0,0,24 min 44 sec
78382299,001744890999-C8JDVK2UGA2ETX,GF-893,GrabFood,,"""American Breakfast Club""",Kemang,"""1x Sandwich - 2 Scrambled Eggs Mock Beef, Cheddar Cheese  on a wavy brioche bun""","""American Breakfast Sandwiches""","""1x Cutleries, 1x Tatter Tots""",DELIVERED,88600,8860000,0,0,0,0,0,0,11600,1160000,-,77000,7700000,IDR,"September 26, 2026 10:18:42AM","September 26, 2026 11:03:13AM",1,1,delivery,Other,Other,-,11600,1160000,0,0,0,0,-,-,0,0,N/A
78382188,0011953732-C8JDVKTVJUTTL2,GF-533,GrabFood,,"""American Breakfast Club""",Kemang,"""3x Sandwich - 2 Scrambled Eggs melty cheddar cheese on a wavy brioche bun, 3x Burrito - 2 Scrambled Eggs, Cheddar, Avocado, Tater Tots""","""American Breakfast Burritos,American Breakfast Sandwiches""","""N/A""",DELIVERED,309000,30900000,0,0,0,0,0,0,61800,6180000,-,247200,24720000,IDR,"September 26, 2026 10:17:03AM","September 26, 2026 11:21:05AM",6,2,delivery,Other,Other,-,61800,6180000,0,0,0,0,-,-,0,0,N/A
78381700,F-3369908286,4982,gofood,,"""American Breakfast Club""",Greenville,"""2x Burrito - Mock Chicken, 2 Scrambled Eggs, Cheddar, Avocado, Tater Tots""","""American Breakfast Burritos""","""N/A""",DELIVERED,108800,10880000,0,0,0,0,4000,400000,0,0,-,112800,11280000,IDR,"September 26, 2026 10:10:45AM","September 26, 2026 10:58:22AM",2,1,delivery,N/A,N/A,-,0,0,0,0,0,0,-,-,0,0,N/A
78381601,0014965248-C8JDVJNZEVJBV6,GF-758,GrabFood,,"""American Breakfast Club""",Kemang,"""1x Burrito - 2 Scrambled Eggs, Cheddar, Avocado, Tater Tots, 1x Cheese Omelette - Side Tater Tots""","""American Breakfast Omelettes,American Breakfast Burritos""","""N/A""",DELIVERED,116000,11600000,0,0,0,0,0,0,23200,2320000,-,92800,9280000,IDR,"September 26, 2026 10:10:09AM","September 26, 2026 10:52:06AM",2,2,delivery,Other,Other,-,23200,2320000,0,0,0,0,-,-,0,0,N/A
78381577,F-3369906311,7214,gofood,,"""American Breakfast Club""",Greenville,"""1x Burrito - 2 Scrambled Eggs, Cheddar, Avocado, Tater Tots""","""American Breakfast Burritos""","""N/A""",DELIVERED,46400,4640000,0,0,0,0,4000,400000,10000,1000000,-,50400,5040000,IDR,"September 26, 2026 10:09:18AM","September 26, 2026 10:35:52AM",1,1,delivery,N/A,N/A,-,0,0,10000,1000000,0,0,-,-,0,0,N/A
78380500,F-3369889744,1722,gofood,,"""American Breakfast Club""",Kemang,"""1x 2 Pancakes - Chocolate Chips, Butter, Maple Syrup""","""American Breakfast Pancakes""","""N/A""",DELIVERED,58000,5800000,0,0,0,0,4000,400000,0,0,-,62000,6200000,IDR,"September 26, 2026 09:55:14AM","September 26, 2026 10:24:17AM",1,1,delivery,N/A,N/A,-,0,0,0,0,0,0,-,-,0,0,N/A
78379456,F-3369872992,2225,gofood,,"""American Breakfast Club""",Kemang,"""1x Original Egg burger - Patties, 2 Scrambled Eggs, Cheddar Cheese, Secret Sauce, 1x Burrito - 2 Scrambled Eggs, Cheddar, Avocado, Tater Tots""","""American Breakfast Burritos,American Breakfast Burger""","""1x Cutleries, 1x Tatter Tots""",DELIVERED,146600,14660000,0,0,0,0,4000,400000,78000,7800000,-,120900,12090000,IDR,"September 26, 2026 09:38:28AM","September 26, 2026 10:17:29AM",2,2,delivery,N/A,N/A,-,29700,2970000,48300,4830000,0,0,-,-,0,0,N/A
78379350,00137236594-C8JDVAU2T6B2HE,GF-068,GrabFood,,"""American Breakfast Club""",Kemang,"""1x Burrito - Mock Chicken, 2 Scrambled Eggs, Cheddar, Avocado, Tater Tots""","""American Breakfast Burritos""","""N/A""",DELIVERED,68000,6800000,0,0,0,0,0,0,0,0,-,68000,6800000,IDR,"September 26, 2026 09:37:28AM","September 26, 2026 10:35:29AM",1,1,delivery,Other,Other,-,0,0,0,0,0,0,-,-,0,0,N/A
78379199,F-3369869136,2487,gofood,,"""American Breakfast Club""",Kemang,"""1x Burrito - 2 Scrambled Eggs, Cheddar, Avocado, Tater Tots, 1x Sandwich - 2 Scrambled Eggs, Mock Chicken, Cheddar Cheese Mix, Brioche Bun""","""American Breakfast Burritos,American Breakfast Sandwiches""","""N/A""",DELIVERED,116000,11600000,0,0,0,0,4000,400000,52200,5220000,-,96510,9651000,IDR,"September 26, 2026 09:34:31AM","September 26, 2026 10:30:18AM",2,2,delivery,N/A,N/A,-,23490,2349000,28710,2871000,0,0,-,-,0,0,N/A
78378852,0019683057-C8JDUF2VLJ42N6,GF-713,GrabFood,,"""American Breakfast Club""",Kemang,"""2x 2 Pancakes - Butter, Maple Syrup, 1x Burrito - 2 Scrambled Eggs, Cheddar, Avocado, Tater Tots, 1x Sandwich - 2 Scrambled Eggs melty cheddar cheese on a wavy brioche bun""","""American Breakfast Sandwiches,American Breakfast Pancakes,American Breakfast Burritos""","""N/A""",DELIVERED,199000,19900000,0,0,0,0,0,0,39800,3980000,-,159200,15920000,IDR,"September 26, 2026 09:28:43AM","September 26, 2026 10:32:08AM",4,3,delivery,Other,Other,-,39800,3980000,0,0,0,0,-,-,0,0,N/A
78378603,F-3369858844,7236,gofood,,"""American Breakfast Club""",Greenville,"""1x 2 Pancakes - Blueberries, Butter, Maple Syrup, 2x 2 Pancakes - Butter, Maple Syrup, 1x Home Fries With Truffle Oil""","""American Breakfast Pancakes,Sides""","""N/A""",DELIVERED,153600,15360000,0,0,0,0,4000,400000,0,0,-,157600,15760000,IDR,"September 26, 2026 09:23:36AM","September 26, 2026 10:13:02AM",4,3,delivery,N/A,N/A,-,0,0,0,0,0,0,-,-,0,0,N/A
78378475,00173587037-C8JDUE2ETNEHRJ,GF-875,GrabFood,,"""American Breakfast Club""",Greenville,"""1x Sandwich - 2 Scrambled Eggs melty cheddar cheese on a wavy brioche bun, 2x Tater Tots, 1x Burrito - 2 Scrambled Eggs, Cheddar, Avocado, Tater Tots, 1x Burrito - Mock Beef, 2 Scrambled Eggs, Cheddar, Avocado, Tater Tots,""","""American Breakfast Burritos,American Breakfast Sandwiches,Sides""","""N/A""",DELIVERED,247000,24700000,0,0,0,0,0,0,37050,3705000,-,209950,20995000,IDR,"September 26, 2026 09:21:54AM","September 26, 2026 10:01:45AM",5,4,delivery,Other,Other,-,37050,3705000,0,0,0,0,-,-,0,0,17 min 29 sec
78377555,F-3369840926,5382,gofood,,"""American Breakfast Club""",Kemang,"""1x Burrito - 2 Scrambled Eggs, Cheddar, Avocado, Tater Tots""","""American Breakfast Burritos""","""N/A""",DELIVERED,58000,5800000,0,0,0,0,4000,400000,0,0,-,62000,6200000,IDR,"September 26, 2026 09:04:03AM","September 26, 2026 09:33:31AM",1,1,delivery,N/A,N/A,-,0,0,0,0,0,0,-,-,0,0,N/A
78377259,0017822853-C8JDT8JCETNGNJ,GF-900,GrabFood,,"""American Breakfast Club""",Greenville,"""1x Burrito - Mock Beef, 2 Scrambled Eggs, Cheddar, Avocado, Tater Tots,""","""American Breakfast Burritos""","""N/A""",DELIVERED,68000,6800000,0,0,0,0,0,0,10200,1020000,-,57800,5780000,IDR,"September 26, 2026 08:58:32AM","September 26, 2026 09:17:24AM",1,1,delivery,Other,Other,-,10200,1020000,0,0,0,0,-,-,0,0,7 min 31 sec
78376817,001463451703-C8JDT6VBEYXJNN,GF-820,GrabFood,,"""American Breakfast Club""",Kemang,"""1x Cheese Omelette - Side Tater Tots""","""American Breakfast Omelettes""","""N/A""",DELIVERED,58000,5800000,0,0,0,0,0,0,11600,1160000,-,46400,4640000,IDR,"September 26, 2026 08:47:31AM","September 26, 2026 09:22:06AM",1,1,delivery,Other,Other,-,11600,1160000,0,0,0,0,-,-,0,0,N/A
78376456,F-3369821457,7568,gofood,,"""American Breakfast Club""",Greenville,"""2x Burrito - Mock Katsu, 2 Scrambled Eggs, Cheddar, Avocado, Tater Tots""","""American Breakfast Burritos""","""N/A""",DELIVERED,108800,10880000,0,0,0,0,4000,400000,42700,4270000,-,98085,9808500,IDR,"September 26, 2026 08:37:56AM","September 26, 2026 09:02:32AM",2,1,delivery,N/A,N/A,-,14715,1471500,27985,2798500,0,0,-,-,0,0,N/A
78376258,00187080952-C8JDT25BTPKKTJ,GF-350,GrabFood,,"""American Breakfast Club""",Kemang,"""1x Burrito - Mock Beef, 2 Scrambled Eggs, Cheddar, Avocado, Tater Tots,""","""American Breakfast Burritos""","""N/A""",DELIVERED,68000,6800000,0,0,0,0,0,0,0,0,-,68000,6800000,IDR,"September 26, 2026 08:32:54AM","September 26, 2026 08:56:43AM",1,1,delivery,Other,Other,-,0,0,0,0,0,0,-,-,0,0,N/A
78376211,F-3369813571,1828,gofood,,"""American Breakfast Club""",Kemang,"""1x Home Fries With Truffle Oil, 1x Cheese Omelette - Side Tater Tots""","""American Breakfast Omelettes,Sides""","""N/A""",DELIVERED,96000,9600000,0,0,0,0,4000,400000,33600,3360000,-,84880,8488000,IDR,"September 26, 2026 08:26:45AM","September 26, 2026 09:14:32AM",2,2,delivery,N/A,N/A,-,15120,1512000,18480,1848000,0,0,-,-,0,0,N/A
78376098,0015241108-C8JDT2JASB6CDA,GF-938,GrabFood,,"""People Pasta""",Greenville,"""1x Cacio e Pepe - Vegetarian - Plantbased""","""Signature Pasta""","""1x Fusili""",DELIVERED,44000,4400000,0,0,0,0,0,0,12240,1224000,-,31760,3176000,IDR,"September 26, 2026 08:28:32AM","September 26, 2026 08:51:53AM",1,1,delivery,Other,Other,-,12240,1224000,0,0,0,0,-,-,0,0,8 min 3 sec
78376085,00186869157-C8JDT2D2V7X1GN,GF-013,GrabFood,,"""American Breakfast Club""",Kemang,"""1x Burrito - Mock Beef, 2 Scrambled Eggs, Cheddar, Avocado, Tater Tots,""","""American Breakfast Burritos""","""N/A""",DELIVERED,68000,6800000,0,0,0,0,0,0,0,0,-,68000,6800000,IDR,"September 26, 2026 08:28:08AM","September 26, 2026 09:07:16AM",1,1,delivery,Other,Other,-,0,0,0,0,0,0,-,-,0,0,N/A
78375955,00140652102-C8JDTZCJSFV3WE,GF-736,GrabFood,,"""American Breakfast Club""",Kemang,"""1x Burrito - 2 Scrambled Eggs, Cheddar, Avocado, Tater Tots, 1x Mushroom Omelette - Mushrooms, Spinach, Side Tater Tots""","""American Breakfast Burritos,American Breakfast Omelettes""","""N/A""",DELIVERED,126000,12600000,0,0,0,0,0,0,25200,2520000,-,100800,10080000,IDR,"September 26, 2026 08:24:20AM","September 26, 2026 08:52:27AM",2,2,delivery,Other,Other,-,25200,2520000,0,0,0,0,-,-,0,0,N/A
78375726,00198119395-C8JDTYCZE8KVLA,GF-091,GrabFood,,"""American Breakfast Club""",Kemang,"""1x Burrito - Mock Beef, 2 Scrambled Eggs, Cheddar, Avocado, Tater Tots,""","""American Breakfast Burritos""","""N/A""",DELIVERED,68000,6800000,0,0,0,0,0,0,0,0,-,68000,6800000,IDR,"September 26, 2026 08:17:46AM","September 26, 2026 08:54:08AM",1,1,delivery,Other,Other,-,0,0,0,0,0,0,-,-,0,0,N/A
78375518,00121224184-C8JDTXEDR8LUR6,GF-697,GrabFood,,"""American Breakfast Club""",Greenville,"""2x Burrito - 2 Scrambled Eggs, Cheddar, Avocado, Tater Tots""","""American Breakfast Burritos""","""N/A""",DELIVERED,116000,11600000,0,0,0,0,0,0,17400,1740000,-,98600,9860000,IDR,"September 26, 2026 08:11:34AM","September 26, 2026 08:57:31AM",2,1,delivery,Other,Other,-,17400,1740000,0,0,0,0,-,-,0,0,23 min 36 sec
78375420,0014275103-C8JDTVDAAJUGBE,GF-552,GrabFood,,"""American Breakfast Club""",Greenville,"""1x Cheese Omelette - Side Tater Tots, 1x Mushroom Omelette - Mushrooms, Spinach, Side Tater Tots""","""American Breakfast Omelettes""","""N/A""",DELIVERED,126000,12600000,0,0,0,0,0,0,21900,2190000,-,104100,10410000,IDR,"September 26, 2026 08:07:51AM","September 26, 2026 09:02:09AM",2,2,delivery,Other,Other,-,21900,2190000,0,0,0,0,-,-,0,0,27 min 12 sec
78375102,F-3369793930,1285,gofood,,"""Tyfel Coffee""",Greenville,"""1x Bolognese  - Vegan Plantbased, 1x Fettucini Mushroom, 1x Tater Tots With Truffle Oil""","""Sides,Main Course""","""N/A""",DELIVERED,138000,13800000,0,0,0,0,4000,400000,74100,7410000,-,114055,11405500,IDR,"September 26, 2026 07:56:18AM","September 26, 2026 08:17:25AM",3,3,delivery,N/A,N/A,-,27945,2794500,46155,4615500,0,0,-,-,0,0,N/A
78375096,F-3369793732,9363,gofood,,"""American Breakfast Club""",Kemang,"""1x Burrito - 2 Scrambled Eggs, Cheddar, Avocado, Tater Tots, 1x Tater Tots With Truffle Oil, 1x Egg burger - 2 Scrambled Eggs, Cheddar Cheese, Secret Sauce""","""Sides,American Breakfast Burger,American Breakfast Burritos""","""N/A""",DELIVERED,141000,14100000,0,0,0,0,4000,400000,0,0,-,145000,14500000,IDR,"September 26, 2026 07:55:54AM","September 26, 2026 08:42:11AM",3,3,delivery,N/A,N/A,-,0,0,0,0,0,0,-,-,0,0,N/A
78375067,0010174907-C8JDTTKJEFDVVX,GF-020,GrabFood,,"""American Breakfast Club""",Kemang,"""2x Burrito - 2 Scrambled Eggs, Cheddar, Avocado, Tater Tots, 2x 2 Pancakes - Blueberries, Butter, Maple Syrup""","""American Breakfast Burritos,American Breakfast Pancakes""","""N/A""",DELIVERED,232000,23200000,0,0,0,0,0,0,46400,4640000,-,185600,18560000,IDR,"September 26, 2026 07:55:39AM","September 26, 2026 08:49:22AM",4,2,delivery,Other,Other,-,46400,4640000,0,0,0,0,-,-,0,0,N/A
78375049,001469379548-C8JDTTEDGEXZRA,GF-813,GrabFood,,"""American Breakfast Club""",Kemang,"""2x Burrito - Mock Beef, 2 Scrambled Eggs, Cheddar, Avocado, Tater Tots,, 1x Tater Tots""","""American Breakfast Burritos,Sides""","""N/A""",DELIVERED,174000,17400000,0,0,0,0,0,0,0,0,-,174000,17400000,IDR,"September 26, 2026 07:54:54AM","September 26, 2026 08:45:28AM",3,2,delivery,Other,Other,-,0,0,0,0,0,0,-,-,0,0,N/A
78374907,001963340386-C8JDTP6JDE2JWE,GF-024,GrabFood,,"""American Breakfast Club""",Kemang,"""1x Sandwich - 2 Scrambled Eggs melty cheddar cheese on a wavy brioche bun""","""American Breakfast Sandwiches""","""N/A""",DELIVERED,45000,4500000,0,0,0,0,0,0,9000,900000,-,36000,3600000,IDR,"September 26, 2026 07:49:58AM","September 26, 2026 08:20:50AM",1,1,delivery,Other,Other,-,9000,900000,0,0,0,0,-,-,0,0,N/A
78374844,0015291682-C8JDTPVHLK5BME,GF-777,GrabFood,,"""American Breakfast Club""",Greenville,"""1x Burrito - 2 Scrambled Eggs, Cheddar, Avocado, Tater Tots""","""American Breakfast Burritos""","""1x Cutleries""",DELIVERED,59500,5950000,0,0,0,0,0,0,8700,870000,-,50800,5080000,IDR,"September 26, 2026 07:47:39AM","September 26, 2026 08:03:13AM",1,1,delivery,Other,Other,-,8700,870000,0,0,0,0,-,-,0,0,N/A
78373801,F-3369766748,5998,gofood,,"""American Breakfast Club""",Greenville,"""2x Burrito - 2 Scrambled Eggs, Cheddar, Avocado, Tater Tots, 1x Tater Tots With Truffle Oil""","""American Breakfast Burritos,Sides""","""N/A""",DELIVERED,123200,12320000,0,0,0,0,4000,400000,67500,6750000,-,102225,10222500,IDR,"September 26, 2026 07:01:24AM","September 26, 2026 07:37:48AM",3,2,delivery,N/A,N/A,-,24975,2497500,42525,4252500,0,0,-,-,0,0,17 min 5 sec
78373458,F-3369760562,8799,gofood,,"""American Breakfast Club""",Greenville,"""1x Cheese Omelette - Side Tater Tots, 1x 2 Pancakes - Blueberries, Butter, Maple Syrup""","""American Breakfast Omelettes,American Breakfast Pancakes""","""1x Cutleries""",DELIVERED,94300,9430000,0,0,0,0,4000,400000,33100,3310000,-,83405,8340500,IDR,"September 26, 2026 06:43:13AM","September 26, 2026 07:09:15AM",2,2,delivery,N/A,N/A,-,14895,1489500,18205,1820500,0,0,-,-,0,0,N/A
78355204,F-3369572819,1131,gofood,,"""Herbox""",Greenville,"""1x Beef  wrap Vegan Herbox, 1x katsu burger vegan, 1x Hygiene Cutleries""","""Extra,Wrap Series,Vegan Burger""","""1x Vegan Chicken Nugget, 1x Tattertots with Truffle, 2x French Fries, 1x Mineral Water (ph9+)""",DELIVERED,236400,23640000,0,0,0,0,4000,400000,0,0,-,240400,24040000,IDR,"September 25, 2026 08:26:38PM","September 25, 2026 10:22:26PM",3,3,delivery,N/A,N/A,-,0,0,0,0,0,0,-,-,0,0,N/A
78354377,00125662237-C8JDJJ2YCTTBBE,GF-420,GrabFood,,"""People Pasta""",Greenville,"""1x Vegan Chicken Crispy Burger, 1x Creamy Mushroom - Vegetarian - Plantbased, 1x Truffle Fries""","""Meatless Burgers,Signature Pasta""","""1x Fettucine""",DELIVERED,123000,12300000,0,0,0,0,0,0,35000,3500000,-,88000,8800000,IDR,"September 25, 2026 08:19:31PM","September 25, 2026 08:49:41PM",3,3,delivery,Other,Other,-,35000,3500000,0,0,0,0,-,-,0,0,16 min 43 sec
78353863,001050079319-C8JDJJD2PA6HJT,GF-086,GrabFood,,"""People Pasta""",Greenville,"""1x Tattert Tots, 1x Creamy Mushroom - Vegetarian - Plantbased""","""Signature Pasta""","""1x Spaghetti""",DELIVERED,71000,7100000,0,0,0,0,0,0,24850,2485000,-,46150,4615000,IDR,"September 25, 2026 08:15:15PM","September 25, 2026 08:40:24PM",2,2,delivery,Other,Other,-,24850,2485000,0,0,0,0,-,-,0,0,N/A
78349192,0019746486-C8JDHF6GRKACWE,GF-565,GrabFood,,"""Herbox""",Greenville,"""1x Pesmol Vegan Vegetarian Ricebox""","""Ricebox""","""N/A""",DELIVERED,39000,3900000,0,0,0,0,0,0,7800,780000,-,31200,3120000,IDR,"September 25, 2026 07:36:36PM","September 25, 2026 08:03:51PM",1,1,delivery,Other,Other,-,7800,780000,0,0,0,0,-,-,0,0,5 min 54 sec
78347390,0014239022-C8JDHCJFSBE3LN,GF-187,GrabFood,,"""People Pasta""",Greenville,"""1x Creamy Mushroom - Vegetarian - Plantbased, 1x Tattert Tots""","""Signature Pasta""","""1x Fettucine""",DELIVERED,72000,7200000,0,0,0,0,0,0,25200,2520000,-,46800,4680000,IDR,"September 25, 2026 07:21:56PM","September 25, 2026 08:03:33PM",2,2,delivery,Other,Other,-,25200,2520000,0,0,0,0,-,-,0,0,15 min 18 sec
78347146,00195021544-C8JDHB5WVKKWGJ,GF-393,GrabFood,,"""People Pasta""",Greenville,"""1x Creamy Mushroom - Vegetarian - Plantbased, 1x Vegan Chicken Crispy Burger""","""Signature Pasta,Meatless Burgers""","""1x Fettucine""",DELIVERED,93000,9300000,0,0,0,0,0,0,32550,3255000,-,60450,6045000,IDR,"September 25, 2026 07:19:45PM","September 25, 2026 07:52:14PM",2,2,delivery,Other,Other,-,32550,3255000,0,0,0,0,-,-,0,0,N/A
78346716,F-3369468619,2843,gofood,,"""Herbox""",Greenville,"""1x Nasi Goreng Sedap Malam Vegan Vegetarian, 1x Pesmol Vegan Vegetarian Ricebox""","""Ricebox,Nasi Goreng Special""","""1x Vegan Chicken Nugget""",DELIVERED,94200,9420000,0,0,0,0,4000,400000,52400,5240000,-,79120,7912000,IDR,"September 25, 2026 07:15:47PM","September 25, 2026 07:34:19PM",2,2,delivery,N/A,N/A,-,19080,1908000,33320,3332000,0,0,-,-,0,0,N/A
78341552,0013812566-C8JDGX3WJFXDHA,GF-272,GrabFood,,"""People Pasta""",Greenville,"""2x Meat-less Burger - Vegan""","""Meatless Burgers""","""N/A""",DELIVERED,98000,9800000,0,0,0,0,0,0,34300,3430000,-,63700,6370000,IDR,"September 25, 2026 06:35:06PM","September 25, 2026 07:18:09PM",2,1,delivery,Other,Other,-,34300,3430000,0,0,0,0,-,-,0,0,11 min 28 sec
78341132,00150714409-C8JDGZJCABNGJ2,GF-473,GrabFood,,"""Herbox""",Greenville,"""1x Rica Rica Vegan Vegetarian Ricebox""","""Ricebox""","""1x Sendok, Garpu, Tissue, Tusuk Gigi""",DELIVERED,40500,4050000,0,0,0,0,0,0,7800,780000,-,32700,3270000,IDR,"September 25, 2026 06:31:52PM","September 25, 2026 06:56:57PM",1,1,delivery,Other,Other,-,7800,780000,0,0,0,0,-,-,0,0,7 min 32 sec
78333380,00188309229-C8JDGE41AJEFE2,GF-874,GrabFood,,"""Tyfel Coffee""",Greenville,"""1x Spicy Olio, 1x Tyfel Burritos - Vegan""","""Main Course,Lite Bites""","""N/A""",DELIVERED,95000,9500000,0,0,0,0,0,0,45600,4560000,-,49400,4940000,IDR,"September 25, 2026 05:21:22PM","September 25, 2026 06:21:27PM",2,2,delivery,Other,Other,-,45600,4560000,0,0,0,0,-,-,0,0,11 min 12 sec
78332881,F-3369284756,8626,gofood,,"""American Breakfast Club""",Greenville,"""1x Burrito - Mock Chicken, 2 Scrambled Eggs, Cheddar, Avocado, Tater Tots, 1x Burrito - Mock Katsu, 2 Scrambled Eggs, Cheddar, Avocado, Tater Tots, 1x Home Fries""","""American Breakfast Burritos,Sides""","""N/A""",DELIVERED,131200,13120000,0,0,0,0,4000,400000,71100,7110000,-,108605,10860500,IDR,"September 25, 2026 05:16:02PM","September 25, 2026 05:38:35PM",3,3,delivery,N/A,N/A,-,26595,2659500,44505,4450500,0,0,-,-,0,0,N/A
78332849,001715622579-C8JDGE5CLNXTCE,GF-211,GrabFood,,"""Herbox""",Greenville,"""1x Nasi Goreng Sedap Malam Vegan Vegetarian""","""Nasi Goreng Special""","""N/A""",DELIVERED,35000,3500000,0,0,0,0,0,0,10000,1000000,-,25000,2500000,IDR,"September 25, 2026 05:16:12PM","September 25, 2026 05:56:11PM",1,1,delivery,Other,Other,-,10000,1000000,0,0,0,0,-,-,0,0,9 min 47 sec
78332750,F-3369283688,5513,gofood,,"""American Breakfast Club""",Greenville,"""1x Burrito - Mock Chicken, 2 Scrambled Eggs, Cheddar, Avocado, Tater Tots, 1x Burrito - Mock Katsu, 2 Scrambled Eggs, Cheddar, Avocado, Tater Tots, 1x Home Fries""","""American Breakfast Burritos,Sides""","""N/A""",CANCELLED,131200,13120000,0,0,0,0,4000,400000,71100,7110000,-,108605,10860500,IDR,"September 25, 2026 05:15:10PM",,3,3,delivery,N/A,N/A,-,26595,2659500,44505,4450500,0,0,N/A,N/A,0,0,N/A
78332464,001895245013-C8JDGEKGSE6YKE,GF-038,GrabFood,,"""American Breakfast Club""",Greenville,"""1x Cheese Omelette - Side Tater Tots, 1x Cutleries""","""American Breakfast Omelettes,Cutleries""","""N/A""",DELIVERED,59000,5900000,0,0,0,0,0,0,8700,870000,-,50300,5030000,IDR,"September 25, 2026 05:12:17PM","September 25, 2026 05:53:19PM",2,2,delivery,Other,Other,-,8700,870000,0,0,0,0,-,-,0,0,4 min 32 sec
78315323,001251393358-C8JDDBAABE2JRJ,GF-238,GrabFood,,"""People Pasta""",Greenville,"""1x Tattert Tots, 1x Creamy Mushroom - Vegetarian - Plantbased""","""Signature Pasta""","""1x Fettucine""",DELIVERED,72000,7200000,0,0,0,0,0,0,25200,2520000,-,46800,4680000,IDR,"September 25, 2026 01:40:10PM","September 25, 2026 02:04:06PM",2,2,delivery,Other,Other,-,25200,2520000,0,0,0,0,-,-,0,0,N/A
78313686,00147012855-C8JDC6MHAXVCEE,GF-260,GrabFood,,"""People Pasta""",Greenville,"""1x Creamy Mushroom - Vegetarian - Plantbased, 1x Vegan Chicken Crispy Burger""","""Signature Pasta,Meatless Burgers""","""1x Spaghetti""",DELIVERED,92000,9200000,0,0,0,0,0,0,32200,3220000,-,59800,5980000,IDR,"September 25, 2026 01:19:38PM","September 25, 2026 01:53:03PM",2,2,delivery,Other,Other,-,32200,3220000,0,0,0,0,-,-,0,0,19 min 9 sec
78310938,F-3368987107,7815,gofood,,"""American Breakfast Club""",Kemang,"""1x Burrito - Mock Beef, 2 Scrambled Eggs, Cheddar, Avocado, Tater Tots,""","""American Breakfast Burritos""","""N/A""",DELIVERED,68000,6800000,0,0,0,0,4000,400000,30400,3040000,-,62820,6282000,IDR,"September 25, 2026 12:49:31PM","September 25, 2026 01:12:52PM",1,1,delivery,N/A,N/A,-,9180,918000,21220,2122000,0,0,-,-,0,0,N/A
78310422,00109573427-C8JDCN5ZVXNYL2,GF-604,GrabFood,,"""Herbox""",Greenville,"""1x Kung Paow Chick Vegan Vegetarian Ricebox""","""Ricebox""","""N/A""",DELIVERED,39000,3900000,0,0,0,0,0,0,10800,1080000,-,28200,2820000,IDR,"September 25, 2026 12:44:58PM","September 25, 2026 01:18:20PM",1,1,delivery,Other,Other,-,10800,1080000,0,0,0,0,-,-,0,0,8 min 5 sec
78303563,00131656033-C8JDCB43EXUZJA,GF-044,GrabFood,,"""American Breakfast Club""",Kemang,"""1x Burrito - Mock Beef, 2 Scrambled Eggs, Cheddar, Avocado, Tater Tots,""","""American Breakfast Burritos""","""1x Mineral Water""",DELIVERED,78000,7800000,0,0,0,0,0,0,0,0,-,78000,7800000,IDR,"September 25, 2026 11:32:50AM","September 25, 2026 12:40:56PM",1,1,delivery,Other,Other,-,0,0,0,0,0,0,-,-,0,0,20 min 23 sec
78302015,00172580583-C8JDBGBUJY63DE,GF-663,GrabFood,,"""People Pasta""",Greenville,"""1x Creamy Mushroom - Vegetarian - Plantbased, 1x Tattert Tots""","""Signature Pasta""","""1x Spaghetti""",DELIVERED,71000,7100000,0,0,0,0,0,0,24850,2485000,-,46150,4615000,IDR,"September 25, 2026 11:17:33AM","September 25, 2026 12:10:54PM",2,2,delivery,Other,Other,-,24850,2485000,0,0,0,0,-,-,0,0,13 min 20 sec
78301989,00104500849-C8JDBGBHNEWTTE,GF-134,GrabFood,,"""Herbox""",Greenville,"""1x Kung Paow Chick Vegan Vegetarian Ricebox, 1x Teriyaki Vegan Vegetarian Ricebox""","""Ricebox""","""N/A""",DELIVERED,78000,7800000,0,0,0,0,0,0,15600,1560000,-,62400,6240000,IDR,"September 25, 2026 11:17:17AM","September 25, 2026 12:46:53PM",2,2,delivery,Other,Other,-,15600,1560000,0,0,0,0,-,-,0,0,13 min 32 sec
78298059,00147820494-C8JDA7AULVDHG2,GF-693,GrabFood,,"""American Breakfast Club""",Greenville,"""3x 2 Pancakes - Butter, Maple Syrup, 2x 2 Pancakes - Blueberries, Butter, Maple Syrup, 1x Sandwich - 2 Scrambled Eggs melty cheddar cheese on a wavy brioche bun, 1x Burrito - Mock Chicken, 2 Scrambled Eggs, Cheddar, Avocado, Tater Tots""","""American Breakfast Pancakes,American Breakfast Sandwiches,American Breakfast Burritos""","""1x Truffle Home Fries, 1x Cutleries, 1x Mineral Water, 1x Home Fries""",DELIVERED,459500,45950000,0,0,0,0,0,0,58950,5895000,-,400550,40055000,IDR,"September 25, 2026 10:37:08AM","September 25, 2026 11:28:35AM",7,5,delivery,Other,Other,-,58950,5895000,0,0,0,0,-,-,0,0,N/A
78294070,001332347097-C8JDATWDNUAGJN,GF-715,GrabFood,,"""American Breakfast Club""",Greenville,"""1x Burrito - 2 Scrambled Eggs, Cheddar, Avocado, Tater Tots""","""American Breakfast Burritos""","""N/A""",DELIVERED,58000,5800000,0,0,0,0,0,0,11700,1170000,-,46300,4630000,IDR,"September 25, 2026 09:44:34AM","September 25, 2026 10:20:02AM",1,1,delivery,Other,Other,-,11700,1170000,0,0,0,0,-,-,0,0,14 min 27 sec
78294026,F-3368732411,5822,gofood,,"""Tyfel Coffee""",Greenville,"""2x Breakfast Burrito""","""Breakfast Burritos""","""N/A""",DELIVERED,116000,11600000,0,0,0,0,4000,400000,34800,3480000,-,104340,10434000,IDR,"September 25, 2026 09:43:22AM","September 25, 2026 10:26:10AM",2,1,delivery,N/A,N/A,-,15660,1566000,19140,1914000,0,0,-,-,0,0,N/A
78294015,F-3368732139,6529,gofood,,"""American Breakfast Club""",Greenville,"""1x Cheese Omelette - Side Tater Tots, 1x Burrito - Mock Beef, 2 Scrambled Eggs, Cheddar, Avocado, Tater Tots,, 2x Tater Tots""","""American Breakfast Omelettes,American Breakfast Burritos,Sides""","""N/A""",DELIVERED,145600,14560000,0,0,0,0,4000,400000,65600,6560000,-,120080,12008000,IDR,"September 25, 2026 09:43:03AM","September 25, 2026 10:28:42AM",4,3,delivery,N/A,N/A,-,29520,2952000,36080,3608000,0,0,-,-,0,0,N/A
78293719,0017655118-C8JDAREFJ6VDEJ,GF-980,GrabFood,,"""People Pasta""",Greenville,"""1x Meat-less Burger - Vegan""","""Meatless Burgers""","""N/A""",DELIVERED,49000,4900000,0,0,0,0,0,0,0,0,-,49000,4900000,IDR,"September 25, 2026 09:38:15AM","September 25, 2026 10:16:50AM",1,1,delivery,Other,Other,-,0,0,0,0,0,0,-,-,0,0,N/A
78293081,001909354735-C8JDANMBNFD1VA,GF-060,GrabFood,,"""American Breakfast Club""",Kemang,"""1x Cheese Omelette - Side Tater Tots, 1x Mushroom Omelette - Mushrooms, Spinach, Side Tater Tots""","""American Breakfast Omelettes""","""1x Chick Nugget""",DELIVERED,161000,16100000,0,0,0,0,0,0,25200,2520000,-,135800,13580000,IDR,"September 25, 2026 09:26:12AM","September 25, 2026 10:01:53AM",2,2,delivery,Other,Other,-,25200,2520000,0,0,0,0,-,-,0,0,N/A
78293037,00139577610-C8JDANJBRLCTTJ,GF-228,GrabFood,,"""Herbox""",Greenville,"""1x Nasi Goreng Sedap Malam Vegan Vegetarian, 1x Nasi Goreng Bintang Kuning Vegan Vegetarian, 1x Kung Paow Chick Vegan Vegetarian Ricebox""","""Ricebox,Nasi Goreng Special""","""2x Ganti Shirataki Rice, 1x Vegan Chicken Nugget""",DELIVERED,184000,18400000,0,0,0,0,0,0,21800,2180000,-,162200,16220000,IDR,"September 25, 2026 09:25:13AM","September 25, 2026 10:20:11AM",3,3,delivery,Other,Other,-,21800,2180000,0,0,0,0,-,-,0,0,N/A
78292599,001865010417-C8JDAKEDVCEWEX,GF-939,GrabFood,,"""American Breakfast Club""",Greenville,"""1x 2 Pancakes - Chocolate Chips, Butter, Maple Syrup, 1x Burrito - Mock Chicken, 2 Scrambled Eggs, Cheddar, Avocado, Tater Tots""","""American Breakfast Pancakes,American Breakfast Burritos""","""1x Cutleries""",DELIVERED,127500,12750000,0,0,42000,4200000,0,0,65340,6534000,-,105600,10560000,IDR,"September 25, 2026 09:14:53AM","September 25, 2026 10:08:42AM",2,2,delivery,Cash,Cash,-,21900,2190000,43440,4344000,0,0,-,-,0,0,10 min 33 sec
78291719,001080756563-C8JDAELDC64DVE,GF-413,GrabFood,,"""People Pasta""",Greenville,"""1x Tattert Tots, 1x Creamy Mushroom - Vegetarian - Plantbased""","""Signature Pasta""","""1x Fettucine""",DELIVERED,72000,7200000,0,0,0,0,0,0,18120,1812000,-,53880,5388000,IDR,"September 25, 2026 08:52:33AM","September 25, 2026 09:32:46AM",2,2,delivery,Other,Other,-,18120,1812000,0,0,0,0,-,-,0,0,10 min 41 sec
78291637,001656618264-C8JDAEAXC7DEVE,GF-181,GrabFood,,"""Herbox""",Greenville,"""1x Nasi Goreng Sedap Malam Vegan Vegetarian""","""Nasi Goreng Special""","""1x Ganti Shirataki Rice""",DELIVERED,55000,5500000,0,0,0,0,0,0,10000,1000000,-,45000,4500000,IDR,"September 25, 2026 08:50:24AM","September 25, 2026 09:42:41AM",1,1,delivery,Other,Other,-,10000,1000000,0,0,0,0,-,-,0,0,13 min 21 sec
78291179,001703622730-C8JDAAKYEVJ3CE,GF-215,GrabFood,,"""American Breakfast Club""",Greenville,"""1x Burrito - Mock Beef, 2 Scrambled Eggs, Cheddar, Avocado, Tater Tots,""","""American Breakfast Burritos""","""N/A""",DELIVERED,68000,6800000,0,0,0,0,0,0,10200,1020000,-,57800,5780000,IDR,"September 25, 2026 08:35:45AM","September 25, 2026 09:09:19AM",1,1,delivery,Other,Other,-,10200,1020000,0,0,0,0,-,-,0,0,N/A
78291136,001600614602-C8JDAADAGCEZG2,GF-732,GrabFood,,"""American Breakfast Club""",Greenville,"""1x Burrito - Mock Beef, 2 Scrambled Eggs, Cheddar, Avocado, Tater Tots,""","""American Breakfast Burritos""","""1x Tatter Tots""",DELIVERED,98000,9800000,0,0,0,0,0,0,10200,1020000,-,87800,8780000,IDR,"September 25, 2026 08:34:30AM","September 25, 2026 09:19:03AM",1,1,delivery,Other,Other,-,10200,1020000,0,0,0,0,-,-,0,0,N/A
78291124,F-3368680877,2254,gofood,,"""Tyfel Coffee""",Greenville,"""1x Burger, 1x Tater Tots, 1x Meatless Burger - Vegan Plantbased""","""Sides,Brunch""","""N/A""",DELIVERED,108000,10800000,0,0,0,0,4000,400000,42400,4240000,-,97420,9742000,IDR,"September 25, 2026 08:33:28AM","September 25, 2026 09:03:12AM",3,3,delivery,N/A,N/A,-,14580,1458000,27820,2782000,0,0,-,-,0,0,N/A
78291000,0018309074-C8JCWF5CDFDXCA,GF-343,GrabFood,,"""American Breakfast Club""",Kemang,"""1x Burrito - Mock Beef, 2 Scrambled Eggs, Cheddar, Avocado, Tater Tots,""","""American Breakfast Burritos""","""N/A""",DELIVERED,68000,6800000,0,0,0,0,0,0,0,0,-,68000,6800000,IDR,"September 25, 2026 08:29:39AM","September 25, 2026 08:59:48AM",1,1,delivery,Other,Other,-,0,0,0,0,0,0,-,-,0,0,N/A
78290442,001910165747-C8JCWBVTMCA3LX,GF-469,GrabFood,,"""American Breakfast Club""",Kemang,"""1x Burrito - Mock Chicken, 2 Scrambled Eggs, Cheddar, Avocado, Tater Tots, 1x 2 Pancakes - Blueberries, Butter, Maple Syrup, 1x 2 Pancakes - Butter, Maple Syrup""","""American Breakfast Burritos,American Breakfast Pancakes""","""1x Truffle Home Fries, 2x Cutleries""",DELIVERED,215200,21520000,0,0,0,0,0,0,21200,2120000,-,194000,19400000,IDR,"September 25, 2026 08:11:02AM","September 25, 2026 09:09:47AM",3,3,delivery,Other,Other,-,21200,2120000,0,0,0,0,-,-,0,0,N/A
78290245,F-3368663133,5274,gofood,,"""Herbox""",Greenville,"""1x Tater tots, 1x Katsu Chickin Vegan Vegetarian Ricebox, 1x Vegan Chickin Nugget""","""Sides,Ricebox""","""N/A""",DELIVERED,87200,8720000,0,0,0,0,4000,400000,49300,4930000,-,73515,7351500,IDR,"September 25, 2026 08:02:40AM","September 25, 2026 08:24:59AM",3,3,delivery,N/A,N/A,-,17685,1768500,31615,3161500,0,0,-,-,0,0,N/A
78290204,F-3368660819,4874,gofood,,"""American Breakfast Club""",Kemang,"""1x Burrito - Mock Beef, 2 Scrambled Eggs, Cheddar, Avocado, Tater Tots,""","""American Breakfast Burritos""","""N/A""",DELIVERED,68000,6800000,0,0,0,0,4000,400000,30400,3040000,-,62820,6282000,IDR,"September 25, 2026 07:57:41AM","September 25, 2026 08:27:18AM",1,1,delivery,N/A,N/A,-,9180,918000,21220,2122000,0,0,-,-,0,0,N/A
78290076,F-3368660070,6382,gofood,,"""American Breakfast Club""",Kemang,"""3x Burrito - Mock Chicken, 2 Scrambled Eggs, Cheddar, Avocado, Tater Tots""","""American Breakfast Burritos""","""N/A""",DELIVERED,204000,20400000,0,0,0,0,4000,400000,0,0,-,208000,20800000,IDR,"September 25, 2026 07:55:58AM","September 25, 2026 08:44:09AM",3,1,delivery,N/A,N/A,-,0,0,0,0,0,0,-,-,0,0,N/A
78290060,001738268729-C8JCV74UWA6ATN,GF-932,GrabFood,,"""People Pasta""",Greenville,"""1x Creamy Mushroom - Vegetarian - Plantbased""","""Signature Pasta""","""1x Spaghetti, 1x Home Fries""",DELIVERED,68000,6800000,0,0,0,0,0,0,14280,1428000,-,53720,5372000,IDR,"September 25, 2026 07:56:03AM","September 25, 2026 08:34:16AM",1,1,delivery,Other,Other,-,14280,1428000,0,0,0,0,-,-,0,0,N/A
78289987,00170921659-C8JCV7MVWBKAR6,GF-800,GrabFood,,"""People Pasta""",Greenville,"""1x Lada Hitam  - Vegan Friendly - Vegetarian - Plantbased, 1x Chicken Nugget - Vegan, 1x Meat-less Burger - Vegan, 1x Tattert Tots""","""Meatless Burgers,Signature Pasta""","""1x Fettucine""",DELIVERED,156000,15600000,0,0,0,0,0,0,0,0,-,156000,15600000,IDR,"September 25, 2026 07:53:03AM","September 25, 2026 08:40:10AM",4,4,delivery,Other,Other,-,0,0,0,0,0,0,-,-,0,0,N/A
78289855,00106754194-C8JCV6VJKBLUAE,GF-696,GrabFood,,"""American Breakfast Club""",Kemang,"""1x Sandwich - 2 Scrambled Eggs melty cheddar cheese on a wavy brioche bun""","""American Breakfast Sandwiches""","""N/A""",DELIVERED,45000,4500000,0,0,0,0,0,0,9000,900000,-,36000,3600000,IDR,"September 25, 2026 07:47:40AM","September 25, 2026 08:28:16AM",1,1,delivery,Other,Other,-,9000,900000,0,0,0,0,-,-,0,0,N/A
78289716,0016629215-C8JCV4BGVKJCAA,GF-520,GrabFood,,"""American Breakfast Club""",Greenville,"""1x Burrito - 2 Scrambled Eggs, Cheddar, Avocado, Tater Tots""","""American Breakfast Burritos""","""N/A""",DELIVERED,58000,5800000,0,0,0,0,0,0,11700,1170000,-,46300,4630000,IDR,"September 25, 2026 07:40:36AM","September 25, 2026 08:15:21AM",1,1,delivery,Other,Other,-,11700,1170000,0,0,0,0,-,-,0,0,N/A
78289554,00160601285-C8JCV26DR8AECX,GF-464,GrabFood,,"""American Breakfast Club""",Greenville,"""1x Burrito - Mock Fish, 2 Scrambled Eggs, Cheddar, Avocado, Tater Tots,""","""American Breakfast Burritos""","""N/A""",DELIVERED,68000,6800000,0,0,0,0,0,0,10200,1020000,-,57800,5780000,IDR,"September 25, 2026 07:33:13AM","September 25, 2026 07:54:17AM",1,1,delivery,Other,Other,-,10200,1020000,0,0,0,0,-,-,0,0,N/A
78289397,F-3368647423,7458,gofood,,"""American Breakfast Club""",Greenville,"""2x Burrito - 2 Scrambled Eggs, Cheddar, Avocado, Tater Tots, 1x Tater Tots""","""American Breakfast Burritos,Sides""","""N/A""",DELIVERED,115200,11520000,0,0,0,0,4000,400000,0,0,-,119200,11920000,IDR,"September 25, 2026 07:25:17AM","September 25, 2026 08:01:45AM",3,2,delivery,N/A,N/A,-,0,0,0,0,0,0,-,-,0,0,N/A
78289339,F-3368646518,7241,gofood,,"""American Breakfast Club""",Greenville,"""1x Burrito - 2 Scrambled Eggs, Cheddar, Avocado, Tater Tots""","""American Breakfast Burritos""","""N/A""",CANCELLED,46400,4640000,0,0,0,0,4000,400000,0,0,-,50400,5040000,IDR,"September 25, 2026 07:22:50AM",,1,1,delivery,N/A,N/A,-,0,0,0,0,0,0,N/A,N/A,0,0,N/A
78288405,F-3368629548,8666,gofood,,"""American Breakfast Club""",Greenville,"""2x Burrito - 2 Scrambled Eggs, Cheddar, Avocado, Tater Tots, 1x Tater Tots With Truffle Oil""","""American Breakfast Burritos,Sides""","""N/A""",DELIVERED,123200,12320000,0,0,0,0,4000,400000,67500,6750000,-,102225,10222500,IDR,"September 25, 2026 06:24:30AM","September 25, 2026 06:52:42AM",3,2,delivery,N/A,N/A,-,24975,2497500,42525,4252500,0,0,-,-,0,0,N/A
78288272,00159842127-C8JCVE43N3DFPA,GF-259,GrabFood,,"""American Breakfast Club""",Greenville,"""2x Burrito - 2 Scrambled Eggs, Cheddar, Avocado, Tater Tots""","""American Breakfast Burritos""","""N/A""",DELIVERED,116000,11600000,0,0,0,0,0,0,17400,1740000,-,98600,9860000,IDR,"September 25, 2026 06:16:31AM","September 25, 2026 06:45:17AM",2,1,delivery,Other,Other,-,17400,1740000,0,0,0,0,-,-,0,0,N/A
78270604,F-3368445460,5638,gofood,,"""Tyfel Coffee""",Greenville,"""1x Mock Beef Sandwich, 1x Tater Tots, 1x Mock Chicken Burrito""","""Breakfast Sandwiches,Sides,Breakfast Burritos""","""N/A""",DELIVERED,154000,15400000,0,0,0,0,4000,400000,69300,6930000,-,126815,12681500,IDR,"September 24, 2026 08:10:25PM","September 24, 2026 08:53:29PM",3,3,delivery,N/A,N/A,-,31185,3118500,38115,3811500,0,0,-,-,0,0,N/A
78260986,001303546491-C8JCLBTHR4NTCE,GF-365,GrabFood,,"""American Breakfast Club""",Greenville,"""1x Burrito - Mock Beef, 2 Scrambled Eggs, Cheddar, Avocado, Tater Tots,""","""American Breakfast Burritos""","""N/A""",DELIVERED,68000,6800000,0,0,0,0,0,0,10200,1020000,-,57800,5780000,IDR,"September 24, 2026 06:50:20PM","September 24, 2026 07:27:09PM",1,1,delivery,Other,Other,-,10200,1020000,0,0,0,0,-,-,0,0,7 min 46 sec
78259208,001025770770-C8JCKFE3EUV2G6,GF-285,GrabFood,,"""People Pasta""",Greenville,"""1x Chicken Nugget - Vegan""","""N/A""","""N/A""",DELIVERED,35000,3500000,0,0,0,0,0,0,0,0,-,35000,3500000,IDR,"September 24, 2026 06:35:44PM","September 24, 2026 07:21:36PM",1,1,delivery,Other,Other,-,0,0,0,0,0,0,-,-,0,0,N/A
78251861,00137376862-C8JCJZC1GTUDRX,GF-769,GrabFood,,"""Herbox""",Greenville,"""3x Pesmol Vegan Vegetarian Ricebox""","""Ricebox""","""N/A""",DELIVERED,117000,11700000,0,0,0,0,0,0,23400,2340000,-,93600,9360000,IDR,"September 24, 2026 05:31:09PM","September 24, 2026 06:14:09PM",3,1,delivery,Other,Other,-,23400,2340000,0,0,0,0,-,-,0,0,N/A
78242281,00115333029-C8JCHFTYRT2YT2,GF-235,GrabFood,,"""People Pasta""",Greenville,"""1x Cacio e Pepe - Vegetarian - Plantbased, 1x Chicken Nugget - Vegan, 1x Vegan Chicken Crispy Burger""","""Signature Pasta,Meatless Burgers""","""1x Fettucine""",DELIVERED,128000,12800000,0,0,0,0,0,0,27000,2700000,-,101000,10100000,IDR,"September 24, 2026 03:47:07PM","September 24, 2026 04:31:30PM",3,3,delivery,Other,Other,-,27000,2700000,0,0,0,0,-,-,0,0,N/A
78233421,00150711208-C8JCGJNXE6DKNA,GF-103,GrabFood,,"""American Breakfast Club""",Greenville,"""1x Burrito - Mock Chicken, 2 Scrambled Eggs, Cheddar, Avocado, Tater Tots""","""American Breakfast Burritos""","""N/A""",DELIVERED,68000,6800000,0,0,0,0,0,0,10200,1020000,-,57800,5780000,IDR,"September 24, 2026 01:43:25PM","September 24, 2026 01:55:22PM",1,1,delivery,Other,Other,-,10200,1020000,0,0,0,0,-,-,0,0,N/A
78232322,F-3367922689,6768,gofood,,"""American Breakfast Club""",Greenville,"""1x Burrito - Mock Fish, 2 Scrambled Eggs, Cheddar, Avocado, Tater Tots,, 1x Burrito - 2 Scrambled Eggs, Cheddar, Avocado, Tater Tots""","""American Breakfast Burritos""","""1x Cutleries""",DELIVERED,102300,10230000,0,0,0,0,4000,400000,32700,3270000,-,92485,9248500,IDR,"September 24, 2026 01:12:55PM","September 24, 2026 01:54:19PM",2,2,delivery,N/A,N/A,-,13815,1381500,18885,1888500,0,0,-,-,0,0,N/A
78229125,001104789396-C8JCFCC3E7TYTT,GF-184,GrabFood,,"""People Pasta""",Greenville,"""1x Creamy Mushroom - Vegetarian - Plantbased""","""Signature Pasta""","""1x Spaghetti""",DELIVERED,43000,4300000,0,0,0,0,0,0,3000,300000,-,40000,4000000,IDR,"September 24, 2026 12:47:51PM","September 24, 2026 01:34:10PM",1,1,delivery,Other,Other,-,3000,300000,0,0,0,0,-,-,0,0,N/A
78228659,F-3367885302,1133,gofood,,"""Herbox""",Greenville,"""1x Fysh Mentai, 1x Beef Mentai Vegan Vegetarian Rice""","""Mentai Vegan""","""N/A""",DELIVERED,94400,9440000,0,0,0,0,4000,400000,52500,5250000,-,79275,7927500,IDR,"September 24, 2026 12:41:47PM","September 24, 2026 01:14:22PM",2,2,delivery,N/A,N/A,-,19125,1912500,33375,3337500,0,0,-,-,0,0,N/A
78222572,0019305440-C8JCEP5WRGLETJ,GF-992,GrabFood,,"""American Breakfast Club""",Greenville,"""1x Burrito - Mock Beef, 2 Scrambled Eggs, Cheddar, Avocado, Tater Tots,""","""American Breakfast Burritos""","""N/A""",DELIVERED,68000,6800000,0,0,0,0,0,0,13200,1320000,-,54800,5480000,IDR,"September 24, 2026 11:37:23AM","September 24, 2026 12:13:33PM",1,1,delivery,Other,Other,-,13200,1320000,0,0,0,0,-,-,0,0,17 min 29 sec
78222353,F-3367788773,6683,gofood,,"""American Breakfast Club""",Kemang,"""1x Katsu Egg burger - Patties, 2 Scrambled Eggs, Cheddar Cheese, Secret Sauce""","""American Breakfast Burger""","""1x Chick Nugget""",DELIVERED,93000,9300000,0,0,0,0,4000,400000,0,0,-,97000,9700000,IDR,"September 24, 2026 11:34:19AM","September 24, 2026 12:11:09PM",1,1,delivery,N/A,N/A,-,0,0,0,0,0,0,-,-,0,0,N/A
78221881,001759523578-C8JCETTEG33KLT,GF-006,GrabFood,,"""American Breakfast Club""",Kemang,"""1x Burrito - Mock Beef, 2 Scrambled Eggs, Cheddar, Avocado, Tater Tots,""","""American Breakfast Burritos""","""1x Mineral Water""",DELIVERED,78000,7800000,0,0,0,0,0,0,0,0,-,78000,7800000,IDR,"September 24, 2026 11:30:17AM","September 24, 2026 02:30:21PM",1,1,delivery,Other,Other,-,0,0,0,0,0,0,-,-,0,0,21 min 8 sec
78220912,001270143990-C8JCEPUWABWKN2,GF-514,GrabFood,,"""American Breakfast Club""",Kemang,"""1x Sandwich - 2 Scrambled Eggs, Mock Chicken, Cheddar Cheese Mix, Brioche Bun, 1x 2 Pancakes - Blueberries, Butter, Maple Syrup""","""American Breakfast Sandwiches,American Breakfast Pancakes""","""N/A""",DELIVERED,116000,11600000,0,0,0,0,0,0,23200,2320000,-,92800,9280000,IDR,"September 24, 2026 11:20:45AM","September 24, 2026 12:00:47PM",2,2,delivery,Other,Other,-,23200,2320000,0,0,0,0,-,-,0,0,N/A
78219548,00177928955-C8JCEK2DPAECN2,GF-823,GrabFood,,"""Herbox""",Greenville,"""1x Rica Rica Vegan Vegetarian Ricebox, 1x Pesmol Vegan Vegetarian Ricebox""","""Ricebox""","""N/A""",DELIVERED,78000,7800000,0,0,0,0,0,0,15600,1560000,-,62400,6240000,IDR,"September 24, 2026 11:07:34AM","September 24, 2026 11:46:49AM",2,2,delivery,Other,Other,-,15600,1560000,0,0,0,0,-,-,0,0,N/A
78218828,001507432490-C8JCEJMUUGDZSA,GF-998,GrabFood,,"""Herbox""",Greenville,"""1x Kung Paow Chick Vegan Vegetarian Ricebox""","""Ricebox""","""1x Sendok, Garpu, Tissue, Tusuk Gigi""",DELIVERED,40500,4050000,0,0,0,0,0,0,10800,1080000,-,29700,2970000,IDR,"September 24, 2026 10:59:33AM","September 24, 2026 11:35:38AM",1,1,delivery,Other,Other,-,10800,1080000,0,0,0,0,-,-,0,0,7 min 40 sec
78217832,00145171719-C8JCEF2GDBU1PA,GF-539,GrabFood,,"""American Breakfast Club""",Kemang,"""1x Mushroom Omelette - Mushrooms, Spinach, Side Tater Tots, 1x Cheese Omelette - Side Tater Tots, 1x Cutleries""","""American Breakfast Omelettes""","""N/A""",DELIVERED,126600,12660000,0,0,0,0,0,0,25200,2520000,-,101400,10140000,IDR,"September 24, 2026 10:48:37AM","September 24, 2026 11:33:09AM",3,3,delivery,Other,Other,-,25200,2520000,0,0,0,0,-,-,0,0,N/A
78216530,00107124133-C8JCECACC4MGGX,GF-622,GrabFood,,"""American Breakfast Club""",Kemang,"""1x Burrito - Mock Beef, 2 Scrambled Eggs, Cheddar, Avocado, Tater Tots,""","""American Breakfast Burritos""","""1x Truffle Home Fries""",DELIVERED,108000,10800000,0,0,0,0,0,0,0,0,-,108000,10800000,IDR,"September 24, 2026 10:33:31AM","September 24, 2026 11:14:26AM",1,1,delivery,Other,Other,-,0,0,0,0,0,0,-,-,0,0,N/A
78215151,00148916440-C8JCDGAGT222C6,GF-729,GrabFood,,"""American Breakfast Club""",Kemang,"""1x Burrito - Mock Beef, 2 Scrambled Eggs, Cheddar, Avocado, Tater Tots,""","""American Breakfast Burritos""","""N/A""",DELIVERED,68000,6800000,0,0,0,0,0,0,0,0,-,68000,6800000,IDR,"September 24, 2026 10:16:58AM","September 24, 2026 11:10:06AM",1,1,delivery,Other,Other,-,0,0,0,0,0,0,-,-,0,0,N/A
78214663,001715350352-C8JCDE51PCKCNX,GF-665,GrabFood,,"""People Pasta""",Greenville,"""1x Cacio e Pepe - Vegetarian - Plantbased, 1x Creamy Mushroom - Vegetarian - Plantbased, 1x Vegan Chicken Crispy Burger""","""Signature Pasta,Meatless Burgers""","""1x Fusili, 1x Spaghetti""",DELIVERED,136000,13600000,0,0,0,0,0,0,0,0,-,136000,13600000,IDR,"September 24, 2026 10:09:47AM","September 24, 2026 11:02:47AM",3,3,delivery,Other,Other,-,0,0,0,0,0,0,-,-,0,0,N/A
78214351,F-3367668903,2317,gofood,,"""American Breakfast Club""",Kemang,"""1x Sandwich - 2 Scrambled Eggs, Mock Chicken, Cheddar Cheese Mix, Brioche Bun, 1x Cheese Omelette - Side Tater Tots""","""American Breakfast Omelettes,American Breakfast Sandwiches""","""N/A""",DELIVERED,116000,11600000,0,0,0,0,4000,400000,52200,5220000,-,96510,9651000,IDR,"September 24, 2026 10:04:42AM","September 24, 2026 10:47:05AM",2,2,delivery,N/A,N/A,-,23490,2349000,28710,2871000,0,0,-,-,0,0,N/A
78212606,F-3367642549,8537,gofood,,"""American Breakfast Club""",Kemang,"""1x Burrito - Mock Chicken, 2 Scrambled Eggs, Cheddar, Avocado, Tater Tots""","""American Breakfast Burritos""","""N/A""",DELIVERED,68000,6800000,0,0,0,0,4000,400000,0,0,-,72000,7200000,IDR,"September 24, 2026 09:33:27AM","September 24, 2026 10:06:22AM",1,1,delivery,N/A,N/A,-,0,0,0,0,0,0,-,-,0,0,N/A
78212540,F-3367641457,8115,gofood,,"""American Breakfast Club""",Kemang,"""1x Burrito - 2 Scrambled Eggs, Cheddar, Avocado, Tater Tots""","""American Breakfast Burritos""","""1x Chick Nugget""",DELIVERED,93000,9300000,0,0,0,0,4000,400000,41900,4190000,-,78145,7814500,IDR,"September 24, 2026 09:32:05AM","September 24, 2026 10:46:00AM",1,1,delivery,N/A,N/A,-,18855,1885500,23045,2304500,0,0,-,-,0,0,N/A
78212112,001352134719-C8JCC3N3EU5VKA,GF-544,GrabFood,,"""LA Breakfast Club""",Greenville,"""1x Blueberry Pancakes (2 Pcs), 1x Cheese Omelette - Side of Tater Tots""","""LA Breakfast Omelettes,LA Breakfast Pancakes""","""N/A""",DELIVERED,144000,14400000,0,0,0,0,0,0,39000,3900000,-,105000,10500000,IDR,"September 24, 2026 09:24:05AM","September 24, 2026 09:58:04AM",2,2,delivery,Other,Other,-,39000,3900000,0,0,0,0,-,-,0,0,N/A
78211140,0019831227-C8JCCXMAUE2DR2,GF-910,GrabFood,,"""People Pasta""",Greenville,"""1x Creamy Mushroom - Vegetarian - Plantbased""","""Signature Pasta""","""1x Fusili""",DELIVERED,44000,4400000,0,0,0,0,0,0,0,0,-,44000,4400000,IDR,"September 24, 2026 08:59:30AM","September 24, 2026 09:28:23AM",1,1,delivery,Other,Other,-,0,0,0,0,0,0,-,-,0,0,N/A
78211136,00122966337-C8JCCXL2TF42LN,GF-744,GrabFood,,"""People Pasta""",Greenville,"""1x Creamy Mushroom - Vegetarian - Plantbased, 1x Meat-less Burger - Vegan, 1x Vegan Chicken Crispy Burger, 1x Chicken Nugget - Vegan""","""Signature Pasta,Meatless Burgers""","""1x Spaghetti""",DELIVERED,176000,17600000,0,0,0,0,0,0,0,0,-,176000,17600000,IDR,"September 24, 2026 08:59:28AM","September 24, 2026 09:25:23AM",4,4,delivery,Other,Other,-,0,0,0,0,0,0,-,-,0,0,N/A
78211032,00161948946-C8JCCVL1VA3EGN,GF-381,GrabFood,,"""American Breakfast Club""",Greenville,"""1x Burrito - Mock Chicken, 2 Scrambled Eggs, Cheddar, Avocado, Tater Tots""","""American Breakfast Burritos""","""N/A""",DELIVERED,68000,6800000,0,0,0,0,0,0,10200,1020000,-,57800,5780000,IDR,"September 24, 2026 08:56:09AM","September 24, 2026 09:39:16AM",1,1,delivery,Other,Other,-,10200,1020000,0,0,0,0,-,-,0,0,11 min 7 sec
78210856,0013613963-C8JCCUVVABM1L6,GF-345,GrabFood,,"""American Breakfast Club""",Greenville,"""1x Burrito - Mock Beef, 2 Scrambled Eggs, Cheddar, Avocado, Tater Tots,, 1x Burrito - Mock Chicken, 2 Scrambled Eggs, Cheddar, Avocado, Tater Tots""","""American Breakfast Burritos""","""N/A""",DELIVERED,136000,13600000,0,0,0,0,0,0,22400,2240000,-,113600,11360000,IDR,"September 24, 2026 08:51:04AM","September 24, 2026 09:10:37AM",2,2,delivery,Other,Other,-,22400,2240000,0,0,0,0,-,-,0,0,10 min 58 sec
78210355,001834168743-C8JCCPUGJECDJE,GF-829,GrabFood,,"""American Breakfast Club""",Greenville,"""1x Burrito - 2 Scrambled Eggs, Cheddar, Avocado, Tater Tots""","""American Breakfast Burritos""","""N/A""",DELIVERED,58000,5800000,0,0,0,0,0,0,11700,1170000,-,46300,4630000,IDR,"September 24, 2026 08:33:56AM","September 24, 2026 09:01:03AM",1,1,delivery,Other,Other,-,11700,1170000,0,0,0,0,-,-,0,0,N/A
78210290,00157043195-C8JCCPJTFFUWLX,GF-235,GrabFood,,"""American Breakfast Club""",Kemang,"""1x Burrito - 2 Scrambled Eggs, Cheddar, Avocado, Tater Tots""","""American Breakfast Burritos""","""N/A""",DELIVERED,58000,5800000,0,0,0,0,0,0,11600,1160000,-,46400,4640000,IDR,"September 24, 2026 08:32:03AM","September 24, 2026 09:11:57AM",1,1,delivery,Other,Other,-,11600,1160000,0,0,0,0,-,-,0,0,N/A
78210250,F-3367600457,7673,gofood,,"""American Breakfast Club""",Kemang,"""1x Burrito - Mock Beef, 2 Scrambled Eggs, Cheddar, Avocado, Tater Tots,""","""American Breakfast Burritos""","""N/A""",DELIVERED,68000,6800000,0,0,0,0,4000,400000,30400,3040000,-,62820,6282000,IDR,"September 24, 2026 08:29:59AM","September 24, 2026 09:00:14AM",1,1,delivery,N/A,N/A,-,9180,918000,21220,2122000,0,0,-,-,0,0,N/A
78210040,F-3367596503,9888,gofood,,"""LA Breakfast Club""",Greenville,"""1x Mock Beef Sandwich""","""LA Breakfast Sandwiches""","""1x Mayo""",DELIVERED,74000,7400000,0,0,0,0,0,0,0,0,-,74000,7400000,IDR,"September 24, 2026 08:22:50AM","September 24, 2026 08:45:55AM",1,1,delivery,N/A,N/A,-,0,0,0,0,0,0,-,-,0,0,N/A
78209861,0017276058-C8JCCKNDEZEBRJ,GF-617,GrabFood,,"""American Breakfast Club""",Greenville,"""1x Cheese Omelette - Side Tater Tots, 1x Sandwich - 2 Scrambled Eggs, Mock Chicken, Cheddar Cheese Mix, Brioche Bun""","""American Breakfast Omelettes,American Breakfast Sandwiches""","""N/A""",DELIVERED,116000,11600000,0,0,0,0,0,0,17400,1740000,-,98600,9860000,IDR,"September 24, 2026 08:16:33AM","September 24, 2026 08:42:19AM",2,2,delivery,Other,Other,-,17400,1740000,0,0,0,0,-,-,0,0,N/A
78209367,0013492968-C8JCCFKWVPLZDE,GF-276,GrabFood,,"""American Breakfast Club""",Kemang,"""1x Burrito - 2 Scrambled Eggs, Cheddar, Avocado, Tater Tots""","""American Breakfast Burritos""","""1x Cutleries""",DELIVERED,58600,5860000,0,0,0,0,0,0,11600,1160000,-,47000,4700000,IDR,"September 24, 2026 07:59:03AM","September 24, 2026 08:27:29AM",1,1,delivery,Other,Other,-,11600,1160000,0,0,0,0,-,-,0,0,N/A
78209188,0015109385-C8JCCCNWJXVDRJ,GF-032,GrabFood,,"""American Breakfast Club""",Kemang,"""1x Burrito - 2 Scrambled Eggs, Cheddar, Avocado, Tater Tots""","""American Breakfast Burritos""","""N/A""",DELIVERED,58000,5800000,0,0,0,0,0,0,11600,1160000,-,46400,4640000,IDR,"September 24, 2026 07:50:03AM","September 24, 2026 08:28:39AM",1,1,delivery,Other,Other,-,11600,1160000,0,0,0,0,-,-,0,0,N/A
78208957,001086388672-C8JCCA3CVBWFNX,GF-327,GrabFood,,"""American Breakfast Club""",Kemang,"""1x 2 Pancakes - Butter, Maple Syrup, 1x Cheese Omelette - Side Tater Tots, 1x Burrito - 2 Scrambled Eggs, Cheddar, Avocado, Tater Tots""","""American Breakfast Pancakes,American Breakfast Omelettes,American Breakfast Burritos""","""N/A""",DELIVERED,164000,16400000,0,0,0,0,0,0,32800,3280000,-,131200,13120000,IDR,"September 24, 2026 07:38:54AM","September 24, 2026 08:14:29AM",3,3,delivery,Other,Other,-,32800,3280000,0,0,0,0,-,-,0,0,N/A
78208806,00167479973-C8JCBGD3TY6WE2,GF-105,GrabFood,,"""American Breakfast Club""",Greenville,"""1x Burrito - Mock Chicken, 2 Scrambled Eggs, Cheddar, Avocado, Tater Tots""","""American Breakfast Burritos""","""N/A""",DELIVERED,68000,6800000,0,0,0,0,0,0,13200,1320000,-,54800,5480000,IDR,"September 24, 2026 07:31:30AM","September 24, 2026 08:05:58AM",1,1,delivery,Other,Other,-,13200,1320000,0,0,0,0,-,-,0,0,N/A
78208785,F-3367573561,4595,gofood,,"""American Breakfast Club""",Greenville,"""1x Burrito - Mock Katsu, 2 Scrambled Eggs, Cheddar, Avocado, Tater Tots, 1x Cheese Omelette - Side Tater Tots""","""American Breakfast Burritos,American Breakfast Omelettes""","""1x Chick Nugget""",DELIVERED,135800,13580000,0,0,0,0,4000,400000,61200,6120000,-,112260,11226000,IDR,"September 24, 2026 07:29:42AM","September 24, 2026 08:06:04AM",2,2,delivery,N/A,N/A,-,27540,2754000,33660,3366000,0,0,-,-,0,0,N/A
78208733,0019571670-C8JCBFTYVKNGA2,GF-849,GrabFood,,"""American Breakfast Club""",Kemang,"""1x Mushroom Omelette - Mushrooms, Spinach, Side Tater Tots""","""American Breakfast Omelettes""","""N/A""",DELIVERED,68000,6800000,0,0,0,0,0,0,13600,1360000,-,54400,5440000,IDR,"September 24, 2026 07:27:07AM","September 24, 2026 08:24:19AM",1,1,delivery,Other,Other,-,13600,1360000,0,0,0,0,-,-,0,0,N/A
78208629,00118638164-C8JCBEWKMBAZDA,GF-380,GrabFood,,"""American Breakfast Club""",Kemang,"""1x Burrito - 2 Scrambled Eggs, Cheddar, Avocado, Tater Tots""","""American Breakfast Burritos""","""1x Cutleries""",DELIVERED,58600,5860000,0,0,0,0,0,0,11600,1160000,-,47000,4700000,IDR,"September 24, 2026 07:21:20AM","September 24, 2026 07:41:57AM",1,1,delivery,Other,Other,-,11600,1160000,0,0,0,0,-,-,0,0,N/A
78208470,F-3367567598,8138,gofood,,"""American Breakfast Club""",Kemang,"""1x Cheese Omelette - Side Tater Tots, 1x Burrito - 2 Scrambled Eggs, Cheddar, Avocado, Tater Tots""","""American Breakfast Burritos,American Breakfast Omelettes""","""N/A""",DELIVERED,116000,11600000,0,0,0,0,4000,400000,62200,6220000,-,96510,9651000,IDR,"September 24, 2026 07:12:17AM","September 24, 2026 07:38:19AM",2,2,delivery,N/A,N/A,-,23490,2349000,38710,3871000,0,0,-,-,0,0,N/A
78208276,00109862275-C8JCBADFKF6KVE,GF-605,GrabFood,,"""American Breakfast Club""",Greenville,"""2x Burrito - 2 Scrambled Eggs, Cheddar, Avocado, Tater Tots""","""American Breakfast Burritos""","""2x Cutleries""",DELIVERED,119000,11900000,0,0,0,0,0,0,17400,1740000,-,101600,10160000,IDR,"September 24, 2026 07:01:15AM","September 24, 2026 07:37:48AM",2,1,delivery,Other,Other,-,17400,1740000,0,0,0,0,-,-,0,0,N/A
78207997,001964365622-C8JCA3JGRBCWAT,GF-315,GrabFood,,"""LA Breakfast Club""",Greenville,"""2x Cheese Omelette - Side of Tater Tots""","""LA Breakfast Omelettes""","""N/A""",DELIVERED,140000,14000000,0,0,0,0,0,0,38000,3800000,-,102000,10200000,IDR,"September 24, 2026 06:40:30AM","September 24, 2026 07:13:21AM",2,1,delivery,Other,Other,-,38000,3800000,0,0,0,0,-,-,0,0,N/A
78207989,00103817808-C8JCA3VUHFDHEX,GF-719,GrabFood,,"""LA Breakfast Club""",Greenville,"""1x Mushroom Omelette - Mushrooms, Spinach, Side of Tater Tots""","""LA Breakfast Omelettes""","""N/A""",DELIVERED,82000,8200000,0,0,0,0,0,0,20500,2050000,-,61500,6150000,IDR,"September 24, 2026 06:39:56AM","September 24, 2026 07:10:12AM",1,1,delivery,Other,Other,-,20500,2050000,0,0,0,0,-,-,0,0,N/A
78191650,001082751894-C8JBPF4WNY6HNA,GF-915,GrabFood,,"""American Breakfast Club""",Greenville,"""1x Burrito - Mock Beef, 2 Scrambled Eggs, Cheddar, Avocado, Tater Tots,""","""American Breakfast Burritos""","""N/A""",DELIVERED,68000,6800000,0,0,0,0,0,0,10200,1020000,-,57800,5780000,IDR,"September 23, 2026 08:22:45PM","September 23, 2026 09:16:11PM",1,1,delivery,Other,Other,-,10200,1020000,0,0,0,0,-,-,0,0,16 min 39 sec
78189861,F-3367368556,5164,gofood,,"""Herbox""",Greenville,"""1x Beef Mentai Vegan Vegetarian Rice, 1x Katsu Wrap vegan Herbox""","""Mentai Vegan,Wrap Series""","""2x French Fries""",DELIVERED,144400,14440000,0,0,0,0,4000,400000,67000,6700000,-,119150,11915000,IDR,"September 23, 2026 08:04:51PM","September 23, 2026 08:35:33PM",2,2,delivery,N/A,N/A,-,29250,2925000,37750,3775000,0,0,-,-,0,0,N/A
78185445,0011745453-C8JBN2XVBEWUVJ,GF-542,GrabFood,,"""People Pasta""",Greenville,"""1x Meat-less Burger - Vegan, 1x Creamy Mushroom - Vegetarian - Plantbased, 1x Truffle Fries""","""Meatless Burgers,Signature Pasta""","""1x Spaghetti""",DELIVERED,122000,12200000,0,0,0,0,0,0,24000,2400000,-,98000,9800000,IDR,"September 23, 2026 07:25:02PM","September 23, 2026 07:54:01PM",3,3,delivery,Other,Other,-,24000,2400000,0,0,0,0,-,-,0,0,17 min 29 sec
78181709,F-3367259196,4723,gofood,,"""Tyfel Coffee""",Greenville,"""1x Original Pancake""","""Breakfast Pancakes""","""N/A""",DELIVERED,48000,4800000,0,0,0,0,4000,400000,0,0,-,52000,5200000,IDR,"September 23, 2026 06:52:17PM","September 23, 2026 07:23:16PM",1,1,delivery,N/A,N/A,-,0,0,0,0,0,0,-,-,0,0,N/A
78177359,001683495715-C8JBNJWFTTEYAE,GF-288,GrabFood,,"""Herbox""",Greenville,"""1x Nasi Goreng Sedap Malam Vegan Vegetarian""","""Nasi Goreng Special""","""N/A""",DELIVERED,35000,3500000,0,0,0,0,0,0,7000,700000,-,28000,2800000,IDR,"September 23, 2026 06:17:55PM","September 23, 2026 06:56:46PM",1,1,delivery,Other,Other,-,7000,700000,0,0,0,0,-,-,0,0,8 min 57 sec
78175959,001531023937-C8JBNFKTEUT3N2,GF-643,GrabFood,,"""People Pasta""",Greenville,"""1x Creamy Mushroom - Vegetarian - Plantbased""","""Signature Pasta""","""1x Spaghetti""",DELIVERED,43000,4300000,0,0,0,0,0,0,3000,300000,-,40000,4000000,IDR,"September 23, 2026 06:05:43PM","September 23, 2026 06:48:54PM",1,1,delivery,Other,Other,-,3000,300000,0,0,0,0,-,-,0,0,11 min 25 sec
78175366,F-3367173630,3248,gofood,,"""American Breakfast Club""",Greenville,"""2x Burrito - Mock Katsu, 2 Scrambled Eggs, Cheddar, Avocado, Tater Tots, 2x Burrito - Mock Chicken, 2 Scrambled Eggs, Cheddar, Avocado, Tater Tots, 1x Home Fries""","""American Breakfast Burritos,Sides""","""N/A""",DELIVERED,240000,24000000,0,0,0,0,4000,400000,120000,12000000,-,195400,19540000,IDR,"September 23, 2026 05:59:45PM","September 23, 2026 06:39:59PM",5,3,delivery,N/A,N/A,-,48600,4860000,71400,7140000,0,0,-,-,0,0,N/A
78168370,0012437278-C8JBL6JWDEEHCJ,GF-954,GrabFood,,"""People Pasta""",Greenville,"""1x Cacio e Pepe - Vegetarian - Plantbased""","""Signature Pasta""","""1x Fettucine""",DELIVERED,44000,4400000,0,0,0,0,0,0,9240,924000,-,34760,3476000,IDR,"September 23, 2026 04:52:03PM","September 23, 2026 05:40:10PM",1,1,delivery,Other,Other,-,9240,924000,0,0,0,0,-,-,0,0,10 min 34 sec
78155029,F-3366912188,4342,gofood,,"""American Breakfast Club""",Kemang,"""1x Burrito - Mock Katsu, 2 Scrambled Eggs, Cheddar, Avocado, Tater Tots, 1x Sandwich - 2 Scrambled Eggs Mock Beef, Cheddar Cheese  on a wavy brioche bun""","""American Breakfast Burritos,American Breakfast Sandwiches""","""N/A""",DELIVERED,126000,12600000,0,0,0,0,4000,400000,0,0,-,130000,13000000,IDR,"September 23, 2026 01:55:42PM","September 23, 2026 02:28:50PM",2,2,delivery,N/A,N/A,-,0,0,0,0,0,0,-,-,0,0,N/A
78152420,001686525699-C8JBJUAYLXEVRN,GF-371,GrabFood,,"""American Breakfast Club""",Kemang,"""2x Burrito - Mock Beef, 2 Scrambled Eggs, Cheddar, Avocado, Tater Tots,""","""American Breakfast Burritos""","""N/A""",DELIVERED,136000,13600000,0,0,0,0,0,0,0,0,-,136000,13600000,IDR,"September 23, 2026 01:20:28PM","September 23, 2026 02:13:00PM",2,1,delivery,Other,Other,-,0,0,0,0,0,0,-,-,0,0,28 min 56 sec
78151599,00118218468-C8JBJP4DGUD3NE,GF-539,GrabFood,,"""American Breakfast Club""",Kemang,"""1x Burrito - 2 Scrambled Eggs, Cheddar, Avocado, Tater Tots, 1x Mushroom Omelette - Mushrooms, Spinach, Side Tater Tots""","""American Breakfast Burritos,American Breakfast Omelettes""","""N/A""",DELIVERED,126000,12600000,0,0,13000,1300000,0,0,135200,13520000,-,100800,10080000,IDR,"September 23, 2026 01:09:12PM","September 23, 2026 01:45:18PM",2,2,delivery,Cash,Cash,-,25200,2520000,110000,11000000,0,0,-,-,0,0,N/A
78143618,F-3366736063,2832,gofood,,"""American Breakfast Club""",Kemang,"""1x Burrito - Mock Beef, 2 Scrambled Eggs, Cheddar, Avocado, Tater Tots,""","""American Breakfast Burritos""","""N/A""",DELIVERED,68000,6800000,0,0,0,0,4000,400000,30400,3040000,-,62820,6282000,IDR,"September 23, 2026 11:36:44AM","September 23, 2026 11:58:59AM",1,1,delivery,N/A,N/A,-,9180,918000,21220,2122000,0,0,-,-,0,0,N/A
78142576,F-3366719914,5572,gofood,,"""American Breakfast Club""",Kemang,"""1x Burrito - 2 Scrambled Eggs, Cheddar, Avocado, Tater Tots""","""American Breakfast Burritos""","""1x Tatter Tots""",DELIVERED,88000,8800000,0,0,0,0,4000,400000,49600,4960000,-,74180,7418000,IDR,"September 23, 2026 11:26:08AM","September 23, 2026 11:52:08AM",1,1,delivery,N/A,N/A,-,17820,1782000,31780,3178000,0,0,-,-,0,0,N/A
78142198,001409973858-C8JBG66BUAUDT2,GF-691,GrabFood,,"""American Breakfast Club""",Kemang,"""1x Burrito - Mock Chicken, 2 Scrambled Eggs, Cheddar, Avocado, Tater Tots""","""American Breakfast Burritos""","""N/A""",DELIVERED,68000,6800000,0,0,0,0,0,0,0,0,-,68000,6800000,IDR,"September 23, 2026 11:23:11AM","September 23, 2026 11:54:47AM",1,1,delivery,Other,Other,-,0,0,0,0,0,0,-,-,0,0,N/A
78141704,00100391194-C8JBG6JVBF4XMA,GF-260,GrabFood,,"""American Breakfast Club""",Kemang,"""1x Burrito - 2 Scrambled Eggs, Cheddar, Avocado, Tater Tots""","""American Breakfast Burritos""","""N/A""",DELIVERED,58000,5800000,0,0,0,0,0,0,11600,1160000,-,46400,4640000,IDR,"September 23, 2026 11:18:43AM","September 23, 2026 12:13:29PM",1,1,delivery,Other,Other,-,11600,1160000,0,0,0,0,-,-,0,0,N/A
78140573,00104921953-C8JBG2XALKXZLX,GF-698,GrabFood,,"""Tyfel Coffee""",Greenville,"""1x Nachos - Vegan-option, 1x Meatless Burger - Vegan Plantbased""","""Lite Bites,Brunch""","""N/A""",DELIVERED,85000,8500000,0,0,0,0,0,0,31280,3128000,-,53720,5372000,IDR,"September 23, 2026 11:07:50AM","September 23, 2026 11:41:00AM",2,2,delivery,Other,Other,-,31280,3128000,0,0,0,0,-,-,0,0,10 min 22 sec
78138164,F-3366656378,4781,gofood,,"""Herbox""",Greenville,"""1x Kung Paow Chick Vegan Vegetarian Ricebox""","""Ricebox""","""N/A""",DELIVERED,31200,3120000,0,0,0,0,4000,400000,2000,200000,-,35200,3520000,IDR,"September 23, 2026 10:41:44AM","September 23, 2026 11:18:01AM",1,1,delivery,N/A,N/A,-,0,0,2000,200000,0,0,-,-,0,0,9 min 36 sec
78137826,001286098163-C8JBGUX1LU4HJX,GF-175,GrabFood,,"""American Breakfast Club""",Kemang,"""1x Burrito - 2 Scrambled Eggs, Cheddar, Avocado, Tater Tots, 1x Cheese Omelette - Side Tater Tots""","""American Breakfast Burritos,American Breakfast Omelettes""","""2x Cutleries""",DELIVERED,117200,11720000,0,0,0,0,0,0,23200,2320000,-,94000,9400000,IDR,"September 23, 2026 10:38:27AM","September 23, 2026 01:38:31PM",2,2,delivery,Other,Other,-,23200,2320000,0,0,0,0,-,-,0,0,N/A
78136358,F-3366629732,4296,gofood,,"""American Breakfast Club""",Kemang,"""1x Burrito - Mock Beef, 2 Scrambled Eggs, Cheddar, Avocado, Tater Tots,""","""American Breakfast Burritos""","""N/A""",DELIVERED,68000,6800000,0,0,0,0,4000,400000,30400,3040000,-,62820,6282000,IDR,"September 23, 2026 10:19:02AM","September 23, 2026 10:53:40AM",1,1,delivery,N/A,N/A,-,9180,918000,21220,2122000,0,0,-,-,0,0,N/A
78134628,00137938990-C8JBGGJBGVMGHA,GF-119,GrabFood,,"""American Breakfast Club""",Kemang,"""1x Burrito - 2 Scrambled Eggs, Cheddar, Avocado, Tater Tots""","""American Breakfast Burritos""","""N/A""",DELIVERED,58000,5800000,0,0,0,0,0,0,11600,1160000,-,46400,4640000,IDR,"September 23, 2026 09:51:51AM","September 23, 2026 10:36:43AM",1,1,delivery,Other,Other,-,11600,1160000,0,0,0,0,-,-,0,0,N/A
78134389,00112155259-C8JBGFN3JFB2DA,GF-865,GrabFood,,"""American Breakfast Club""",Kemang,"""1x Sandwich - 2 Scrambled Eggs melty cheddar cheese on a wavy brioche bun""","""American Breakfast Sandwiches""","""1x Cutleries, 1x Home Fries""",DELIVERED,75600,7560000,0,0,0,0,0,0,9000,900000,-,66600,6660000,IDR,"September 23, 2026 09:46:51AM","September 23, 2026 10:50:17AM",1,1,delivery,Other,Other,-,9000,900000,0,0,0,0,-,-,0,0,N/A
78134359,0018431562-C8JBGFMGJKUKC2,GF-907,GrabFood,,"""American Breakfast Club""",Kemang,"""5x Sandwich - 2 Scrambled Eggs melty cheddar cheese on a wavy brioche bun""","""American Breakfast Sandwiches""","""N/A""",DELIVERED,225000,22500000,0,0,0,0,0,0,45000,4500000,-,180000,18000000,IDR,"September 23, 2026 09:46:17AM","September 23, 2026 11:16:57AM",5,1,delivery,Other,Other,-,45000,4500000,0,0,0,0,-,-,0,0,N/A
78134171,001311977773-C8JBGE6DUGDXFA,GF-077,GrabFood,,"""American Breakfast Club""",Kemang,"""1x Burrito - 2 Scrambled Eggs, Cheddar, Avocado, Tater Tots""","""American Breakfast Burritos""","""N/A""",DELIVERED,58000,5800000,0,0,0,0,0,0,11600,1160000,-,46400,4640000,IDR,"September 23, 2026 09:43:15AM","September 23, 2026 10:09:17AM",1,1,delivery,Other,Other,-,11600,1160000,0,0,0,0,-,-,0,0,N/A
78133801,0011463984-C8JBGCNBG6T1A2,GF-991,GrabFood,,"""American Breakfast Club""",Kemang,"""1x Burrito - 2 Scrambled Eggs, Cheddar, Avocado, Tater Tots""","""American Breakfast Burritos""","""1x Cutleries""",DELIVERED,58600,5860000,0,0,0,0,0,0,11600,1160000,-,47000,4700000,IDR,"September 23, 2026 09:36:33AM","September 23, 2026 10:18:26AM",1,1,delivery,Other,Other,-,11600,1160000,0,0,0,0,-,-,0,0,N/A
78133797,F-3366590177,7593,gofood,,"""American Breakfast Club""",Kemang,"""1x Cheese Omelette - Side Tater Tots, 1x Burrito - Mock Fish, 2 Scrambled Eggs, Cheddar, Avocado, Tater Tots,""","""American Breakfast Burritos,American Breakfast Omelettes""","""N/A""",DELIVERED,126000,12600000,0,0,0,0,4000,400000,56700,5670000,-,104485,10448500,IDR,"September 23, 2026 09:35:51AM","September 23, 2026 10:08:08AM",2,2,delivery,N/A,N/A,-,25515,2551500,31185,3118500,0,0,-,-,0,0,N/A
78133572,001730054738-C8JBGBX1PFKFJJ,GF-716,GrabFood,,"""People Pasta""",Greenville,"""1x Creamy Mushroom - Vegetarian - Plantbased""","""Signature Pasta""","""1x Fusili""",DELIVERED,44000,4400000,0,0,0,0,0,0,3000,300000,-,41000,4100000,IDR,"September 23, 2026 09:31:47AM","September 23, 2026 09:49:30AM",1,1,delivery,Other,Other,-,3000,300000,0,0,0,0,-,-,0,0,6 min 0 sec
78133502,00108981798-C8JBGBTVLT5XG2,GF-653,GrabFood,,"""American Breakfast Club""",Kemang,"""1x Burrito - Mock Beef, 2 Scrambled Eggs, Cheddar, Avocado, Tater Tots,""","""American Breakfast Burritos""","""N/A""",DELIVERED,68000,6800000,0,0,0,0,0,0,0,0,-,68000,6800000,IDR,"September 23, 2026 09:30:24AM","September 23, 2026 10:14:58AM",1,1,delivery,Other,Other,-,0,0,0,0,0,0,-,-,0,0,N/A
78132807,001344835704-C8JBFF2WEUNJRX,GF-514,GrabFood,,"""American Breakfast Club""",Kemang,"""1x Burrito - 2 Scrambled Eggs, Cheddar, Avocado, Tater Tots""","""American Breakfast Burritos""","""1x Mineral Water""",DELIVERED,68000,6800000,0,0,0,0,0,0,11600,1160000,-,56400,5640000,IDR,"September 23, 2026 09:15:24AM","September 23, 2026 09:36:54AM",1,1,delivery,Other,Other,-,11600,1160000,0,0,0,0,-,-,0,0,N/A
78132286,F-3366564023,9244,gofood,,"""American Breakfast Club""",Greenville,"""3x 2 Pancakes - Chocolate Chips, Butter, Maple Syrup, 2x Tater Tots, 3x Burrito - Mock Beef, 2 Scrambled Eggs, Cheddar, Avocado, Tater Tots,""","""American Breakfast Burritos,American Breakfast Pancakes,Sides""","""N/A""",DELIVERED,347200,34720000,0,0,0,0,4000,400000,136000,13600000,-,295400,29540000,IDR,"September 23, 2026 09:00:40AM","September 23, 2026 09:26:22AM",8,3,delivery,N/A,N/A,-,55800,5580000,80200,8020000,0,0,-,-,0,0,N/A
78132044,001933802476-C8JBFBBKA4NTMA,GF-948,GrabFood,,"""American Breakfast Club""",Kemang,"""2x Sandwich - 2 Scrambled Eggs Mock Beef, Cheddar Cheese  on a wavy brioche bun""","""American Breakfast Sandwiches""","""2x Cutleries, 2x Home Fries""",DELIVERED,177200,17720000,0,0,0,0,0,0,23200,2320000,-,154000,15400000,IDR,"September 23, 2026 08:53:59AM","September 23, 2026 10:23:29AM",2,1,delivery,Other,Other,-,23200,2320000,0,0,0,0,-,-,0,0,N/A
78131531,F-3366550259,4251,gofood,,"""American Breakfast Club""",Kemang,"""1x Cheese Omelette - Side Tater Tots""","""American Breakfast Omelettes""","""N/A""",DELIVERED,58000,5800000,0,0,0,0,4000,400000,10000,1000000,-,62000,6200000,IDR,"September 23, 2026 08:37:07AM","September 23, 2026 08:50:39AM",1,1,delivery,N/A,N/A,-,0,0,10000,1000000,0,0,-,-,0,0,N/A
78131286,001616033102-C8JBE4JAEA5CLE,GF-190,GrabFood,,"""American Breakfast Club""",Kemang,"""1x Sandwich - 2 Scrambled Eggs Mock Beef, Cheddar Cheese  on a wavy brioche bun""","""American Breakfast Sandwiches""","""1x Cutleries""",DELIVERED,58600,5860000,0,0,0,0,0,0,11600,1160000,-,47000,4700000,IDR,"September 23, 2026 08:28:30AM","September 23, 2026 08:47:03AM",1,1,delivery,Other,Other,-,11600,1160000,0,0,0,0,-,-,0,0,N/A
78131169,00186200610-C8JBE3UVEVAZAE,GF-958,GrabFood,,"""American Breakfast Club""",Kemang,"""1x Mushroom Omelette - Mushrooms, Spinach, Side Tater Tots, 1x Cheese Omelette - Side Tater Tots""","""American Breakfast Omelettes""","""2x Cutleries""",DELIVERED,127200,12720000,0,0,0,0,0,0,25200,2520000,-,102000,10200000,IDR,"September 23, 2026 08:24:02AM","September 23, 2026 08:49:15AM",2,2,delivery,Other,Other,-,25200,2520000,0,0,0,0,-,-,0,0,N/A
78131129,F-3366542174,3414,gofood,,"""American Breakfast Club""",Greenville,"""1x Burrito - 2 Scrambled Eggs, Cheddar, Avocado, Tater Tots""","""American Breakfast Burritos""","""1x Cutleries""",DELIVERED,47900,4790000,0,0,0,0,4000,400000,0,0,-,51900,5190000,IDR,"September 23, 2026 08:22:23AM","September 23, 2026 08:53:01AM",1,1,delivery,N/A,N/A,-,0,0,0,0,0,0,-,-,0,0,N/A
78131115,001395788910-C8JBE3LWAN6EA6,GF-540,GrabFood,,"""American Breakfast Club""",Kemang,"""1x Cheese Omelette - Side Tater Tots""","""American Breakfast Omelettes""","""N/A""",DELIVERED,58000,5800000,0,0,0,0,0,0,11600,1160000,-,46400,4640000,IDR,"September 23, 2026 08:22:44AM","September 23, 2026 09:08:43AM",1,1,delivery,Other,Other,-,11600,1160000,0,0,0,0,-,-,0,0,N/A
78131027,00113105542-C8JBE253KGBTAE,GF-271,GrabFood,,"""American Breakfast Club""",Greenville,"""1x Burrito - Mock Beef, 2 Scrambled Eggs, Cheddar, Avocado, Tater Tots,""","""American Breakfast Burritos""","""N/A""",DELIVERED,68000,6800000,0,0,0,0,0,0,10200,1020000,-,57800,5780000,IDR,"September 23, 2026 08:19:51AM","September 23, 2026 08:43:02AM",1,1,delivery,Other,Other,-,10200,1020000,0,0,0,0,-,-,0,0,N/A
78129129,0019230759-C8JBEAXGLVBYT2,GF-464,GrabFood,,"""Tyfel Coffee""",Greenville,"""2x Fettucini Mushroom, 1x Tyfel Burritos - Vegan, 1x Meatless Burger - Vegan Plantbased""","""Lite Bites,Brunch,Main Course""","""N/A""",DELIVERED,190000,19000000,0,0,0,0,0,0,65000,6500000,-,125000,12500000,IDR,"September 23, 2026 06:38:46AM","September 23, 2026 07:08:19AM",4,3,delivery,Other,Other,-,65000,6500000,0,0,0,0,-,-,0,0,N/A
78129099,001842438161-C8JBEAKECFJKG6,GF-603,GrabFood,,"""American Breakfast Club""",Greenville,"""1x Cheese Omelette - Side Tater Tots, 1x Burrito - 2 Scrambled Eggs, Cheddar, Avocado, Tater Tots""","""American Breakfast Burritos,American Breakfast Omelettes""","""N/A""",DELIVERED,116000,11600000,0,0,0,0,0,0,19400,1940000,-,96600,9660000,IDR,"September 23, 2026 06:35:59AM","September 23, 2026 07:00:47AM",2,2,delivery,Other,Other,-,19400,1940000,0,0,0,0,-,-,0,0,N/A
78111770,00115344887-C8JATPAKTREYV6,GF-432,GrabFood,,"""American Breakfast Club""",Greenville,"""1x Sandwich - 2 Scrambled Eggs melty cheddar cheese on a wavy brioche bun, 1x Burrito - Mock Chicken, 2 Scrambled Eggs, Cheddar, Avocado, Tater Tots""","""American Breakfast Burritos,American Breakfast Sandwiches""","""N/A""",DELIVERED,113000,11300000,0,0,0,0,0,0,16950,1695000,-,96050,9605000,IDR,"September 22, 2026 08:23:41PM","September 22, 2026 09:44:47PM",2,2,delivery,Other,Other,-,16950,1695000,0,0,0,0,-,-,0,0,9 min 14 sec
78105079,00139962953-C8JASGBVAKJ2UA,GF-580,GrabFood,,"""People Pasta""",Greenville,"""1x Vegan Chicken Crispy Burger""","""Meatless Burgers""","""N/A""",DELIVERED,49000,4900000,0,0,0,0,0,0,10290,1029000,-,38710,3871000,IDR,"September 22, 2026 07:24:02PM","September 22, 2026 07:44:15PM",1,1,delivery,Other,Other,-,10290,1029000,0,0,0,0,-,-,0,0,11 min 31 sec
78100144,001028200154-C8JAR64YNFD1NA,GF-727,GrabFood,,"""People Pasta""",Greenville,"""1x Creamy Mushroom - Vegetarian - Plantbased""","""Signature Pasta""","""1x Spaghetti""",DELIVERED,43000,4300000,0,0,0,0,0,0,9030,903000,-,33970,3397000,IDR,"September 22, 2026 06:42:45PM","September 22, 2026 07:10:07PM",1,1,delivery,Other,Other,-,9030,903000,0,0,0,0,-,-,0,0,N/A
78094522,F-3366110606,6845,gofood,,"""American Breakfast Club""",Greenville,"""1x Cheese Omelette - Side Tater Tots, 1x Mushroom Omelette - Mushrooms, Spinach, Side Tater Tots, 1x Tater Tots""","""American Breakfast Omelettes,Sides""","""N/A""",DELIVERED,123200,12320000,0,0,0,0,4000,400000,67500,6750000,-,102225,10222500,IDR,"September 22, 2026 05:52:13PM","September 22, 2026 06:13:48PM",3,3,delivery,N/A,N/A,-,24975,2497500,42525,4252500,0,0,-,-,0,0,N/A
78087201,001016397156-C8JAPF6KE2MBAA,GF-369,GrabFood,,"""Herbox""",Greenville,"""1x Rica Wrap""","""Wrap Series""","""1x Vegan Chicken Nugget""",DELIVERED,94000,9400000,0,0,0,0,0,0,14800,1480000,-,79200,7920000,IDR,"September 22, 2026 04:36:39PM","September 22, 2026 05:16:06PM",1,1,delivery,Other,Other,-,14800,1480000,0,0,0,0,-,-,0,0,17 min 20 sec
78081887,F-3365933414,6673,gofood,,"""American Breakfast Club""",Kemang,"""1x Burrito - Mock Beef, 2 Scrambled Eggs, Cheddar, Avocado, Tater Tots,""","""American Breakfast Burritos""","""1x Home Fries""",DELIVERED,98000,9800000,0,0,0,0,4000,400000,44100,4410000,-,82155,8215500,IDR,"September 22, 2026 03:10:12PM","September 22, 2026 03:49:06PM",1,1,delivery,N/A,N/A,-,19845,1984500,24255,2425500,0,0,-,-,0,0,45 sec
78081128,00185199192-C8JANVNUNZBWLT,GF-409,GrabFood,,"""American Breakfast Club""",Kemang,"""1x Burrito - 2 Scrambled Eggs, Cheddar, Avocado, Tater Tots, 1x Cheese Omelette - Side Tater Tots""","""American Breakfast Burritos,American Breakfast Omelettes""","""N/A""",DELIVERED,116000,11600000,0,0,0,0,0,0,23200,2320000,-,92800,9280000,IDR,"September 22, 2026 03:16:42PM","September 22, 2026 03:52:34PM",2,2,delivery,Other,Other,-,23200,2320000,0,0,0,0,-,-,0,0,11 min 37 sec
78079506,00178472656-C8JANPTWDGL3L6,GF-513,GrabFood,,"""American Breakfast Club""",Greenville,"""1x Burrito - Mock Chicken, 2 Scrambled Eggs, Cheddar, Avocado, Tater Tots""","""American Breakfast Burritos""","""N/A""",DELIVERED,68000,6800000,0,0,0,0,0,0,13200,1320000,-,54800,5480000,IDR,"September 22, 2026 02:53:43PM","September 22, 2026 03:15:05PM",1,1,delivery,Other,Other,-,13200,1320000,0,0,0,0,-,-,0,0,N/A
78073367,F-3365823043,6292,gofood,,"""American Breakfast Club""",Kemang,"""2x Tater Tots, 1x 2 Pancakes - Butter, Maple Syrup""","""Sides,American Breakfast Pancakes""","""N/A""",DELIVERED,104000,10400000,0,0,0,0,4000,400000,56800,5680000,-,86940,8694000,IDR,"September 22, 2026 01:19:03PM","September 22, 2026 01:40:36PM",3,2,delivery,N/A,N/A,-,21060,2106000,35740,3574000,0,0,-,-,0,0,N/A
78073083,001756275779-C8JAL8NEHBMJCA,GF-789,GrabFood,,"""American Breakfast Club""",Greenville,"""1x Sandwich - 2 Scrambled Eggs melty cheddar cheese on a wavy brioche bun, 1x 2 Pancakes - Chocolate Chips, Butter, Maple Syrup""","""American Breakfast Sandwiches,American Breakfast Pancakes""","""1x Truffle Home Fries, 1x Cutleries""",DELIVERED,144500,14450000,0,0,0,0,0,0,15450,1545000,-,129050,12905000,IDR,"September 22, 2026 01:19:57PM","September 22, 2026 03:00:02PM",2,2,delivery,Other,Other,-,15450,1545000,0,0,0,0,-,-,0,0,N/A
78067793,F-3365739062,6921,gofood,,"""American Breakfast Club""",Kemang,"""1x Burrito - 2 Scrambled Eggs, Cheddar, Avocado, Tater Tots""","""American Breakfast Burritos""","""1x Home Fries""",DELIVERED,88000,8800000,0,0,0,0,4000,400000,49600,4960000,-,74180,7418000,IDR,"September 22, 2026 12:12:04PM","September 22, 2026 12:29:52PM",1,1,delivery,N/A,N/A,-,17820,1782000,31780,3178000,0,0,-,-,0,0,N/A
78067687,001933659711-C8JALRDXANWYHE,GF-183,GrabFood,,"""American Breakfast Club""",Greenville,"""2x Burrito - 2 Scrambled Eggs, Cheddar, Avocado, Tater Tots""","""American Breakfast Burritos""","""N/A""",DELIVERED,116000,11600000,0,0,0,0,0,0,17400,1740000,-,98600,9860000,IDR,"September 22, 2026 12:11:24PM","September 22, 2026 12:54:04PM",2,1,delivery,Other,Other,-,17400,1740000,0,0,0,0,-,-,0,0,N/A
78064583,F-3365689083,6114,gofood,,"""American Breakfast Club""",Kemang,"""1x 2 Pancakes - Blueberries, Butter, Maple Syrup""","""American Breakfast Pancakes""","""1x Truffle Tater Tots""",DELIVERED,98000,9800000,0,0,0,0,4000,400000,54100,5410000,-,82155,8215500,IDR,"September 22, 2026 11:36:55AM","September 22, 2026 12:03:16PM",1,1,delivery,N/A,N/A,-,19845,1984500,34255,3425500,0,0,-,-,0,0,N/A
78064299,001924157574-C8JALFW2AEJ1N2,GF-914,GrabFood,,"""People Pasta""",Greenville,"""1x Chicken Nugget - Vegan, 1x Cacio e Pepe - Vegetarian - Plantbased, 1x Vegan Chicken Crispy Burger""","""Signature Pasta,Meatless Burgers""","""N/A""",DELIVERED,127000,12700000,0,0,0,0,0,0,0,0,-,127000,12700000,IDR,"September 22, 2026 11:34:55AM","September 22, 2026 12:01:56PM",3,3,delivery,Other,Other,-,0,0,0,0,0,0,-,-,0,0,N/A
78062567,F-3365658584,1484,gofood,,"""American Breakfast Club""",Kemang,"""1x Burrito - 2 Scrambled Eggs, Cheddar, Avocado, Tater Tots""","""American Breakfast Burritos""","""N/A""",DELIVERED,58000,5800000,0,0,0,0,4000,400000,10000,1000000,-,62000,6200000,IDR,"September 22, 2026 11:16:47AM","September 22, 2026 11:35:37AM",1,1,delivery,N/A,N/A,-,0,0,10000,1000000,0,0,-,-,0,0,N/A
78062563,0018589717-C8JALBUUBBJTTN,GF-631,GrabFood,,"""American Breakfast Club""",Greenville,"""1x Burrito - Mock Beef, 2 Scrambled Eggs, Cheddar, Avocado, Tater Tots,""","""American Breakfast Burritos""","""N/A""",DELIVERED,68000,6800000,0,0,0,0,0,0,10200,1020000,-,57800,5780000,IDR,"September 22, 2026 11:17:24AM","September 22, 2026 11:55:49AM",1,1,delivery,Other,Other,-,10200,1020000,0,0,0,0,-,-,0,0,N/A
78062375,00196460375-C8JAKF3CWBA3CN,GF-600,GrabFood,,"""Herbox""",Greenville,"""1x Teriyaki Vegan Vegetarian Ricebox""","""Ricebox""","""1x Vegan Chicken Nugget""",DELIVERED,74000,7400000,0,0,0,0,0,0,7800,780000,-,66200,6620000,IDR,"September 22, 2026 11:15:21AM","September 22, 2026 11:38:44AM",1,1,delivery,Other,Other,-,7800,780000,0,0,0,0,-,-,0,0,14 min 14 sec
78062269,F-3365654219,3731,gofood,,"""American Breakfast Club""",Kemang,"""1x Burrito - Mock Beef, 2 Scrambled Eggs, Cheddar, Avocado, Tater Tots,""","""American Breakfast Burritos""","""N/A""",DELIVERED,68000,6800000,0,0,0,0,4000,400000,30400,3040000,-,62820,6282000,IDR,"September 22, 2026 11:13:59AM","September 22, 2026 12:08:31PM",1,1,delivery,N/A,N/A,-,9180,918000,21220,2122000,0,0,-,-,0,0,N/A
78061070,0011271954-C8JAKF2YAKBVHE,GF-685,GrabFood,,"""American Breakfast Club""",Kemang,"""1x Burrito - 2 Scrambled Eggs, Cheddar, Avocado, Tater Tots""","""American Breakfast Burritos""","""1x Cutleries""",DELIVERED,58600,5860000,0,0,0,0,0,0,11600,1160000,-,47000,4700000,IDR,"September 22, 2026 11:02:06AM","September 22, 2026 11:39:11AM",1,1,delivery,Other,Other,-,11600,1160000,0,0,0,0,-,-,0,0,N/A
78059859,F-3365617410,5741,gofood,,"""American Breakfast Club""",Greenville,"""1x Burrito - Mock Chicken, 2 Scrambled Eggs, Cheddar, Avocado, Tater Tots, 1x 2 Pancakes - Butter, Maple Syrup""","""American Breakfast Burritos,American Breakfast Pancakes""","""N/A""",DELIVERED,92800,9280000,0,0,0,0,4000,400000,0,0,-,96800,9680000,IDR,"September 22, 2026 10:47:31AM","September 22, 2026 11:23:13AM",2,2,delivery,N/A,N/A,-,0,0,0,0,0,0,-,-,0,0,N/A
78058615,F-3365599114,3638,gofood,,"""American Breakfast Club""",Kemang,"""1x Burrito - 2 Scrambled Eggs, Cheddar, Avocado, Tater Tots""","""American Breakfast Burritos""","""N/A""",DELIVERED,58000,5800000,0,0,0,0,4000,400000,10000,1000000,-,62000,6200000,IDR,"September 22, 2026 10:32:37AM","September 22, 2026 10:54:22AM",1,1,delivery,N/A,N/A,-,0,0,10000,1000000,0,0,-,-,0,0,N/A
78057963,F-3365589289,4161,gofood,,"""American Breakfast Club""",Kemang,"""1x Burrito - Mock Beef, 2 Scrambled Eggs, Cheddar, Avocado, Tater Tots,""","""American Breakfast Burritos""","""N/A""",DELIVERED,68000,6800000,0,0,0,0,4000,400000,30400,3040000,-,62820,6282000,IDR,"September 22, 2026 10:24:12AM","September 22, 2026 10:53:51AM",1,1,delivery,N/A,N/A,-,9180,918000,21220,2122000,0,0,-,-,0,0,N/A
78057597,001177980011-C8JAJ6MJTREVJX,GF-427,GrabFood,,"""American Breakfast Club""",Kemang,"""1x Burrito - 2 Scrambled Eggs, Cheddar, Avocado, Tater Tots""","""American Breakfast Burritos""","""1x Home Fries""",DELIVERED,88000,8800000,0,0,0,0,0,0,11600,1160000,-,76400,7640000,IDR,"September 22, 2026 10:19:38AM","September 22, 2026 11:00:22AM",1,1,delivery,Other,Other,-,11600,1160000,0,0,0,0,-,-,0,0,N/A
78057410,F-3365580553,1461,gofood,,"""American Breakfast Club""",Kemang,"""1x Burrito - 2 Scrambled Eggs, Cheddar, Avocado, Tater Tots""","""American Breakfast Burritos""","""N/A""",DELIVERED,58000,5800000,0,0,0,0,4000,400000,10000,1000000,-,62000,6200000,IDR,"September 22, 2026 10:16:20AM","September 22, 2026 10:50:32AM",1,1,delivery,N/A,N/A,-,0,0,10000,1000000,0,0,-,-,0,0,N/A
78057288,F-3365579842,5996,gofood,,"""American Breakfast Club""",Kemang,"""1x Burrito - 2 Scrambled Eggs, Cheddar, Avocado, Tater Tots""","""American Breakfast Burritos""","""N/A""",CANCELLED,58000,5800000,0,0,0,0,4000,400000,10000,1000000,-,62000,6200000,IDR,"September 22, 2026 10:15:40AM",,1,1,delivery,N/A,N/A,-,0,0,10000,1000000,0,0,N/A,N/A,0,0,N/A
78055559,0010417762-C8JAJXVTC7D3WE,GF-935,GrabFood,,"""American Breakfast Club""",Kemang,"""2x Sandwich - 2 Scrambled Eggs, Mock Chicken, Cheddar Cheese Mix, Brioche Bun""","""American Breakfast Sandwiches""","""N/A""",DELIVERED,116000,11600000,0,0,0,0,0,0,23200,2320000,-,92800,9280000,IDR,"September 22, 2026 09:47:43AM","September 22, 2026 10:24:27AM",2,1,delivery,Other,Other,-,23200,2320000,0,0,0,0,-,-,0,0,N/A
78054761,001201427372-C8JAJTXZHGLFLT,GF-752,GrabFood,,"""People Pasta""",Greenville,"""2x Cacio e Pepe - Vegetarian - Plantbased, 1x Tattert Tots""","""Signature Pasta""","""1x Fettucine, 1x Fusili""",DELIVERED,116000,11600000,0,0,0,0,0,0,0,0,-,116000,11600000,IDR,"September 22, 2026 09:31:47AM","September 22, 2026 09:50:32AM",3,3,delivery,Other,Other,-,0,0,0,0,0,0,-,-,0,0,N/A
78054699,00141457375-C8JAJTUGVTNKNT,GF-564,GrabFood,,"""American Breakfast Club""",Kemang,"""1x Mushroom Omelette - Mushrooms, Spinach, Side Tater Tots""","""American Breakfast Omelettes""","""1x Cutleries""",DELIVERED,68600,6860000,0,0,0,0,0,0,13600,1360000,-,55000,5500000,IDR,"September 22, 2026 09:30:38AM","September 22, 2026 09:58:41AM",1,1,delivery,Other,Other,-,13600,1360000,0,0,0,0,-,-,0,0,N/A
78054281,F-3365523870,4736,gofood,,"""American Breakfast Club""",Kemang,"""1x Original Egg burger - Patties, 2 Scrambled Eggs, Cheddar Cheese, Secret Sauce, 1x Burrito - 2 Scrambled Eggs, Cheddar, Avocado, Tater Tots""","""American Breakfast Burger,American Breakfast Burritos""","""N/A""",DELIVERED,116000,11600000,0,0,0,0,4000,400000,62200,6220000,-,96510,9651000,IDR,"September 22, 2026 09:07:55AM","September 22, 2026 09:31:26AM",2,2,delivery,N/A,N/A,-,23490,2349000,38710,3871000,0,0,-,-,0,0,N/A
78054164,0012515005-C8JAJPJJARBGJ2,GF-465,GrabFood,,"""People Pasta""",Greenville,"""1x Meat-less Burger - Vegan""","""Meatless Burgers""","""N/A""",DELIVERED,49000,4900000,0,0,0,0,0,0,0,0,-,49000,4900000,IDR,"September 22, 2026 09:18:38AM","September 22, 2026 09:47:43AM",1,1,delivery,Other,Other,-,0,0,0,0,0,0,-,-,0,0,9 min 32 sec
78053698,0014352928-C8JAJLBBFBUATX,GF-419,GrabFood,,"""American Breakfast Club""",Greenville,"""1x Cheese Omelette - Side Tater Tots""","""American Breakfast Omelettes""","""1x Cutleries""",DELIVERED,59500,5950000,0,0,0,0,0,0,8700,870000,-,50800,5080000,IDR,"September 22, 2026 09:07:12AM","September 22, 2026 09:46:55AM",1,1,delivery,Other,Other,-,8700,870000,0,0,0,0,-,-,0,0,N/A
78053608,00116605783-C8JAJKWKNZNXEE,GF-392,GrabFood,,"""American Breakfast Club""",Greenville,"""1x Burrito - Mock Beef, 2 Scrambled Eggs, Cheddar, Avocado, Tater Tots,, 1x 2 Pancakes - Butter, Maple Syrup""","""American Breakfast Burritos,American Breakfast Pancakes""","""N/A""",DELIVERED,116000,11600000,0,0,0,0,0,0,17400,1740000,-,98600,9860000,IDR,"September 22, 2026 09:04:47AM","September 22, 2026 09:40:13AM",2,2,delivery,Other,Other,-,17400,1740000,0,0,0,0,-,-,0,0,24 min 4 sec
78053450,001786631771-C8JAJJ5XMATBGT,GF-562,GrabFood,,"""American Breakfast Club""",Kemang,"""1x Burrito - Mock Katsu, 2 Scrambled Eggs, Cheddar, Avocado, Tater Tots""","""American Breakfast Burritos""","""1x Cutleries""",DELIVERED,68600,6860000,0,0,0,0,0,0,0,0,-,68600,6860000,IDR,"September 22, 2026 08:59:46AM","September 22, 2026 09:36:10AM",1,1,delivery,Other,Other,-,0,0,0,0,0,0,-,-,0,0,N/A
78052970,F-3365497493,1864,gofood,,"""American Breakfast Club""",Greenville,"""7x Burrito - 2 Scrambled Eggs, Cheddar, Avocado, Tater Tots""","""American Breakfast Burritos""","""N/A""",DELIVERED,324800,32480000,0,0,0,0,4000,400000,124000,12400000,-,273000,27300000,IDR,"September 22, 2026 08:21:58AM","September 22, 2026 09:29:39AM",7,1,delivery,N/A,N/A,-,55800,5580000,68200,6820000,0,0,-,-,0,0,4 min 32 sec
78052726,001974209470-C8JAJCKDLJKEAJ,GF-589,GrabFood,,"""American Breakfast Club""",Kemang,"""1x Burrito - Mock Beef, 2 Scrambled Eggs, Cheddar, Avocado, Tater Tots,, 1x Cutleries""","""American Breakfast Burritos""","""N/A""",DELIVERED,68600,6860000,0,0,0,0,0,0,0,0,-,68600,6860000,IDR,"September 22, 2026 08:35:33AM","September 22, 2026 09:10:26AM",2,2,delivery,Other,Other,-,0,0,0,0,0,0,-,-,0,0,N/A
78052655,F-3365503062,6278,gofood,,"""Tyfel Coffee""",Kemang,"""1x Mock Chicken Burrito""","""Breakfast Burritos""","""N/A""",DELIVERED,68000,6800000,0,0,0,0,4000,400000,0,0,-,72000,7200000,IDR,"September 22, 2026 08:32:35AM","September 22, 2026 09:10:21AM",1,1,delivery,N/A,N/A,-,0,0,0,0,0,0,-,-,0,0,N/A
78052301,00167964167-C8JAHGNJSEKBKE,GF-130,GrabFood,,"""American Breakfast Club""",Greenville,"""1x Burrito - Mock Chicken, 2 Scrambled Eggs, Cheddar, Avocado, Tater Tots""","""American Breakfast Burritos""","""N/A""",DELIVERED,68000,6800000,0,0,0,0,0,0,10200,1020000,-,57800,5780000,IDR,"September 22, 2026 08:19:59AM","September 22, 2026 08:43:14AM",1,1,delivery,Other,Other,-,10200,1020000,0,0,0,0,-,-,0,0,9 min 20 sec
78051534,00173006839-C8JAG8E1PF6DGT,GF-145,GrabFood,,"""Herbox""",Greenville,"""1x Beef  wrap Vegan Herbox, 1x Tater tots, 1x Hygiene Cutleries""","""Wrap Series,Sides,Extra""","""N/A""",DELIVERED,91000,9100000,0,0,0,0,0,0,11800,1180000,-,79200,7920000,IDR,"September 22, 2026 07:45:10AM","September 22, 2026 08:09:59AM",3,3,delivery,Other,Other,-,11800,1180000,0,0,0,0,-,-,0,0,9 min 20 sec
78050949,001254526285-C8JAGY4ENXUVLE,GF-852,GrabFood,,"""LA Breakfast Club""",Greenville,"""2x Cheese Omelette - Side of Tater Tots""","""LA Breakfast Omelettes""","""N/A""",DELIVERED,140000,14000000,0,0,0,0,0,0,38000,3800000,-,102000,10200000,IDR,"September 22, 2026 07:14:46AM","September 22, 2026 07:38:27AM",2,1,delivery,Other,Other,-,38000,3800000,0,0,0,0,-,-,0,0,N/A
78050377,F-3365459835,3981,gofood,,"""American Breakfast Club""",Greenville,"""1x Burrito - Mock Beef, 2 Scrambled Eggs, Cheddar, Avocado, Tater Tots,, 1x Cheese Omelette - Side Tater Tots, 1x Home Fries""","""American Breakfast Omelettes,Sides,American Breakfast Burritos""","""N/A""",DELIVERED,123200,12320000,0,0,0,0,4000,400000,55500,5550000,-,102225,10222500,IDR,"September 22, 2026 06:35:13AM","September 22, 2026 07:31:43AM",3,3,delivery,N/A,N/A,-,24975,2497500,30525,3052500,0,0,-,-,0,0,N/A
78033554,F-3365277269,6411,gofood,,"""Tyfel Coffee""",Greenville,"""1x Mock Beef Sandwich, 1x Tater Tots, 1x Chic Chunk - Vegan Plantbased""","""Breakfast Sandwiches,Sides,Lite Bites""","""N/A""",DELIVERED,124000,12400000,0,0,0,0,4000,400000,37200,3720000,-,111260,11126000,IDR,"September 21, 2026 08:09:36PM","September 21, 2026 08:42:04PM",3,3,delivery,N/A,N/A,-,16740,1674000,20460,2046000,0,0,-,-,0,0,N/A
78020606,F-3365105799,4284,gofood,,"""American Breakfast Club""",Greenville,"""1x Burrito - 2 Scrambled Eggs, Cheddar, Avocado, Tater Tots""","""American Breakfast Burritos""","""N/A""",DELIVERED,46400,4640000,0,0,0,0,4000,400000,10000,1000000,-,50400,5040000,IDR,"September 21, 2026 06:17:33PM","September 21, 2026 06:44:37PM",1,1,delivery,N/A,N/A,-,0,0,10000,1000000,0,0,-,-,0,0,17 min 4 sec
78006376,00152451176-C8E3TCLJMACKAJ,GF-966,GrabFood,,"""Herbox""",Greenville,"""1x Kung Paow Chick Vegan Vegetarian Ricebox, 1x Pesmol Vegan Vegetarian Ricebox""","""Ricebox""","""1x Vegan Chicken Nugget""",DELIVERED,113000,11300000,0,0,0,0,0,0,18600,1860000,-,94400,9440000,IDR,"September 21, 2026 03:55:58PM","September 21, 2026 04:51:30PM",2,2,delivery,Other,Other,-,18600,1860000,0,0,0,0,-,-,0,0,13 min 38 sec
78005413,001184511599-C8E3TANJNXBWCE,GF-856,GrabFood,,"""Herbox""",Greenville,"""1x Beef  wrap Vegan Herbox""","""Wrap Series""","""1x Vegan Chicken Nugget""",DELIVERED,94000,9400000,0,0,0,0,0,0,14800,1480000,-,79200,7920000,IDR,"September 21, 2026 03:43:18PM","September 21, 2026 04:28:10PM",1,1,delivery,Other,Other,-,14800,1480000,0,0,0,0,-,-,0,0,10 min 56 sec
77998025,001580731273-C8E3RRLZRFDZV6,GF-916,GrabFood,,"""American Breakfast Club""",Greenville,"""2x Cheese Omelette - Side Tater Tots""","""American Breakfast Omelettes""","""2x Tatter Tots""",DELIVERED,176000,17600000,0,0,0,0,0,0,20400,2040000,-,155600,15560000,IDR,"September 21, 2026 01:59:26PM","September 21, 2026 02:42:22PM",2,1,delivery,Other,Other,-,20400,2040000,0,0,0,0,-,-,0,0,11 min 38 sec
77995082,F-3364753733,2759,gofood,,"""American Breakfast Club""",Greenville,"""1x Burrito - Mock Beef, 2 Scrambled Eggs, Cheddar, Avocado, Tater Tots,""","""American Breakfast Burritos""","""N/A""",DELIVERED,54400,5440000,0,0,0,0,4000,400000,0,0,-,58400,5840000,IDR,"September 21, 2026 01:06:59PM","September 21, 2026 02:14:25PM",1,1,delivery,N/A,N/A,-,0,0,0,0,0,0,-,-,0,0,17 min 10 sec
77993067,F-3364734476,3537,gofood,,"""Herbox""",Greenville,"""1x Original Burger Vegan, 1x Tater tots""","""Vegan Burger,Sides""","""N/A""",DELIVERED,71200,7120000,0,0,0,0,4000,400000,21400,2140000,-,65570,6557000,IDR,"September 21, 2026 12:50:50PM","September 21, 2026 01:22:02PM",2,2,delivery,N/A,N/A,-,9630,963000,11770,1177000,0,0,-,-,0,0,N/A
77992212,001293164926-C8E3PEVDJYEXGT,GF-689,GrabFood,,"""American Breakfast Club""",Greenville,"""1x Burrito - 2 Scrambled Eggs, Cheddar, Avocado, Tater Tots, 1x Burrito - Mock Chicken, 2 Scrambled Eggs, Cheddar, Avocado, Tater Tots, 1x Sandwich - 2 Scrambled Eggs melty cheddar cheese on a wavy brioche bun""","""American Breakfast Sandwiches,American Breakfast Burritos""","""N/A""",DELIVERED,171000,17100000,0,0,0,0,0,0,25650,2565000,-,145350,14535000,IDR,"September 21, 2026 12:40:57PM","September 21, 2026 01:31:04PM",3,3,delivery,Other,Other,-,25650,2565000,0,0,0,0,-,-,0,0,11 min 52 sec
77985903,001295190560-C8E3NXTJEKVZAA,GF-039,GrabFood,,"""American Breakfast Club""",Greenville,"""3x Tater Tots, 1x Sandwich - 2 Scrambled Eggs melty cheddar cheese on a wavy brioche bun""","""Sides,American Breakfast Sandwiches""","""N/A""",DELIVERED,159000,15900000,0,0,0,0,0,0,24850,2485000,-,134150,13415000,IDR,"September 21, 2026 11:33:38AM","September 21, 2026 12:06:50PM",4,2,delivery,Other,Other,-,24850,2485000,0,0,0,0,-,-,0,0,N/A
77984028,0014308959-C8E3NTCWE7EBPE,GF-894,GrabFood,,"""American Breakfast Club""",Kemang,"""1x Burrito - 2 Scrambled Eggs, Cheddar, Avocado, Tater Tots, 1x Cheese Omelette - Side Tater Tots, 1x Cutleries""","""American Breakfast Omelettes,American Breakfast Burritos""","""N/A""",DELIVERED,116600,11660000,0,0,0,0,0,0,23200,2320000,-,93400,9340000,IDR,"September 21, 2026 11:14:25AM","September 21, 2026 12:08:52PM",3,3,delivery,Other,Other,-,23200,2320000,0,0,0,0,-,-,0,0,N/A
77983058,001827385138-C8E3NPDTCBC2RJ,GF-114,GrabFood,,"""American Breakfast Club""",Kemang,"""1x Sandwich - 2 Scrambled Eggs Mock Beef, Cheddar Cheese  on a wavy brioche bun""","""American Breakfast Sandwiches""","""N/A""",DELIVERED,58000,5800000,0,0,0,0,0,0,11600,1160000,-,46400,4640000,IDR,"September 21, 2026 11:04:42AM","September 21, 2026 11:39:19AM",1,1,delivery,Other,Other,-,11600,1160000,0,0,0,0,-,-,0,0,N/A
77979915,00189187563-C8E3NENBRUJAGN,GF-841,GrabFood,,"""American Breakfast Club""",Kemang,"""1x Burrito - Mock Fish, 2 Scrambled Eggs, Cheddar, Avocado, Tater Tots,""","""American Breakfast Burritos""","""1x Cutleries, 1x Chick Nugget""",DELIVERED,103600,10360000,0,0,0,0,0,0,13600,1360000,-,90000,9000000,IDR,"September 21, 2026 10:26:32AM","September 21, 2026 11:00:34AM",1,1,delivery,Other,Other,-,13600,1360000,0,0,0,0,-,-,0,0,N/A
77979468,001233610019-C8E3NCAKJ34XPE,GF-723,GrabFood,,"""American Breakfast Club""",Kemang,"""1x Burrito - Mock Beef, 2 Scrambled Eggs, Cheddar, Avocado, Tater Tots,""","""American Breakfast Burritos""","""N/A""",DELIVERED,68000,6800000,0,0,0,0,0,0,0,0,-,68000,6800000,IDR,"September 21, 2026 10:20:19AM","September 21, 2026 10:41:42AM",1,1,delivery,Other,Other,-,0,0,0,0,0,0,-,-,0,0,N/A
77978843,F-3364517481,4369,gofood,,"""American Breakfast Club""",Kemang,"""1x Burrito - Mock Fish, 2 Scrambled Eggs, Cheddar, Avocado, Tater Tots,""","""American Breakfast Burritos""","""N/A""",DELIVERED,68000,6800000,0,0,0,0,4000,400000,30400,3040000,-,62820,6282000,IDR,"September 21, 2026 10:09:43AM","September 21, 2026 10:28:28AM",1,1,delivery,N/A,N/A,-,9180,918000,21220,2122000,0,0,-,-,0,0,N/A
77978573,001884477889-C8E3MGNUGUACRN,GF-872,GrabFood,,"""American Breakfast Club""",Greenville,"""1x Burrito - 2 Scrambled Eggs, Cheddar, Avocado, Tater Tots, 1x 2 Pancakes - Butter, Maple Syrup, 1x Sandwich - 2 Scrambled Eggs Mock Beef, Cheddar Cheese  on a wavy brioche bun""","""American Breakfast Sandwiches,American Breakfast Burritos,American Breakfast Pancakes""","""N/A""",DELIVERED,164000,16400000,0,0,0,0,0,0,27600,2760000,-,136400,13640000,IDR,"September 21, 2026 10:06:41AM","September 21, 2026 10:33:50AM",3,3,delivery,Other,Other,-,27600,2760000,0,0,0,0,-,-,0,0,N/A
77978365,00185427679-C8E3MF6TV3UFVJ,GF-316,GrabFood,,"""Herbox""",Greenville,"""1x Rica Wrap""","""Wrap Series""","""N/A""",DELIVERED,59000,5900000,0,0,0,0,0,0,14800,1480000,-,44200,4420000,IDR,"September 21, 2026 10:03:20AM","September 21, 2026 10:41:42AM",1,1,delivery,Other,Other,-,14800,1480000,0,0,0,0,-,-,0,0,10 min 9 sec
77977871,F-3364502488,5491,gofood,,"""American Breakfast Club""",Kemang,"""2x Burrito - 2 Scrambled Eggs, Cheddar, Avocado, Tater Tots, 1x Tater Tots""","""American Breakfast Burritos,Sides""","""N/A""",DELIVERED,144000,14400000,0,0,0,0,4000,400000,0,0,-,148000,14800000,IDR,"September 21, 2026 09:53:29AM","September 21, 2026 10:17:27AM",3,2,delivery,N/A,N/A,-,0,0,0,0,0,0,-,-,0,0,N/A
77977252,00174897843-C8E3MBJKLEXTKA,GF-821,GrabFood,,"""American Breakfast Club""",Greenville,"""1x Burrito - Mock Beef, 2 Scrambled Eggs, Cheddar, Avocado, Tater Tots,""","""American Breakfast Burritos""","""N/A""",DELIVERED,68000,6800000,0,0,0,0,0,0,13200,1320000,-,54800,5480000,IDR,"September 21, 2026 09:41:59AM","September 21, 2026 10:09:54AM",1,1,delivery,Other,Other,-,13200,1320000,0,0,0,0,-,-,0,0,11 min 43 sec
77976152,001744681974-C8E3L6AFT2KGAJ,GF-773,GrabFood,,"""American Breakfast Club""",Greenville,"""1x Cheese Omelette - Side Tater Tots""","""American Breakfast Omelettes""","""N/A""",DELIVERED,58000,5800000,0,0,0,0,0,0,11700,1170000,-,46300,4630000,IDR,"September 21, 2026 09:16:55AM","September 21, 2026 09:38:01AM",1,1,delivery,Other,Other,-,11700,1170000,0,0,0,0,-,-,0,0,N/A
77975903,F-3364467822,4122,gofood,,"""American Breakfast Club""",Kemang,"""2x Sandwich - 2 Scrambled Eggs melty cheddar cheese on a wavy brioche bun, 1x Home Fries""","""American Breakfast Sandwiches,Sides""","""N/A""",DELIVERED,118000,11800000,0,0,0,0,4000,400000,63100,6310000,-,98105,9810500,IDR,"September 21, 2026 09:06:30AM","September 21, 2026 09:43:09AM",3,2,delivery,N/A,N/A,-,23895,2389500,39205,3920500,0,0,-,-,0,0,N/A
77975451,001420963546-C8E3LZAXVEWAC6,GF-640,GrabFood,,"""American Breakfast Club""",Kemang,"""1x 2 Pancakes - Butter, Maple Syrup, 1x Sandwich - 2 Scrambled Eggs Mock Beef, Cheddar Cheese  on a wavy brioche bun""","""American Breakfast Pancakes,American Breakfast Sandwiches""","""N/A""",DELIVERED,106000,10600000,0,0,0,0,0,0,21200,2120000,-,84800,8480000,IDR,"September 21, 2026 08:57:04AM","September 21, 2026 09:38:07AM",2,2,delivery,Other,Other,-,21200,2120000,0,0,0,0,-,-,0,0,N/A
77974940,001152184023-C8E3LU3HHABCTN,GF-118,GrabFood,,"""American Breakfast Club""",Greenville,"""1x Burrito - Mock Beef, 2 Scrambled Eggs, Cheddar, Avocado, Tater Tots,, 1x Cheese Omelette - Side Tater Tots""","""American Breakfast Burritos,American Breakfast Omelettes""","""N/A""",DELIVERED,126000,12600000,0,0,0,0,0,0,18900,1890000,-,107100,10710000,IDR,"September 21, 2026 08:38:57AM","September 21, 2026 09:49:08AM",2,2,delivery,Other,Other,-,18900,1890000,0,0,0,0,-,-,0,0,10 min 55 sec
77974699,F-3364446629,7483,gofood,,"""LA Breakfast Club""",Greenville,"""1x Mock Fish Sandwich""","""LA Breakfast Sandwiches""","""1x No Sauce""",DELIVERED,74000,7400000,0,0,0,0,0,0,21000,2100000,-,74000,7400000,IDR,"September 21, 2026 08:29:15AM","September 21, 2026 08:54:33AM",1,1,delivery,N/A,N/A,-,0,0,21000,2100000,0,0,-,-,0,0,N/A
77974581,F-3364444109,7593,gofood,,"""American Breakfast Club""",Kemang,"""1x Burrito - 2 Scrambled Eggs, Cheddar, Avocado, Tater Tots""","""American Breakfast Burritos""","""N/A""",DELIVERED,58000,5800000,0,0,0,0,4000,400000,10000,1000000,-,62000,6200000,IDR,"September 21, 2026 08:24:25AM","September 21, 2026 08:54:16AM",1,1,delivery,N/A,N/A,-,0,0,10000,1000000,0,0,-,-,0,0,N/A
77974468,001551612708-C8E3LPLZGTAJCE,GF-289,GrabFood,,"""American Breakfast Club""",Greenville,"""3x Burrito - 2 Scrambled Eggs, Cheddar, Avocado, Tater Tots""","""American Breakfast Burritos""","""N/A""",DELIVERED,174000,17400000,0,0,0,0,0,0,26100,2610000,-,147900,14790000,IDR,"September 21, 2026 08:19:29AM","September 21, 2026 08:55:48AM",3,1,delivery,Other,Other,-,26100,2610000,0,0,0,0,-,-,0,0,10 min 59 sec
77974430,0015842249-C8E3LPDAMFBARN,GF-358,GrabFood,,"""American Breakfast Club""",Kemang,"""1x Burrito - Mock Chicken, 2 Scrambled Eggs, Cheddar, Avocado, Tater Tots""","""American Breakfast Burritos""","""N/A""",DELIVERED,68000,6800000,0,0,0,0,0,0,0,0,-,68000,6800000,IDR,"September 21, 2026 08:17:50AM","September 21, 2026 08:41:42AM",1,1,delivery,Other,Other,-,0,0,0,0,0,0,-,-,0,0,N/A
77973252,001008344226-C8E3LANGRBEXNJ,GF-568,GrabFood,,"""American Breakfast Club""",Greenville,"""1x Burrito - Mock Beef, 2 Scrambled Eggs, Cheddar, Avocado, Tater Tots,""","""American Breakfast Burritos""","""1x Tatter Tots""",DELIVERED,98000,9800000,0,0,0,0,0,0,13200,1320000,-,84800,8480000,IDR,"September 21, 2026 07:23:16AM","September 21, 2026 07:58:41AM",1,1,delivery,Other,Other,-,13200,1320000,0,0,0,0,-,-,0,0,15 min 9 sec
77972843,001390693341-C8E3KBUXNJBERA,GF-393,GrabFood,,"""American Breakfast Club""",Greenville,"""1x Cheese Omelette - Side Tater Tots""","""American Breakfast Omelettes""","""N/A""",DELIVERED,58000,5800000,0,0,0,0,0,0,8700,870000,-,49300,4930000,IDR,"September 21, 2026 06:57:25AM","September 21, 2026 07:39:59AM",1,1,delivery,Other,Other,-,8700,870000,0,0,0,0,-,-,0,0,N/A
77972717,001110104941-C8E3J3EYN7XJFE,GF-331,GrabFood,,"""American Breakfast Club""",Greenville,"""1x Burrito - Mock Beef, 2 Scrambled Eggs, Cheddar, Avocado, Tater Tots,""","""American Breakfast Burritos""","""1x Cutleries""",DELIVERED,69500,6950000,0,0,0,0,0,0,12200,1220000,-,57300,5730000,IDR,"September 21, 2026 06:48:21AM","September 21, 2026 07:06:43AM",1,1,delivery,Other,Other,-,12200,1220000,0,0,0,0,-,-,0,0,N/A
