Order ID,External ID,Short ID,Provider,Order Source,Brand,Branch,Menu Items,Menu Categories,Menu Modifiers,Item Quantity,Modifier Quantity,Item Sale Price,Modifier Sale Price,Created At,Status
77864801,001693004477-C8E2EY6AHA6WRE,GF-766,GrabFood,,People Pasta,Greenville,Vegan Chicken Crispy Burger,Meatless Burgers,,1,,49000.00,,"September 19, 2026 08:49:49PM",DELIVERED
77864801,001693004477-C8E2EY6AHA6WRE,GF-766,GrabFood,,People Pasta,Greenville,Vegan Chicken Crispy Burger,Meatless Burgers,Home Fries,,1,,25000.00,"September 19, 2026 08:49:49PM",DELIVERED
77861395,F-3362940011,2332,gofood,,Herbox,Greenville,Katsu Chickin Vegan Vegetarian Ricebox,Ricebox,,1,,31200.00,,"September 19, 2026 08:16:43PM",DELIVERED
77861395,F-3362940011,2332,gofood,,Herbox,Greenville,Katsu Chickin Vegan Vegetarian Ricebox,Ricebox,French Fries,,1,,25000.00,"September 19, 2026 08:16:43PM",DELIVERED
77861395,F-3362940011,2332,gofood,,Herbox,Greenville,Original Burger Vegan,Vegan Burger,,1,,47200.00,,"September 19, 2026 08:16:43PM",DELIVERED
77856467,001570163247-C8E2EECBC4NVSA,GF-912,GrabFood,,Tyfel Coffee,Greenville,Chic Chunk - Vegan Plantbased,Lite Bites,,1,,38000.00,,"September 19, 2026 07:37:36PM",DELIVERED
77856467,001570163247-C8E2EECBC4NVSA,GF-912,GrabFood,,Tyfel Coffee,Greenville,Meatless Burger - Vegan Plantbased,Brunch,,1,,45000.00,,"September 19, 2026 07:37:36PM",DELIVERED
77855938,F-3362873206,4281,gofood,,Herbox,Greenville,Original Burger Vegan,Vegan Burger,,1,,47200.00,,"September 19, 2026 07:32:16PM",DELIVERED
77855938,F-3362873206,4281,gofood,,Herbox,Greenville,Original Burger Vegan,Vegan Burger,French Fries,,1,,25000.00,"September 19, 2026 07:32:16PM",DELIVERED
77855938,F-3362873206,4281,gofood,,Herbox,Greenville,Beef  wrap Vegan Herbox,Wrap Series,,1,,47200.00,,"September 19, 2026 07:32:16PM",DELIVERED
77855938,F-3362873206,4281,gofood,,Herbox,Greenville,Beef  wrap Vegan Herbox,Wrap Series,French Fries,,1,,25000.00,"September 19, 2026 07:32:16PM",DELIVERED
77844312,001177994857-C8E2CYDHTTNBR6,GF-800,GrabFood,,Herbox,Greenville,Lada Hitam Blackpepper Vegan Vegetarian Ricebox,Ricebox,,1,,39000.00,,"September 19, 2026 05:59:19PM",DELIVERED
77844312,001177994857-C8E2CYDHTTNBR6,GF-800,GrabFood,,Herbox,Greenville,Lada Hitam Blackpepper Vegan Vegetarian Ricebox,Ricebox,Vegan Chicken Nugget,,1,,35000.00,"September 19, 2026 05:59:19PM",DELIVERED
77841569,00107517381-C8E2CTDFBCNTEA,GF-031,GrabFood,,American Breakfast Club,Greenville,"Burrito - 2 Scrambled Eggs, Cheddar, Avocado, Tater Tots",American Breakfast Burritos,,1,,58000.00,,"September 19, 2026 05:34:35PM",DELIVERED
77841569,00107517381-C8E2CTDFBCNTEA,GF-031,GrabFood,,American Breakfast Club,Greenville,Sandwich - 2 Scrambled Eggs melty cheddar cheese on a wavy brioche bun,American Breakfast Sandwiches,,1,,45000.00,,"September 19, 2026 05:34:35PM",DELIVERED
77838146,00195720955-C8E2CJJXVNDKG2,GF-303,GrabFood,,People Pasta,Greenville,Cacio e Pepe - Vegetarian - Plantbased,Signature Pasta,,1,,43000.00,,"September 19, 2026 05:02:04PM",DELIVERED
77838146,00195720955-C8E2CJJXVNDKG2,GF-303,GrabFood,,People Pasta,Greenville,Truffle Tatter Tots,,,1,,32000.00,,"September 19, 2026 05:02:04PM",DELIVERED
77838146,00195720955-C8E2CJJXVNDKG2,GF-303,GrabFood,,People Pasta,Greenville,Chicken Nugget - Vegan,,,1,,35000.00,,"September 19, 2026 05:02:04PM",DELIVERED
77828756,F-3362514931,9582,gofood,,Tyfel Coffee,Greenville,Mozarella Stick,Lite Bites,,1,,40000.00,,"September 19, 2026 03:20:51PM",DELIVERED
77828756,F-3362514931,9582,gofood,,Tyfel Coffee,Greenville,Mock Katsu Sandwich,Breakfast Sandwiches,,1,,58000.00,,"September 19, 2026 03:20:51PM",DELIVERED
77828756,F-3362514931,9582,gofood,,Tyfel Coffee,Greenville,Cheese Omlette-side Of Tater Tots,Breakfast Omlettes,,1,,58000.00,,"September 19, 2026 03:20:51PM",DELIVERED
77826022,001314572968-C8E2ATMYNJ4UCX,GF-664,GrabFood,,American Breakfast Club,Greenville,Cheese Omelette - Side Tater Tots,American Breakfast Omelettes,,2,,58000.00,,"September 19, 2026 02:49:45PM",DELIVERED
77826022,001314572968-C8E2ATMYNJ4UCX,GF-664,GrabFood,,American Breakfast Club,Greenville,Cheese Omelette - Side Tater Tots,American Breakfast Omelettes,Tatter Tots,,2,,30000.00,"September 19, 2026 02:49:45PM",DELIVERED
77824986,001875476577-C8E2APAKGY2TDE,GF-868,GrabFood,,American Breakfast Club,Kemang,"Burrito - 2 Scrambled Eggs, Cheddar, Avocado, Tater Tots",American Breakfast Burritos,,1,,58000.00,,"September 19, 2026 02:37:00PM",DELIVERED
77824986,001875476577-C8E2APAKGY2TDE,GF-868,GrabFood,,American Breakfast Club,Kemang,"Burrito - Mock Fish, 2 Scrambled Eggs, Cheddar, Avocado, Tater Tots,",American Breakfast Burritos,,1,,68000.00,,"September 19, 2026 02:37:00PM",DELIVERED
77823514,F-3362445494,6367,gofood,,American Breakfast Club,Kemang,Tater Tots,Sides,,2,,28000.00,,"September 19, 2026 02:19:59PM",DELIVERED
77822114,001927553323-C8E2AFECJAWBGN,GF-635,GrabFood,,American Breakfast Club,Greenville,"Mushroom Omelette - Mushrooms, Spinach, Side Tater Tots",American Breakfast Omelettes,,1,,68000.00,,"September 19, 2026 02:04:53PM",DELIVERED
77821953,F-3362423557,2742,gofood,,American Breakfast Club,Kemang,"Burrito - 2 Scrambled Eggs, Cheddar, Avocado, Tater Tots",American Breakfast Burritos,,1,,58000.00,,"September 19, 2026 02:02:31PM",DELIVERED
77821953,F-3362423557,2742,gofood,,American Breakfast Club,Kemang,Tater Tots,Sides,,1,,28000.00,,"September 19, 2026 02:02:31PM",DELIVERED
77817328,001261061045-C8E1WBCJNUN3EA,GF-288,GrabFood,,American Breakfast Club,Greenville,"2 Pancakes - Butter, Maple Syrup",American Breakfast Pancakes,,1,,48000.00,,"September 19, 2026 01:14:18PM",DELIVERED
77814517,00175460636-C8E1V3MJGKDZA2,GF-739,GrabFood,,American Breakfast Club,Greenville,"Burrito - Mock Katsu, 2 Scrambled Eggs, Cheddar, Avocado, Tater Tots",American Breakfast Burritos,,1,,68000.00,,"September 19, 2026 12:45:10PM",DELIVERED
77814517,00175460636-C8E1V3MJGKDZA2,GF-739,GrabFood,,American Breakfast Club,Greenville,"Burrito - Mock Katsu, 2 Scrambled Eggs, Cheddar, Avocado, Tater Tots",American Breakfast Burritos,Home Fries,,1,,30000.00,"September 19, 2026 12:45:10PM",DELIVERED
77814517,00175460636-C8E1V3MJGKDZA2,GF-739,GrabFood,,American Breakfast Club,Greenville,"Burrito - Mock Katsu, 2 Scrambled Eggs, Cheddar, Avocado, Tater Tots",American Breakfast Burritos,Chick Nugget,,1,,35000.00,"September 19, 2026 12:45:10PM",DELIVERED
77813947,00192397034-C8E1V23XT24GTJ,GF-830,GrabFood,,American Breakfast Club,Kemang,"Burrito - 2 Scrambled Eggs, Cheddar, Avocado, Tater Tots",American Breakfast Burritos,,1,,58000.00,,"September 19, 2026 12:39:05PM",DELIVERED
77809051,F-3362221949,4979,gofood,,American Breakfast Club,Kemang,"Burrito - Mock Beef, 2 Scrambled Eggs, Cheddar, Avocado, Tater Tots,",American Breakfast Burritos,,1,,68000.00,,"September 19, 2026 11:50:54AM",DELIVERED
77808590,00186828514-C8E1VNN1AJVFEN,GF-464,GrabFood,,American Breakfast Club,Kemang,"Burrito - 2 Scrambled Eggs, Cheddar, Avocado, Tater Tots",American Breakfast Burritos,,1,,58000.00,,"September 19, 2026 11:46:58AM",DELIVERED
77808429,00164982518-C8E1VNJKWE5JNT,GF-769,GrabFood,,American Breakfast Club,Kemang,"Burrito - Mock Chicken, 2 Scrambled Eggs, Cheddar, Avocado, Tater Tots",American Breakfast Burritos,,1,,68000.00,,"September 19, 2026 11:45:20AM",DELIVERED
77808429,00164982518-C8E1VNJKWE5JNT,GF-769,GrabFood,,American Breakfast Club,Kemang,"Burrito - Mock Chicken, 2 Scrambled Eggs, Cheddar, Avocado, Tater Tots",American Breakfast Burritos,Truffle Home Fries,,1,,40000.00,"September 19, 2026 11:45:20AM",DELIVERED
77804257,001364929689-C8E1VB3XHA6DUA,GF-978,GrabFood,,American Breakfast Club,Kemang,"Burrito - Mock Chicken, 2 Scrambled Eggs, Cheddar, Avocado, Tater Tots",American Breakfast Burritos,,1,,68000.00,,"September 19, 2026 11:05:44AM",DELIVERED
77802311,00102313951-C8E1UFDEVUVAGX,GF-445,GrabFood,,People Pasta,Greenville,Creamy Mushroom - Vegetarian - Plantbased,Signature Pasta,,1,,43000.00,,"September 19, 2026 10:44:34AM",DELIVERED
77802311,00102313951-C8E1UFDEVUVAGX,GF-445,GrabFood,,People Pasta,Greenville,Creamy Mushroom - Vegetarian - Plantbased,Signature Pasta,Fettucine,,1,,1000.00,"September 19, 2026 10:44:34AM",DELIVERED
77802057,001934828668-C8E1UEWVBBLVWE,GF-781,GrabFood,,American Breakfast Club,Kemang,"Burrito - 2 Scrambled Eggs, Cheddar, Avocado, Tater Tots",American Breakfast Burritos,,1,,58000.00,,"September 19, 2026 10:41:24AM",DELIVERED
77799820,00137501093-C8E1T7NUFALDDE,GF-086,GrabFood,,American Breakfast Club,Kemang,"Burrito - Mock Fish, 2 Scrambled Eggs, Cheddar, Avocado, Tater Tots,",American Breakfast Burritos,,1,,68000.00,,"September 19, 2026 10:13:21AM",DELIVERED
77797931,001777976621-C8E1T2CGGXKUN6,GF-726,GrabFood,,American Breakfast Club,Greenville,"Burrito - 2 Scrambled Eggs, Cheddar, Avocado, Tater Tots",American Breakfast Burritos,,2,,58000.00,,"September 19, 2026 09:47:37AM",DELIVERED
77797044,F-3362024500,3586,gofood,,American Breakfast Club,Greenville,"Burrito - 2 Scrambled Eggs, Cheddar, Avocado, Tater Tots",American Breakfast Burritos,,1,,46400.00,,"September 19, 2026 09:31:35AM",DELIVERED
77797044,F-3362024500,3586,gofood,,American Breakfast Club,Greenville,Home Fries,Sides,,1,,22400.00,,"September 19, 2026 09:31:35AM",DELIVERED
77797044,F-3362024500,3586,gofood,,American Breakfast Club,Greenville,"Mushroom Omelette - Mushrooms, Spinach, Side Tater Tots",American Breakfast Omelettes,,1,,54400.00,,"September 19, 2026 09:31:35AM",DELIVERED
77797044,F-3362024500,3586,gofood,,American Breakfast Club,Greenville,"Mushroom Omelette - Mushrooms, Spinach, Side Tater Tots",American Breakfast Omelettes,Cutleries,,1,,1500.00,"September 19, 2026 09:31:35AM",DELIVERED
77797044,F-3362024500,3586,gofood,,American Breakfast Club,Greenville,"Mushroom Omelette - Mushrooms, Spinach, Side Tater Tots",American Breakfast Omelettes,Truffle Tater Tots,,1,,40000.00,"September 19, 2026 09:31:35AM",DELIVERED
77796917,0019674426-C8E1TVMXVNMKEN,GF-967,GrabFood,,American Breakfast Club,Greenville,"Burrito - Mock Chicken, 2 Scrambled Eggs, Cheddar, Avocado, Tater Tots",American Breakfast Burritos,,1,,68000.00,,"September 19, 2026 09:29:46AM",DELIVERED
77796480,00147214307-C8E1TUKUVT2HG6,GF-205,GrabFood,,American Breakfast Club,Kemang,Cheese Omelette - Side Tater Tots,American Breakfast Omelettes,,1,,58000.00,,"September 19, 2026 09:22:22AM",DELIVERED
77796459,0011379364-C8E1TUJKUB23UA,GF-739,GrabFood,,American Breakfast Club,Kemang,"Mushroom Omelette - Mushrooms, Spinach, Side Tater Tots",American Breakfast Omelettes,,1,,68000.00,,"September 19, 2026 09:22:01AM",DELIVERED
77795993,00122934585-C8E1TRKZAGLBTJ,GF-686,GrabFood,,American Breakfast Club,Kemang,"Sandwich - 2 Scrambled Eggs, Mock Chicken, Cheddar Cheese Mix, Brioche Bun",American Breakfast Sandwiches,,1,,58000.00,,"September 19, 2026 09:12:27AM",DELIVERED
77795886,00145224088-C8E1TRA1KFXTPE,GF-626,GrabFood,,American Breakfast Club,Greenville,"2 Pancakes - Butter, Maple Syrup",American Breakfast Pancakes,,1,,48000.00,,"September 19, 2026 09:10:27AM",DELIVERED
77795886,00145224088-C8E1TRA1KFXTPE,GF-626,GrabFood,,American Breakfast Club,Greenville,"2 Pancakes - Butter, Maple Syrup",American Breakfast Pancakes,Home Fries,,1,,30000.00,"September 19, 2026 09:10:27AM",DELIVERED
77795886,00145224088-C8E1TRA1KFXTPE,GF-626,GrabFood,,American Breakfast Club,Greenville,Cutleries,Cutleries,,1,,1000.00,,"September 19, 2026 09:10:27AM",DELIVERED
77795886,00145224088-C8E1TRA1KFXTPE,GF-626,GrabFood,,American Breakfast Club,Greenville,Cheese Omelette - Side Tater Tots,American Breakfast Omelettes,,1,,58000.00,,"September 19, 2026 09:10:27AM",DELIVERED
77795886,00145224088-C8E1TRA1KFXTPE,GF-626,GrabFood,,American Breakfast Club,Greenville,Cheese Omelette - Side Tater Tots,American Breakfast Omelettes,Cutleries,,1,,1500.00,"September 19, 2026 09:10:27AM",DELIVERED
77795611,001300517521-C8E1TPEDV4K2UE,GF-277,GrabFood,,American Breakfast Club,Kemang,"Burrito - Mock Chicken, 2 Scrambled Eggs, Cheddar, Avocado, Tater Tots",American Breakfast Burritos,,1,,68000.00,,"September 19, 2026 09:04:54AM",DELIVERED
77795611,001300517521-C8E1TPEDV4K2UE,GF-277,GrabFood,,American Breakfast Club,Kemang,"Burrito - Mock Chicken, 2 Scrambled Eggs, Cheddar, Avocado, Tater Tots",American Breakfast Burritos,Chick Nugget,,1,,35000.00,"September 19, 2026 09:04:54AM",DELIVERED
77795611,001300517521-C8E1TPEDV4K2UE,GF-277,GrabFood,,American Breakfast Club,Kemang,"Burrito - Mock Chicken, 2 Scrambled Eggs, Cheddar, Avocado, Tater Tots",American Breakfast Burritos,,1,,68000.00,,"September 19, 2026 09:04:54AM",DELIVERED
77795611,001300517521-C8E1TPEDV4K2UE,GF-277,GrabFood,,American Breakfast Club,Kemang,"Burrito - Mock Chicken, 2 Scrambled Eggs, Cheddar, Avocado, Tater Tots",American Breakfast Burritos,Truffle Tater Tots,,1,,40000.00,"September 19, 2026 09:04:54AM",DELIVERED
77795485,F-3361997800,4839,gofood,,American Breakfast Club,Kemang,"Burrito - 2 Scrambled Eggs, Cheddar, Avocado, Tater Tots",American Breakfast Burritos,,1,,58000.00,,"September 19, 2026 09:01:49AM",DELIVERED
77795343,0014738791-C8E1TNM3N2CEJ6,GF-960,GrabFood,,American Breakfast Club,Greenville,"Burrito - 2 Scrambled Eggs, Cheddar, Avocado, Tater Tots",American Breakfast Burritos,,1,,58000.00,,"September 19, 2026 08:59:50AM",DELIVERED
77795321,001142869216-C8E1TNLJDAUCCJ,GF-890,GrabFood,,American Breakfast Club,Kemang,Sandwich - 2 Scrambled Eggs melty cheddar cheese on a wavy brioche bun,American Breakfast Sandwiches,,1,,45000.00,,"September 19, 2026 08:59:18AM",DELIVERED
77795315,0019500766-C8E1TNKYR4DVL2,GF-623,GrabFood,,American Breakfast Club,Greenville,"Burrito - Mock Beef, 2 Scrambled Eggs, Cheddar, Avocado, Tater Tots,",American Breakfast Burritos,,1,,68000.00,,"September 19, 2026 08:59:07AM",DELIVERED
77795315,0019500766-C8E1TNKYR4DVL2,GF-623,GrabFood,,American Breakfast Club,Greenville,"Burrito - Mock Beef, 2 Scrambled Eggs, Cheddar, Avocado, Tater Tots,",American Breakfast Burritos,Home Fries,,1,,30000.00,"September 19, 2026 08:59:07AM",DELIVERED
77794853,F-3361986771,8341,gofood,,American Breakfast Club,Greenville,"Burrito - Mock Fish, 2 Scrambled Eggs, Cheddar, Avocado, Tater Tots,",American Breakfast Burritos,,1,,54400.00,,"September 19, 2026 08:46:43AM",DELIVERED
77794853,F-3361986771,8341,gofood,,American Breakfast Club,Greenville,"2 Pancakes - Butter, Maple Syrup",American Breakfast Pancakes,,1,,38400.00,,"September 19, 2026 08:46:43AM",DELIVERED
77794831,F-3361986129,6912,gofood,,American Breakfast Club,Greenville,"Burrito - Mock Chicken, 2 Scrambled Eggs, Cheddar, Avocado, Tater Tots",American Breakfast Burritos,,1,,54400.00,,"September 19, 2026 08:45:50AM",DELIVERED
77794831,F-3361986129,6912,gofood,,American Breakfast Club,Greenville,"Burrito - Mock Beef, 2 Scrambled Eggs, Cheddar, Avocado, Tater Tots,",American Breakfast Burritos,,1,,54400.00,,"September 19, 2026 08:45:50AM",DELIVERED
77794831,F-3361986129,6912,gofood,,American Breakfast Club,Greenville,Tater Tots With Truffle Oil,Sides,,1,,30400.00,,"September 19, 2026 08:45:50AM",DELIVERED
77794666,F-3361983381,7941,gofood,,American Breakfast Club,Kemang,"Burrito - 2 Scrambled Eggs, Cheddar, Avocado, Tater Tots",American Breakfast Burritos,,1,,58000.00,,"September 19, 2026 08:41:47AM",DELIVERED
77794488,0017017299-C8E1TGB2CADYRA,GF-179,GrabFood,,American Breakfast Club,Greenville,Cheese Omelette - Side Tater Tots,American Breakfast Omelettes,,1,,58000.00,,"September 19, 2026 08:37:27AM",DELIVERED
77794372,001918677159-C8E1TFUGABB2CX,GF-053,GrabFood,,American Breakfast Club,Greenville,"2 Pancakes - Butter, Maple Syrup",American Breakfast Pancakes,,1,,48000.00,,"September 19, 2026 08:33:56AM",DELIVERED
77794372,001918677159-C8E1TFUGABB2CX,GF-053,GrabFood,,American Breakfast Club,Greenville,"Burrito - 2 Scrambled Eggs, Cheddar, Avocado, Tater Tots",American Breakfast Burritos,,1,,58000.00,,"September 19, 2026 08:33:56AM",DELIVERED
77794230,001447130735-C8E1TE3GPGA1FE,GF-580,GrabFood,,American Breakfast Club,Kemang,"Burrito - Mock Fish, 2 Scrambled Eggs, Cheddar, Avocado, Tater Tots,",American Breakfast Burritos,,1,,68000.00,,"September 19, 2026 08:29:08AM",DELIVERED
77794230,001447130735-C8E1TE3GPGA1FE,GF-580,GrabFood,,American Breakfast Club,Kemang,"Sandwich - 2 Scrambled Eggs Mock Beef, Cheddar Cheese  on a wavy brioche bun",American Breakfast Sandwiches,,1,,58000.00,,"September 19, 2026 08:29:08AM",DELIVERED
77794142,00109171781-C8E1TENEJTL3C2,GF-077,GrabFood,,Tyfel Coffee,Greenville,Tyfel Burritos - Vegan,Lite Bites,,1,,45000.00,,"September 19, 2026 08:26:47AM",DELIVERED
77794142,00109171781-C8E1TENEJTL3C2,GF-077,GrabFood,,Tyfel Coffee,Greenville,Potato Nugget - Truffle Vegan Plantbased,Lite Bites,,1,,38000.00,,"September 19, 2026 08:26:47AM",DELIVERED
77794142,00109171781-C8E1TENEJTL3C2,GF-077,GrabFood,,Tyfel Coffee,Greenville,Nachos - Vegan-option,Lite Bites,,1,,40000.00,,"September 19, 2026 08:26:47AM",DELIVERED
77793918,00100670645-C8E1TB4FL6KZLE,GF-370,GrabFood,,American Breakfast Club,Greenville,"Burrito - Mock Beef, 2 Scrambled Eggs, Cheddar, Avocado, Tater Tots,",American Breakfast Burritos,,1,,68000.00,,"September 19, 2026 08:19:15AM",DELIVERED
77793750,F-3361960662,3499,gofood,,American Breakfast Club,Kemang,"Original Egg burger - Patties, 2 Scrambled Eggs, Cheddar Cheese, Secret Sauce",American Breakfast Burger,,1,,58000.00,,"September 19, 2026 08:07:52AM",DELIVERED
77793750,F-3361960662,3499,gofood,,American Breakfast Club,Kemang,Home Fries With Truffle Oil,Sides,,1,,38000.00,,"September 19, 2026 08:07:52AM",DELIVERED
77793750,F-3361960662,3499,gofood,,American Breakfast Club,Kemang,"Burrito - Mock Beef, 2 Scrambled Eggs, Cheddar, Avocado, Tater Tots,",American Breakfast Burritos,,1,,68000.00,,"September 19, 2026 08:07:52AM",DELIVERED
77793719,001395688298-C8E1TA42TTBATE,GF-360,GrabFood,,American Breakfast Club,Greenville,"Mushroom Omelette - Mushrooms, Spinach, Side Tater Tots",American Breakfast Omelettes,,1,,68000.00,,"September 19, 2026 08:12:50AM",DELIVERED
77793678,0013169143-C8E1TAWUFE6KV6,GF-960,GrabFood,,People Pasta,Greenville,Meat-less Burger - Vegan,Meatless Burgers,,1,,49000.00,,"September 19, 2026 08:11:21AM",DELIVERED
77777627,001644702834-C8E1HFXZAFUWVX,GF-204,GrabFood,,People Pasta,Greenville,Chicken Nugget - Vegan,,,1,,35000.00,,"September 18, 2026 08:57:47PM",DELIVERED
77774682,F-3361717674,9317,gofood,,American Breakfast Club,Greenville,"Burrito - 2 Scrambled Eggs, Cheddar, Avocado, Tater Tots",American Breakfast Burritos,,1,,46400.00,,"September 18, 2026 08:16:14PM",DELIVERED
77770754,F-3361674246,3723,gofood,,Tyfel Coffee,Greenville,Mock Chicken Burrito,Breakfast Burritos,,1,,68000.00,,"September 18, 2026 07:45:02PM",DELIVERED
77770754,F-3361674246,3723,gofood,,Tyfel Coffee,Greenville,Tater Tots,Sides,,1,,28000.00,,"September 18, 2026 07:45:02PM",DELIVERED
77770754,F-3361674246,3723,gofood,,Tyfel Coffee,Greenville,Mock Beef Sandwich,Breakfast Sandwiches,,1,,58000.00,,"September 18, 2026 07:45:02PM",DELIVERED
77770754,F-3361674246,3723,gofood,,Tyfel Coffee,Greenville,Chic Chunk - Vegan Plantbased,Lite Bites,,1,,38000.00,,"September 18, 2026 07:45:02PM",DELIVERED
77764959,F-3361591821,3313,gofood,,Herbox,Greenville,Nasi Goreng Bulan Merah Vegan Vegetarian,Nasi Goreng Special,,1,,28000.00,,"September 18, 2026 06:53:01PM",DELIVERED
77764959,F-3361591821,3313,gofood,,Herbox,Greenville,Lada Hitam Blackpepper Vegan Vegetarian Ricebox,Ricebox,,1,,31200.00,,"September 18, 2026 06:53:01PM",DELIVERED
77764959,F-3361591821,3313,gofood,,Herbox,Greenville,Lada Hitam Blackpepper Vegan Vegetarian Ricebox,Ricebox,French Fries with Truffle,,1,,35000.00,"September 18, 2026 06:53:01PM",DELIVERED
77762256,001462162288-C8E1GCM3TJMVV2,GF-854,GrabFood,,American Breakfast Club,Greenville,Cheese Omelette - Side Tater Tots,American Breakfast Omelettes,,1,,58000.00,,"September 18, 2026 06:29:49PM",DELIVERED
77755925,F-3361462306,9474,gofood,,Herbox,Greenville,Lada Hitam Blackpepper Vegan Vegetarian Ricebox,Ricebox,,1,,31200.00,,"September 18, 2026 05:28:37PM",DELIVERED
77755925,F-3361462306,9474,gofood,,Herbox,Greenville,Lada Hitam Blackpepper Vegan Vegetarian Ricebox,Ricebox,Tattertots with Truffle,,1,,35000.00,"September 18, 2026 05:28:37PM",DELIVERED
77755925,F-3361462306,9474,gofood,,Herbox,Greenville,Aku dan Kamu selamanya (katsu vegan + 1 teriyaki),Combo Hemat Vegan,,1,,62400.00,,"September 18, 2026 05:28:37PM",DELIVERED
77755925,F-3361462306,9474,gofood,,Herbox,Greenville,Beef  wrap Vegan Herbox,Wrap Series,,1,,47200.00,,"September 18, 2026 05:28:37PM",DELIVERED
77755925,F-3361462306,9474,gofood,,Herbox,Greenville,Beef  wrap Vegan Herbox,Wrap Series,French Fries with Truffle,,1,,35000.00,"September 18, 2026 05:28:37PM",DELIVERED
77755925,F-3361462306,9474,gofood,,Herbox,Greenville,Fish Burger Vegan,Vegan Burger,,1,,47200.00,,"September 18, 2026 05:28:37PM",DELIVERED
77753917,F-3361434404,9371,gofood,,Herbox,Greenville,Katsu Chickin Vegan Vegetarian Ricebox,Ricebox,,1,,31200.00,,"September 18, 2026 05:06:08PM",DELIVERED
77753917,F-3361434404,9371,gofood,,Herbox,Greenville,Original Burger Vegan,Vegan Burger,,1,,47200.00,,"September 18, 2026 05:06:08PM",DELIVERED
77751327,001635403904-C8E1ETTHDFXBNX,GF-122,GrabFood,,American Breakfast Club,Greenville,"Burrito - Mock Beef, 2 Scrambled Eggs, Cheddar, Avocado, Tater Tots,",American Breakfast Burritos,,1,,68000.00,,"September 18, 2026 04:36:59PM",DELIVERED
77740106,001924436153-C8E1CU4KRKBGV2,GF-010,GrabFood,,Herbox,Greenville,Nasi Goreng Sedap Malam Vegan Vegetarian,Nasi Goreng Special,,1,,35000.00,,"September 18, 2026 01:59:19PM",DELIVERED
77740106,001924436153-C8E1CU4KRKBGV2,GF-010,GrabFood,,Herbox,Greenville,Nasi Goreng Sedap Malam Vegan Vegetarian,Nasi Goreng Special,Es Teh Manis,,1,,10000.00,"September 18, 2026 01:59:19PM",DELIVERED
77740106,001924436153-C8E1CU4KRKBGV2,GF-010,GrabFood,,Herbox,Greenville,Nasi Goreng Sedap Malam Vegan Vegetarian,Nasi Goreng Special,"Sendok, Garpu, Tissue, Tusuk Gigi",,1,,1500.00,"September 18, 2026 01:59:19PM",DELIVERED
77740085,001120614514-C8E1CU3VDFWJCT,GF-984,GrabFood,,American Breakfast Club,Kemang,"Sandwich - 2 Scrambled Eggs Mock Beef, Cheddar Cheese  on a wavy brioche bun",American Breakfast Sandwiches,,6,,58000.00,,"September 18, 2026 01:59:02PM",DELIVERED
77740085,001120614514-C8E1CU3VDFWJCT,GF-984,GrabFood,,American Breakfast Club,Kemang,"Sandwich - 2 Scrambled Eggs, Mock Chicken, Cheddar Cheese Mix, Brioche Bun",American Breakfast Sandwiches,,2,,58000.00,,"September 18, 2026 01:59:02PM",DELIVERED
77740085,001120614514-C8E1CU3VDFWJCT,GF-984,GrabFood,,American Breakfast Club,Kemang,"Mushroom Omelette - Mushrooms, Spinach, Side Tater Tots",American Breakfast Omelettes,,2,,68000.00,,"September 18, 2026 01:59:02PM",DELIVERED
77739798,F-3361236445,1844,gofood,,Tyfel Coffee,Greenville,Burger,Brunch,,1,,34000.00,,"September 18, 2026 01:54:01PM",DELIVERED
77739798,F-3361236445,1844,gofood,,Tyfel Coffee,Greenville,Signature Sandwich,Brunch,,1,,43000.00,,"September 18, 2026 01:54:01PM",DELIVERED
77739798,F-3361236445,1844,gofood,,Tyfel Coffee,Greenville,Tater Tots,Sides,,1,,28000.00,,"September 18, 2026 01:54:01PM",DELIVERED
77732252,00114028971-C8E1BEDXGF6KBE,GF-104,GrabFood,,Herbox,Greenville,Rica Rica Vegan Vegetarian Ricebox,Ricebox,,1,,39000.00,,"September 18, 2026 12:24:44PM",DELIVERED
77730274,F-3361081635,5268,gofood,,American Breakfast Club,Kemang,"Burrito - 2 Scrambled Eggs, Cheddar, Avocado, Tater Tots",American Breakfast Burritos,,2,,58000.00,,"September 18, 2026 11:58:23AM",DELIVERED
77728237,00193745401-C8E1A23HNF6JEN,GF-333,GrabFood,,American Breakfast Club,Kemang,"Sandwich - 2 Scrambled Eggs Mock Beef, Cheddar Cheese  on a wavy brioche bun",American Breakfast Sandwiches,,1,,58000.00,,"September 18, 2026 11:38:59AM",DELIVERED
77727369,001841298358-C8E1AY5DJB6KWE,GF-051,GrabFood,,American Breakfast Club,Kemang,"Burrito - 2 Scrambled Eggs, Cheddar, Avocado, Tater Tots",American Breakfast Burritos,,1,,58000.00,,"September 18, 2026 11:29:38AM",DELIVERED
77725982,F-3361014455,4562,gofood,,Herbox,Greenville,Kung Paow Chick Vegan Vegetarian Ricebox,Ricebox,,1,,31200.00,,"September 18, 2026 11:12:17AM",DELIVERED
77725982,F-3361014455,4562,gofood,,Herbox,Greenville,Teriyaki Vegan Vegetarian Ricebox,Ricebox,,1,,31200.00,,"September 18, 2026 11:12:17AM",DELIVERED
77725982,F-3361014455,4562,gofood,,Herbox,Greenville,Bareng Si Dia ( pesmol+ katsu vegan),Combo Hemat Vegan,,1,,62400.00,,"September 18, 2026 11:12:17AM",DELIVERED
77725752,F-3361013691,8552,gofood,,American Breakfast Club,Kemang,"Burrito - Mock Beef, 2 Scrambled Eggs, Cheddar, Avocado, Tater Tots,",American Breakfast Burritos,,1,,68000.00,,"September 18, 2026 11:11:47AM",DELIVERED
77723929,00173989890-C8E1APK1E3N1C6,GF-561,GrabFood,,American Breakfast Club,Kemang,"Burrito - Mock Beef, 2 Scrambled Eggs, Cheddar, Avocado, Tater Tots,",American Breakfast Burritos,,1,,68000.00,,"September 18, 2026 10:52:29AM",DELIVERED
77720066,F-3360916776,2757,gofood,,American Breakfast Club,Kemang,"Burrito - 2 Scrambled Eggs, Cheddar, Avocado, Tater Tots",American Breakfast Burritos,,1,,58000.00,,"September 18, 2026 09:58:40AM",DELIVERED
77720066,F-3360916776,2757,gofood,,American Breakfast Club,Kemang,Home Fries With Truffle Oil,Sides,,1,,38000.00,,"September 18, 2026 09:58:40AM",DELIVERED
77719250,001855746350-C8E1AACVGF6HL6,GF-606,GrabFood,,American Breakfast Club,Kemang,"Burrito - Mock Chicken, 2 Scrambled Eggs, Cheddar, Avocado, Tater Tots",American Breakfast Burritos,,1,,68000.00,,"September 18, 2026 09:54:23AM",DELIVERED
77719250,001855746350-C8E1AACVGF6HL6,GF-606,GrabFood,,American Breakfast Club,Kemang,"Burrito - Mock Chicken, 2 Scrambled Eggs, Cheddar, Avocado, Tater Tots",American Breakfast Burritos,Truffle Tater Tots,,1,,40000.00,"September 18, 2026 09:54:23AM",DELIVERED
77719142,00105295212-C8EZWGKJCFEZVE-2,GF-415,GrabFood,,Herbox,Greenville,Kung Paow Chick Vegan Vegetarian Ricebox,Ricebox,,3,,39000.00,,"September 18, 2026 09:52:19AM",DELIVERED
77719142,00105295212-C8EZWGKJCFEZVE-2,GF-415,GrabFood,,Herbox,Greenville,Kung Paow Chick Vegan Vegetarian Ricebox,Ricebox,"Sendok, Garpu, Tissue, Tusuk Gigi",,3,,1500.00,"September 18, 2026 09:52:19AM",DELIVERED
77719142,00105295212-C8EZWGKJCFEZVE-2,GF-415,GrabFood,,Herbox,Greenville,Teriyaki Vegan Vegetarian Ricebox,Ricebox,,3,,39000.00,,"September 18, 2026 09:52:19AM",DELIVERED
77719142,00105295212-C8EZWGKJCFEZVE-2,GF-415,GrabFood,,Herbox,Greenville,Teriyaki Vegan Vegetarian Ricebox,Ricebox,"Sendok, Garpu, Tissue, Tusuk Gigi",,3,,1500.00,"September 18, 2026 09:52:19AM",DELIVERED
77719141,00105295212-C8EZWGKJCFEZVE-1,GF-789,GrabFood,,Herbox,Greenville,Kung Paow Chick Vegan Vegetarian Ricebox,Ricebox,,3,,39000.00,,"September 18, 2026 09:52:19AM",DELIVERED
77719141,00105295212-C8EZWGKJCFEZVE-1,GF-789,GrabFood,,Herbox,Greenville,Kung Paow Chick Vegan Vegetarian Ricebox,Ricebox,"Sendok, Garpu, Tissue, Tusuk Gigi",,3,,1500.00,"September 18, 2026 09:52:19AM",DELIVERED
77719141,00105295212-C8EZWGKJCFEZVE-1,GF-789,GrabFood,,Herbox,Greenville,Teriyaki Vegan Vegetarian Ricebox,Ricebox,,3,,39000.00,,"September 18, 2026 09:52:19AM",DELIVERED
77719141,00105295212-C8EZWGKJCFEZVE-1,GF-789,GrabFood,,Herbox,Greenville,Teriyaki Vegan Vegetarian Ricebox,Ricebox,"Sendok, Garpu, Tissue, Tusuk Gigi",,3,,1500.00,"September 18, 2026 09:52:19AM",DELIVERED
77718695,00147876715-C8EZWFAJPBC3EA,GF-498,GrabFood,,People Pasta,Greenville,Lada Hitam  - Vegan Friendly - Vegetarian - Plantbased,Signature Pasta,,1,,43000.00,,"September 18, 2026 09:43:40AM",DELIVERED
77718695,00147876715-C8EZWFAJPBC3EA,GF-498,GrabFood,,People Pasta,Greenville,Lada Hitam  - Vegan Friendly - Vegetarian - Plantbased,Signature Pasta,Fettucine,,1,,1000.00,"September 18, 2026 09:43:40AM",DELIVERED
77718695,00147876715-C8EZWFAJPBC3EA,GF-498,GrabFood,,People Pasta,Greenville,Vegan Chicken Crispy Burger,Meatless Burgers,,1,,49000.00,,"September 18, 2026 09:43:40AM",DELIVERED
77718317,0018567347-C8EZWCLXATVDKE,GF-322,GrabFood,,American Breakfast Club,Greenville,"Sandwich - 2 Scrambled Eggs Mock Beef, Cheddar Cheese  on a wavy brioche bun",American Breakfast Sandwiches,,1,,58000.00,,"September 18, 2026 09:36:05AM",DELIVERED
77717282,001435826781-C8EZV7WDJTECBE,GF-782,GrabFood,,LA Breakfast Club,Greenville,Cheese Omelette - Side of Tater Tots,LA Breakfast Omelettes,,2,,70000.00,,"September 18, 2026 09:14:33AM",DELIVERED
77716840,F-3360870909,9997,gofood,,American Breakfast Club,Kemang,"Burrito - 2 Scrambled Eggs, Cheddar, Avocado, Tater Tots",American Breakfast Burritos,,1,,58000.00,,"September 18, 2026 09:03:52AM",DELIVERED
77716840,F-3360870909,9997,gofood,,American Breakfast Club,Kemang,Cheese Omelette - Side Tater Tots,American Breakfast Omelettes,,1,,58000.00,,"September 18, 2026 09:03:52AM",DELIVERED
77716434,00192184471-C8EZV22DA3AUE2,GF-525,GrabFood,,American Breakfast Club,Kemang,"Burrito - 2 Scrambled Eggs, Cheddar, Avocado, Tater Tots",American Breakfast Burritos,,2,,58000.00,,"September 18, 2026 08:51:54AM",DELIVERED
77716434,00192184471-C8EZV22DA3AUE2,GF-525,GrabFood,,American Breakfast Club,Kemang,"Burrito - 2 Scrambled Eggs, Cheddar, Avocado, Tater Tots",American Breakfast Burritos,Cutleries,,2,,600.00,"September 18, 2026 08:51:54AM",DELIVERED
77716434,00192184471-C8EZV22DA3AUE2,GF-525,GrabFood,,American Breakfast Club,Kemang,"Sandwich - 2 Scrambled Eggs, Mock Chicken, Cheddar Cheese Mix, Brioche Bun",American Breakfast Sandwiches,,2,,58000.00,,"September 18, 2026 08:51:54AM",DELIVERED
77715802,0011212042-C8EZVVJXTTWTEJ,GF-548,GrabFood,,American Breakfast Club,Kemang,"Burrito - 2 Scrambled Eggs, Cheddar, Avocado, Tater Tots",American Breakfast Burritos,,1,,58000.00,,"September 18, 2026 08:28:51AM",DELIVERED
77715675,F-3360845753,8916,gofood,,Herbox,Greenville,Rica Wrap,Wrap Series,,1,,47200.00,,"September 18, 2026 08:23:01AM",DELIVERED
77715558,001717434224-C8EZVT3XAA5VG2,GF-336,GrabFood,,American Breakfast Club,Kemang,Cheese Omelette - Side Tater Tots,American Breakfast Omelettes,,1,,58000.00,,"September 18, 2026 08:19:04AM",DELIVERED
77715557,001852352834-C8EZVT3ERJAAGT,GF-667,GrabFood,,American Breakfast Club,Greenville,"Burrito - Mock Beef, 2 Scrambled Eggs, Cheddar, Avocado, Tater Tots,",American Breakfast Burritos,,1,,68000.00,,"September 18, 2026 08:19:02AM",DELIVERED
77715499,00124499817-C8EZVTNEGKVJTX,GF-182,GrabFood,,American Breakfast Club,Kemang,"Mushroom Omelette - Mushrooms, Spinach, Side Tater Tots",American Breakfast Omelettes,,1,,68000.00,,"September 18, 2026 08:16:35AM",DELIVERED
77715499,00124499817-C8EZVTNEGKVJTX,GF-182,GrabFood,,American Breakfast Club,Kemang,"Mushroom Omelette - Mushrooms, Spinach, Side Tater Tots",American Breakfast Omelettes,Cutleries,,1,,600.00,"September 18, 2026 08:16:35AM",DELIVERED
77715450,F-3360831369,3673,gofood,,American Breakfast Club,Kemang,"Katsu Egg burger - Patties, 2 Scrambled Eggs, Cheddar Cheese, Secret Sauce",American Breakfast Burger,,1,,58000.00,,"September 18, 2026 07:54:42AM",DELIVERED
77715450,F-3360831369,3673,gofood,,American Breakfast Club,Kemang,Cheese Omelette - Side Tater Tots,American Breakfast Omelettes,,1,,58000.00,,"September 18, 2026 07:54:42AM",DELIVERED
77715215,001003159264-C8EZVPDENLEZRA,GF-829,GrabFood,,American Breakfast Club,Greenville,"Mushroom Omelette - Mushrooms, Spinach, Side Tater Tots",American Breakfast Omelettes,,1,,68000.00,,"September 18, 2026 08:04:35AM",DELIVERED
77715215,001003159264-C8EZVPDENLEZRA,GF-829,GrabFood,,American Breakfast Club,Greenville,"Burrito - 2 Scrambled Eggs, Cheddar, Avocado, Tater Tots",American Breakfast Burritos,,1,,58000.00,,"September 18, 2026 08:04:35AM",DELIVERED
77715040,001858988151-C8EZVLKUNNMATJ,GF-906,GrabFood,,American Breakfast Club,Kemang,Cheese Omelette - Side Tater Tots,American Breakfast Omelettes,,2,,58000.00,,"September 18, 2026 07:55:43AM",DELIVERED
77714963,F-3360830039,6718,gofood,,American Breakfast Club,Kemang,"Burrito - 2 Scrambled Eggs, Cheddar, Avocado, Tater Tots",American Breakfast Burritos,,2,,58000.00,,"September 18, 2026 07:51:35AM",DELIVERED
77714963,F-3360830039,6718,gofood,,American Breakfast Club,Kemang,"Burrito - 2 Scrambled Eggs, Cheddar, Avocado, Tater Tots",American Breakfast Burritos,Cutleries,,2,,600.00,"September 18, 2026 07:51:35AM",DELIVERED
77714656,F-3360823557,7841,gofood,,American Breakfast Club,Greenville,"Burrito - Mock Chicken, 2 Scrambled Eggs, Cheddar, Avocado, Tater Tots",American Breakfast Burritos,,1,,54400.00,,"September 18, 2026 07:35:31AM",DELIVERED
77714641,0015064036-C8EZVF2XTRAKLN,GF-944,GrabFood,,American Breakfast Club,Greenville,Cheese Omelette - Side Tater Tots,American Breakfast Omelettes,,1,,58000.00,,"September 18, 2026 07:35:26AM",DELIVERED
77714641,0015064036-C8EZVF2XTRAKLN,GF-944,GrabFood,,American Breakfast Club,Greenville,Sandwich - 2 Scrambled Eggs melty cheddar cheese on a wavy brioche bun,American Breakfast Sandwiches,,1,,45000.00,,"September 18, 2026 07:35:26AM",DELIVERED
77714580,00138446575-C8EZVFLWGCCXGT,GF-293,GrabFood,,LA Breakfast Club,Greenville,Original Pancakes (2 Pcs),LA Breakfast Pancakes,,1,,64000.00,,"September 18, 2026 07:32:45AM",DELIVERED
77714317,F-3360817247,3642,gofood,,American Breakfast Club,Kemang,"Burrito - 2 Scrambled Eggs, Cheddar, Avocado, Tater Tots",American Breakfast Burritos,,1,,58000.00,,"September 18, 2026 07:18:40AM",DELIVERED
77714231,F-3360810901,8511,gofood,,American Breakfast Club,Kemang,"Burrito - 2 Scrambled Eggs, Cheddar, Avocado, Tater Tots",American Breakfast Burritos,,1,,58000.00,,"September 18, 2026 07:00:24AM",DELIVERED
77714213,F-3360815399,7127,gofood,,American Breakfast Club,Greenville,Cheese Omelette - Side Tater Tots,American Breakfast Omelettes,,1,,46400.00,,"September 18, 2026 07:13:23AM",DELIVERED
77714213,F-3360815399,7127,gofood,,American Breakfast Club,Greenville,Cheese Omelette - Side Tater Tots,American Breakfast Omelettes,Cutleries,,1,,1500.00,"September 18, 2026 07:13:23AM",DELIVERED
77714213,F-3360815399,7127,gofood,,American Breakfast Club,Greenville,Cheese Omelette - Side Tater Tots,American Breakfast Omelettes,Truffle Tater Tots,,1,,40000.00,"September 18, 2026 07:13:23AM",DELIVERED
77714112,0012715044-C8EZVAJEJXTXVT,GF-653,GrabFood,,American Breakfast Club,Kemang,Sandwich - 2 Scrambled Eggs melty cheddar cheese on a wavy brioche bun,American Breakfast Sandwiches,,1,,45000.00,,"September 18, 2026 07:08:35AM",DELIVERED
77714079,001288693603-C8EZVABKTCKJN6,GF-831,GrabFood,,American Breakfast Club,Kemang,"Burrito - 2 Scrambled Eggs, Cheddar, Avocado, Tater Tots",American Breakfast Burritos,,1,,58000.00,,"September 18, 2026 07:07:26AM",DELIVERED
77714079,001288693603-C8EZVABKTCKJN6,GF-831,GrabFood,,American Breakfast Club,Kemang,"Burrito - 2 Scrambled Eggs, Cheddar, Avocado, Tater Tots",American Breakfast Burritos,Cutleries,,1,,600.00,"September 18, 2026 07:07:26AM",DELIVERED
77713917,001319575428-C8EZUFAGEJNFGE,GF-287F,GrabFood,,People Pasta,Greenville,Creamy Mushroom - Vegetarian - Plantbased,Signature Pasta,,1,,43000.00,,"September 18, 2026 10:30:01AM",DELIVERED
77713917,001319575428-C8EZUFAGEJNFGE,GF-287F,GrabFood,,People Pasta,Greenville,Creamy Mushroom - Vegetarian - Plantbased,Signature Pasta,Spaghetti,,1,,0.00,"September 18, 2026 10:30:01AM",DELIVERED
77713917,001319575428-C8EZUFAGEJNFGE,GF-287F,GrabFood,,People Pasta,Greenville,Creamy Mushroom - Vegetarian - Plantbased,Signature Pasta,Hygine Cutleries,,1,,1500.00,"September 18, 2026 10:30:01AM",DELIVERED
77689050,F-3360508532,7571,gofood,,Herbox,Greenville,Lada Hitam Blackpepper Vegan Vegetarian Ricebox,Ricebox,,1,,31200.00,,"September 17, 2026 06:56:08PM",DELIVERED
77689050,F-3360508532,7571,gofood,,Herbox,Greenville,Lada Hitam Blackpepper Vegan Vegetarian Ricebox,Ricebox,"Sendok, Garpu, Tissue, Tusuk Gigi",,1,,1500.00,"September 17, 2026 06:56:08PM",DELIVERED
77689050,F-3360508532,7571,gofood,,Herbox,Greenville,Nasi Goreng Sedap Malam Vegan Vegetarian,Nasi Goreng Special,,1,,28000.00,,"September 17, 2026 06:56:08PM",DELIVERED
77689050,F-3360508532,7571,gofood,,Herbox,Greenville,French Fries,Sides,,1,,24000.00,,"September 17, 2026 06:56:08PM",DELIVERED
77683674,0019750909-C8EZJN3AGYJTL6,GF-189,GrabFood,,People Pasta,Greenville,Tattert Tots,,,1,,28000.00,,"September 17, 2026 06:08:49PM",DELIVERED
77683674,0019750909-C8EZJN3AGYJTL6,GF-189,GrabFood,,People Pasta,Greenville,Creamy Mushroom - Vegetarian - Plantbased,Signature Pasta,,1,,43000.00,,"September 17, 2026 06:08:49PM",DELIVERED
77683674,0019750909-C8EZJN3AGYJTL6,GF-189,GrabFood,,People Pasta,Greenville,Creamy Mushroom - Vegetarian - Plantbased,Signature Pasta,Spaghetti,,1,,0.00,"September 17, 2026 06:08:49PM",DELIVERED
77676953,00141451190-C8EZHEWKE4BTPE,GF-869,GrabFood,,American Breakfast Club,Greenville,"Burrito - Mock Fish, 2 Scrambled Eggs, Cheddar, Avocado, Tater Tots,",American Breakfast Burritos,,1,,68000.00,,"September 17, 2026 05:01:21PM",DELIVERED
77669407,00133325596-C8EZGP5DRJNZN2,GF-789,GrabFood,,American Breakfast Club,Kemang,"Burrito - Mock Beef, 2 Scrambled Eggs, Cheddar, Avocado, Tater Tots,",American Breakfast Burritos,,1,,68000.00,,"September 17, 2026 03:29:35PM",DELIVERED
77669407,00133325596-C8EZGP5DRJNZN2,GF-789,GrabFood,,American Breakfast Club,Kemang,Cheese Omelette - Side Tater Tots,American Breakfast Omelettes,,1,,58000.00,,"September 17, 2026 03:29:35PM",DELIVERED
77667868,00120730698-C8EZGKB3NVEXTJ,GF-767,GrabFood,,American Breakfast Club,Greenville,"Burrito - Mock Chicken, 2 Scrambled Eggs, Cheddar, Avocado, Tater Tots",American Breakfast Burritos,,1,,68000.00,,"September 17, 2026 03:07:29PM",DELIVERED
77665680,001565461165-C8EZGA6DDBWUVE,GF-651,GrabFood,,American Breakfast Club,Greenville,"Sandwich - 2 Scrambled Eggs, Mock Chicken, Cheddar Cheese Mix, Brioche Bun",American Breakfast Sandwiches,,1,,58000.00,,"September 17, 2026 02:33:14PM",DELIVERED
77663454,00191332139-C8EZFA3VTLMZAJ,GF-065,GrabFood,,Herbox,Greenville,Lada Hitam Blackpepper Vegan Vegetarian Ricebox,Ricebox,,1,,39000.00,,"September 17, 2026 01:59:02PM",DELIVERED
77663454,00191332139-C8EZFA3VTLMZAJ,GF-065,GrabFood,,Herbox,Greenville,Beef  wrap Vegan Herbox,Wrap Series,,1,,59000.00,,"September 17, 2026 01:59:02PM",DELIVERED
77660973,00197595436-C8EZEZEYLAVFSE,GF-992,GrabFood,,Tyfel Coffee,Greenville,Nachos - Vegan-option,Lite Bites,,3,,40000.00,,"September 17, 2026 01:23:31PM",DELIVERED
77658039,00151781913-C8EZEPXWHBKJE6,GF-466,GrabFood,,American Breakfast Club,Greenville,"Burrito - 2 Scrambled Eggs, Cheddar, Avocado, Tater Tots",American Breakfast Burritos,,1,,58000.00,,"September 17, 2026 12:42:23PM",DELIVERED
77658039,00151781913-C8EZEPXWHBKJE6,GF-466,GrabFood,,American Breakfast Club,Greenville,"2 Pancakes - Butter, Maple Syrup",American Breakfast Pancakes,,1,,48000.00,,"September 17, 2026 12:42:23PM",DELIVERED
77657943,001571889912-C8EZEPVWPEVVJE,GF-854,GrabFood,,Herbox,Greenville,Nasi Goreng Sedap Malam Vegan Vegetarian,Nasi Goreng Special,,1,,35000.00,,"September 17, 2026 12:41:04PM",DELIVERED
77657701,F-3360055976,6688,gofood,,American Breakfast Club,Kemang,"Burrito - Mock Beef, 2 Scrambled Eggs, Cheddar, Avocado, Tater Tots,",American Breakfast Burritos,,1,,68000.00,,"September 17, 2026 12:37:11PM",DELIVERED
77651290,0015604952-C8EZDEJXCUBAVX,GF-617,GrabFood,,American Breakfast Club,Greenville,"2 Pancakes - Blueberries, Butter, Maple Syrup",American Breakfast Pancakes,,1,,58000.00,,"September 17, 2026 11:25:24AM",DELIVERED
77651290,0015604952-C8EZDEJXCUBAVX,GF-617,GrabFood,,American Breakfast Club,Greenville,Cutleries,Cutleries,,1,,1000.00,,"September 17, 2026 11:25:24AM",DELIVERED
77650206,001649802865-C8EZDBAZARBHHE,GF-373,GrabFood,,Herbox,Greenville,Teriyaki Vegan Vegetarian Ricebox,Ricebox,,1,,39000.00,,"September 17, 2026 11:13:46AM",DELIVERED
77650206,001649802865-C8EZDBAZARBHHE,GF-373,GrabFood,,Herbox,Greenville,Tater tots,Sides,,1,,30000.00,,"September 17, 2026 11:13:46AM",DELIVERED
77649053,001772514322-C8EZC7M2LYKULX,GF-625,GrabFood,,Herbox,Greenville,Pesmol Vegan Vegetarian Ricebox,Ricebox,,1,,39000.00,,"September 17, 2026 11:01:47AM",DELIVERED
77649053,001772514322-C8EZC7M2LYKULX,GF-625,GrabFood,,Herbox,Greenville,Nasi Goreng Bintang Kuning Vegan Vegetarian,Nasi Goreng Special,,1,,35000.00,,"September 17, 2026 11:01:47AM",DELIVERED
77643703,001511830456-C8EZCPCVE7JGGX,GF-336,GrabFood,,LA Breakfast Club,Greenville,Cheese Omelette - Side of Tater Tots,LA Breakfast Omelettes,,1,,70000.00,,"September 17, 2026 09:51:02AM",DELIVERED
77642658,001934269869-C8EZCJJ2WGDGGN,GF-524,GrabFood,,American Breakfast Club,Greenville,"Burrito - Mock Beef, 2 Scrambled Eggs, Cheddar, Avocado, Tater Tots,",American Breakfast Burritos,,1,,68000.00,,"September 17, 2026 09:28:48AM",DELIVERED
77642658,001934269869-C8EZCJJ2WGDGGN,GF-524,GrabFood,,American Breakfast Club,Greenville,"2 Pancakes - Blueberries, Butter, Maple Syrup",American Breakfast Pancakes,,1,,58000.00,,"September 17, 2026 09:28:48AM",DELIVERED
77641971,F-3359804115,8174,gofood,,American Breakfast Club,Greenville,"Mushroom Omelette - Mushrooms, Spinach, Side Tater Tots",American Breakfast Omelettes,,1,,54400.00,,"September 17, 2026 09:12:10AM",DELIVERED
77641971,F-3359804115,8174,gofood,,American Breakfast Club,Greenville,Cheese Omelette - Side Tater Tots,American Breakfast Omelettes,,1,,46400.00,,"September 17, 2026 09:12:10AM",DELIVERED
77641221,0019441417-C8EZBGKXLUK1TA,GF-961,GrabFood,,American Breakfast Club,Greenville,"Burrito - 2 Scrambled Eggs, Cheddar, Avocado, Tater Tots",American Breakfast Burritos,,1,,58000.00,,"September 17, 2026 08:52:26AM",DELIVERED
77641221,0019441417-C8EZBGKXLUK1TA,GF-961,GrabFood,,American Breakfast Club,Greenville,"Burrito - 2 Scrambled Eggs, Cheddar, Avocado, Tater Tots",American Breakfast Burritos,Cutleries,,1,,1500.00,"September 17, 2026 08:52:26AM",DELIVERED
77641007,00149750880-C8EZBFEFRTMTCE,GF-280,GrabFood,,American Breakfast Club,Greenville,"Burrito - 2 Scrambled Eggs, Cheddar, Avocado, Tater Tots",American Breakfast Burritos,,1,,58000.00,,"September 17, 2026 08:44:57AM",DELIVERED
77639950,00169250257-C8EZA6EJSBWFTT,GF-046,GrabFood,,American Breakfast Club,Greenville,"Burrito - 2 Scrambled Eggs, Cheddar, Avocado, Tater Tots",American Breakfast Burritos,,1,,58000.00,,"September 17, 2026 08:04:59AM",DELIVERED
77639883,001731505479-C8EZA4JYAY3CGN-2,GF-303,GrabFood,,American Breakfast Club,Greenville,"Burrito - 2 Scrambled Eggs, Cheddar, Avocado, Tater Tots",American Breakfast Burritos,,7,,58000.00,,"September 17, 2026 08:02:05AM",DELIVERED
77639882,001731505479-C8EZA4JYAY3CGN-1,GF-407,GrabFood,,American Breakfast Club,Greenville,"Burrito - 2 Scrambled Eggs, Cheddar, Avocado, Tater Tots",American Breakfast Burritos,,8,,58000.00,,"September 17, 2026 08:02:04AM",DELIVERED
77639156,001509230820-C8EZAUNHEZLXEE,GF-077,GrabFood,,LA Breakfast Club,Greenville,Cheese Omelette - Side of Tater Tots,LA Breakfast Omelettes,,1,,70000.00,,"September 17, 2026 07:23:16AM",DELIVERED
77639092,001010687605-C8EZAT6TEAKXGX,GF-602,GrabFood,,People Pasta,Greenville,Cacio e Pepe - Vegetarian - Plantbased,Signature Pasta,,1,,43000.00,,"September 17, 2026 07:20:01AM",DELIVERED
77639092,001010687605-C8EZAT6TEAKXGX,GF-602,GrabFood,,People Pasta,Greenville,Cacio e Pepe - Vegetarian - Plantbased,Signature Pasta,Fettucine,,1,,1000.00,"September 17, 2026 07:20:01AM",DELIVERED
77639092,001010687605-C8EZAT6TEAKXGX,GF-602,GrabFood,,People Pasta,Greenville,Tattert Tots,,,1,,28000.00,,"September 17, 2026 07:20:01AM",DELIVERED
77638960,001322641089-C8EZATAZN6JAAJ,GF-759,GrabFood,,American Breakfast Club,Greenville,"Mushroom Omelette - Mushrooms, Spinach, Side Tater Tots",American Breakfast Omelettes,,1,,68000.00,,"September 17, 2026 07:13:48AM",DELIVERED
77638960,001322641089-C8EZATAZN6JAAJ,GF-759,GrabFood,,American Breakfast Club,Greenville,"Burrito - 2 Scrambled Eggs, Cheddar, Avocado, Tater Tots",American Breakfast Burritos,,1,,58000.00,,"September 17, 2026 07:13:48AM",DELIVERED
77638957,001874633381-C8EZATAZNREUV6,GF-024F,GrabFood,,Herbox,Greenville,Kung Paow Chick Vegan Vegetarian Ricebox,Ricebox,,1,,39000.00,,"September 17, 2026 11:00:02AM",DELIVERED
77638953,F-3359745123,8658,gofood,,American Breakfast Club,Greenville,"Burrito - 2 Scrambled Eggs, Cheddar, Avocado, Tater Tots",American Breakfast Burritos,,1,,46400.00,,"September 17, 2026 07:12:22AM",DELIVERED
77638953,F-3359745123,8658,gofood,,American Breakfast Club,Greenville,"Burrito - Mock Katsu, 2 Scrambled Eggs, Cheddar, Avocado, Tater Tots",American Breakfast Burritos,,1,,54400.00,,"September 17, 2026 07:12:22AM",DELIVERED
77638420,001572987206-C8EZAFKUC7CYTT,GF-185,GrabFood,,American Breakfast Club,Greenville,"Burrito - 2 Scrambled Eggs, Cheddar, Avocado, Tater Tots",American Breakfast Burritos,,1,,58000.00,,"September 17, 2026 06:35:14AM",DELIVERED
77621183,F-3359543603,8545,gofood,,Tyfel Coffee,Greenville,Choco Chips Pancake,Breakfast Pancakes,,1,,58000.00,,"September 16, 2026 08:05:01PM",DELIVERED
77619762,F-3359525236,7335,gofood,,Tyfel Coffee,Greenville,Mock Chicken Burrito,Breakfast Burritos,,1,,68000.00,,"September 16, 2026 07:51:17PM",DELIVERED
77619762,F-3359525236,7335,gofood,,Tyfel Coffee,Greenville,Tater Tots,Sides,,1,,28000.00,,"September 16, 2026 07:51:17PM",DELIVERED
77619762,F-3359525236,7335,gofood,,Tyfel Coffee,Greenville,Mock Beef Sandwich,Breakfast Sandwiches,,1,,58000.00,,"September 16, 2026 07:51:17PM",DELIVERED
77619762,F-3359525236,7335,gofood,,Tyfel Coffee,Greenville,Mozarella Stick,Lite Bites,,1,,40000.00,,"September 16, 2026 07:51:17PM",DELIVERED
77616838,00137329563-C8EYNE6ZL8MCJA,GF-592,GrabFood,,Herbox,Greenville,Beef  wrap Vegan Herbox,Wrap Series,,1,,59000.00,,"September 16, 2026 07:23:26PM",DELIVERED
77616838,00137329563-C8EYNE6ZL8MCJA,GF-592,GrabFood,,Herbox,Greenville,Teriyaki Vegan Vegetarian Ricebox,Ricebox,,1,,39000.00,,"September 16, 2026 07:23:26PM",DELIVERED
77616838,00137329563-C8EYNE6ZL8MCJA,GF-592,GrabFood,,Herbox,Greenville,Rica Rica Vegan Vegetarian Ricebox,Ricebox,,1,,39000.00,,"September 16, 2026 07:23:26PM",DELIVERED
77612750,001371512203-C8EYMENKERDENX,GF-264,GrabFood,,American Breakfast Club,Greenville,"Mushroom Omelette - Mushrooms, Spinach, Side Tater Tots",American Breakfast Omelettes,,1,,68000.00,,"September 16, 2026 06:46:39PM",DELIVERED
77612007,F-3359411959,3443,gofood,,Herbox,Greenville,Kung Paow Chick Vegan Vegetarian Ricebox,Ricebox,,1,,31200.00,,"September 16, 2026 06:38:23PM",DELIVERED
77612007,F-3359411959,3443,gofood,,Herbox,Greenville,Lada Hitam Blackpepper Vegan Vegetarian Ricebox,Ricebox,,1,,31200.00,,"September 16, 2026 06:38:23PM",DELIVERED
77611716,00140903241-C8EYMBN2T6EJV2,GF-768,GrabFood,,Herbox,Greenville,Beef  wrap Vegan Herbox,Wrap Series,,3,,59000.00,,"September 16, 2026 06:36:49PM",DELIVERED
77611716,00140903241-C8EYMBN2T6EJV2,GF-768,GrabFood,,Herbox,Greenville,Rica Wrap,Wrap Series,,1,,59000.00,,"September 16, 2026 06:36:49PM",DELIVERED
77611473,00133282725-C8EYMBDCLZMHVT,GF-761,GrabFood,,People Pasta,Greenville,Tattert Tots,,,1,,28000.00,,"September 16, 2026 06:34:34PM",DELIVERED
77609677,001690278550-C8EYL7JAN4EARJ,GF-648,GrabFood,,People Pasta,Greenville,Creamy Mushroom - Vegetarian - Plantbased,Signature Pasta,,1,,43000.00,,"September 16, 2026 06:18:30PM",DELIVERED
77609677,001690278550-C8EYL7JAN4EARJ,GF-648,GrabFood,,People Pasta,Greenville,Creamy Mushroom - Vegetarian - Plantbased,Signature Pasta,Fettucine,,1,,1000.00,"September 16, 2026 06:18:30PM",DELIVERED
77600653,001693979128-C8EYLGEZN6MUA2,GF-273,GrabFood,,American Breakfast Club,Greenville,"Burrito - 2 Scrambled Eggs, Cheddar, Avocado, Tater Tots",American Breakfast Burritos,,1,,58000.00,,"September 16, 2026 04:45:08PM",DELIVERED
77594969,00151932279-C8EYJ7A3DBDVJ6,GF-533T,GrabFood,,People Pasta,Greenville,Event Grab Teras Perwira,Signature Pasta,,20,,55000.00,,"September 16, 2026 03:30:28PM",DELIVERED
77589338,001459796110-C8EYJJ4XDBUYJE,GF-807,GrabFood,,American Breakfast Club,Greenville,Cheese Omelette - Side Tater Tots,American Breakfast Omelettes,,1,,58000.00,,"September 16, 2026 02:06:03PM",DELIVERED
77588901,F-3359095669,1989,gofood,,Herbox,Greenville,Nasi Goreng Bintang Kuning Vegan Vegetarian,Nasi Goreng Special,,1,,28000.00,,"September 16, 2026 01:58:06PM",DELIVERED
77588901,F-3359095669,1989,gofood,,Herbox,Greenville,Kung Paow Chick Vegan Vegetarian Ricebox,Ricebox,,1,,31200.00,,"September 16, 2026 01:58:06PM",DELIVERED
77588901,F-3359095669,1989,gofood,,Herbox,Greenville,Tater tots,Sides,,1,,24000.00,,"September 16, 2026 01:58:06PM",DELIVERED
77582238,00155366797-C8EYG24UKF53CT,GF-142,GrabFood,,Herbox,Greenville,Teriyaki Vegan Vegetarian Ricebox,Ricebox,,1,,39000.00,,"September 16, 2026 12:26:01PM",DELIVERED
77579586,001660557032-C8EYGUDXTYLCKE,GF-457,GrabFood,,American Breakfast Club,Greenville,"Burrito - Mock Beef, 2 Scrambled Eggs, Cheddar, Avocado, Tater Tots,",American Breakfast Burritos,,1,,68000.00,,"September 16, 2026 11:54:47AM",DELIVERED
77577759,001852578420-C8EYGNNKPFLCE2,GF-564,GrabFood,,American Breakfast Club,Kemang,"Burrito - 2 Scrambled Eggs, Cheddar, Avocado, Tater Tots",American Breakfast Burritos,,1,,58000.00,,"September 16, 2026 11:33:22AM",DELIVERED
77577597,F-3358917243,8791,gofood,,Herbox,Greenville,Katsu Chickin Vegan Vegetarian Ricebox,Ricebox,,1,,31200.00,,"September 16, 2026 11:31:04AM",DELIVERED
77577597,F-3358917243,8791,gofood,,Herbox,Greenville,Katsu Chickin Vegan Vegetarian Ricebox,Ricebox,Vegan Chicken Nugget,,1,,35000.00,"September 16, 2026 11:31:04AM",DELIVERED
77577597,F-3358917243,8791,gofood,,Herbox,Greenville,Katsu Chickin Vegan Vegetarian Ricebox,Ricebox,Tattertots,,1,,25000.00,"September 16, 2026 11:31:04AM",DELIVERED
77577597,F-3358917243,8791,gofood,,Herbox,Greenville,Katsu Chickin Vegan Vegetarian Ricebox,Ricebox,"Sendok, Garpu, Tissue, Tusuk Gigi",,1,,1500.00,"September 16, 2026 11:31:04AM",DELIVERED
77575929,0015790410-C8EYGJBZV7CVLJ,GF-036,GrabFood,,American Breakfast Club,Kemang,"Burrito - 2 Scrambled Eggs, Cheddar, Avocado, Tater Tots",American Breakfast Burritos,,1,,58000.00,,"September 16, 2026 11:14:07AM",DELIVERED
77575929,0015790410-C8EYGJBZV7CVLJ,GF-036,GrabFood,,American Breakfast Club,Kemang,"Burrito - 2 Scrambled Eggs, Cheddar, Avocado, Tater Tots",American Breakfast Burritos,,1,,58000.00,,"September 16, 2026 11:14:07AM",DELIVERED
77575706,001276898698-C8EYGGJDVJC3NE,GF-905,GrabFood,,American Breakfast Club,Kemang,"Burrito - 2 Scrambled Eggs, Cheddar, Avocado, Tater Tots",American Breakfast Burritos,,1,,58000.00,,"September 16, 2026 11:11:53AM",DELIVERED
77575105,001372334794-C8EYGFCAPCN2JE,GF-550,GrabFood,,Herbox,Greenville,Nasi Goreng Sedap Malam Vegan Vegetarian,Nasi Goreng Special,,1,,35000.00,,"September 16, 2026 11:05:38AM",DELIVERED
77575105,001372334794-C8EYGFCAPCN2JE,GF-550,GrabFood,,Herbox,Greenville,Nasi Goreng Bulan Merah Vegan Vegetarian,Nasi Goreng Special,,1,,35000.00,,"September 16, 2026 11:05:38AM",DELIVERED
77574862,00196315703-C8EYGE5KVZJKCT,GF-811,GrabFood,,American Breakfast Club,Kemang,"Mushroom Omelette - Mushrooms, Spinach, Side Tater Tots",American Breakfast Omelettes,,1,,68000.00,,"September 16, 2026 11:03:01AM",DELIVERED
77574455,001279283972-C8EYGCAHA2LYUE,GF-681,GrabFood,,Herbox,Greenville,Beef  wrap Vegan Herbox,Wrap Series,,1,,59000.00,,"September 16, 2026 10:58:24AM",DELIVERED
77574455,001279283972-C8EYGCAHA2LYUE,GF-681,GrabFood,,Herbox,Greenville,Nasi Goreng Sedap Malam Vegan Vegetarian,Nasi Goreng Special,,1,,35000.00,,"September 16, 2026 10:58:24AM",DELIVERED
77574455,001279283972-C8EYGCAHA2LYUE,GF-681,GrabFood,,Herbox,Greenville,Kung Paow Chick Vegan Vegetarian Ricebox,Ricebox,,1,,39000.00,,"September 16, 2026 10:58:24AM",DELIVERED
77572886,F-3358847566,7465,gofood,,American Breakfast Club,Kemang,"Burrito - Mock Beef, 2 Scrambled Eggs, Cheddar, Avocado, Tater Tots,",American Breakfast Burritos,,1,,68000.00,,"September 16, 2026 10:40:00AM",DELIVERED
77569609,001082338629-C8EYE6NJRYABNE,GF-752,GrabFood,,American Breakfast Club,Greenville,"Burrito - Mock Beef, 2 Scrambled Eggs, Cheddar, Avocado, Tater Tots,",American Breakfast Burritos,,1,,68000.00,,"September 16, 2026 09:53:18AM",DELIVERED
77569468,001377350900-C8EYE6BFRP32A2,GF-511,GrabFood,,People Pasta,Greenville,Bolognese - Vegan Friendly - Vegetarian - Plantbase,Signature Pasta,,1,,43000.00,,"September 16, 2026 09:50:35AM",DELIVERED
77569468,001377350900-C8EYE6BFRP32A2,GF-511,GrabFood,,People Pasta,Greenville,Bolognese - Vegan Friendly - Vegetarian - Plantbase,Signature Pasta,Fettucine,,1,,1000.00,"September 16, 2026 09:50:35AM",DELIVERED
77569468,001377350900-C8EYE6BFRP32A2,GF-511,GrabFood,,People Pasta,Greenville,Bolognese - Vegan Friendly - Vegetarian - Plantbase,Signature Pasta,Hygine Cutleries,,1,,1500.00,"September 16, 2026 09:50:35AM",DELIVERED
77569468,001377350900-C8EYE6BFRP32A2,GF-511,GrabFood,,People Pasta,Greenville,Bolognese - Vegan Friendly - Vegetarian - Plantbase,Signature Pasta,Chicken Nugget - Vegan,,1,,35000.00,"September 16, 2026 09:50:35AM",DELIVERED
77569468,001377350900-C8EYE6BFRP32A2,GF-511,GrabFood,,People Pasta,Greenville,Mineral Water pH 9+,Add-on,,1,,15000.00,,"September 16, 2026 09:50:35AM",DELIVERED
77569107,001882752551-C8EYE3JBAP3JVN,GF-225,GrabFood,,American Breakfast Club,Greenville,Cheese Omelette - Side Tater Tots,American Breakfast Omelettes,,1,,58000.00,,"September 16, 2026 09:41:50AM",DELIVERED
77569048,F-3358788739,1869,gofood,,American Breakfast Club,Greenville,"Mushroom Omelette - Mushrooms, Spinach, Side Tater Tots",American Breakfast Omelettes,,2,,54400.00,,"September 16, 2026 09:39:47AM",DELIVERED
77567720,F-3358766570,5922,gofood,,American Breakfast Club,Kemang,Cheese Omelette - Side Tater Tots,American Breakfast Omelettes,,1,,58000.00,,"September 16, 2026 09:09:10AM",DELIVERED
77567720,F-3358766570,5922,gofood,,American Breakfast Club,Kemang,Cheese Omelette - Side Tater Tots,American Breakfast Omelettes,Cutleries,,1,,600.00,"September 16, 2026 09:09:10AM",DELIVERED
77567335,001495187560-C8EYERLUA2TKME,GF-831,GrabFood,,American Breakfast Club,Greenville,Cheese Omelette - Side Tater Tots,American Breakfast Omelettes,,1,,58000.00,,"September 16, 2026 08:59:28AM",DELIVERED
77567289,00191742695-C8EYEREXJ7LHVJ,GF-078,GrabFood,,American Breakfast Club,Kemang,"Burrito - 2 Scrambled Eggs, Cheddar, Avocado, Tater Tots",American Breakfast Burritos,,1,,58000.00,,"September 16, 2026 08:58:24AM",DELIVERED
77567289,00191742695-C8EYEREXJ7LHVJ,GF-078,GrabFood,,American Breakfast Club,Kemang,Cutleries,,,6,,600.00,,"September 16, 2026 08:58:24AM",DELIVERED
77566751,001061277681-C8EYELDBC25VCN,GF-113,GrabFood,,American Breakfast Club,Greenville,"Burrito - Mock Beef, 2 Scrambled Eggs, Cheddar, Avocado, Tater Tots,",American Breakfast Burritos,,1,,68000.00,,"September 16, 2026 08:41:14AM",DELIVERED
77566751,001061277681-C8EYELDBC25VCN,GF-113,GrabFood,,American Breakfast Club,Greenville,"Burrito - Mock Fish, 2 Scrambled Eggs, Cheddar, Avocado, Tater Tots,",American Breakfast Burritos,,1,,68000.00,,"September 16, 2026 08:41:14AM",DELIVERED
77566629,F-3358747218,2485,gofood,,American Breakfast Club,Kemang,"Burrito - 2 Scrambled Eggs, Cheddar, Avocado, Tater Tots",American Breakfast Burritos,,1,,58000.00,,"September 16, 2026 08:36:05AM",DELIVERED
77566280,001289941316-C8EYEGCYGU5KLT,GF-939,GrabFood,,American Breakfast Club,Kemang,"Burrito - Mock Chicken, 2 Scrambled Eggs, Cheddar, Avocado, Tater Tots",American Breakfast Burritos,,1,,68000.00,,"September 16, 2026 08:24:26AM",DELIVERED
77566280,001289941316-C8EYEGCYGU5KLT,GF-939,GrabFood,,American Breakfast Club,Kemang,Tater Tots,Sides,,1,,38000.00,,"September 16, 2026 08:24:26AM",DELIVERED
77565830,F-3358730270,1926,gofood,,American Breakfast Club,Kemang,"Burrito - Mock Katsu, 2 Scrambled Eggs, Cheddar, Avocado, Tater Tots",American Breakfast Burritos,,1,,68000.00,,"September 16, 2026 08:02:21AM",DELIVERED
77565734,0017679099-C8EYEBUTJEWDRE,GF-129,GrabFood,,American Breakfast Club,Kemang,"Burrito - 2 Scrambled Eggs, Cheddar, Avocado, Tater Tots",American Breakfast Burritos,,1,,58000.00,,"September 16, 2026 08:04:00AM",DELIVERED
77565587,F-3358727797,4624,gofood,,American Breakfast Club,Greenville,"Burrito - Mock Katsu, 2 Scrambled Eggs, Cheddar, Avocado, Tater Tots",American Breakfast Burritos,,2,,54400.00,,"September 16, 2026 07:56:09AM",DELIVERED
77565587,F-3358727797,4624,gofood,,American Breakfast Club,Greenville,"Burrito - Mock Chicken, 2 Scrambled Eggs, Cheddar, Avocado, Tater Tots",American Breakfast Burritos,,2,,54400.00,,"September 16, 2026 07:56:09AM",DELIVERED
77565478,001271234851-C8EYDGKDGRLGRX,GF-596,GrabFood,,American Breakfast Club,Greenville,"Burrito - 2 Scrambled Eggs, Cheddar, Avocado, Tater Tots",American Breakfast Burritos,,1,,58000.00,,"September 16, 2026 07:52:13AM",DELIVERED
77565394,001858488497-C8EYDFVJRFXKL2,GF-056,GrabFood,,American Breakfast Club,Kemang,"Burrito - 2 Scrambled Eggs, Cheddar, Avocado, Tater Tots",American Breakfast Burritos,,1,,58000.00,,"September 16, 2026 07:47:38AM",DELIVERED
77565361,00128285881-C8EYDFMJJJUKCX,GF-148,GrabFood,,American Breakfast Club,Kemang,"Mushroom Omelette - Mushrooms, Spinach, Side Tater Tots",American Breakfast Omelettes,,1,,68000.00,,"September 16, 2026 07:46:19AM",DELIVERED
77565361,00128285881-C8EYDFMJJJUKCX,GF-148,GrabFood,,American Breakfast Club,Kemang,"Mushroom Omelette - Mushrooms, Spinach, Side Tater Tots",American Breakfast Omelettes,Cutleries,,1,,600.00,"September 16, 2026 07:46:19AM",DELIVERED
77565343,F-3358718178,1615,gofood,,American Breakfast Club,Kemang,"Burrito - 2 Scrambled Eggs, Cheddar, Avocado, Tater Tots",American Breakfast Burritos,,2,,58000.00,,"September 16, 2026 07:30:06AM",DELIVERED
77565100,001162639056-C8EYDB6BNCCGDA,GF-372,GrabFood,,American Breakfast Club,Greenville,"Burrito - 2 Scrambled Eggs, Cheddar, Avocado, Tater Tots",American Breakfast Burritos,,1,,58000.00,,"September 16, 2026 07:33:12AM",DELIVERED
77565083,001345778721-C8EYDB23EX3TN6,GF-202,GrabFood,,American Breakfast Club,Greenville,Home Fries With Truffle Oil,Sides,,1,,48000.00,,"September 16, 2026 07:32:09AM",DELIVERED
77565083,001345778721-C8EYDB23EX3TN6,GF-202,GrabFood,,American Breakfast Club,Greenville,"Sandwich - 2 Scrambled Eggs, Mock Fish, Cheddar Cheese, Mix, Brioche Bun",American Breakfast Sandwiches,,1,,58000.00,,"September 16, 2026 07:32:09AM",DELIVERED
77565083,001345778721-C8EYDB23EX3TN6,GF-202,GrabFood,,American Breakfast Club,Greenville,"Sandwich - 2 Scrambled Eggs, Mock Fish, Cheddar Cheese, Mix, Brioche Bun",American Breakfast Sandwiches,Cutleries,,1,,1500.00,"September 16, 2026 07:32:09AM",DELIVERED
77564561,00118987645-C8EYC4EGJ7NEJA,GF-672,GrabFood,,American Breakfast Club,Greenville,"Burrito - 2 Scrambled Eggs, Cheddar, Avocado, Tater Tots",American Breakfast Burritos,,1,,58000.00,,"September 16, 2026 07:03:48AM",DELIVERED
77564418,00130535822-C8EYC3CGNZJ2ME,GF-639,GrabFood,,LA Breakfast Club,Greenville,Cheese Omelette - Side of Tater Tots,LA Breakfast Omelettes,,1,,70000.00,,"September 16, 2026 06:54:16AM",DELIVERED
77564016,00190925248-C8EYCUU1A6M1J2,GF-597,GrabFood,,American Breakfast Club,Greenville,"Mushroom Omelette - Mushrooms, Spinach, Side Tater Tots",American Breakfast Omelettes,,1,,68000.00,,"September 16, 2026 06:25:14AM",DELIVERED
77563767,00167217095-C8EYCPJAL65VGX,GF-735,GrabFood,,American Breakfast Club,Greenville,Sandwich - 2 Scrambled Eggs melty cheddar cheese on a wavy brioche bun,American Breakfast Sandwiches,,4,,45000.00,,"September 16, 2026 06:05:12AM",DELIVERED
77563767,00167217095-C8EYCPJAL65VGX,GF-735,GrabFood,,American Breakfast Club,Greenville,Cheese Omelette - Side Tater Tots,American Breakfast Omelettes,,1,,58000.00,,"September 16, 2026 06:05:12AM",DELIVERED
77563767,00167217095-C8EYCPJAL65VGX,GF-735,GrabFood,,American Breakfast Club,Greenville,Tater Tots With Truffle Oil,Sides,,2,,48000.00,,"September 16, 2026 06:05:12AM",DELIVERED
77549045,F-3358514437,7638,gofood,,Herbox,Greenville,Beef  wrap Vegan Herbox,Wrap Series,,1,,47200.00,,"September 15, 2026 08:08:04PM",DELIVERED
77549045,F-3358514437,7638,gofood,,Herbox,Greenville,Beef  wrap Vegan Herbox,Wrap Series,Vegan Chicken Nugget,,1,,35000.00,"September 15, 2026 08:08:04PM",DELIVERED
77549045,F-3358514437,7638,gofood,,Herbox,Greenville,Beef  wrap Vegan Herbox,Wrap Series,Tattertots,,1,,25000.00,"September 15, 2026 08:08:04PM",DELIVERED
77549045,F-3358514437,7638,gofood,,Herbox,Greenville,Teriyaki Vegan Vegetarian Ricebox,Ricebox,,1,,31200.00,,"September 15, 2026 08:08:04PM",DELIVERED
77543410,F-3358462687,2346,gofood,,Herbox,Greenville,Beef  wrap Vegan Herbox,Wrap Series,,1,,47200.00,,"September 15, 2026 07:31:15PM",DELIVERED
77543410,F-3358462687,2346,gofood,,Herbox,Greenville,Katsu Wrap vegan Herbox,Wrap Series,,1,,47200.00,,"September 15, 2026 07:31:15PM",DELIVERED
77543410,F-3358462687,2346,gofood,,Herbox,Greenville,Bareng Si Dia ( pesmol+ katsu vegan),Combo Hemat Vegan,,1,,62400.00,,"September 15, 2026 07:31:15PM",DELIVERED
77539526,0012531364-C8EXRPATME4ZSE,GF-957,GrabFood,,American Breakfast Club,Greenville,"Burrito - 2 Scrambled Eggs, Cheddar, Avocado, Tater Tots",American Breakfast Burritos,,1,,58000.00,,"September 15, 2026 06:57:00PM",DELIVERED
77539526,0012531364-C8EXRPATME4ZSE,GF-957,GrabFood,,American Breakfast Club,Greenville,"2 Pancakes - Blueberries, Butter, Maple Syrup",American Breakfast Pancakes,,1,,58000.00,,"September 15, 2026 06:57:00PM",DELIVERED
77524099,F-3358199005,1242,gofood,,American Breakfast Club,Greenville,"Burrito - 2 Scrambled Eggs, Cheddar, Avocado, Tater Tots",American Breakfast Burritos,,3,,46400.00,,"September 15, 2026 04:22:58PM",DELIVERED
77518832,00197053506-C8EXNACBE6AUKA,GF-440,GrabFood,,American Breakfast Club,Greenville,"Burrito - Mock Katsu, 2 Scrambled Eggs, Cheddar, Avocado, Tater Tots",American Breakfast Burritos,,1,,68000.00,,"September 15, 2026 03:14:11PM",DELIVERED
77516312,001793868065-C8EXL7UYTZJWVA,GF-572,GrabFood,,American Breakfast Club,Greenville,"2 Pancakes - Blueberries, Butter, Maple Syrup",American Breakfast Pancakes,,3,,58000.00,,"September 15, 2026 02:35:41PM",DELIVERED
77516312,001793868065-C8EXL7UYTZJWVA,GF-572,GrabFood,,American Breakfast Club,Greenville,Sandwich - 2 Scrambled Eggs melty cheddar cheese on a wavy brioche bun,American Breakfast Sandwiches,,1,,45000.00,,"September 15, 2026 02:35:41PM",DELIVERED
77508888,001793736359-C8EXLE5ALBMHTE,GF-608,GrabFood,,American Breakfast Club,Kemang,"Burrito - Mock Beef, 2 Scrambled Eggs, Cheddar, Avocado, Tater Tots,",American Breakfast Burritos,,1,,68000.00,,"September 15, 2026 12:49:31PM",DELIVERED
77506640,F-3357944097,3375,gofood,,American Breakfast Club,Greenville,"Burrito - Mock Chicken, 2 Scrambled Eggs, Cheddar, Avocado, Tater Tots",American Breakfast Burritos,,1,,54400.00,,"September 15, 2026 12:20:34PM",DELIVERED
77506640,F-3357944097,3375,gofood,,American Breakfast Club,Greenville,Tater Tots,Sides,,1,,22400.00,,"September 15, 2026 12:20:34PM",DELIVERED
77506209,001823049268-C8EXKE6YLUBBT6,GF-019,GrabFood,,American Breakfast Club,Greenville,Cheese Omelette - Side Tater Tots,American Breakfast Omelettes,,2,,58000.00,,"September 15, 2026 12:16:45PM",DELIVERED
77506209,001823049268-C8EXKE6YLUBBT6,GF-019,GrabFood,,American Breakfast Club,Greenville,Cheese Omelette - Side Tater Tots,American Breakfast Omelettes,Tatter Tots,,2,,30000.00,"September 15, 2026 12:16:45PM",DELIVERED
77501905,F-3357866048,1579,gofood,,American Breakfast Club,Kemang,"Burrito - Mock Beef, 2 Scrambled Eggs, Cheddar, Avocado, Tater Tots,",American Breakfast Burritos,,1,,68000.00,,"September 15, 2026 11:26:25AM",DELIVERED
77499118,F-3357824247,4795,gofood,,American Breakfast Club,Kemang,"Burrito - Mock Katsu, 2 Scrambled Eggs, Cheddar, Avocado, Tater Tots",American Breakfast Burritos,,1,,68000.00,,"September 15, 2026 10:57:44AM",DELIVERED
77499118,F-3357824247,4795,gofood,,American Breakfast Club,Kemang,Cheese Omelette - Side Tater Tots,American Breakfast Omelettes,,1,,58000.00,,"September 15, 2026 10:57:44AM",DELIVERED
77499118,F-3357824247,4795,gofood,,American Breakfast Club,Kemang,Cheese Omelette - Side Tater Tots,American Breakfast Omelettes,Cutleries,,1,,600.00,"September 15, 2026 10:57:44AM",DELIVERED
77498136,0014921099-C8EXJJ4UAXW1DA,GF-264,GrabFood,,Herbox,Greenville,Kung Paow Chick Vegan Vegetarian Ricebox,Ricebox,,1,,39000.00,,"September 15, 2026 10:46:59AM",DELIVERED
77495410,F-3357767657,3764,gofood,,American Breakfast Club,Kemang,"Burrito - Mock Katsu, 2 Scrambled Eggs, Cheddar, Avocado, Tater Tots",American Breakfast Burritos,,1,,68000.00,,"September 15, 2026 10:10:32AM",DELIVERED
77494746,00164046599-C8EXJEWUA8AHJE,GF-610,GrabFood,,American Breakfast Club,Kemang,"Burrito - 2 Scrambled Eggs, Cheddar, Avocado, Tater Tots",American Breakfast Burritos,,1,,58000.00,,"September 15, 2026 10:01:35AM",DELIVERED
77494466,F-3357753473,9886,gofood,,American Breakfast Club,Kemang,"Burrito - 2 Scrambled Eggs, Cheddar, Avocado, Tater Tots",American Breakfast Burritos,,1,,58000.00,,"September 15, 2026 09:55:38AM",DELIVERED
77494466,F-3357753473,9886,gofood,,American Breakfast Club,Kemang,Tater Tots,Sides,,1,,28000.00,,"September 15, 2026 09:55:38AM",DELIVERED
77494126,001253767235-C8EXJBJVVFT2A2,GF-910,GrabFood,,American Breakfast Club,Greenville,"Mushroom Omelette - Mushrooms, Spinach, Side Tater Tots",American Breakfast Omelettes,,1,,68000.00,,"September 15, 2026 09:48:43AM",DELIVERED
77494126,001253767235-C8EXJBJVVFT2A2,GF-910,GrabFood,,American Breakfast Club,Greenville,Cutleries,Cutleries,,1,,1000.00,,"September 15, 2026 09:48:43AM",DELIVERED
77493735,0016872005-C8EXJAB3ABKFA6,GF-181,GrabFood,,American Breakfast Club,Kemang,Cheese Omelette - Side Tater Tots,American Breakfast Omelettes,,1,,58000.00,,"September 15, 2026 09:40:49AM",DELIVERED
77493735,0016872005-C8EXJAB3ABKFA6,GF-181,GrabFood,,American Breakfast Club,Kemang,Cheese Omelette - Side Tater Tots,American Breakfast Omelettes,Truffle Tater Tots,,1,,40000.00,"September 15, 2026 09:40:49AM",DELIVERED
77493660,0019930725-C8EXHGLWR6VXKA,GF-883,GrabFood,,American Breakfast Club,Kemang,"Burrito - Mock Chicken, 2 Scrambled Eggs, Cheddar, Avocado, Tater Tots",American Breakfast Burritos,,1,,68000.00,,"September 15, 2026 09:39:23AM",DELIVERED
77493338,F-3357716193,3756,gofood,,American Breakfast Club,Greenville,"Burrito - Mock Katsu, 2 Scrambled Eggs, Cheddar, Avocado, Tater Tots",American Breakfast Burritos,,1,,54400.00,,"September 15, 2026 09:06:56AM",DELIVERED
77493338,F-3357716193,3756,gofood,,American Breakfast Club,Greenville,"Burrito - Mock Katsu, 2 Scrambled Eggs, Cheddar, Avocado, Tater Tots",American Breakfast Burritos,Cutleries,,1,,1500.00,"September 15, 2026 09:06:56AM",DELIVERED
77493064,00174390519-C8EXHENZEKJBGT,GF-974,GrabFood,,American Breakfast Club,Kemang,"Sandwich - 2 Scrambled Eggs, Mock Chicken, Cheddar Cheese Mix, Brioche Bun",American Breakfast Sandwiches,,1,,58000.00,,"September 15, 2026 09:26:48AM",DELIVERED
77493064,00174390519-C8EXHENZEKJBGT,GF-974,GrabFood,,American Breakfast Club,Kemang,Home Fries,Sides,,1,,38000.00,,"September 15, 2026 09:26:48AM",DELIVERED
77492802,00187980538-C8EXHB52RRL1ET,GF-893,GrabFood,,American Breakfast Club,Kemang,"Burrito - Mock Beef, 2 Scrambled Eggs, Cheddar, Avocado, Tater Tots,",American Breakfast Burritos,,1,,68000.00,,"September 15, 2026 09:19:51AM",DELIVERED
77492722,F-3357723901,5971,gofood,,Tyfel Coffee,Greenville,Breakfast Burrito,Breakfast Burritos,,1,,58000.00,,"September 15, 2026 09:17:38AM",DELIVERED
77492722,F-3357723901,5971,gofood,,Tyfel Coffee,Greenville,Tater Tots,Sides,,1,,28000.00,,"September 15, 2026 09:17:38AM",DELIVERED
77492148,0014835739-C8EXG7XVETDAG6,GF-578,GrabFood,,American Breakfast Club,Kemang,"Burrito - Mock Beef, 2 Scrambled Eggs, Cheddar, Avocado, Tater Tots,",American Breakfast Burritos,,1,,68000.00,,"September 15, 2026 09:01:41AM",DELIVERED
77492104,0010864621-C8EXG7UATN6XL6,GF-801,GrabFood,,American Breakfast Club,Kemang,"Burrito - 2 Scrambled Eggs, Cheddar, Avocado, Tater Tots",American Breakfast Burritos,,1,,58000.00,,"September 15, 2026 09:00:30AM",DELIVERED
77491638,0013409233-C8EXG3VEFB5GRA,GF-101,GrabFood,,American Breakfast Club,Greenville,"Burrito - Mock Beef, 2 Scrambled Eggs, Cheddar, Avocado, Tater Tots,",American Breakfast Burritos,,1,,68000.00,,"September 15, 2026 08:44:16AM",DELIVERED
77491638,0013409233-C8EXG3VEFB5GRA,GF-101,GrabFood,,American Breakfast Club,Greenville,"2 Pancakes - Blueberries, Butter, Maple Syrup",American Breakfast Pancakes,,1,,58000.00,,"September 15, 2026 08:44:16AM",DELIVERED
77491045,F-3357690593,7428,gofood,,American Breakfast Club,Kemang,"Burrito - 2 Scrambled Eggs, Cheddar, Avocado, Tater Tots",American Breakfast Burritos,,1,,58000.00,,"September 15, 2026 08:22:01AM",DELIVERED
77490667,F-3357683156,3151,gofood,,American Breakfast Club,Kemang,"Burrito - 2 Scrambled Eggs, Cheddar, Avocado, Tater Tots",American Breakfast Burritos,,3,,58000.00,,"September 15, 2026 08:07:16AM",DELIVERED
77489907,00186815259-C8EXGJL1GFAWRN,GF-616,GrabFood,,American Breakfast Club,Greenville,"Burrito - 2 Scrambled Eggs, Cheddar, Avocado, Tater Tots",American Breakfast Burritos,,1,,58000.00,,"September 15, 2026 07:29:28AM",DELIVERED
77489907,00186815259-C8EXGJL1GFAWRN,GF-616,GrabFood,,American Breakfast Club,Greenville,"Burrito - 2 Scrambled Eggs, Cheddar, Avocado, Tater Tots",American Breakfast Burritos,Cutleries,,1,,1500.00,"September 15, 2026 07:29:28AM",DELIVERED
77489896,001653539785-C8EXGJKFLPXDKA,GF-806,GrabFood,,American Breakfast Club,Greenville,Cheese Omelette - Side Tater Tots,American Breakfast Omelettes,,1,,58000.00,,"September 15, 2026 07:28:56AM",DELIVERED
77489896,001653539785-C8EXGJKFLPXDKA,GF-806,GrabFood,,American Breakfast Club,Greenville,Cheese Omelette - Side Tater Tots,American Breakfast Omelettes,Cutleries,,1,,1500.00,"September 15, 2026 07:28:56AM",DELIVERED
77489896,001653539785-C8EXGJKFLPXDKA,GF-806,GrabFood,,American Breakfast Club,Greenville,"2 Pancakes - Blueberries, Butter, Maple Syrup",American Breakfast Pancakes,,1,,58000.00,,"September 15, 2026 07:28:56AM",DELIVERED
77489896,001653539785-C8EXGJKFLPXDKA,GF-806,GrabFood,,American Breakfast Club,Greenville,"2 Pancakes - Blueberries, Butter, Maple Syrup",American Breakfast Pancakes,Cutleries,,1,,1500.00,"September 15, 2026 07:28:56AM",DELIVERED
77489896,001653539785-C8EXGJKFLPXDKA,GF-806,GrabFood,,American Breakfast Club,Greenville,Water (Bottle),Drinks,,2,,15000.00,,"September 15, 2026 07:28:56AM",DELIVERED
77489869,00135618934-C8EXGJBFEFNYSA,GF-031,GrabFood,,American Breakfast Club,Greenville,"Burrito - 2 Scrambled Eggs, Cheddar, Avocado, Tater Tots",American Breakfast Burritos,,1,,58000.00,,"September 15, 2026 07:27:15AM",DELIVERED
77489512,00122820644-C8EXGB2WT8J3VN,GF-511,GrabFood,,American Breakfast Club,Greenville,"Burrito - Mock Chicken, 2 Scrambled Eggs, Cheddar, Avocado, Tater Tots",American Breakfast Burritos,,2,,68000.00,,"September 15, 2026 07:05:23AM",DELIVERED
77454265,0018918800-C8EWTEKBN3UFJA,GF-543,GrabFood,,American Breakfast Club,Greenville,"Burrito - 2 Scrambled Eggs, Cheddar, Avocado, Tater Tots",American Breakfast Burritos,,1,,58000.00,,"September 14, 2026 05:18:51PM",DELIVERED
77448799,00165708494-C8EWR6KZJPXBAE,GF-626,GrabFood,,Tyfel Coffee,Greenville,Mozarella Stick,Lite Bites,,1,,40000.00,,"September 14, 2026 04:16:13PM",DELIVERED
77448799,00165708494-C8EWR6KZJPXBAE,GF-626,GrabFood,,Tyfel Coffee,Greenville,Carbonara,Main Course,,1,,50000.00,,"September 14, 2026 04:16:13PM",DELIVERED
77446817,0014309471-C8EWRY5CGK3KVE,GF-828,GrabFood,,Herbox,Greenville,Shirataki Rice (200gr),Extra,,4,,25000.00,,"September 14, 2026 03:49:32PM",DELIVERED
77446512,F-3357102234,9597,gofood,,American Breakfast Club,Greenville,"Burrito - Mock Chicken, 2 Scrambled Eggs, Cheddar, Avocado, Tater Tots",American Breakfast Burritos,,1,,54400.00,,"September 14, 2026 03:36:03PM",DELIVERED
77446512,F-3357102234,9597,gofood,,American Breakfast Club,Greenville,Home Fries With Truffle Oil,Sides,,1,,30400.00,,"September 14, 2026 03:36:03PM",DELIVERED
77445861,00160412845-C8EWRVKJARLXC2,GF-197,GrabFood,,American Breakfast Club,Greenville,"Burrito - Mock Beef, 2 Scrambled Eggs, Cheddar, Avocado, Tater Tots,",American Breakfast Burritos,,1,,68000.00,,"September 14, 2026 03:35:40PM",DELIVERED
77444839,00145291026-C8EWRTC3GEVKJ2,GF-131,GrabFood,,People Pasta,Greenville,Tattert Tots,,,1,,28000.00,,"September 14, 2026 03:21:10PM",DELIVERED
77444839,00145291026-C8EWRTC3GEVKJ2,GF-131,GrabFood,,People Pasta,Greenville,Creamy Mushroom - Vegetarian - Plantbased,Signature Pasta,,1,,43000.00,,"September 14, 2026 03:21:10PM",DELIVERED
77444839,00145291026-C8EWRTC3GEVKJ2,GF-131,GrabFood,,People Pasta,Greenville,Creamy Mushroom - Vegetarian - Plantbased,Signature Pasta,Spaghetti,,1,,0.00,"September 14, 2026 03:21:10PM",DELIVERED
77444839,00145291026-C8EWRTC3GEVKJ2,GF-131,GrabFood,,People Pasta,Greenville,Cacio e Pepe - Vegetarian - Plantbased,Signature Pasta,,1,,43000.00,,"September 14, 2026 03:21:10PM",DELIVERED
77444839,00145291026-C8EWRTC3GEVKJ2,GF-131,GrabFood,,People Pasta,Greenville,Cacio e Pepe - Vegetarian - Plantbased,Signature Pasta,Spaghetti,,1,,0.00,"September 14, 2026 03:21:10PM",DELIVERED
77443593,00196366204-C8EWRLK3DAEUMA,GF-762,GrabFood,,American Breakfast Club,Greenville,"Burrito - 2 Scrambled Eggs, Cheddar, Avocado, Tater Tots",American Breakfast Burritos,,1,,58000.00,,"September 14, 2026 03:02:30PM",DELIVERED
77442481,F-3357052538,2652,gofood,,Herbox,Greenville,Katsu Wrap vegan Herbox,Wrap Series,,2,,47200.00,,"September 14, 2026 02:44:27PM",DELIVERED
77429796,001802333286-C8EWNFCBHBVFME,GF-923,GrabFood,,People Pasta,Greenville,Creamy Mushroom - Vegetarian - Plantbased,Signature Pasta,,1,,43000.00,,"September 14, 2026 11:50:53AM",DELIVERED
77427373,00183184236-C8EWMBDGTJC1LE,GF-350,GrabFood,,Herbox,Greenville,Lada Hitam Blackpepper Vegan Vegetarian Ricebox,Ricebox,,1,,39000.00,,"September 14, 2026 11:23:41AM",DELIVERED
77426808,001361591590-C8EWMFCAAP4BMA,GF-085,GrabFood,,Herbox,Greenville,Teriyaki Vegan Vegetarian Ricebox,Ricebox,,1,,39000.00,,"September 14, 2026 11:17:29AM",DELIVERED
77426808,001361591590-C8EWMFCAAP4BMA,GF-085,GrabFood,,Herbox,Greenville,Vegan Chickin Nugget,Sides,,2,,40000.00,,"September 14, 2026 11:17:29AM",DELIVERED
77421934,F-3356717948,2555,gofood,,American Breakfast Club,Greenville,"Burrito - Mock Beef, 2 Scrambled Eggs, Cheddar, Avocado, Tater Tots,",American Breakfast Burritos,,1,,54400.00,,"September 14, 2026 10:17:00AM",DELIVERED
77421934,F-3356717948,2555,gofood,,American Breakfast Club,Greenville,Cheese Omelette - Side Tater Tots,American Breakfast Omelettes,,1,,46400.00,,"September 14, 2026 10:17:00AM",DELIVERED
77421640,001585003424-C8EWLYTBVBBDWA,GF-465,GrabFood,,American Breakfast Club,Greenville,"Burrito - Mock Beef, 2 Scrambled Eggs, Cheddar, Avocado, Tater Tots,",American Breakfast Burritos,,1,,68000.00,,"September 14, 2026 10:13:31AM",DELIVERED
77421640,001585003424-C8EWLYTBVBBDWA,GF-465,GrabFood,,American Breakfast Club,Greenville,"Burrito - 2 Scrambled Eggs, Cheddar, Avocado, Tater Tots",American Breakfast Burritos,,1,,58000.00,,"September 14, 2026 10:13:31AM",DELIVERED
77420930,F-3356702625,3748,gofood,,American Breakfast Club,Greenville,"Mushroom Omelette - Mushrooms, Spinach, Side Tater Tots",American Breakfast Omelettes,,1,,54400.00,,"September 14, 2026 10:02:01AM",DELIVERED
77420930,F-3356702625,3748,gofood,,American Breakfast Club,Greenville,Tater Tots,Sides,,1,,22400.00,,"September 14, 2026 10:02:01AM",DELIVERED
77420930,F-3356702625,3748,gofood,,American Breakfast Club,Greenville,"Burrito - Mock Beef, 2 Scrambled Eggs, Cheddar, Avocado, Tater Tots,",American Breakfast Burritos,,1,,54400.00,,"September 14, 2026 10:02:01AM",DELIVERED
77417256,F-3356633891,1595,gofood,,American Breakfast Club,Greenville,"Burrito - Mock Chicken, 2 Scrambled Eggs, Cheddar, Avocado, Tater Tots",American Breakfast Burritos,,1,,54400.00,,"September 14, 2026 08:18:18AM",DELIVERED
77416925,0014036191-C8EWJ8DDNNU3A6,GF-678,GrabFood,,American Breakfast Club,Greenville,Cheese Omelette - Side Tater Tots,American Breakfast Omelettes,,1,,58000.00,,"September 14, 2026 08:04:33AM",DELIVERED
77415557,0016520756-C8EWJNDVBA4CC2,GF-120,GrabFood,,American Breakfast Club,Kemang,"Mushroom Omelette - Mushrooms, Spinach, Side Tater Tots",American Breakfast Omelettes,,1,,68000.00,,"September 14, 2026 06:44:41AM",CANCELLED
77415557,0016520756-C8EWJNDVBA4CC2,GF-120,GrabFood,,American Breakfast Club,Kemang,Sandwich - 2 Scrambled Eggs melty cheddar cheese on a wavy brioche bun,American Breakfast Sandwiches,,1,,45000.00,,"September 14, 2026 06:44:41AM",CANCELLED
77415246,0012134040-C8EWJFLZCETGBE,GF-006,GrabFood,,American Breakfast Club,Greenville,Cheese Omelette - Side Tater Tots,American Breakfast Omelettes,,1,,58000.00,,"September 14, 2026 06:19:45AM",DELIVERED
77415246,0012134040-C8EWJFLZCETGBE,GF-006,GrabFood,,American Breakfast Club,Greenville,Cheese Omelette - Side Tater Tots,American Breakfast Omelettes,Cutleries,,1,,1500.00,"September 14, 2026 06:19:45AM",DELIVERED
77398720,001386797270-C8EWAYKWN2KZKA,GF-739,GrabFood,,People Pasta,Greenville,Bolognese - Vegan Friendly - Vegetarian - Plantbase,Signature Pasta,,1,,43000.00,,"September 13, 2026 08:19:03PM",DELIVERED
77398720,001386797270-C8EWAYKWN2KZKA,GF-739,GrabFood,,People Pasta,Greenville,Bolognese - Vegan Friendly - Vegetarian - Plantbase,Signature Pasta,Fettucine,,1,,1000.00,"September 13, 2026 08:19:03PM",DELIVERED
77398720,001386797270-C8EWAYKWN2KZKA,GF-739,GrabFood,,People Pasta,Greenville,Meat-less Burger - Vegan,Meatless Burgers,,1,,49000.00,,"September 13, 2026 08:19:03PM",DELIVERED
77398720,001386797270-C8EWAYKWN2KZKA,GF-739,GrabFood,,People Pasta,Greenville,Creamy Mushroom - Vegetarian - Plantbased,Signature Pasta,,1,,43000.00,,"September 13, 2026 08:19:03PM",DELIVERED
77398720,001386797270-C8EWAYKWN2KZKA,GF-739,GrabFood,,People Pasta,Greenville,Creamy Mushroom - Vegetarian - Plantbased,Signature Pasta,Spaghetti,,1,,0.00,"September 13, 2026 08:19:03PM",DELIVERED
77398720,001386797270-C8EWAYKWN2KZKA,GF-739,GrabFood,,People Pasta,Greenville,Chicken Nugget - Vegan,,,1,,35000.00,,"September 13, 2026 08:19:03PM",DELIVERED
77396336,001271986704-C8EWATNAPB4UCN,GF-493,GrabFood,,Herbox,Greenville,Vegan Chickin Nugget,Sides,,1,,40000.00,,"September 13, 2026 07:56:31PM",DELIVERED
77396336,001271986704-C8EWATNAPB4UCN,GF-493,GrabFood,,Herbox,Greenville,Nasi Goreng Bintang Kuning Vegan Vegetarian,Nasi Goreng Special,,1,,35000.00,,"September 13, 2026 07:56:31PM",DELIVERED
77387179,00105630810-C8EVWF3UVLNCHA,GF-929,GrabFood,,Herbox,Greenville,Teriyaki Vegan Vegetarian Ricebox,Ricebox,,1,,39000.00,,"September 13, 2026 06:42:23PM",DELIVERED
77387110,0014834035-C8EVWFX3KBAFVE,GF-729,GrabFood,,American Breakfast Club,Greenville,Cheese Omelette - Side Tater Tots,American Breakfast Omelettes,,1,,58000.00,,"September 13, 2026 06:41:49PM",DELIVERED
77387110,0014834035-C8EVWFX3KBAFVE,GF-729,GrabFood,,American Breakfast Club,Greenville,Cheese Omelette - Side Tater Tots,American Breakfast Omelettes,Cutleries,,1,,1500.00,"September 13, 2026 06:41:49PM",DELIVERED
77387110,0014834035-C8EVWFX3KBAFVE,GF-729,GrabFood,,American Breakfast Club,Greenville,"Mushroom Omelette - Mushrooms, Spinach, Side Tater Tots",American Breakfast Omelettes,,1,,68000.00,,"September 13, 2026 06:41:49PM",DELIVERED
77383641,F-3356214100,4466,gofood,,Herbox,Greenville,Teriyaki Vegan Vegetarian Ricebox,Ricebox,,1,,31200.00,,"September 13, 2026 06:13:20PM",DELIVERED
77383641,F-3356214100,4466,gofood,,Herbox,Greenville,Tater tots,Sides,,1,,24000.00,,"September 13, 2026 06:13:20PM",DELIVERED
77376107,00145384883-C8EVVTDYUAN3LA,GF-129,GrabFood,,People Pasta,Greenville,Chicken Nugget - Vegan,,,1,,35000.00,,"September 13, 2026 05:08:05PM",DELIVERED
77376107,00145384883-C8EVVTDYUAN3LA,GF-129,GrabFood,,People Pasta,Greenville,Bolognese - Vegan Friendly - Vegetarian - Plantbase,Signature Pasta,,1,,43000.00,,"September 13, 2026 05:08:05PM",DELIVERED
77376107,00145384883-C8EVVTDYUAN3LA,GF-129,GrabFood,,People Pasta,Greenville,Bolognese - Vegan Friendly - Vegetarian - Plantbase,Signature Pasta,Fettucine,,1,,1000.00,"September 13, 2026 05:08:05PM",DELIVERED
77376107,00145384883-C8EVVTDYUAN3LA,GF-129,GrabFood,,People Pasta,Greenville,Creamy Mushroom - Vegetarian - Plantbased,Signature Pasta,,1,,43000.00,,"September 13, 2026 05:08:05PM",DELIVERED
77376107,00145384883-C8EVVTDYUAN3LA,GF-129,GrabFood,,People Pasta,Greenville,Creamy Mushroom - Vegetarian - Plantbased,Signature Pasta,Fettucine,,1,,1000.00,"September 13, 2026 05:08:05PM",DELIVERED
77375696,0014884984-C8EVVRC2TBXTAE,GF-231,GrabFood,,People Pasta,Greenville,Vegan Chicken Crispy Burger,Meatless Burgers,,1,,49000.00,,"September 13, 2026 05:04:29PM",DELIVERED
77375696,0014884984-C8EVVRC2TBXTAE,GF-231,GrabFood,,People Pasta,Greenville,Vegan Fillet-no-Fish,Meatless Burgers,,2,,49000.00,,"September 13, 2026 05:04:29PM",DELIVERED
77375696,0014884984-C8EVVRC2TBXTAE,GF-231,GrabFood,,People Pasta,Greenville,Chicken Nugget - Vegan,,,1,,35000.00,,"September 13, 2026 05:04:29PM",DELIVERED
77366400,001111304822-C8EVUALBALNZPA,GF-423,GrabFood,,American Breakfast Club,Kemang,"Burrito - Mock Chicken, 2 Scrambled Eggs, Cheddar, Avocado, Tater Tots",American Breakfast Burritos,,1,,68000.00,,"September 13, 2026 03:29:10PM",DELIVERED
77361600,001455935548-C8EVTVEBTKN3JN,GF-311,GrabFood,,People Pasta,Greenville,Creamy Mushroom - Vegetarian - Plantbased,Signature Pasta,,1,,43000.00,,"September 13, 2026 02:34:54PM",DELIVERED
77361600,001455935548-C8EVTVEBTKN3JN,GF-311,GrabFood,,People Pasta,Greenville,Creamy Mushroom - Vegetarian - Plantbased,Signature Pasta,Spaghetti,,1,,0.00,"September 13, 2026 02:34:54PM",DELIVERED
77361600,001455935548-C8EVTVEBTKN3JN,GF-311,GrabFood,,People Pasta,Greenville,Cacio e Pepe - Vegetarian - Plantbased,Signature Pasta,,1,,43000.00,,"September 13, 2026 02:34:54PM",DELIVERED
77361600,001455935548-C8EVTVEBTKN3JN,GF-311,GrabFood,,People Pasta,Greenville,Cacio e Pepe - Vegetarian - Plantbased,Signature Pasta,Spaghetti,,1,,0.00,"September 13, 2026 02:34:54PM",DELIVERED
77361600,001455935548-C8EVTVEBTKN3JN,GF-311,GrabFood,,People Pasta,Greenville,Chicken Nugget - Vegan,,,1,,35000.00,,"September 13, 2026 02:34:54PM",DELIVERED
77361251,0011234219-C8EVTUWJNVEUAA,GF-148,GrabFood,,American Breakfast Club,Greenville,"Burrito - 2 Scrambled Eggs, Cheddar, Avocado, Tater Tots",American Breakfast Burritos,,1,,58000.00,,"September 13, 2026 02:31:18PM",DELIVERED
77361251,0011234219-C8EVTUWJNVEUAA,GF-148,GrabFood,,American Breakfast Club,Greenville,"Burrito - 2 Scrambled Eggs, Cheddar, Avocado, Tater Tots",American Breakfast Burritos,Cutleries,,1,,1500.00,"September 13, 2026 02:31:18PM",DELIVERED
77361251,0011234219-C8EVTUWJNVEUAA,GF-148,GrabFood,,American Breakfast Club,Greenville,"Burrito - 2 Scrambled Eggs, Cheddar, Avocado, Tater Tots",American Breakfast Burritos,Mineral Water,,1,,15000.00,"September 13, 2026 02:31:18PM",DELIVERED
77360909,001392894896-C8EVTUDVTFM2TJ,GF-373,GrabFood,,American Breakfast Club,Greenville,Cheese Omelette - Side Tater Tots,American Breakfast Omelettes,,2,,58000.00,,"September 13, 2026 02:28:02PM",DELIVERED
77360909,001392894896-C8EVTUDVTFM2TJ,GF-373,GrabFood,,American Breakfast Club,Greenville,Cheese Omelette - Side Tater Tots,American Breakfast Omelettes,Tatter Tots,,2,,30000.00,"September 13, 2026 02:28:02PM",DELIVERED
77360909,001392894896-C8EVTUDVTFM2TJ,GF-373,GrabFood,,American Breakfast Club,Greenville,Cutleries,Cutleries,,1,,1000.00,,"September 13, 2026 02:28:02PM",DELIVERED
77360377,00178756044-C8EVTTJ3E2TWJ2,GF-488,GrabFood,,Tyfel Coffee,Greenville,Signature Sandwich,Brunch,,1,,45000.00,,"September 13, 2026 02:22:40PM",DELIVERED
77360377,00178756044-C8EVTTJ3E2TWJ2,GF-488,GrabFood,,Tyfel Coffee,Greenville,Coke,Drinks,,1,,10000.00,,"September 13, 2026 02:22:40PM",DELIVERED
77355035,001740977918-C8EVTCLJLKMKPE,GF-326,GrabFood,,American Breakfast Club,Greenville,"Mushroom Omelette - Mushrooms, Spinach, Side Tater Tots",American Breakfast Omelettes,,1,,68000.00,,"September 13, 2026 01:29:18PM",DELIVERED
77355035,001740977918-C8EVTCLJLKMKPE,GF-326,GrabFood,,American Breakfast Club,Greenville,"2 Pancakes - Butter, Maple Syrup",American Breakfast Pancakes,,1,,48000.00,,"September 13, 2026 01:29:18PM",DELIVERED
77353678,0015158433-C8EVTANEVKCUTJ,GF-748,GrabFood,,American Breakfast Club,Kemang,Cheese Omelette - Side Tater Tots,American Breakfast Omelettes,,1,,58000.00,,"September 13, 2026 01:16:36PM",DELIVERED
77353678,0015158433-C8EVTANEVKCUTJ,GF-748,GrabFood,,American Breakfast Club,Kemang,"Burrito - Mock Fish, 2 Scrambled Eggs, Cheddar, Avocado, Tater Tots,",American Breakfast Burritos,,1,,68000.00,,"September 13, 2026 01:16:36PM",DELIVERED
77350698,F-3355758685,8883,gofood,,American Breakfast Club,Kemang,Tater Tots,Sides,,2,,28000.00,,"September 13, 2026 12:48:00PM",DELIVERED
77348651,00122695476-C8EVR63JT3UZVE,GF-172,GrabFood,,American Breakfast Club,Greenville,"Burrito - Mock Beef, 2 Scrambled Eggs, Cheddar, Avocado, Tater Tots,",American Breakfast Burritos,,1,,68000.00,,"September 13, 2026 12:30:16PM",DELIVERED
77348651,00122695476-C8EVR63JT3UZVE,GF-172,GrabFood,,American Breakfast Club,Greenville,"Burrito - Mock Beef, 2 Scrambled Eggs, Cheddar, Avocado, Tater Tots,",American Breakfast Burritos,Truffle Tater Tots,,1,,40000.00,"September 13, 2026 12:30:16PM",DELIVERED
77348238,F-3355720542,2738,gofood,,American Breakfast Club,Greenville,"Burrito - Mock Chicken, 2 Scrambled Eggs, Cheddar, Avocado, Tater Tots",American Breakfast Burritos,,1,,54400.00,,"September 13, 2026 12:26:15PM",DELIVERED
77348238,F-3355720542,2738,gofood,,American Breakfast Club,Greenville,"Burrito - Mock Beef, 2 Scrambled Eggs, Cheddar, Avocado, Tater Tots,",American Breakfast Burritos,,1,,54400.00,,"September 13, 2026 12:26:15PM",DELIVERED
77347590,00141570665-C8EVR4DXEJKYTN,GF-596,GrabFood,,People Pasta,Greenville,Chicken Nugget - Vegan,,,1,,35000.00,,"September 13, 2026 12:21:25PM",DELIVERED
77347590,00141570665-C8EVR4DXEJKYTN,GF-596,GrabFood,,People Pasta,Greenville,Meat-less Burger - Vegan,Meatless Burgers,,1,,49000.00,,"September 13, 2026 12:21:25PM",DELIVERED
77346863,00185800804-C8EVR3EVC6XZCE,GF-383,GrabFood,,Herbox,Greenville,Teriyaki Vegan Vegetarian Ricebox,Ricebox,,1,,39000.00,,"September 13, 2026 12:15:03PM",DELIVERED
77346863,00185800804-C8EVR3EVC6XZCE,GF-383,GrabFood,,Herbox,Greenville,Vegan Chickin Nugget,Sides,,1,,40000.00,,"September 13, 2026 12:15:03PM",DELIVERED
77346080,00198810016-C8EVR2CGGT4WGA,GF-295,GrabFood,,American Breakfast Club,Kemang,"Burrito - 2 Scrambled Eggs, Cheddar, Avocado, Tater Tots",American Breakfast Burritos,,1,,58000.00,,"September 13, 2026 12:07:44PM",DELIVERED
77345086,001790856393-C8EVRYEFG6JCCJ,GF-860,GrabFood,,American Breakfast Club,Kemang,"Burrito - Mock Chicken, 2 Scrambled Eggs, Cheddar, Avocado, Tater Tots",American Breakfast Burritos,,1,,68000.00,,"September 13, 2026 11:58:17AM",DELIVERED
77344251,001915924060-C8EVRXBHGVJZTE,GF-257,GrabFood,,American Breakfast Club,Greenville,"2 Pancakes - Blueberries, Butter, Maple Syrup",American Breakfast Pancakes,,1,,58000.00,,"September 13, 2026 11:50:38AM",DELIVERED
77344251,001915924060-C8EVRXBHGVJZTE,GF-257,GrabFood,,American Breakfast Club,Greenville,Cheese Omelette - Side Tater Tots,American Breakfast Omelettes,,1,,58000.00,,"September 13, 2026 11:50:38AM",DELIVERED
77344251,001915924060-C8EVRXBHGVJZTE,GF-257,GrabFood,,American Breakfast Club,Greenville,Cheese Omelette - Side Tater Tots,American Breakfast Omelettes,Chick Nugget,,1,,35000.00,"September 13, 2026 11:50:38AM",DELIVERED
77343620,001503948242-C8EVRUXAC8MXNN,GF-576,GrabFood,,American Breakfast Club,Kemang,"Mushroom Omelette - Mushrooms, Spinach, Side Tater Tots",American Breakfast Omelettes,,1,,68000.00,,"September 13, 2026 11:44:51AM",DELIVERED
77343620,001503948242-C8EVRUXAC8MXNN,GF-576,GrabFood,,American Breakfast Club,Kemang,"Burrito - 2 Scrambled Eggs, Cheddar, Avocado, Tater Tots",American Breakfast Burritos,,1,,58000.00,,"September 13, 2026 11:44:51AM",DELIVERED
77343171,001031117008-C8EVRUBGTENAHE,GF-041,GrabFood,,American Breakfast Club,Kemang,"Burrito - 2 Scrambled Eggs, Cheddar, Avocado, Tater Tots",American Breakfast Burritos,,1,,58000.00,,"September 13, 2026 11:40:36AM",DELIVERED
77341666,F-3355611211,6931,gofood,,Tyfel Coffee,Greenville,Mock Chicken Burrito,Breakfast Burritos,,2,,68000.00,,"September 13, 2026 11:25:28AM",DELIVERED
77341666,F-3355611211,6931,gofood,,Tyfel Coffee,Greenville,Chic Chunk - Vegan Plantbased,Lite Bites,,1,,38000.00,,"September 13, 2026 11:25:28AM",DELIVERED
77341666,F-3355611211,6931,gofood,,Tyfel Coffee,Greenville,Tater Tots,Sides,,1,,28000.00,,"September 13, 2026 11:25:28AM",DELIVERED
77341666,F-3355611211,6931,gofood,,Tyfel Coffee,Greenville,Mock Beef Sandwich,Breakfast Sandwiches,,1,,58000.00,,"September 13, 2026 11:25:28AM",DELIVERED
77339840,F-3355581226,3357,gofood,,American Breakfast Club,Greenville,"Mushroom Omelette - Mushrooms, Spinach, Side Tater Tots",American Breakfast Omelettes,,1,,54400.00,,"September 13, 2026 11:08:24AM",DELIVERED
77339840,F-3355581226,3357,gofood,,American Breakfast Club,Greenville,"Mushroom Omelette - Mushrooms, Spinach, Side Tater Tots",American Breakfast Omelettes,Cutleries,,1,,1500.00,"September 13, 2026 11:08:24AM",DELIVERED
77339840,F-3355581226,3357,gofood,,American Breakfast Club,Greenville,"Mushroom Omelette - Mushrooms, Spinach, Side Tater Tots",American Breakfast Omelettes,Add Hydro Coco,,1,,15000.00,"September 13, 2026 11:08:24AM",DELIVERED
77339840,F-3355581226,3357,gofood,,American Breakfast Club,Greenville,"Mushroom Omelette - Mushrooms, Spinach, Side Tater Tots",American Breakfast Omelettes,Truffle Tater Tots,,1,,40000.00,"September 13, 2026 11:08:24AM",DELIVERED
77339840,F-3355581226,3357,gofood,,American Breakfast Club,Greenville,Cheese Omelette - Side Tater Tots,American Breakfast Omelettes,,1,,46400.00,,"September 13, 2026 11:08:24AM",DELIVERED
77339840,F-3355581226,3357,gofood,,American Breakfast Club,Greenville,Cheese Omelette - Side Tater Tots,American Breakfast Omelettes,Add Hydro Coco,,1,,15000.00,"September 13, 2026 11:08:24AM",DELIVERED
77339840,F-3355581226,3357,gofood,,American Breakfast Club,Greenville,Cheese Omelette - Side Tater Tots,American Breakfast Omelettes,Tatter Tots,,1,,30000.00,"September 13, 2026 11:08:24AM",DELIVERED
77338693,F-3355563025,3711,gofood,,American Breakfast Club,Kemang,Tater Tots,Sides,,2,,28000.00,,"September 13, 2026 10:57:21AM",DELIVERED
77338693,F-3355563025,3711,gofood,,American Breakfast Club,Kemang,"Original Egg burger - Patties, 2 Scrambled Eggs, Cheddar Cheese, Secret Sauce",American Breakfast Burger,,1,,58000.00,,"September 13, 2026 10:57:21AM",DELIVERED
77338693,F-3355563025,3711,gofood,,American Breakfast Club,Kemang,"Original Egg burger - Patties, 2 Scrambled Eggs, Cheddar Cheese, Secret Sauce",American Breakfast Burger,Home Fries,,1,,30000.00,"September 13, 2026 10:57:21AM",DELIVERED
77338082,001628063370-C8EVRFD3FATFE2,GF-002,GrabFood,,American Breakfast Club,Kemang,"Burrito - Mock Beef, 2 Scrambled Eggs, Cheddar, Avocado, Tater Tots,",American Breakfast Burritos,,1,,68000.00,,"September 13, 2026 10:51:30AM",DELIVERED
77337831,001214805314-C8EVRE3XVXUJME,GF-684,GrabFood,,American Breakfast Club,Greenville,"Mushroom Omelette - Mushrooms, Spinach, Side Tater Tots",American Breakfast Omelettes,,1,,68000.00,,"September 13, 2026 10:49:04AM",DELIVERED
77337831,001214805314-C8EVRE3XVXUJME,GF-684,GrabFood,,American Breakfast Club,Greenville,Cheese Omelette - Side Tater Tots,American Breakfast Omelettes,,1,,58000.00,,"September 13, 2026 10:49:04AM",DELIVERED
77337831,001214805314-C8EVRE3XVXUJME,GF-684,GrabFood,,American Breakfast Club,Greenville,"Burrito - Mock Beef, 2 Scrambled Eggs, Cheddar, Avocado, Tater Tots,",American Breakfast Burritos,,1,,68000.00,,"September 13, 2026 10:49:04AM",DELIVERED
77337831,001214805314-C8EVRE3XVXUJME,GF-684,GrabFood,,American Breakfast Club,Greenville,Tater Tots,Sides,,1,,38000.00,,"September 13, 2026 10:49:04AM",DELIVERED
77336961,00130164016-C8EVRB4HVA3YCA,GF-205,GrabFood,,American Breakfast Club,Greenville,"Burrito - Mock Beef, 2 Scrambled Eggs, Cheddar, Avocado, Tater Tots,",American Breakfast Burritos,,1,,68000.00,,"September 13, 2026 10:39:19AM",DELIVERED
77336026,F-3355510393,7142,gofood,,American Breakfast Club,Kemang,"Burrito - 2 Scrambled Eggs, Cheddar, Avocado, Tater Tots",American Breakfast Burritos,,1,,58000.00,,"September 13, 2026 10:22:47AM",DELIVERED
77333296,00108860436-C8EVPAJTJRDGFE,GF-085,GrabFood,,American Breakfast Club,Kemang,"Burrito - 2 Scrambled Eggs, Cheddar, Avocado, Tater Tots",American Breakfast Burritos,,1,,58000.00,,"September 13, 2026 09:55:23AM",DELIVERED
77332970,F-3355468054,8718,gofood,,American Breakfast Club,Kemang,"Burrito - 2 Scrambled Eggs, Cheddar, Avocado, Tater Tots",American Breakfast Burritos,,1,,58000.00,,"September 13, 2026 09:49:38AM",DELIVERED
77332589,F-3355461965,5865,gofood,,Herbox,Greenville,Nasi Goreng Bintang Kuning Vegan Vegetarian,Nasi Goreng Special,,1,,28000.00,,"September 13, 2026 09:43:49AM",DELIVERED
77332589,F-3355461965,5865,gofood,,Herbox,Greenville,Kung Paow Chick Vegan Vegetarian Ricebox,Ricebox,,1,,31200.00,,"September 13, 2026 09:43:49AM",DELIVERED
77332589,F-3355461965,5865,gofood,,Herbox,Greenville,Original Burger Vegan,Vegan Burger,,1,,47200.00,,"September 13, 2026 09:43:49AM",DELIVERED
77332139,F-3355454150,5786,gofood,,American Breakfast Club,Greenville,Cheese Omelette - Side Tater Tots,American Breakfast Omelettes,,1,,46400.00,,"September 13, 2026 09:36:18AM",DELIVERED
77332139,F-3355454150,5786,gofood,,American Breakfast Club,Greenville,"Burrito - Mock Chicken, 2 Scrambled Eggs, Cheddar, Avocado, Tater Tots",American Breakfast Burritos,,1,,54400.00,,"September 13, 2026 09:36:18AM",DELIVERED
77331688,00185543426-C8EVN3JHKB2AGX,GF-931,GrabFood,,American Breakfast Club,Greenville,"2 Pancakes - Blueberries, Butter, Maple Syrup",American Breakfast Pancakes,,1,,58000.00,,"September 13, 2026 09:28:37AM",DELIVERED
77331688,00185543426-C8EVN3JHKB2AGX,GF-931,GrabFood,,American Breakfast Club,Greenville,"Burrito - 2 Scrambled Eggs, Cheddar, Avocado, Tater Tots",American Breakfast Burritos,,1,,58000.00,,"September 13, 2026 09:28:37AM",DELIVERED
77331507,00183740128-C8EVN22JV2JTPA,GF-168,GrabFood,,American Breakfast Club,Greenville,Cheese Omelette - Side Tater Tots,American Breakfast Omelettes,,1,,58000.00,,"September 13, 2026 09:25:19AM",DELIVERED
77331507,00183740128-C8EVN22JV2JTPA,GF-168,GrabFood,,American Breakfast Club,Greenville,Cheese Omelette - Side Tater Tots,American Breakfast Omelettes,Chick Nugget,,1,,35000.00,"September 13, 2026 09:25:19AM",DELIVERED
77331507,00183740128-C8EVN22JV2JTPA,GF-168,GrabFood,,American Breakfast Club,Greenville,"Sandwich - 2 Scrambled Eggs, Mock Fish, Cheddar Cheese, Mix, Brioche Bun",American Breakfast Sandwiches,,1,,58000.00,,"September 13, 2026 09:25:19AM",DELIVERED
77331403,001633034854-C8EVN2TCV8CEG2,GF-367,GrabFood,,American Breakfast Club,Kemang,"Burrito - 2 Scrambled Eggs, Cheddar, Avocado, Tater Tots",American Breakfast Burritos,,4,,58000.00,,"September 13, 2026 09:23:35AM",DELIVERED
77330777,0017925522-C8EVNYJXG2NHV2,GF-084,GrabFood,,American Breakfast Club,Greenville,"2 Pancakes - Butter, Maple Syrup",American Breakfast Pancakes,,1,,48000.00,,"September 13, 2026 09:12:06AM",DELIVERED
77330777,0017925522-C8EVNYJXG2NHV2,GF-084,GrabFood,,American Breakfast Club,Greenville,Cheese Omelette - Side Tater Tots,American Breakfast Omelettes,,1,,58000.00,,"September 13, 2026 09:12:06AM",DELIVERED
77330485,0014021487-C8EVNXNAN7BEG6,GF-418,GrabFood,,People Pasta,Greenville,Meat-less Burger - Vegan,Meatless Burgers,,1,,49000.00,,"September 13, 2026 09:06:30AM",DELIVERED
77330485,0014021487-C8EVNXNAN7BEG6,GF-418,GrabFood,,People Pasta,Greenville,Mineral Water pH 9+,Add-on,,1,,15000.00,,"September 13, 2026 09:06:30AM",DELIVERED
77330425,00194949729-C8EVNXJTDB3AME,GF-020,GrabFood,,LA Breakfast Club,Greenville,"Mushroom Omelette - Mushrooms, Spinach, Side of Tater Tots",LA Breakfast Omelettes,,1,,82000.00,,"September 13, 2026 09:05:20AM",DELIVERED
77330425,00194949729-C8EVNXJTDB3AME,GF-020,GrabFood,,LA Breakfast Club,Greenville,Mock Chicken Burrito,LA Breakfast Burritos,,1,,86000.00,,"September 13, 2026 09:05:20AM",DELIVERED
77330425,00194949729-C8EVNXJTDB3AME,GF-020,GrabFood,,LA Breakfast Club,Greenville,Mock Beef Burrito,LA Breakfast Burritos,,1,,82000.00,,"September 13, 2026 09:05:20AM",DELIVERED
77330221,001321649484-C8EVNVC3WFTUTT,GF-314,GrabFood,,American Breakfast Club,Kemang,"Burrito - Mock Fish, 2 Scrambled Eggs, Cheddar, Avocado, Tater Tots,",American Breakfast Burritos,,1,,68000.00,,"September 13, 2026 09:01:10AM",DELIVERED
77329773,001616590269-C8EVNTV3BEVXKA,GF-750,GrabFood,,American Breakfast Club,Greenville,"Sandwich - 2 Scrambled Eggs Mock Beef, Cheddar Cheese  on a wavy brioche bun",American Breakfast Sandwiches,,1,,58000.00,,"September 13, 2026 08:51:12AM",DELIVERED
77329693,F-3355410452,4415,gofood,,American Breakfast Club,Greenville,"Burrito - Mock Katsu, 2 Scrambled Eggs, Cheddar, Avocado, Tater Tots",American Breakfast Burritos,,1,,54400.00,,"September 13, 2026 08:48:22AM",DELIVERED
77329693,F-3355410452,4415,gofood,,American Breakfast Club,Greenville,"Burrito - Mock Katsu, 2 Scrambled Eggs, Cheddar, Avocado, Tater Tots",American Breakfast Burritos,Chick Nugget,,1,,35000.00,"September 13, 2026 08:48:22AM",DELIVERED
77329693,F-3355410452,4415,gofood,,American Breakfast Club,Greenville,Cheese Omelette - Side Tater Tots,American Breakfast Omelettes,,1,,46400.00,,"September 13, 2026 08:48:22AM",DELIVERED
77329639,F-3355409699,9958,gofood,,American Breakfast Club,Kemang,"Mushroom Omelette - Mushrooms, Spinach, Side Tater Tots",American Breakfast Omelettes,,1,,68000.00,,"September 13, 2026 08:47:21AM",DELIVERED
77329518,F-3355407084,1437,gofood,,American Breakfast Club,Kemang,"Egg burger - 2 Scrambled Eggs, Cheddar Cheese, Secret Sauce",American Breakfast Burger,,1,,45000.00,,"September 13, 2026 08:43:47AM",DELIVERED
77329518,F-3355407084,1437,gofood,,American Breakfast Club,Kemang,"Egg burger - 2 Scrambled Eggs, Cheddar Cheese, Secret Sauce",American Breakfast Burger,Cutleries,,1,,600.00,"September 13, 2026 08:43:47AM",DELIVERED
77329518,F-3355407084,1437,gofood,,American Breakfast Club,Kemang,"Egg burger - 2 Scrambled Eggs, Cheddar Cheese, Secret Sauce",American Breakfast Burger,Tatter Tots,,1,,30000.00,"September 13, 2026 08:43:47AM",DELIVERED
77329518,F-3355407084,1437,gofood,,American Breakfast Club,Kemang,"Burrito - Mock Chicken, 2 Scrambled Eggs, Cheddar, Avocado, Tater Tots",American Breakfast Burritos,,1,,68000.00,,"September 13, 2026 08:43:47AM",DELIVERED
77329518,F-3355407084,1437,gofood,,American Breakfast Club,Kemang,"Mushroom Omelette - Mushrooms, Spinach, Side Tater Tots",American Breakfast Omelettes,,1,,68000.00,,"September 13, 2026 08:43:47AM",DELIVERED
77329320,001950380068-C8EVNPL1UFL3VT,GF-466,GrabFood,,American Breakfast Club,Greenville,"Sandwich - 2 Scrambled Eggs Mock Beef, Cheddar Cheese  on a wavy brioche bun",American Breakfast Sandwiches,,1,,58000.00,,"September 13, 2026 08:39:28AM",DELIVERED
77329070,001620189314-C8EVNNMTGUUDHE,GF-217,GrabFood,,American Breakfast Club,Greenville,"Sandwich - 2 Scrambled Eggs Mock Beef, Cheddar Cheese  on a wavy brioche bun",American Breakfast Sandwiches,,1,,58000.00,,"September 13, 2026 08:33:02AM",DELIVERED
77329070,001620189314-C8EVNNMTGUUDHE,GF-217,GrabFood,,American Breakfast Club,Greenville,Cutleries,Cutleries,,1,,1000.00,,"September 13, 2026 08:33:02AM",DELIVERED
77328879,F-3355395378,7532,gofood,,American Breakfast Club,Kemang,Sandwich - 2 Scrambled Eggs melty cheddar cheese on a wavy brioche bun,American Breakfast Sandwiches,,1,,45000.00,,"September 13, 2026 08:27:16AM",DELIVERED
77328879,F-3355395378,7532,gofood,,American Breakfast Club,Kemang,Sandwich - 2 Scrambled Eggs melty cheddar cheese on a wavy brioche bun,American Breakfast Sandwiches,Home Fries,,1,,30000.00,"September 13, 2026 08:27:16AM",DELIVERED
77328879,F-3355395378,7532,gofood,,American Breakfast Club,Kemang,"Sandwich - 2 Scrambled Eggs, Mock Chicken, Cheddar Cheese Mix, Brioche Bun",American Breakfast Sandwiches,,1,,58000.00,,"September 13, 2026 08:27:16AM",DELIVERED
77328868,00148903936-C8EVNLBUJE2YEJ,GF-368,GrabFood,,American Breakfast Club,Greenville,Cheese Omelette - Side Tater Tots,American Breakfast Omelettes,,1,,58000.00,,"September 13, 2026 08:27:23AM",DELIVERED
77328868,00148903936-C8EVNLBUJE2YEJ,GF-368,GrabFood,,American Breakfast Club,Greenville,Sandwich - 2 Scrambled Eggs melty cheddar cheese on a wavy brioche bun,American Breakfast Sandwiches,,1,,45000.00,,"September 13, 2026 08:27:23AM",DELIVERED
77328868,00148903936-C8EVNLBUJE2YEJ,GF-368,GrabFood,,American Breakfast Club,Greenville,Sandwich - 2 Scrambled Eggs melty cheddar cheese on a wavy brioche bun,American Breakfast Sandwiches,Tatter Tots,,1,,30000.00,"September 13, 2026 08:27:23AM",DELIVERED
77328787,001148914105-C8EVNKWHLFUCVN,GF-962,GrabFood,,American Breakfast Club,Greenville,"2 Pancakes - Chocolate Chips, Butter, Maple Syrup",American Breakfast Pancakes,,3,,58000.00,,"September 13, 2026 08:24:39AM",DELIVERED
77328787,001148914105-C8EVNKWHLFUCVN,GF-962,GrabFood,,American Breakfast Club,Greenville,"2 Pancakes - Blueberries, Butter, Maple Syrup",American Breakfast Pancakes,,1,,58000.00,,"September 13, 2026 08:24:39AM",DELIVERED
77328402,00153393985-C8EVNGNFTU6EGT,GF-691,GrabFood,,American Breakfast Club,Kemang,"Burrito - 2 Scrambled Eggs, Cheddar, Avocado, Tater Tots",American Breakfast Burritos,,1,,58000.00,,"September 13, 2026 08:13:15AM",DELIVERED
77328402,00153393985-C8EVNGNFTU6EGT,GF-691,GrabFood,,American Breakfast Club,Kemang,Cutleries,,,6,,600.00,,"September 13, 2026 08:13:15AM",DELIVERED
77327975,F-3355376596,7324,gofood,,American Breakfast Club,Kemang,"Burrito - Mock Beef, 2 Scrambled Eggs, Cheddar, Avocado, Tater Tots,",American Breakfast Burritos,,1,,68000.00,,"September 13, 2026 07:58:35AM",DELIVERED
77327975,F-3355376596,7324,gofood,,American Breakfast Club,Kemang,"Burrito - Mock Beef, 2 Scrambled Eggs, Cheddar, Avocado, Tater Tots,",American Breakfast Burritos,Chick Nugget,,1,,35000.00,"September 13, 2026 07:58:35AM",DELIVERED
77327748,00157921087-C8EVNBXDAPN2A6,GF-331,GrabFood,,American Breakfast Club,Kemang,Home Fries,Sides,,1,,38000.00,,"September 13, 2026 07:51:38AM",DELIVERED
77327748,00157921087-C8EVNBXDAPN2A6,GF-331,GrabFood,,American Breakfast Club,Kemang,"Burrito - 2 Scrambled Eggs, Cheddar, Avocado, Tater Tots",American Breakfast Burritos,,1,,58000.00,,"September 13, 2026 07:51:38AM",DELIVERED
77327748,00157921087-C8EVNBXDAPN2A6,GF-331,GrabFood,,American Breakfast Club,Kemang,"Burrito - 2 Scrambled Eggs, Cheddar, Avocado, Tater Tots",American Breakfast Burritos,Home Fries,,1,,30000.00,"September 13, 2026 07:51:38AM",DELIVERED
77327497,001920164321-C8EVNAKUPFBYTE,GF-321,GrabFood,,American Breakfast Club,Kemang,"Burrito - 2 Scrambled Eggs, Cheddar, Avocado, Tater Tots",American Breakfast Burritos,,2,,58000.00,,"September 13, 2026 07:42:21AM",DELIVERED
77327467,001788440727-C8EVNADFKAUTBE,GF-890,GrabFood,,American Breakfast Club,Kemang,Cheese Omelette - Side Tater Tots,American Breakfast Omelettes,,1,,58000.00,,"September 13, 2026 07:41:18AM",DELIVERED
77327467,001788440727-C8EVNADFKAUTBE,GF-890,GrabFood,,American Breakfast Club,Kemang,Cheese Omelette - Side Tater Tots,American Breakfast Omelettes,Tatter Tots,,1,,30000.00,"September 13, 2026 07:41:18AM",DELIVERED
77327442,F-3355366515,4537,gofood,,People Pasta,Greenville,Meat-less Burger - Vegan,Meatless Burgers,,1,,49000.00,,"September 13, 2026 07:39:45AM",DELIVERED
77327442,F-3355366515,4537,gofood,,People Pasta,Greenville,Meat-less Burger - Vegan,Meatless Burgers,Truffle Tatter Tots,,1,,32000.00,"September 13, 2026 07:39:45AM",DELIVERED
77326753,001351089876-C8EVMAKKWBB2RA,GF-727,GrabFood,,American Breakfast Club,Greenville,"Burrito - 2 Scrambled Eggs, Cheddar, Avocado, Tater Tots",American Breakfast Burritos,,1,,58000.00,,"September 13, 2026 07:08:59AM",DELIVERED
77326588,00157589974-C8EVL7U1KCBYMA,GF-152,GrabFood,,American Breakfast Club,Greenville,"Burrito - Mock Beef, 2 Scrambled Eggs, Cheddar, Avocado, Tater Tots,",American Breakfast Burritos,,1,,68000.00,,"September 13, 2026 07:00:50AM",DELIVERED
77326460,F-3355345122,7817,gofood,,American Breakfast Club,Greenville,"2 Pancakes - Blueberries, Butter, Maple Syrup",American Breakfast Pancakes,,1,,46400.00,,"September 13, 2026 06:52:43AM",DELIVERED
77326372,001315820249-C8EVL33KVVLXPE,GF-872,GrabFood,,American Breakfast Club,Greenville,"Burrito - 2 Scrambled Eggs, Cheddar, Avocado, Tater Tots",American Breakfast Burritos,,1,,58000.00,,"September 13, 2026 06:48:00AM",DELIVERED
77326123,00121996029-C8EVLXMBGN2BLX,GF-105,GrabFood,,American Breakfast Club,Greenville,"Burrito - Mock Beef, 2 Scrambled Eggs, Cheddar, Avocado, Tater Tots,",American Breakfast Burritos,,1,,68000.00,,"September 13, 2026 06:32:12AM",DELIVERED
77326123,00121996029-C8EVLXMBGN2BLX,GF-105,GrabFood,,American Breakfast Club,Greenville,"2 Pancakes - Blueberries, Butter, Maple Syrup",American Breakfast Pancakes,,1,,58000.00,,"September 13, 2026 06:32:12AM",DELIVERED
77326123,00121996029-C8EVLXMBGN2BLX,GF-105,GrabFood,,American Breakfast Club,Greenville,"2 Pancakes - Blueberries, Butter, Maple Syrup",American Breakfast Pancakes,Cutleries,,1,,1500.00,"September 13, 2026 06:32:12AM",DELIVERED
77325734,0018790502-C8EVLTE1LY6WLX,GF-617,GrabFood,,American Breakfast Club,Greenville,"Sandwich - 2 Scrambled Eggs, Mock Chicken, Cheddar Cheese Mix, Brioche Bun",American Breakfast Sandwiches,,2,,58000.00,,"September 13, 2026 06:01:47AM",DELIVERED
