Order ID,External ID,Short ID,Provider,Order Source,Brand,Branch,Menu Items,Menu Categories,Menu Modifiers,Item Quantity,Modifier Quantity,Item Sale Price,Modifier Sale Price,Created At,Status
78922381,001900135510-C8JKE34FTAX2E2,GF-903,GrabFood,,American Breakfast Club,Kemang,"Burrito - Mock Katsu, 2 Scrambled Eggs, Cheddar, Avocado, Tater Tots",American Breakfast Burritos,,1,,68000.00,,"October 02, 2026 02:39:24PM",DELIVERED
78921738,00180723797-C8JKE2W2CPX2GT,GF-638,GrabFood,,American Breakfast Club,Kemang,"2 Pancakes - Butter, Maple Syrup",American Breakfast Pancakes,,1,,48000.00,,"October 02, 2026 02:31:28PM",DELIVERED
78921738,00180723797-C8JKE2W2CPX2GT,GF-638,GrabFood,,American Breakfast Club,Kemang,Sandwich - 2 Scrambled Eggs melty cheddar cheese on a wavy brioche bun,American Breakfast Sandwiches,,1,,45000.00,,"October 02, 2026 02:31:28PM",DELIVERED
78918268,001775249517-C8JKEPJYNBV1RT,GF-944,GrabFood,,LA Breakfast Club,Greenville,Tater Tots,,,3,,42000.00,,"October 02, 2026 01:48:26PM",DELIVERED
78915360,0019689286-C8JKEF2JVB43BA,GF-930,GrabFood,,American Breakfast Club,Greenville,"Burrito - Mock Fish, 2 Scrambled Eggs, Cheddar, Avocado, Tater Tots,",American Breakfast Burritos,,1,,68000.00,,"October 02, 2026 01:15:21PM",DELIVERED
78913832,001235353849-C8JKEB2XDFC3CN,GF-174,GrabFood,,People Pasta,Greenville,Chicken Nugget - Vegan,,,1,,35000.00,,"October 02, 2026 12:58:46PM",DELIVERED
78913832,001235353849-C8JKEB2XDFC3CN,GF-174,GrabFood,,People Pasta,Greenville,Hygine Cutleries,Add-on,,1,,1500.00,,"October 02, 2026 12:58:46PM",DELIVERED
78913832,001235353849-C8JKEB2XDFC3CN,GF-174,GrabFood,,People Pasta,Greenville,Vegan Chicken Crispy Burger,Meatless Burgers,,1,,49000.00,,"October 02, 2026 12:58:46PM",DELIVERED
78913832,001235353849-C8JKEB2XDFC3CN,GF-174,GrabFood,,People Pasta,Greenville,Truffle Tatter Tots,,,1,,32000.00,,"October 02, 2026 12:58:46PM",DELIVERED
78912353,001599917476-C8JKDF6WVFNDAX,GF-475,GrabFood,,Herbox,Greenville,Kung Paow Chick Vegan Vegetarian Ricebox,Ricebox,,6,,39000.00,,"October 02, 2026 12:43:24PM",DELIVERED
78912308,00197481019-C8JKDF5JABVDC2,GF-540,GrabFood,,Herbox,Greenville,Original Burger Vegan,Vegan Burger,,1,,59000.00,,"October 02, 2026 12:42:58PM",DELIVERED
78908122,F-3376990560,9422,gofood,,American Breakfast Club,Kemang,"Burrito - 2 Scrambled Eggs, Cheddar, Avocado, Tater Tots",American Breakfast Burritos,,1,,58000.00,,"October 02, 2026 11:55:32AM",DELIVERED
78901302,00115778881-C8JKCKTZMAXTLT,GF-727,GrabFood,,American Breakfast Club,Greenville,"Sandwich - 2 Scrambled Eggs Mock Beef, Cheddar Cheese  on a wavy brioche bun",American Breakfast Sandwiches,,1,,58000.00,,"October 02, 2026 10:43:47AM",DELIVERED
78901302,00115778881-C8JKCKTZMAXTLT,GF-727,GrabFood,,American Breakfast Club,Greenville,"Sandwich - 2 Scrambled Eggs Mock Beef, Cheddar Cheese  on a wavy brioche bun",American Breakfast Sandwiches,Truffle Home Fries,,1,,40000.00,"October 02, 2026 10:43:47AM",DELIVERED
78898749,F-3376835546,9275,gofood,,American Breakfast Club,Kemang,"Burrito - 2 Scrambled Eggs, Cheddar, Avocado, Tater Tots",American Breakfast Burritos,,2,,58000.00,,"October 02, 2026 10:13:23AM",DELIVERED
78895674,F-3376785799,2442,gofood,,American Breakfast Club,Kemang,"Burrito - Mock Beef, 2 Scrambled Eggs, Cheddar, Avocado, Tater Tots,",American Breakfast Burritos,,1,,68000.00,,"October 02, 2026 09:24:01AM",DELIVERED
78895656,001288915868-C8JKA8DZVGLDVT,GF-395,GrabFood,,American Breakfast Club,Greenville,"Burrito - Mock Beef, 2 Scrambled Eggs, Cheddar, Avocado, Tater Tots,",American Breakfast Burritos,,1,,68000.00,,"October 02, 2026 09:24:46AM",DELIVERED
78895656,001288915868-C8JKA8DZVGLDVT,GF-395,GrabFood,,American Breakfast Club,Greenville,"2 Pancakes - Blueberries, Butter, Maple Syrup",American Breakfast Pancakes,,1,,58000.00,,"October 02, 2026 09:24:46AM",DELIVERED
78895561,0010829466-C8JKA74AABTZPE,GF-788,GrabFood,,American Breakfast Club,Kemang,"Burrito - Mock Chicken, 2 Scrambled Eggs, Cheddar, Avocado, Tater Tots",American Breakfast Burritos,,1,,68000.00,,"October 02, 2026 09:22:32AM",DELIVERED
78895062,00146562651-C8JKA6KXAJEZGA,GF-435,GrabFood,,American Breakfast Club,Kemang,"Burrito - Mock Fish, 2 Scrambled Eggs, Cheddar, Avocado, Tater Tots,",American Breakfast Burritos,,1,,68000.00,,"October 02, 2026 09:12:23AM",DELIVERED
78894841,001726727366-C8JKA4BBKEUJRE,GF-987,GrabFood,,LA Breakfast Club,Greenville,Mock Chicken Sandwich,LA Breakfast Sandwiches,,1,,86000.00,,"October 02, 2026 09:07:56AM",DELIVERED
78894841,001726727366-C8JKA4BBKEUJRE,GF-987,GrabFood,,LA Breakfast Club,Greenville,Mock Chicken Sandwich,LA Breakfast Sandwiches,Sriracha,,1,,0.00,"October 02, 2026 09:07:56AM",DELIVERED
78893965,00155714418-C8JKAYDAA73UGJ,GF-150,GrabFood,,American Breakfast Club,Greenville,"Burrito - Mock Beef, 2 Scrambled Eggs, Cheddar, Avocado, Tater Tots,",American Breakfast Burritos,,1,,68000.00,,"October 02, 2026 08:44:31AM",DELIVERED
78893965,00155714418-C8JKAYDAA73UGJ,GF-150,GrabFood,,American Breakfast Club,Greenville,"Burrito - Mock Beef, 2 Scrambled Eggs, Cheddar, Avocado, Tater Tots,",American Breakfast Burritos,Tatter Tots,,1,,30000.00,"October 02, 2026 08:44:31AM",DELIVERED
78893944,F-3376754480,1932,gofood,,American Breakfast Club,Kemang,"Burrito - 2 Scrambled Eggs, Cheddar, Avocado, Tater Tots",American Breakfast Burritos,,2,,58000.00,,"October 02, 2026 08:43:24AM",DELIVERED
78893944,F-3376754480,1932,gofood,,American Breakfast Club,Kemang,"Egg burger - 2 Scrambled Eggs, Cheddar Cheese, Secret Sauce",American Breakfast Burger,,1,,45000.00,,"October 02, 2026 08:43:24AM",DELIVERED
78893695,0014138184-C8JKAXBFE74ECT,GF-487,GrabFood,,American Breakfast Club,Kemang,"Burrito - Mock Chicken, 2 Scrambled Eggs, Cheddar, Avocado, Tater Tots",American Breakfast Burritos,,1,,68000.00,,"October 02, 2026 08:37:15AM",DELIVERED
78893695,0014138184-C8JKAXBFE74ECT,GF-487,GrabFood,,American Breakfast Club,Kemang,"Burrito - Mock Chicken, 2 Scrambled Eggs, Cheddar, Avocado, Tater Tots",American Breakfast Burritos,Home Fries,,1,,30000.00,"October 02, 2026 08:37:15AM",DELIVERED
78893695,0014138184-C8JKAXBFE74ECT,GF-487,GrabFood,,American Breakfast Club,Kemang,Tater Tots,Sides,,1,,38000.00,,"October 02, 2026 08:37:15AM",DELIVERED
78893538,001209077864-C8JKAU5JBF41AN,GF-715,GrabFood,,American Breakfast Club,Kemang,"Mushroom Omelette - Mushrooms, Spinach, Side Tater Tots",American Breakfast Omelettes,,1,,68000.00,,"October 02, 2026 08:33:00AM",DELIVERED
78893474,001550398849-C8JKAUV3KFXXEA,GF-797,GrabFood,,American Breakfast Club,Greenville,"Burrito - Mock Beef, 2 Scrambled Eggs, Cheddar, Avocado, Tater Tots,",American Breakfast Burritos,,1,,68000.00,,"October 02, 2026 08:31:09AM",DELIVERED
78893326,001376202727-C8JKAT6VL231JN,GF-145,GrabFood,,American Breakfast Club,Kemang,"Mushroom Omelette - Mushrooms, Spinach, Side Tater Tots",American Breakfast Omelettes,,1,,68000.00,,"October 02, 2026 08:26:45AM",DELIVERED
78893326,001376202727-C8JKAT6VL231JN,GF-145,GrabFood,,American Breakfast Club,Kemang,"Mushroom Omelette - Mushrooms, Spinach, Side Tater Tots",American Breakfast Omelettes,Cutleries,,1,,600.00,"October 02, 2026 08:26:45AM",DELIVERED
78893326,001376202727-C8JKAT6VL231JN,GF-145,GrabFood,,American Breakfast Club,Kemang,"Mushroom Omelette - Mushrooms, Spinach, Side Tater Tots",American Breakfast Omelettes,Tatter Tots,,1,,30000.00,"October 02, 2026 08:26:45AM",DELIVERED
78893326,001376202727-C8JKAT6VL231JN,GF-145,GrabFood,,American Breakfast Club,Kemang,"Sandwich - 2 Scrambled Eggs Mock Beef, Cheddar Cheese  on a wavy brioche bun",American Breakfast Sandwiches,,1,,58000.00,,"October 02, 2026 08:26:45AM",DELIVERED
78893326,001376202727-C8JKAT6VL231JN,GF-145,GrabFood,,American Breakfast Club,Kemang,"Sandwich - 2 Scrambled Eggs Mock Beef, Cheddar Cheese  on a wavy brioche bun",American Breakfast Sandwiches,Chick Nugget,,1,,35000.00,"October 02, 2026 08:26:45AM",DELIVERED
78893282,001219115762-C8JKAT2ADCL2SE,GF-730,GrabFood,,American Breakfast Club,Kemang,"Sandwich - 2 Scrambled Eggs Mock Beef, Cheddar Cheese  on a wavy brioche bun",American Breakfast Sandwiches,,1,,58000.00,,"October 02, 2026 08:25:10AM",DELIVERED
78893282,001219115762-C8JKAT2ADCL2SE,GF-730,GrabFood,,American Breakfast Club,Kemang,"Sandwich - 2 Scrambled Eggs Mock Beef, Cheddar Cheese  on a wavy brioche bun",American Breakfast Sandwiches,Cutleries,,1,,600.00,"October 02, 2026 08:25:10AM",DELIVERED
78893282,001219115762-C8JKAT2ADCL2SE,GF-730,GrabFood,,American Breakfast Club,Kemang,"Burrito - Mock Beef, 2 Scrambled Eggs, Cheddar, Avocado, Tater Tots,",American Breakfast Burritos,,1,,68000.00,,"October 02, 2026 08:25:10AM",DELIVERED
78893282,001219115762-C8JKAT2ADCL2SE,GF-730,GrabFood,,American Breakfast Club,Kemang,"2 Pancakes - Chocolate Chips, Butter, Maple Syrup",American Breakfast Pancakes,,1,,58000.00,,"October 02, 2026 08:25:10AM",DELIVERED
78893282,001219115762-C8JKAT2ADCL2SE,GF-730,GrabFood,,American Breakfast Club,Kemang,"2 Pancakes - Chocolate Chips, Butter, Maple Syrup",American Breakfast Pancakes,Cutleries,,1,,600.00,"October 02, 2026 08:25:10AM",DELIVERED
78892962,0010986314-C8JKAPU1RTKFAE,GF-826,GrabFood,,People Pasta,Greenville,Vegan Fillet-no-Fish,Meatless Burgers,,1,,49000.00,,"October 02, 2026 08:14:09AM",DELIVERED
78892931,F-3376735133,9125,gofood,,American Breakfast Club,Greenville,"Burrito - 2 Scrambled Eggs, Cheddar, Avocado, Tater Tots",American Breakfast Burritos,,3,,46400.00,,"October 02, 2026 08:11:55AM",DELIVERED
78892897,001205971690-C8JKAPEHSAUHWA,GF-807,GrabFood,,American Breakfast Club,Kemang,"Burrito - Mock Beef, 2 Scrambled Eggs, Cheddar, Avocado, Tater Tots,",American Breakfast Burritos,,1,,68000.00,,"October 02, 2026 08:11:38AM",DELIVERED
78892897,001205971690-C8JKAPEHSAUHWA,GF-807,GrabFood,,American Breakfast Club,Kemang,Tater Tots With Truffle Oil,Sides,,1,,48000.00,,"October 02, 2026 08:11:38AM",DELIVERED
78892784,00166386094-C8JKANUZVKJTG6,GF-387,GrabFood,,American Breakfast Club,Greenville,"Burrito - 2 Scrambled Eggs, Cheddar, Avocado, Tater Tots",American Breakfast Burritos,,1,,58000.00,,"October 02, 2026 08:07:28AM",DELIVERED
78892784,00166386094-C8JKANUZVKJTG6,GF-387,GrabFood,,American Breakfast Club,Greenville,"Burrito - 2 Scrambled Eggs, Cheddar, Avocado, Tater Tots",American Breakfast Burritos,Cutleries,,1,,1500.00,"October 02, 2026 08:07:28AM",DELIVERED
78892670,F-3376730011,5977,gofood,,American Breakfast Club,Kemang,"Burrito - Mock Beef, 2 Scrambled Eggs, Cheddar, Avocado, Tater Tots,",American Breakfast Burritos,,3,,68000.00,,"October 02, 2026 08:02:55AM",DELIVERED
78892670,F-3376730011,5977,gofood,,American Breakfast Club,Kemang,"Burrito - Mock Beef, 2 Scrambled Eggs, Cheddar, Avocado, Tater Tots,",American Breakfast Burritos,Cutleries,,3,,600.00,"October 02, 2026 08:02:55AM",DELIVERED
78892418,F-3376724809,6182,gofood,,American Breakfast Club,Greenville,"Mushroom Omelette - Mushrooms, Spinach, Side Tater Tots",American Breakfast Omelettes,,2,,54400.00,,"October 02, 2026 07:51:47AM",DELIVERED
78892418,F-3376724809,6182,gofood,,American Breakfast Club,Greenville,"Burrito - 2 Scrambled Eggs, Cheddar, Avocado, Tater Tots",American Breakfast Burritos,,4,,46400.00,,"October 02, 2026 07:51:47AM",DELIVERED
78892317,0010172670-C8JKAJDHJCK2VX,GF-431,GrabFood,,American Breakfast Club,Kemang,"Burrito - Mock Beef, 2 Scrambled Eggs, Cheddar, Avocado, Tater Tots,",American Breakfast Burritos,,1,,68000.00,,"October 02, 2026 07:47:58AM",DELIVERED
78892317,0010172670-C8JKAJDHJCK2VX,GF-431,GrabFood,,American Breakfast Club,Kemang,"Burrito - Mock Beef, 2 Scrambled Eggs, Cheddar, Avocado, Tater Tots,",American Breakfast Burritos,Cutleries,,1,,600.00,"October 02, 2026 07:47:58AM",DELIVERED
78892313,F-3376722784,6441,gofood,,American Breakfast Club,Kemang,"Burrito - 2 Scrambled Eggs, Cheddar, Avocado, Tater Tots",American Breakfast Burritos,,3,,58000.00,,"October 02, 2026 07:47:16AM",DELIVERED
78892313,F-3376722784,6441,gofood,,American Breakfast Club,Kemang,"2 Pancakes - Blueberries, Butter, Maple Syrup",American Breakfast Pancakes,,1,,58000.00,,"October 02, 2026 07:47:16AM",DELIVERED
78892313,F-3376722784,6441,gofood,,American Breakfast Club,Kemang,"2 Pancakes - Butter, Maple Syrup",American Breakfast Pancakes,,1,,48000.00,,"October 02, 2026 07:47:16AM",DELIVERED
78892155,F-3376720215,9865,gofood,,American Breakfast Club,Greenville,Cheese Omelette - Side Tater Tots,American Breakfast Omelettes,,1,,46400.00,,"October 02, 2026 07:41:32AM",DELIVERED
78892155,F-3376720215,9865,gofood,,American Breakfast Club,Greenville,"2 Pancakes - Butter, Maple Syrup",American Breakfast Pancakes,,1,,38400.00,,"October 02, 2026 07:41:32AM",DELIVERED
78892155,F-3376720215,9865,gofood,,American Breakfast Club,Greenville,"Burrito - Mock Beef, 2 Scrambled Eggs, Cheddar, Avocado, Tater Tots,",American Breakfast Burritos,,1,,54400.00,,"October 02, 2026 07:41:32AM",DELIVERED
78892005,001715667085-C8JKAE3WG3LYCJ,GF-859,GrabFood,,American Breakfast Club,Kemang,"Burrito - Mock Katsu, 2 Scrambled Eggs, Cheddar, Avocado, Tater Tots",American Breakfast Burritos,,1,,68000.00,,"October 02, 2026 07:35:43AM",DELIVERED
78892005,001715667085-C8JKAE3WG3LYCJ,GF-859,GrabFood,,American Breakfast Club,Kemang,"2 Pancakes - Butter, Maple Syrup",American Breakfast Pancakes,,1,,48000.00,,"October 02, 2026 07:35:43AM",DELIVERED
78892001,0010579786-C8JKAE2WNAT3LN,GF-977,GrabFood,,Herbox,Greenville,Beef Mentai Vegan Vegetarian Rice,Mentai Vegan,,1,,59000.00,,"October 02, 2026 07:35:23AM",DELIVERED
78892001,0010579786-C8JKAE2WNAT3LN,GF-977,GrabFood,,Herbox,Greenville,Beef Mentai Vegan Vegetarian Rice,Mentai Vegan,"Sendok, Garpu, Tissue, Tusuk Gigi",,1,,1500.00,"October 02, 2026 07:35:23AM",DELIVERED
78891868,0015936435-C8JKACLAKGDVLE,GF-573,GrabFood,,American Breakfast Club,Kemang,"Burrito - 2 Scrambled Eggs, Cheddar, Avocado, Tater Tots",American Breakfast Burritos,,1,,58000.00,,"October 02, 2026 07:29:13AM",DELIVERED
78891792,F-3376713261,4627,gofood,,American Breakfast Club,Greenville,"Mushroom Omelette - Mushrooms, Spinach, Side Tater Tots",American Breakfast Omelettes,,2,,54400.00,,"October 02, 2026 07:24:39AM",DELIVERED
78891792,F-3376713261,4627,gofood,,American Breakfast Club,Greenville,Cheese Omelette - Side Tater Tots,American Breakfast Omelettes,,2,,46400.00,,"October 02, 2026 07:24:39AM",DELIVERED
78891792,F-3376713261,4627,gofood,,American Breakfast Club,Greenville,Home Fries,Sides,,1,,22400.00,,"October 02, 2026 07:24:39AM",DELIVERED
78891497,001019554741-C8JJWGEBE7DAA2,GF-100,GrabFood,,Herbox,Greenville,Kung Paow Chick Vegan Vegetarian Ricebox,Ricebox,,1,,39000.00,,"October 02, 2026 07:11:32AM",DELIVERED
78891497,001019554741-C8JJWGEBE7DAA2,GF-100,GrabFood,,Herbox,Greenville,Rica Rica Vegan Vegetarian Ricebox,Ricebox,,1,,39000.00,,"October 02, 2026 07:11:32AM",DELIVERED
78891330,001955731021-C8JJWEX3VEUET6,GF-471,GrabFood,,People Pasta,Greenville,Vegan Chicken Crispy Burger,Meatless Burgers,,1,,49000.00,,"October 02, 2026 07:02:36AM",DELIVERED
78891330,001955731021-C8JJWEX3VEUET6,GF-471,GrabFood,,People Pasta,Greenville,Vegan Chicken Crispy Burger,Meatless Burgers,Tattert Tots,,1,,28000.00,"October 02, 2026 07:02:36AM",DELIVERED
78890943,0014880322-C8JJV8JAWBJWVE,GF-193,GrabFood,,American Breakfast Club,Greenville,"Burrito - 2 Scrambled Eggs, Cheddar, Avocado, Tater Tots",American Breakfast Burritos,,1,,58000.00,,"October 02, 2026 06:39:15AM",DELIVERED
78890661,00132780574-C8JJV35VJU6ENA,GF-541,GrabFood,,American Breakfast Club,Greenville,"Sandwich - 2 Scrambled Eggs Mock Beef, Cheddar Cheese  on a wavy brioche bun",American Breakfast Sandwiches,,1,,58000.00,,"October 02, 2026 06:19:42AM",DELIVERED
78863276,0013702572-C8JJLZBJG4MKFE,GF-445,GrabFood,,Herbox,Greenville,Nasi Goreng Sedap Malam Vegan Vegetarian,Nasi Goreng Special,,10,,35000.00,,"October 01, 2026 06:57:18PM",DELIVERED
78863265,00118317929-C8JJLZBDEZDKR2,GF-305,GrabFood,,People Pasta,Greenville,Bolognese - Vegan Friendly - Vegetarian - Plantbase,Signature Pasta,,1,,43000.00,,"October 01, 2026 06:57:13PM",DELIVERED
78863265,00118317929-C8JJLZBDEZDKR2,GF-305,GrabFood,,People Pasta,Greenville,Bolognese - Vegan Friendly - Vegetarian - Plantbase,Signature Pasta,Spaghetti,,1,,0.00,"October 01, 2026 06:57:13PM",DELIVERED
78861684,0016359784-C8JJLXA2GPCCGT-2,GF-183,GrabFood,,Herbox,Greenville,Teriyaki Vegan Vegetarian Ricebox,Ricebox,,6,,39000.00,,"October 01, 2026 06:43:48PM",DELIVERED
78861683,0016359784-C8JJLXA2GPCCGT-1,GF-239,GrabFood,,Herbox,Greenville,Teriyaki Vegan Vegetarian Ricebox,Ricebox,,6,,39000.00,,"October 01, 2026 06:43:48PM",DELIVERED
78861369,00188637899-C8JJLVDFVN5DAN,GF-529,GrabFood,,American Breakfast Club,Greenville,"Burrito - Mock Beef, 2 Scrambled Eggs, Cheddar, Avocado, Tater Tots,",American Breakfast Burritos,,1,,68000.00,,"October 01, 2026 06:41:16PM",DELIVERED
78861346,F-3376388320,9177,gofood,,Herbox,Greenville,Beef  wrap Vegan Herbox,Wrap Series,,1,,47200.00,,"October 01, 2026 06:39:01PM",DELIVERED
78861346,F-3376388320,9177,gofood,,Herbox,Greenville,Katsu Wrap vegan Herbox,Wrap Series,,1,,47200.00,,"October 01, 2026 06:39:01PM",DELIVERED
78861346,F-3376388320,9177,gofood,,Herbox,Greenville,Rica Wrap,Wrap Series,,1,,47200.00,,"October 01, 2026 06:39:01PM",DELIVERED
78848726,F-3376205409,5276,gofood,,Herbox,Greenville,Katsu Chickin Vegan Vegetarian Ricebox,Ricebox,,2,,31200.00,,"October 01, 2026 04:33:40PM",DELIVERED
78848726,F-3376205409,5276,gofood,,Herbox,Greenville,Original Burger Vegan,Vegan Burger,,1,,47200.00,,"October 01, 2026 04:33:40PM",DELIVERED
78847508,F-3376203395,2499,gofood,,Herbox,Greenville,Katsu Chickin Vegan Vegetarian Ricebox,Ricebox,,1,,31200.00,,"October 01, 2026 04:31:59PM",CANCELLED
78847508,F-3376203395,2499,gofood,,Herbox,Greenville,Original Burger Vegan,Vegan Burger,,1,,47200.00,,"October 01, 2026 04:31:59PM",CANCELLED
78842971,F-3376143849,8374,gofood,,American Breakfast Club,Kemang,Home Fries With Truffle Oil,Sides,,1,,38000.00,,"October 01, 2026 03:36:49PM",DELIVERED
78842971,F-3376143849,8374,gofood,,American Breakfast Club,Kemang,"Burrito - Mock Beef, 2 Scrambled Eggs, Cheddar, Avocado, Tater Tots,",American Breakfast Burritos,,1,,68000.00,,"October 01, 2026 03:36:49PM",DELIVERED
78841629,F-3376128054,2753,gofood,,American Breakfast Club,Greenville,"2 Pancakes - Blueberries, Butter, Maple Syrup",American Breakfast Pancakes,,1,,46400.00,,"October 01, 2026 03:21:16PM",DELIVERED
78841629,F-3376128054,2753,gofood,,American Breakfast Club,Greenville,"2 Pancakes - Blueberries, Butter, Maple Syrup",American Breakfast Pancakes,Cutleries,,1,,1500.00,"October 01, 2026 03:21:16PM",DELIVERED
78837926,F-3376077976,3296,gofood,,American Breakfast Club,Kemang,"Burrito - Mock Beef, 2 Scrambled Eggs, Cheddar, Avocado, Tater Tots,",American Breakfast Burritos,,1,,68000.00,,"October 01, 2026 02:31:25PM",DELIVERED
78836587,001250937982-C8JJHB3YHA2EN6,GF-597,GrabFood,,American Breakfast Club,Kemang,"Burrito - 2 Scrambled Eggs, Cheddar, Avocado, Tater Tots",American Breakfast Burritos,,1,,58000.00,,"October 01, 2026 02:12:26PM",DELIVERED
78836587,001250937982-C8JJHB3YHA2EN6,GF-597,GrabFood,,American Breakfast Club,Kemang,Sandwich - 2 Scrambled Eggs melty cheddar cheese on a wavy brioche bun,American Breakfast Sandwiches,,1,,45000.00,,"October 01, 2026 02:12:26PM",DELIVERED
78836587,001250937982-C8JJHB3YHA2EN6,GF-597,GrabFood,,American Breakfast Club,Kemang,Sandwich - 2 Scrambled Eggs melty cheddar cheese on a wavy brioche bun,American Breakfast Sandwiches,Truffle Home Fries,,1,,40000.00,"October 01, 2026 02:12:26PM",DELIVERED
78830332,001316527006-C8JJGP2ABBDWG2,GF-345,GrabFood,,People Pasta,Greenville,Creamy Mushroom - Vegetarian - Plantbased,Signature Pasta,,1,,43000.00,,"October 01, 2026 12:48:30PM",DELIVERED
78830332,001316527006-C8JJGP2ABBDWG2,GF-345,GrabFood,,People Pasta,Greenville,Creamy Mushroom - Vegetarian - Plantbased,Signature Pasta,Fettucine,,1,,1000.00,"October 01, 2026 12:48:30PM",DELIVERED
78830332,001316527006-C8JJGP2ABBDWG2,GF-345,GrabFood,,People Pasta,Greenville,Cacio e Pepe - Vegetarian - Plantbased,Signature Pasta,,1,,43000.00,,"October 01, 2026 12:48:30PM",DELIVERED
78830332,001316527006-C8JJGP2ABBDWG2,GF-345,GrabFood,,People Pasta,Greenville,Cacio e Pepe - Vegetarian - Plantbased,Signature Pasta,Spaghetti,,1,,0.00,"October 01, 2026 12:48:30PM",DELIVERED
78825730,001410632091-C8JJGBXZEP2KNN,GF-738,GrabFood,,People Pasta,Greenville,Tattert Tots,,,1,,28000.00,,"October 01, 2026 11:58:39AM",DELIVERED
78825730,001410632091-C8JJGBXZEP2KNN,GF-738,GrabFood,,People Pasta,Greenville,Cacio e Pepe - Vegetarian - Plantbased,Signature Pasta,,1,,43000.00,,"October 01, 2026 11:58:39AM",DELIVERED
78825730,001410632091-C8JJGBXZEP2KNN,GF-738,GrabFood,,People Pasta,Greenville,Cacio e Pepe - Vegetarian - Plantbased,Signature Pasta,Spaghetti,,1,,0.00,"October 01, 2026 11:58:39AM",DELIVERED
78825719,F-3375883236,9547,gofood,,Tyfel Coffee,Kemang,Breakfast Burrito,Breakfast Burritos,,1,,58000.00,,"October 01, 2026 11:57:56AM",DELIVERED
78825165,F-3375874535,5155,gofood,,Tyfel Coffee,Kemang,Breakfast Burrito,Breakfast Burritos,,1,,58000.00,,"October 01, 2026 11:52:21AM",CANCELLED
78821731,F-3375817778,8918,gofood,,American Breakfast Club,Kemang,Cheese Omelette - Side Tater Tots,American Breakfast Omelettes,,1,,58000.00,,"October 01, 2026 11:17:21AM",DELIVERED
78817481,00177615497-C8JJEYJ1JFKWLX,GF-349,GrabFood,,American Breakfast Club,Kemang,"Burrito - 2 Scrambled Eggs, Cheddar, Avocado, Tater Tots",American Breakfast Burritos,,1,,58000.00,,"October 01, 2026 10:32:16AM",DELIVERED
78816817,001608584086-C8JJEXAKRLD3CE,GF-737,GrabFood,,American Breakfast Club,Kemang,"Mushroom Omelette - Mushrooms, Spinach, Side Tater Tots",American Breakfast Omelettes,,1,,68000.00,,"October 01, 2026 10:23:41AM",DELIVERED
78816817,001608584086-C8JJEXAKRLD3CE,GF-737,GrabFood,,American Breakfast Club,Kemang,Cheese Omelette - Side Tater Tots,American Breakfast Omelettes,,1,,58000.00,,"October 01, 2026 10:23:41AM",DELIVERED
78816537,F-3375736053,6546,gofood,,American Breakfast Club,Greenville,Cheese Omelette - Side Tater Tots,American Breakfast Omelettes,,1,,46400.00,,"October 01, 2026 10:19:44AM",DELIVERED
78816537,F-3375736053,6546,gofood,,American Breakfast Club,Greenville,Home Fries With Truffle Oil,Sides,,1,,30400.00,,"October 01, 2026 10:19:44AM",DELIVERED
78816537,F-3375736053,6546,gofood,,American Breakfast Club,Greenville,"2 Pancakes - Butter, Maple Syrup",American Breakfast Pancakes,,1,,38400.00,,"October 01, 2026 10:19:44AM",DELIVERED
78816537,F-3375736053,6546,gofood,,American Breakfast Club,Greenville,"Burrito - Mock Chicken, 2 Scrambled Eggs, Cheddar, Avocado, Tater Tots",American Breakfast Burritos,,1,,54400.00,,"October 01, 2026 10:19:44AM",DELIVERED
78816373,00163256639-C8JJEUWTVXTETA,GF-285,GrabFood,,American Breakfast Club,Kemang,"Burrito - Mock Chicken, 2 Scrambled Eggs, Cheddar, Avocado, Tater Tots",American Breakfast Burritos,,1,,68000.00,,"October 01, 2026 10:18:00AM",DELIVERED
78814486,F-3375699547,9219,gofood,,American Breakfast Club,Kemang,"Burrito - 2 Scrambled Eggs, Cheddar, Avocado, Tater Tots",American Breakfast Burritos,,1,,58000.00,,"October 01, 2026 09:44:07AM",DELIVERED
78813199,00162972504-C8JJEE2GGLAFEA,GF-355,GrabFood,,American Breakfast Club,Kemang,"Burrito - Mock Beef, 2 Scrambled Eggs, Cheddar, Avocado, Tater Tots,",American Breakfast Burritos,,1,,68000.00,,"October 01, 2026 09:21:58AM",DELIVERED
78812855,001162931737-C8JJECA1GA4WDA,GF-838,GrabFood,,American Breakfast Club,Greenville,Cheese Omelette - Side Tater Tots,American Breakfast Omelettes,,1,,58000.00,,"October 01, 2026 09:13:47AM",DELIVERED
78812585,0018686337-C8JJEBAZTFVYAX,GF-610,GrabFood,,American Breakfast Club,Kemang,"Burrito - Mock Beef, 2 Scrambled Eggs, Cheddar, Avocado, Tater Tots,",American Breakfast Burritos,,1,,68000.00,,"October 01, 2026 09:07:06AM",DELIVERED
78812172,F-3375652421,9795,gofood,,American Breakfast Club,Kemang,"Burrito - 2 Scrambled Eggs, Cheddar, Avocado, Tater Tots",American Breakfast Burritos,,1,,58000.00,,"October 01, 2026 08:41:18AM",DELIVERED
78812172,F-3375652421,9795,gofood,,American Breakfast Club,Kemang,"Burrito - 2 Scrambled Eggs, Cheddar, Avocado, Tater Tots",American Breakfast Burritos,Truffle Home Fries,,1,,40000.00,"October 01, 2026 08:41:18AM",DELIVERED
78812145,00188833922-C8JJDF22NCKFFA,GF-586,GrabFood,,American Breakfast Club,Kemang,"Mushroom Omelette - Mushrooms, Spinach, Side Tater Tots",American Breakfast Omelettes,,1,,68000.00,,"October 01, 2026 08:55:29AM",DELIVERED
78812145,00188833922-C8JJDF22NCKFFA,GF-586,GrabFood,,American Breakfast Club,Kemang,"Mushroom Omelette - Mushrooms, Spinach, Side Tater Tots",American Breakfast Omelettes,Cutleries,,1,,600.00,"October 01, 2026 08:55:29AM",DELIVERED
78812096,F-3375659835,5136,gofood,,American Breakfast Club,Kemang,"Mushroom Omelette - Mushrooms, Spinach, Side Tater Tots",American Breakfast Omelettes,,1,,68000.00,,"October 01, 2026 08:53:17AM",DELIVERED
78811729,001751984044-C8JJDCKUG3AXR2,GF-513,GrabFood,,American Breakfast Club,Kemang,"Mushroom Omelette - Mushrooms, Spinach, Side Tater Tots",American Breakfast Omelettes,,1,,68000.00,,"October 01, 2026 08:42:35AM",DELIVERED
78811729,001751984044-C8JJDCKUG3AXR2,GF-513,GrabFood,,American Breakfast Club,Kemang,"Mushroom Omelette - Mushrooms, Spinach, Side Tater Tots",American Breakfast Omelettes,Tatter Tots,,1,,30000.00,"October 01, 2026 08:42:35AM",DELIVERED
78811623,0019740053-C8JJDB3TCGLKTJ,GF-862,GrabFood,,American Breakfast Club,Kemang,"Mushroom Omelette - Mushrooms, Spinach, Side Tater Tots",American Breakfast Omelettes,,1,,68000.00,,"October 01, 2026 08:38:59AM",DELIVERED
78811623,0019740053-C8JJDB3TCGLKTJ,GF-862,GrabFood,,American Breakfast Club,Kemang,Sandwich - 2 Scrambled Eggs melty cheddar cheese on a wavy brioche bun,American Breakfast Sandwiches,,1,,45000.00,,"October 01, 2026 08:38:59AM",DELIVERED
78811592,00179771920-C8JJDBVZTJNUNX,GF-265,GrabFood,,American Breakfast Club,Greenville,"Mushroom Omelette - Mushrooms, Spinach, Side Tater Tots",American Breakfast Omelettes,,1,,68000.00,,"October 01, 2026 08:37:48AM",DELIVERED
78811459,0013593454-C8JJDBADPAMGDA,GF-844,GrabFood,,American Breakfast Club,Greenville,"2 Pancakes - Blueberries, Butter, Maple Syrup",American Breakfast Pancakes,,1,,58000.00,,"October 01, 2026 08:33:33AM",DELIVERED
78811459,0013593454-C8JJDBADPAMGDA,GF-844,GrabFood,,American Breakfast Club,Greenville,Tater Tots,Sides,,1,,38000.00,,"October 01, 2026 08:33:33AM",DELIVERED
78811123,001070717745-C8JJC73YEAXXNE,GF-788,GrabFood,,American Breakfast Club,Greenville,"Sandwich - 2 Scrambled Eggs Mock Beef, Cheddar Cheese  on a wavy brioche bun",American Breakfast Sandwiches,,1,,58000.00,,"October 01, 2026 08:22:26AM",DELIVERED
78810978,00179072593-C8JJC7ACJEMBRE,GF-814,GrabFood,,American Breakfast Club,Greenville,"Burrito - Mock Chicken, 2 Scrambled Eggs, Cheddar, Avocado, Tater Tots",American Breakfast Burritos,,2,,68000.00,,"October 01, 2026 08:16:54AM",DELIVERED
78810700,F-3375631806,2497,gofood,,American Breakfast Club,Kemang,"Burrito - Mock Katsu, 2 Scrambled Eggs, Cheddar, Avocado, Tater Tots",American Breakfast Burritos,,1,,68000.00,,"October 01, 2026 08:04:44AM",DELIVERED
78810700,F-3375631806,2497,gofood,,American Breakfast Club,Kemang,"Burrito - Mock Beef, 2 Scrambled Eggs, Cheddar, Avocado, Tater Tots,",American Breakfast Burritos,,1,,68000.00,,"October 01, 2026 08:04:44AM",DELIVERED
78810389,0017978720-C8JJCZLTE3X1LJ,GF-587,GrabFood,,American Breakfast Club,Greenville,"Sandwich - 2 Scrambled Eggs, Mock Fish, Cheddar Cheese, Mix, Brioche Bun",American Breakfast Sandwiches,,1,,58000.00,,"October 01, 2026 07:52:40AM",DELIVERED
78810389,0017978720-C8JJCZLTE3X1LJ,GF-587,GrabFood,,American Breakfast Club,Greenville,Cutleries,Cutleries,,1,,1000.00,,"October 01, 2026 07:52:40AM",DELIVERED
78809841,0010093269-C8JJCT6GRUTVGA,GF-399,GrabFood,,American Breakfast Club,Greenville,"Burrito - 2 Scrambled Eggs, Cheddar, Avocado, Tater Tots",American Breakfast Burritos,,2,,58000.00,,"October 01, 2026 07:26:38AM",DELIVERED
78809806,0011875429-C8JJCT2UEY5ZGX,GF-217,GrabFood,,American Breakfast Club,Kemang,Sandwich - 2 Scrambled Eggs melty cheddar cheese on a wavy brioche bun,American Breakfast Sandwiches,,1,,45000.00,,"October 01, 2026 07:25:21AM",DELIVERED
78809806,0011875429-C8JJCT2UEY5ZGX,GF-217,GrabFood,,American Breakfast Club,Kemang,Sandwich - 2 Scrambled Eggs melty cheddar cheese on a wavy brioche bun,American Breakfast Sandwiches,Tatter Tots,,1,,30000.00,"October 01, 2026 07:25:21AM",DELIVERED
78809651,001497816457-C8JJCRBDG4K2J6,GF-871,GrabFood,,Herbox,Greenville,Nasi Goreng Bintang Kuning Vegan Vegetarian,Nasi Goreng Special,,1,,35000.00,,"October 01, 2026 07:17:20AM",DELIVERED
78809651,001497816457-C8JJCRBDG4K2J6,GF-871,GrabFood,,Herbox,Greenville,Beef  wrap Vegan Herbox,Wrap Series,,1,,59000.00,,"October 01, 2026 07:17:20AM",DELIVERED
78809630,F-3375606968,7623,gofood,,Herbox,Greenville,Beef  wrap Vegan Herbox,Wrap Series,,1,,47200.00,,"October 01, 2026 06:58:42AM",DELIVERED
78809630,F-3375606968,7623,gofood,,Herbox,Greenville,Hygiene Cutleries,Extra,,2,,2000.00,,"October 01, 2026 06:58:42AM",DELIVERED
78809630,F-3375606968,7623,gofood,,Herbox,Greenville,Teriyaki Vegan Vegetarian Ricebox,Ricebox,,1,,31200.00,,"October 01, 2026 06:58:42AM",DELIVERED
78809630,F-3375606968,7623,gofood,,Herbox,Greenville,Kung Paow Chick Vegan Vegetarian Ricebox,Ricebox,,1,,31200.00,,"October 01, 2026 06:58:42AM",DELIVERED
78809459,00176912489-C8JJCNK1DETGJ6,GF-024,GrabFood,,American Breakfast Club,Greenville,"Mushroom Omelette - Mushrooms, Spinach, Side Tater Tots",American Breakfast Omelettes,,1,,68000.00,,"October 01, 2026 07:07:56AM",DELIVERED
78809335,00163148889-C8JJCK4CBA2EEN,GF-935,GrabFood,,American Breakfast Club,Greenville,"Burrito - 2 Scrambled Eggs, Cheddar, Avocado, Tater Tots",American Breakfast Burritos,,1,,58000.00,,"October 01, 2026 06:59:39AM",DELIVERED
78809069,001089777006-C8JJCFUVVCLKNN,GF-313,GrabFood,,American Breakfast Club,Greenville,"Burrito - Mock Beef, 2 Scrambled Eggs, Cheddar, Avocado, Tater Tots,",American Breakfast Burritos,,1,,68000.00,,"October 01, 2026 06:42:56AM",DELIVERED
78809069,001089777006-C8JJCFUVVCLKNN,GF-313,GrabFood,,American Breakfast Club,Greenville,"Burrito - Mock Beef, 2 Scrambled Eggs, Cheddar, Avocado, Tater Tots,",American Breakfast Burritos,Tatter Tots,,1,,30000.00,"October 01, 2026 06:42:56AM",DELIVERED
78789380,001945932301-C8JHRRMTLYTJRJ,GF-765,GrabFood,,American Breakfast Club,Greenville,"Burrito - Mock Beef, 2 Scrambled Eggs, Cheddar, Avocado, Tater Tots,",American Breakfast Burritos,,1,,68000.00,,"September 30, 2026 08:13:03PM",DELIVERED
78788520,001839044285-C8JHRPJ2JY2WRN,GF-251,GrabFood,,American Breakfast Club,Greenville,"Burrito - Mock Chicken, 2 Scrambled Eggs, Cheddar, Avocado, Tater Tots",American Breakfast Burritos,,1,,68000.00,,"September 30, 2026 08:05:31PM",DELIVERED
78784620,00183616549-C8JHRFLHLCDDWA,GF-800,GrabFood,,Herbox,Greenville,Vegan Chickin Nugget,Sides,,1,,40000.00,,"September 30, 2026 07:32:37PM",DELIVERED
78784620,00183616549-C8JHRFLHLCDDWA,GF-800,GrabFood,,Herbox,Greenville,Tater tots,Sides,,1,,30000.00,,"September 30, 2026 07:32:37PM",DELIVERED
78781848,00131420302-C8JHRANVMB5DSE,GF-410,GrabFood,,American Breakfast Club,Greenville,"Burrito - Mock Chicken, 2 Scrambled Eggs, Cheddar, Avocado, Tater Tots",American Breakfast Burritos,,1,,68000.00,,"September 30, 2026 07:10:05PM",DELIVERED
78781848,00131420302-C8JHRANVMB5DSE,GF-410,GrabFood,,American Breakfast Club,Greenville,Sandwich - 2 Scrambled Eggs melty cheddar cheese on a wavy brioche bun,American Breakfast Sandwiches,,1,,45000.00,,"September 30, 2026 07:10:05PM",DELIVERED
78781848,00131420302-C8JHRANVMB5DSE,GF-410,GrabFood,,American Breakfast Club,Greenville,Home Fries,Sides,,1,,38000.00,,"September 30, 2026 07:10:05PM",DELIVERED
78775998,0014715380-C8JHN663SGACCT,GF-873,GrabFood,,American Breakfast Club,Greenville,"Burrito - Mock Chicken, 2 Scrambled Eggs, Cheddar, Avocado, Tater Tots",American Breakfast Burritos,,1,,68000.00,,"September 30, 2026 06:23:32PM",DELIVERED
78773166,0019350700-C8JHNZNUNCM1VA,GF-086,GrabFood,,Herbox,Greenville,Teriyaki Vegan Vegetarian Ricebox,Ricebox,,1,,39000.00,,"September 30, 2026 06:00:05PM",DELIVERED
78770846,00198623569-C8JHNU5VA33AJA,GF-370,GrabFood,,Herbox,Greenville,Beef  wrap Vegan Herbox,Wrap Series,,1,,59000.00,,"September 30, 2026 05:39:41PM",DELIVERED
78761764,F-3375033353,4581,gofood,,Tyfel Coffee,Greenville,Quesadilla,Lite Bites,,1,,45000.00,,"September 30, 2026 04:08:35PM",DELIVERED
78761764,F-3375033353,4581,gofood,,Tyfel Coffee,Greenville,Fettucini Mushroom,Main Course,,1,,50000.00,,"September 30, 2026 04:08:35PM",DELIVERED
78761764,F-3375033353,4581,gofood,,Tyfel Coffee,Greenville,Tater Tots,Sides,,1,,28000.00,,"September 30, 2026 04:08:35PM",DELIVERED
78761764,F-3375033353,4581,gofood,,Tyfel Coffee,Greenville,Tyfel Burritos - Vegan,Lite Bites,,1,,45000.00,,"September 30, 2026 04:08:35PM",DELIVERED
78758778,001694635848-C8JHL6LDWGAVET,GF-619,GrabFood,,American Breakfast Club,Kemang,"Burrito - Mock Beef, 2 Scrambled Eggs, Cheddar, Avocado, Tater Tots,",American Breakfast Burritos,,1,,68000.00,,"September 30, 2026 03:32:35PM",DELIVERED
78758778,001694635848-C8JHL6LDWGAVET,GF-619,GrabFood,,American Breakfast Club,Kemang,"Burrito - Mock Beef, 2 Scrambled Eggs, Cheddar, Avocado, Tater Tots,",American Breakfast Burritos,Chick Nugget,,1,,35000.00,"September 30, 2026 03:32:35PM",DELIVERED
78749796,00140850127-C8JHKGNXDF2YJ2,GF-774,GrabFood,,American Breakfast Club,Kemang,"Burrito - Mock Beef, 2 Scrambled Eggs, Cheddar, Avocado, Tater Tots,",American Breakfast Burritos,,1,,68000.00,,"September 30, 2026 01:33:26PM",DELIVERED
78749796,00140850127-C8JHKGNXDF2YJ2,GF-774,GrabFood,,American Breakfast Club,Kemang,"Burrito - Mock Beef, 2 Scrambled Eggs, Cheddar, Avocado, Tater Tots,",American Breakfast Burritos,Truffle Home Fries,,1,,40000.00,"September 30, 2026 01:33:26PM",DELIVERED
78749756,00165639493-C8JHKGMCRXWXTN,GF-651,GrabFood,,People Pasta,Greenville,Bolognese - Vegan Friendly - Vegetarian - Plantbase,Signature Pasta,,1,,43000.00,,"September 30, 2026 01:32:54PM",DELIVERED
78743561,00194903580-C8JHJYD1EEVFFE,GF-516,GrabFood,,People Pasta,Greenville,Meat-less Burger - Vegan,Meatless Burgers,,1,,49000.00,,"September 30, 2026 12:18:08PM",DELIVERED
78743561,00194903580-C8JHJYD1EEVFFE,GF-516,GrabFood,,People Pasta,Greenville,Chicken Nugget - Vegan,,,1,,35000.00,,"September 30, 2026 12:18:08PM",DELIVERED
78739705,F-3374710301,3474,gofood,,American Breakfast Club,Kemang,"Original Egg burger - Patties, 2 Scrambled Eggs, Cheddar Cheese, Secret Sauce",American Breakfast Burger,,1,,58000.00,,"September 30, 2026 11:35:55AM",DELIVERED
78739705,F-3374710301,3474,gofood,,American Breakfast Club,Kemang,"Burrito - 2 Scrambled Eggs, Cheddar, Avocado, Tater Tots",American Breakfast Burritos,,1,,58000.00,,"September 30, 2026 11:35:55AM",DELIVERED
78739166,00115703165-C8JHJLLTSFXWJT,GF-405,GrabFood,,American Breakfast Club,Greenville,"Burrito - 2 Scrambled Eggs, Cheddar, Avocado, Tater Tots",American Breakfast Burritos,,1,,58000.00,,"September 30, 2026 11:36:00AM",DELIVERED
78739166,00115703165-C8JHJLLTSFXWJT,GF-405,GrabFood,,American Breakfast Club,Greenville,Cutleries,Cutleries,,1,,1000.00,,"September 30, 2026 11:36:00AM",DELIVERED
78737837,001489450802-C8JHJGEXNXE1BE,GF-901,GrabFood,,Herbox,Greenville,Kung Paow Chick Vegan Vegetarian Ricebox,Ricebox,,1,,39000.00,,"September 30, 2026 11:23:15AM",DELIVERED
78737837,001489450802-C8JHJGEXNXE1BE,GF-901,GrabFood,,Herbox,Greenville,Rica Rica Vegan Vegetarian Ricebox,Ricebox,,1,,39000.00,,"September 30, 2026 11:23:15AM",DELIVERED
78735912,00158125695-C8JHJEKGFGEJGA,GF-862,GrabFood,,American Breakfast Club,Kemang,"Burrito - 2 Scrambled Eggs, Cheddar, Avocado, Tater Tots",American Breakfast Burritos,,1,,58000.00,,"September 30, 2026 11:05:39AM",DELIVERED
78733674,001401665766-C8JHHE4ACLN2E2,GF-868,GrabFood,,Herbox,Greenville,Pesmol Vegan Vegetarian Ricebox,Ricebox,,1,,39000.00,,"September 30, 2026 10:42:02AM",DELIVERED
78733674,001401665766-C8JHHE4ACLN2E2,GF-868,GrabFood,,Herbox,Greenville,Lada Hitam Blackpepper Vegan Vegetarian Ricebox,Ricebox,,1,,39000.00,,"September 30, 2026 10:42:02AM",DELIVERED
78731634,0010868055-C8JHHAECNYKGTN,GF-318,GrabFood,,LA Breakfast Club,Greenville,Cheese Omelette - Side of Tater Tots,LA Breakfast Omelettes,,1,,70000.00,,"September 30, 2026 10:17:07AM",DELIVERED
78729559,F-3374548574,7662,gofood,,American Breakfast Club,Kemang,"Burrito - 2 Scrambled Eggs, Cheddar, Avocado, Tater Tots",American Breakfast Burritos,,1,,58000.00,,"September 30, 2026 09:29:12AM",DELIVERED
78729026,F-3374554200,9576,gofood,,Herbox,Greenville,Original Burger Vegan,Vegan Burger,,1,,47200.00,,"September 30, 2026 09:35:49AM",DELIVERED
78729026,F-3374554200,9576,gofood,,Herbox,Greenville,Original Burger Vegan,Vegan Burger,Tattertots with Truffle,,1,,35000.00,"September 30, 2026 09:35:49AM",DELIVERED
78729026,F-3374554200,9576,gofood,,Herbox,Greenville,Kung Paow Chick Vegan Vegetarian Ricebox,Ricebox,,1,,31200.00,,"September 30, 2026 09:35:49AM",DELIVERED
78728601,F-3374547460,9296,gofood,,American Breakfast Club,Kemang,"Burrito - 2 Scrambled Eggs, Cheddar, Avocado, Tater Tots",American Breakfast Burritos,,2,,58000.00,,"September 30, 2026 09:27:50AM",DELIVERED
78728601,F-3374547460,9296,gofood,,American Breakfast Club,Kemang,"Burrito - 2 Scrambled Eggs, Cheddar, Avocado, Tater Tots",American Breakfast Burritos,Tatter Tots,,2,,30000.00,"September 30, 2026 09:27:50AM",DELIVERED
78728019,001763295435-C8JHGUL2HEXELN,GF-464,GrabFood,,American Breakfast Club,Kemang,Cheese Omelette - Side Tater Tots,American Breakfast Omelettes,,1,,58000.00,,"September 30, 2026 09:16:09AM",DELIVERED
78726908,0010430559-C8JHGK5GPGJKUE,GF-029,GrabFood,,American Breakfast Club,Greenville,"Burrito - 2 Scrambled Eggs, Cheddar, Avocado, Tater Tots",American Breakfast Burritos,,1,,58000.00,,"September 30, 2026 08:46:16AM",DELIVERED
78726908,0010430559-C8JHGK5GPGJKUE,GF-029,GrabFood,,American Breakfast Club,Greenville,"Burrito - 2 Scrambled Eggs, Cheddar, Avocado, Tater Tots",American Breakfast Burritos,Coke,,1,,15000.00,"September 30, 2026 08:46:16AM",DELIVERED
78726725,00189384411-C8JHGKAWAPJ2DA,GF-323,GrabFood,,American Breakfast Club,Greenville,"Burrito - Mock Chicken, 2 Scrambled Eggs, Cheddar, Avocado, Tater Tots",American Breakfast Burritos,,1,,68000.00,,"September 30, 2026 08:40:25AM",DELIVERED
78726725,00189384411-C8JHGKAWAPJ2DA,GF-323,GrabFood,,American Breakfast Club,Greenville,"Burrito - Mock Chicken, 2 Scrambled Eggs, Cheddar, Avocado, Tater Tots",American Breakfast Burritos,Cutleries,,1,,1500.00,"September 30, 2026 08:40:25AM",DELIVERED
78726725,00189384411-C8JHGKAWAPJ2DA,GF-323,GrabFood,,American Breakfast Club,Greenville,"Sandwich - 2 Scrambled Eggs, Mock Chicken, Cheddar Cheese Mix, Brioche Bun",American Breakfast Sandwiches,,1,,58000.00,,"September 30, 2026 08:40:25AM",DELIVERED
78726725,00189384411-C8JHGKAWAPJ2DA,GF-323,GrabFood,,American Breakfast Club,Greenville,"Sandwich - 2 Scrambled Eggs, Mock Chicken, Cheddar Cheese Mix, Brioche Bun",American Breakfast Sandwiches,Cutleries,,1,,1500.00,"September 30, 2026 08:40:25AM",DELIVERED
78726725,00189384411-C8JHGKAWAPJ2DA,GF-323,GrabFood,,American Breakfast Club,Greenville,"2 Pancakes - Blueberries, Butter, Maple Syrup",American Breakfast Pancakes,,1,,58000.00,,"September 30, 2026 08:40:25AM",DELIVERED
78726725,00189384411-C8JHGKAWAPJ2DA,GF-323,GrabFood,,American Breakfast Club,Greenville,"2 Pancakes - Blueberries, Butter, Maple Syrup",American Breakfast Pancakes,Cutleries,,1,,1500.00,"September 30, 2026 08:40:25AM",DELIVERED
78726560,0010067125-C8JHGJE3GKAZRT,GF-934,GrabFood,,American Breakfast Club,Kemang,"Burrito - 2 Scrambled Eggs, Cheddar, Avocado, Tater Tots",American Breakfast Burritos,,1,,58000.00,,"September 30, 2026 08:35:11AM",DELIVERED
78726501,0018576172-C8JHGGNDDEDJVX,GF-798,GrabFood,,American Breakfast Club,Kemang,"Burrito - Mock Chicken, 2 Scrambled Eggs, Cheddar, Avocado, Tater Tots",American Breakfast Burritos,,1,,68000.00,,"September 30, 2026 08:33:13AM",DELIVERED
78726501,0018576172-C8JHGGNDDEDJVX,GF-798,GrabFood,,American Breakfast Club,Kemang,"Burrito - Mock Chicken, 2 Scrambled Eggs, Cheddar, Avocado, Tater Tots",American Breakfast Burritos,Home Fries,,1,,30000.00,"September 30, 2026 08:33:13AM",DELIVERED
78726249,001200938883-C8JHGATBLJBEBE,GF-289,GrabFood,,LA Breakfast Club,Greenville,Cheese Omelette - Side of Tater Tots,LA Breakfast Omelettes,,2,,70000.00,,"September 30, 2026 08:24:37AM",DELIVERED
78726106,00186608783-C8JHGETEUELHTA,GF-969,GrabFood,,People Pasta,Greenville,Cacio e Pepe - Vegetarian - Plantbased,Signature Pasta,,1,,43000.00,,"September 30, 2026 08:20:14AM",DELIVERED
78726106,00186608783-C8JHGETEUELHTA,GF-969,GrabFood,,People Pasta,Greenville,Cacio e Pepe - Vegetarian - Plantbased,Signature Pasta,Spaghetti,,1,,0.00,"September 30, 2026 08:20:14AM",DELIVERED
78726104,00126652466-C8JHGEN3NVEKV6,GF-759,GrabFood,,American Breakfast Club,Greenville,"Burrito - 2 Scrambled Eggs, Cheddar, Avocado, Tater Tots",American Breakfast Burritos,,1,,58000.00,,"September 30, 2026 08:20:11AM",DELIVERED
78726104,00126652466-C8JHGEN3NVEKV6,GF-759,GrabFood,,American Breakfast Club,Greenville,"Burrito - 2 Scrambled Eggs, Cheddar, Avocado, Tater Tots",American Breakfast Burritos,Cutleries,,1,,1500.00,"September 30, 2026 08:20:11AM",DELIVERED
78726047,00174078528-C8JHGECZC6WTC6,GF-043,GrabFood,,American Breakfast Club,Kemang,"Burrito - Mock Chicken, 2 Scrambled Eggs, Cheddar, Avocado, Tater Tots",American Breakfast Burritos,,1,,68000.00,,"September 30, 2026 08:17:46AM",DELIVERED
78726044,001862889737-C8JHGECHG2KGKE,GF-395,GrabFood,,American Breakfast Club,Greenville,"Sandwich - 2 Scrambled Eggs, Mock Fish, Cheddar Cheese, Mix, Brioche Bun",American Breakfast Sandwiches,,1,,58000.00,,"September 30, 2026 08:17:39AM",DELIVERED
78726044,001862889737-C8JHGECHG2KGKE,GF-395,GrabFood,,American Breakfast Club,Greenville,"Sandwich - 2 Scrambled Eggs, Mock Fish, Cheddar Cheese, Mix, Brioche Bun",American Breakfast Sandwiches,Cutleries,,1,,1500.00,"September 30, 2026 08:17:39AM",DELIVERED
78725978,F-3374497004,3938,gofood,,American Breakfast Club,Kemang,"Burrito - Mock Katsu, 2 Scrambled Eggs, Cheddar, Avocado, Tater Tots",American Breakfast Burritos,,1,,68000.00,,"September 30, 2026 08:14:00AM",DELIVERED
78725871,0015480252-C8JHGBVFC6N2MA,GF-871,GrabFood,,American Breakfast Club,Greenville,"Sandwich - 2 Scrambled Eggs Mock Beef, Cheddar Cheese  on a wavy brioche bun",American Breakfast Sandwiches,,1,,58000.00,,"September 30, 2026 08:10:55AM",DELIVERED
78725871,0015480252-C8JHGBVFC6N2MA,GF-871,GrabFood,,American Breakfast Club,Greenville,"Sandwich - 2 Scrambled Eggs Mock Beef, Cheddar Cheese  on a wavy brioche bun",American Breakfast Sandwiches,Cutleries,,1,,1500.00,"September 30, 2026 08:10:55AM",DELIVERED
78725637,00139917529-C8JHGAE2KCLVTA,GF-475,GrabFood,,American Breakfast Club,Kemang,"Burrito - 2 Scrambled Eggs, Cheddar, Avocado, Tater Tots",American Breakfast Burritos,,1,,58000.00,,"September 30, 2026 08:01:49AM",DELIVERED
78725515,0016337892-C8JHFF5WAY6EE6,GF-551,GrabFood,,American Breakfast Club,Kemang,"Burrito - 2 Scrambled Eggs, Cheddar, Avocado, Tater Tots",American Breakfast Burritos,,1,,58000.00,,"September 30, 2026 07:56:22AM",DELIVERED
78724858,001258983473-C8JHE8BYGY3XCA,GF-649F,GrabFood,,American Breakfast Club,Kemang,"Burrito - 2 Scrambled Eggs, Cheddar, Avocado, Tater Tots",American Breakfast Burritos,,1,,58000.00,,"September 30, 2026 08:00:04AM",DELIVERED
78724836,001743835679-C8JHE2JXE7W2EN,GF-209,GrabFood,,American Breakfast Club,Greenville,Cheese Omelette - Side Tater Tots,American Breakfast Omelettes,,1,,58000.00,,"September 30, 2026 07:22:56AM",DELIVERED
78724727,F-3374472562,4319,gofood,,American Breakfast Club,Greenville,"Mushroom Omelette - Mushrooms, Spinach, Side Tater Tots",American Breakfast Omelettes,,1,,54400.00,,"September 30, 2026 07:16:45AM",DELIVERED
78724727,F-3374472562,4319,gofood,,American Breakfast Club,Greenville,"2 Pancakes - Blueberries, Butter, Maple Syrup",American Breakfast Pancakes,,1,,46400.00,,"September 30, 2026 07:16:45AM",DELIVERED
78724712,001933014970-C8JHE66ZRJ6GLX,GF-661,GrabFood,,American Breakfast Club,Greenville,"Sandwich - 2 Scrambled Eggs, Mock Chicken, Cheddar Cheese Mix, Brioche Bun",American Breakfast Sandwiches,,1,,58000.00,,"September 30, 2026 07:16:48AM",DELIVERED
78724712,001933014970-C8JHE66ZRJ6GLX,GF-661,GrabFood,,American Breakfast Club,Greenville,Cutleries,Cutleries,,1,,1000.00,,"September 30, 2026 07:16:48AM",DELIVERED
78724099,001404557182-C8JHEXWJPFBUNX,GF-024,GrabFood,,American Breakfast Club,Greenville,"Sandwich - 2 Scrambled Eggs, Mock Chicken, Cheddar Cheese Mix, Brioche Bun",American Breakfast Sandwiches,,1,,58000.00,,"September 30, 2026 06:41:18AM",DELIVERED
78723992,F-3374460072,9532,gofood,,Tyfel Coffee,Greenville,Original Pancake,Breakfast Pancakes,,1,,48000.00,,"September 30, 2026 06:32:46AM",DELIVERED
78723992,F-3374460072,9532,gofood,,Tyfel Coffee,Greenville,Omelette Toast,Brunch,,1,,38000.00,,"September 30, 2026 06:32:46AM",DELIVERED
78723992,F-3374460072,9532,gofood,,Tyfel Coffee,Greenville,Tyfel Rice,Main Course,,1,,55000.00,,"September 30, 2026 06:32:46AM",DELIVERED
78723969,F-3374459593,5732,gofood,,American Breakfast Club,Greenville,Cheese Omelette - Side Tater Tots,American Breakfast Omelettes,,1,,46400.00,,"September 30, 2026 06:30:43AM",DELIVERED
78723969,F-3374459593,5732,gofood,,American Breakfast Club,Greenville,"Mushroom Omelette - Mushrooms, Spinach, Side Tater Tots",American Breakfast Omelettes,,1,,54400.00,,"September 30, 2026 06:30:43AM",DELIVERED
78707553,00194198761-C8JGUBX3AJXWRE,GF-968,GrabFood,,American Breakfast Club,Greenville,Cheese Omelette - Side Tater Tots,American Breakfast Omelettes,,1,,58000.00,,"September 29, 2026 08:31:51PM",DELIVERED
78700041,0012089994-C8JGTUXAPAECVX,GF-150,GrabFood,,People Pasta,Greenville,Creamy Mushroom - Vegetarian - Plantbased,Signature Pasta,,1,,43000.00,,"September 29, 2026 07:24:52PM",DELIVERED
78700041,0012089994-C8JGTUXAPAECVX,GF-150,GrabFood,,People Pasta,Greenville,Creamy Mushroom - Vegetarian - Plantbased,Signature Pasta,Spaghetti,,1,,0.00,"September 29, 2026 07:24:52PM",DELIVERED
78689698,001033393137-C8JGR8EUVCJUDE,GF-326,GrabFood,,Tyfel Coffee,Greenville,Tyfel Burritos - Vegan,Lite Bites,,1,,45000.00,,"September 29, 2026 06:01:04PM",DELIVERED
78689698,001033393137-C8JGR8EUVCJUDE,GF-326,GrabFood,,Tyfel Coffee,Greenville,Potato Nugget - Truffle Vegan Plantbased,Lite Bites,,1,,38000.00,,"September 29, 2026 06:01:04PM",DELIVERED
78689408,001347485688-C8JGSFDXKEXGTE,GF-428,GrabFood,,People Pasta,Greenville,Creamy Mushroom - Vegetarian - Plantbased,Signature Pasta,,1,,43000.00,,"September 29, 2026 05:58:04PM",DELIVERED
78689408,001347485688-C8JGSFDXKEXGTE,GF-428,GrabFood,,People Pasta,Greenville,Creamy Mushroom - Vegetarian - Plantbased,Signature Pasta,Spaghetti,,1,,0.00,"September 29, 2026 05:58:04PM",DELIVERED
78673756,F-3373862302,8213,gofood,,Tyfel Coffee,Kemang,Mock Katsu Sandwich,Breakfast Sandwiches,,1,,58000.00,,"September 29, 2026 03:08:37PM",DELIVERED
78672455,001912508639-C8JGN65HLGMVGX,GF-838,GrabFood,,LA Breakfast Club,Greenville,"Mushroom Omelette - Mushrooms, Spinach, Side of Tater Tots",LA Breakfast Omelettes,,1,,82000.00,,"September 29, 2026 02:51:46PM",DELIVERED
78671377,00119143294-C8JGN65CT25ZJ6,GF-838,GrabFood,,Herbox,Greenville,Teriyaki Vegan Vegetarian Ricebox,Ricebox,,1,,39000.00,,"September 29, 2026 02:36:12PM",DELIVERED
78671283,0016908431-C8JGN6XXGT4CTE,GF-264,GrabFood,,American Breakfast Club,Kemang,"Burrito - 2 Scrambled Eggs, Cheddar, Avocado, Tater Tots",American Breakfast Burritos,,1,,58000.00,,"September 29, 2026 02:35:06PM",DELIVERED
78671283,0016908431-C8JGN6XXGT4CTE,GF-264,GrabFood,,American Breakfast Club,Kemang,"Burrito - 2 Scrambled Eggs, Cheddar, Avocado, Tater Tots",American Breakfast Burritos,Mineral Water,,1,,10000.00,"September 29, 2026 02:35:06PM",DELIVERED
78668889,001892482571-C8JGNXU1AFUWRJ,GF-126,GrabFood,,American Breakfast Club,Kemang,"Burrito - Mock Beef, 2 Scrambled Eggs, Cheddar, Avocado, Tater Tots,",American Breakfast Burritos,,1,,68000.00,,"September 29, 2026 02:00:48PM",DELIVERED
78667310,0017436205-C8JGNRJZUFM1UE,GF-749,GrabFood,,People Pasta,Greenville,Chicken Nugget - Vegan,,,1,,35000.00,,"September 29, 2026 01:38:47PM",DELIVERED
78667310,0017436205-C8JGNRJZUFM1UE,GF-749,GrabFood,,People Pasta,Greenville,Truffle Tatter Tots,,,1,,32000.00,,"September 29, 2026 01:38:47PM",DELIVERED
78667310,0017436205-C8JGNRJZUFM1UE,GF-749,GrabFood,,People Pasta,Greenville,Bolognese - Vegan Friendly - Vegetarian - Plantbase,Signature Pasta,,1,,43000.00,,"September 29, 2026 01:38:47PM",DELIVERED
78667310,0017436205-C8JGNRJZUFM1UE,GF-749,GrabFood,,People Pasta,Greenville,Bolognese - Vegan Friendly - Vegetarian - Plantbase,Signature Pasta,Spaghetti,,1,,0.00,"September 29, 2026 01:38:47PM",DELIVERED
78667155,F-3373757901,2589,gofood,,People Pasta,Greenville,Cacio e Pepe - Vegetarian - Plantbased,Signature Pasta,,1,,43000.00,,"September 29, 2026 01:29:01PM",DELIVERED
78667155,F-3373757901,2589,gofood,,People Pasta,Greenville,Cacio e Pepe - Vegetarian - Plantbased,Signature Pasta,Fusili,,1,,1000.00,"September 29, 2026 01:29:01PM",DELIVERED
78667155,F-3373757901,2589,gofood,,People Pasta,Greenville,Cacio e Pepe - Vegetarian - Plantbased,Signature Pasta,Hygine Cutleries,,1,,1500.00,"September 29, 2026 01:29:01PM",DELIVERED
78667155,F-3373757901,2589,gofood,,People Pasta,Greenville,Creamy Mushroom - Vegetarian - Plantbased,Signature Pasta,,1,,43000.00,,"September 29, 2026 01:29:01PM",DELIVERED
78667155,F-3373757901,2589,gofood,,People Pasta,Greenville,Creamy Mushroom - Vegetarian - Plantbased,Signature Pasta,Fettucine,,1,,1000.00,"September 29, 2026 01:29:01PM",DELIVERED
78667155,F-3373757901,2589,gofood,,People Pasta,Greenville,Creamy Mushroom - Vegetarian - Plantbased,Signature Pasta,Hygine Cutleries,,1,,1500.00,"September 29, 2026 01:29:01PM",DELIVERED
78667099,001918168186-C8JGNP3TRN5GJ2,GF-703,GrabFood,,American Breakfast Club,Kemang,"Burrito - Mock Beef, 2 Scrambled Eggs, Cheddar, Avocado, Tater Tots,",American Breakfast Burritos,,1,,68000.00,,"September 29, 2026 01:35:45PM",DELIVERED
78667099,001918168186-C8JGNP3TRN5GJ2,GF-703,GrabFood,,American Breakfast Club,Kemang,"Burrito - Mock Chicken, 2 Scrambled Eggs, Cheddar, Avocado, Tater Tots",American Breakfast Burritos,,1,,68000.00,,"September 29, 2026 01:35:45PM",DELIVERED
78656995,F-3373606363,5866,gofood,,American Breakfast Club,Kemang,"Burrito - Mock Beef, 2 Scrambled Eggs, Cheddar, Avocado, Tater Tots,",American Breakfast Burritos,,1,,68000.00,,"September 29, 2026 11:38:50AM",DELIVERED
78656301,F-3373595125,9167,gofood,,American Breakfast Club,Kemang,"Burrito - 2 Scrambled Eggs, Cheddar, Avocado, Tater Tots",American Breakfast Burritos,,1,,58000.00,,"September 29, 2026 11:31:39AM",DELIVERED
78655403,001786745414-C8JGLY6ZGTDTAA,GF-343,GrabFood,,American Breakfast Club,Greenville,Cheese Omelette - Side Tater Tots,American Breakfast Omelettes,,1,,58000.00,,"September 29, 2026 11:23:26AM",DELIVERED
78649995,F-3373501152,2212,gofood,,American Breakfast Club,Kemang,Cheese Omelette - Side Tater Tots,American Breakfast Omelettes,,1,,58000.00,,"September 29, 2026 10:27:09AM",DELIVERED
78649568,F-3373493690,1287,gofood,,American Breakfast Club,Kemang,"Burrito - 2 Scrambled Eggs, Cheddar, Avocado, Tater Tots",American Breakfast Burritos,,1,,58000.00,,"September 29, 2026 10:21:05AM",DELIVERED
78649568,F-3373493690,1287,gofood,,American Breakfast Club,Kemang,"Burrito - 2 Scrambled Eggs, Cheddar, Avocado, Tater Tots",American Breakfast Burritos,Mineral Water,,1,,10000.00,"September 29, 2026 10:21:05AM",DELIVERED
78649568,F-3373493690,1287,gofood,,American Breakfast Club,Kemang,"Burrito - 2 Scrambled Eggs, Cheddar, Avocado, Tater Tots",American Breakfast Burritos,Tatter Tots,,1,,30000.00,"September 29, 2026 10:21:05AM",DELIVERED
78649568,F-3373493690,1287,gofood,,American Breakfast Club,Kemang,Water (Bottle),Drinks,,1,,15000.00,,"September 29, 2026 10:21:05AM",DELIVERED
78648698,00136708941-C8JGLFB2JXKJCE,GF-708,GrabFood,,American Breakfast Club,Kemang,"Burrito - Mock Beef, 2 Scrambled Eggs, Cheddar, Avocado, Tater Tots,",American Breakfast Burritos,,1,,68000.00,,"September 29, 2026 10:10:48AM",DELIVERED
78648480,001621906013-C8JGLEV3T8DTJE,GF-684,GrabFood,,Herbox,Greenville,Pesmol Vegan Vegetarian Ricebox,Ricebox,,1,,39000.00,,"September 29, 2026 10:07:50AM",DELIVERED
78648480,001621906013-C8JGLEV3T8DTJE,GF-684,GrabFood,,Herbox,Greenville,Pesmol Vegan Vegetarian Ricebox,Ricebox,Tattertots,,1,,25000.00,"September 29, 2026 10:07:50AM",DELIVERED
78648480,001621906013-C8JGLEV3T8DTJE,GF-684,GrabFood,,Herbox,Greenville,Pesmol Vegan Vegetarian Ricebox,Ricebox,"Sendok, Garpu, Tissue, Tusuk Gigi",,1,,1500.00,"September 29, 2026 10:07:50AM",DELIVERED
78648480,001621906013-C8JGLEV3T8DTJE,GF-684,GrabFood,,Herbox,Greenville,Vegan Chickin Nugget,Sides,,1,,40000.00,,"September 29, 2026 10:07:50AM",DELIVERED
78648480,001621906013-C8JGLEV3T8DTJE,GF-684,GrabFood,,Herbox,Greenville,Lada Hitam Blackpepper Vegan Vegetarian Ricebox,Ricebox,,1,,39000.00,,"September 29, 2026 10:07:50AM",DELIVERED
78647759,00159057398-C8JGLBT3KAM1G2,GF-617,GrabFood,,American Breakfast Club,Kemang,"Burrito - Mock Fish, 2 Scrambled Eggs, Cheddar, Avocado, Tater Tots,",American Breakfast Burritos,,1,,68000.00,,"September 29, 2026 09:57:09AM",DELIVERED
78647431,0011317839-C8JGLAVHLCMHTN,GF-233,GrabFood,,American Breakfast Club,Kemang,"Burrito - Mock Chicken, 2 Scrambled Eggs, Cheddar, Avocado, Tater Tots",American Breakfast Burritos,,1,,68000.00,,"September 29, 2026 09:50:57AM",DELIVERED
78646816,00159683590-C8JGKFLAGB2ASE,GF-389,GrabFood,,American Breakfast Club,Kemang,"Mushroom Omelette - Mushrooms, Spinach, Side Tater Tots",American Breakfast Omelettes,,1,,68000.00,,"September 29, 2026 09:39:11AM",DELIVERED
78646816,00159683590-C8JGKFLAGB2ASE,GF-389,GrabFood,,American Breakfast Club,Kemang,"Mushroom Omelette - Mushrooms, Spinach, Side Tater Tots",American Breakfast Omelettes,Cutleries,,1,,600.00,"September 29, 2026 09:39:11AM",DELIVERED
78646816,00159683590-C8JGKFLAGB2ASE,GF-389,GrabFood,,American Breakfast Club,Kemang,Water (Bottle),Drinks,,1,,15000.00,,"September 29, 2026 09:39:11AM",DELIVERED
78646581,001036041882-C8JGKEVXHAAFCN,GF-089,GrabFood,,American Breakfast Club,Kemang,"Burrito - Mock Chicken, 2 Scrambled Eggs, Cheddar, Avocado, Tater Tots",American Breakfast Burritos,,1,,68000.00,,"September 29, 2026 09:34:24AM",DELIVERED
78646429,001285981-C8JGKEDAEU6ZGJ,GF-720,GrabFood,,American Breakfast Club,Kemang,"Mushroom Omelette - Mushrooms, Spinach, Side Tater Tots",American Breakfast Omelettes,,1,,68000.00,,"September 29, 2026 09:31:10AM",DELIVERED
78645996,F-3373437626,4546,gofood,,American Breakfast Club,Greenville,Cheese Omelette - Side Tater Tots,American Breakfast Omelettes,,1,,46400.00,,"September 29, 2026 09:21:21AM",DELIVERED
78645996,F-3373437626,4546,gofood,,American Breakfast Club,Greenville,Cheese Omelette - Side Tater Tots,American Breakfast Omelettes,Truffle Tater Tots,,1,,40000.00,"September 29, 2026 09:21:21AM",DELIVERED
78645996,F-3373437626,4546,gofood,,American Breakfast Club,Greenville,"2 Pancakes - Blueberries, Butter, Maple Syrup",American Breakfast Pancakes,,1,,46400.00,,"September 29, 2026 09:21:21AM",DELIVERED
78645480,001043647945-C8JGJ8AUVLD1MA,GF-165,GrabFood,,American Breakfast Club,Kemang,"Burrito - Mock Chicken, 2 Scrambled Eggs, Cheddar, Avocado, Tater Tots",American Breakfast Burritos,,1,,68000.00,,"September 29, 2026 09:10:22AM",DELIVERED
78645480,001043647945-C8JGJ8AUVLD1MA,GF-165,GrabFood,,American Breakfast Club,Kemang,"Burrito - 2 Scrambled Eggs, Cheddar, Avocado, Tater Tots",American Breakfast Burritos,,1,,58000.00,,"September 29, 2026 09:10:22AM",DELIVERED
78645480,001043647945-C8JGJ8AUVLD1MA,GF-165,GrabFood,,American Breakfast Club,Kemang,"Burrito - 2 Scrambled Eggs, Cheddar, Avocado, Tater Tots",American Breakfast Burritos,Tatter Tots,,1,,30000.00,"September 29, 2026 09:10:22AM",DELIVERED
78645189,F-3373411850,7929,gofood,,American Breakfast Club,Greenville,Cheese Omelette - Side Tater Tots,American Breakfast Omelettes,,3,,46400.00,,"September 29, 2026 08:44:11AM",DELIVERED
78645189,F-3373411850,7929,gofood,,American Breakfast Club,Greenville,"2 Pancakes - Blueberries, Butter, Maple Syrup",American Breakfast Pancakes,,1,,46400.00,,"September 29, 2026 08:44:11AM",DELIVERED
78645103,00138284538-C8JGJ6VWFEXTFE,GF-660,GrabFood,,American Breakfast Club,Greenville,"Mushroom Omelette - Mushrooms, Spinach, Side Tater Tots",American Breakfast Omelettes,,1,,68000.00,,"September 29, 2026 09:01:05AM",DELIVERED
78644703,0011734837-C8JGJ3NCNA5UG2,GF-895,GrabFood,,American Breakfast Club,Kemang,"Burrito - Mock Fish, 2 Scrambled Eggs, Cheddar, Avocado, Tater Tots,",American Breakfast Burritos,,1,,68000.00,,"September 29, 2026 08:49:54AM",DELIVERED
78644703,0011734837-C8JGJ3NCNA5UG2,GF-895,GrabFood,,American Breakfast Club,Kemang,"Burrito - Mock Fish, 2 Scrambled Eggs, Cheddar, Avocado, Tater Tots,",American Breakfast Burritos,Cutleries,,1,,600.00,"September 29, 2026 08:49:54AM",DELIVERED
78644581,001216930109-C8JGJ23UNFBGTX,GF-305,GrabFood,,American Breakfast Club,Greenville,"Sandwich - 2 Scrambled Eggs, Mock Chicken, Cheddar Cheese Mix, Brioche Bun",American Breakfast Sandwiches,,1,,58000.00,,"September 29, 2026 08:45:42AM",DELIVERED
78644137,F-3373403839,4257,gofood,,American Breakfast Club,Kemang,"Burrito - 2 Scrambled Eggs, Cheddar, Avocado, Tater Tots",American Breakfast Burritos,,2,,58000.00,,"September 29, 2026 08:30:13AM",DELIVERED
78644137,F-3373403839,4257,gofood,,American Breakfast Club,Kemang,"Burrito - 2 Scrambled Eggs, Cheddar, Avocado, Tater Tots",American Breakfast Burritos,Tatter Tots,,2,,30000.00,"September 29, 2026 08:30:13AM",DELIVERED
78644012,0014241394-C8JGJXNTVLC3LJ,GF-853,GrabFood,,American Breakfast Club,Greenville,"Sandwich - 2 Scrambled Eggs Mock Beef, Cheddar Cheese  on a wavy brioche bun",American Breakfast Sandwiches,,1,,58000.00,,"September 29, 2026 08:26:41AM",DELIVERED
78643682,0016007024-C8JGJUA1AJLBCX,GF-934,GrabFood,,American Breakfast Club,Greenville,Cheese Omelette - Side Tater Tots,American Breakfast Omelettes,,1,,58000.00,,"September 29, 2026 08:13:47AM",DELIVERED
78643646,00130070889-C8JGJT4AJNLJAJ,GF-948,GrabFood,,American Breakfast Club,Greenville,"Mushroom Omelette - Mushrooms, Spinach, Side Tater Tots",American Breakfast Omelettes,,1,,68000.00,,"September 29, 2026 08:12:33AM",DELIVERED
78643646,00130070889-C8JGJT4AJNLJAJ,GF-948,GrabFood,,American Breakfast Club,Greenville,"Mushroom Omelette - Mushrooms, Spinach, Side Tater Tots",American Breakfast Omelettes,Cutleries,,1,,1500.00,"September 29, 2026 08:12:33AM",DELIVERED
78643646,00130070889-C8JGJT4AJNLJAJ,GF-948,GrabFood,,American Breakfast Club,Greenville,Cutleries,Cutleries,,1,,1000.00,,"September 29, 2026 08:12:33AM",DELIVERED
78643441,0016745718-C8JGJREFCXVBME,GF-245,GrabFood,,American Breakfast Club,Kemang,"Burrito - Mock Chicken, 2 Scrambled Eggs, Cheddar, Avocado, Tater Tots",American Breakfast Burritos,,1,,68000.00,,"September 29, 2026 08:04:56AM",DELIVERED
78643086,F-3373378608,6427,gofood,,American Breakfast Club,Kemang,"Burrito - 2 Scrambled Eggs, Cheddar, Avocado, Tater Tots",American Breakfast Burritos,,1,,58000.00,,"September 29, 2026 07:37:10AM",DELIVERED
78643086,F-3373378608,6427,gofood,,American Breakfast Club,Kemang,"Burrito - 2 Scrambled Eggs, Cheddar, Avocado, Tater Tots",American Breakfast Burritos,Tatter Tots,,1,,30000.00,"September 29, 2026 07:37:10AM",DELIVERED
78643046,001260649985-C8JGJLBJCBWJUA,GF-599,GrabFood,,American Breakfast Club,Kemang,Cheese Omelette - Side Tater Tots,American Breakfast Omelettes,,1,,58000.00,,"September 29, 2026 07:47:17AM",DELIVERED
78643046,001260649985-C8JGJLBJCBWJUA,GF-599,GrabFood,,American Breakfast Club,Kemang,Sandwich - 2 Scrambled Eggs melty cheddar cheese on a wavy brioche bun,American Breakfast Sandwiches,,1,,45000.00,,"September 29, 2026 07:47:17AM",DELIVERED
78642903,F-3373379564,4378,gofood,,American Breakfast Club,Kemang,"Burrito - 2 Scrambled Eggs, Cheddar, Avocado, Tater Tots",American Breakfast Burritos,,2,,58000.00,,"September 29, 2026 07:39:44AM",DELIVERED
78642903,F-3373379564,4378,gofood,,American Breakfast Club,Kemang,Sandwich - 2 Scrambled Eggs melty cheddar cheese on a wavy brioche bun,American Breakfast Sandwiches,,1,,45000.00,,"September 29, 2026 07:39:44AM",DELIVERED
78642873,0014879240-C8JGJJXUGAX3JX,GF-842,GrabFood,,American Breakfast Club,Kemang,"Burrito - 2 Scrambled Eggs, Cheddar, Avocado, Tater Tots",American Breakfast Burritos,,1,,58000.00,,"September 29, 2026 07:38:23AM",DELIVERED
78642873,0014879240-C8JGJJXUGAX3JX,GF-842,GrabFood,,American Breakfast Club,Kemang,"Burrito - 2 Scrambled Eggs, Cheddar, Avocado, Tater Tots",American Breakfast Burritos,Cutleries,,1,,600.00,"September 29, 2026 07:38:23AM",DELIVERED
78642815,0010199980-C8JGJJJDN4MEV6,GF-343,GrabFood,,American Breakfast Club,Kemang,"Sandwich - 2 Scrambled Eggs Mock Beef, Cheddar Cheese  on a wavy brioche bun",American Breakfast Sandwiches,,2,,58000.00,,"September 29, 2026 07:35:13AM",DELIVERED
78642643,F-3373374927,1883,gofood,,American Breakfast Club,Kemang,"Sandwich - 2 Scrambled Eggs, Mock Fish, Cheddar Cheese, Mix, Brioche Bun",American Breakfast Sandwiches,,1,,58000.00,,"September 29, 2026 07:27:19AM",DELIVERED
78642643,F-3373374927,1883,gofood,,American Breakfast Club,Kemang,"Sandwich - 2 Scrambled Eggs, Mock Fish, Cheddar Cheese, Mix, Brioche Bun",American Breakfast Sandwiches,Mineral Water,,1,,10000.00,"September 29, 2026 07:27:19AM",DELIVERED
78642643,F-3373374927,1883,gofood,,American Breakfast Club,Kemang,Cheese Omelette - Side Tater Tots,American Breakfast Omelettes,,1,,58000.00,,"September 29, 2026 07:27:19AM",DELIVERED
78642048,F-3373364504,4457,gofood,,LA Breakfast Club,Greenville,"Mushroom Omelette - Mushrooms, Spinach, Side of Tater Tots",LA Breakfast Omelettes,,1,,82000.00,,"September 29, 2026 06:55:48AM",DELIVERED
78612683,F-3373030465,1136,gofood,,American Breakfast Club,Greenville,Cheese Omelette - Side Tater Tots,American Breakfast Omelettes,,1,,46400.00,,"September 28, 2026 06:38:44PM",DELIVERED
78612683,F-3373030465,1136,gofood,,American Breakfast Club,Greenville,"2 Pancakes - Butter, Maple Syrup",American Breakfast Pancakes,,1,,38400.00,,"September 28, 2026 06:38:44PM",DELIVERED
78603713,00197520985-C8JFVCLHJTXDLE,GF-983,GrabFood,,People Pasta,Greenville,Creamy Mushroom - Vegetarian - Plantbased,Signature Pasta,,1,,43000.00,,"September 28, 2026 05:22:37PM",DELIVERED
78603713,00197520985-C8JFVCLHJTXDLE,GF-983,GrabFood,,People Pasta,Greenville,Creamy Mushroom - Vegetarian - Plantbased,Signature Pasta,Fettucine,,1,,1000.00,"September 28, 2026 05:22:37PM",DELIVERED
78601877,00106247473-C8JFUGJYNXLZPE,GF-536,GrabFood,,American Breakfast Club,Greenville,"2 Pancakes - Blueberries, Butter, Maple Syrup",American Breakfast Pancakes,,1,,58000.00,,"September 28, 2026 05:05:27PM",DELIVERED
78601877,00106247473-C8JFUGJYNXLZPE,GF-536,GrabFood,,American Breakfast Club,Greenville,"2 Pancakes - Blueberries, Butter, Maple Syrup",American Breakfast Pancakes,Cutleries,,1,,1500.00,"September 28, 2026 05:05:27PM",DELIVERED
78598965,00131274530-C8JFUABKPEEUVE,GF-057,GrabFood,,Tyfel Coffee,Greenville,Fettucini Mushroom,Main Course,,1,,50000.00,,"September 28, 2026 04:36:44PM",DELIVERED
78588504,0015509821-C8JFTAXKE6UTG2,GF-782,GrabFood,,Herbox,Greenville,Kung Paow Chick Vegan Vegetarian Ricebox,Ricebox,,1,,39000.00,,"September 28, 2026 02:24:59PM",DELIVERED
78584380,001841717041-C8JFR4BKN4CDJJ,GF-632,GrabFood,,American Breakfast Club,Greenville,"2 Pancakes - Butter, Maple Syrup",American Breakfast Pancakes,,1,,48000.00,,"September 28, 2026 01:27:20PM",DELIVERED
78584380,001841717041-C8JFR4BKN4CDJJ,GF-632,GrabFood,,American Breakfast Club,Greenville,"2 Pancakes - Butter, Maple Syrup",American Breakfast Pancakes,Cutleries,,1,,1500.00,"September 28, 2026 01:27:20PM",DELIVERED
78575469,00120410273-C8JFRB5UCKUDTT,GF-960,GrabFood,,People Pasta,Greenville,Vegan Chicken Crispy Burger,Meatless Burgers,,1,,49000.00,,"September 28, 2026 11:46:20AM",DELIVERED
78575469,00120410273-C8JFRB5UCKUDTT,GF-960,GrabFood,,People Pasta,Greenville,Creamy Mushroom - Vegetarian - Plantbased,Signature Pasta,,1,,43000.00,,"September 28, 2026 11:46:20AM",DELIVERED
78575469,00120410273-C8JFRB5UCKUDTT,GF-960,GrabFood,,People Pasta,Greenville,Creamy Mushroom - Vegetarian - Plantbased,Signature Pasta,Spaghetti,,1,,0.00,"September 28, 2026 11:46:20AM",DELIVERED
78574798,001238458609-C8JFRA5JCUJZVN,GF-388,GrabFood,,People Pasta,Greenville,Creamy Mushroom - Vegetarian - Plantbased,Signature Pasta,,1,,43000.00,,"September 28, 2026 11:39:38AM",DELIVERED
78574798,001238458609-C8JFRA5JCUJZVN,GF-388,GrabFood,,People Pasta,Greenville,Creamy Mushroom - Vegetarian - Plantbased,Signature Pasta,Spaghetti,,1,,0.00,"September 28, 2026 11:39:38AM",DELIVERED
78574798,001238458609-C8JFRA5JCUJZVN,GF-388,GrabFood,,People Pasta,Greenville,Meat-less Burger - Vegan,Meatless Burgers,,1,,49000.00,,"September 28, 2026 11:39:38AM",DELIVERED
78574339,00196393714-C8JFPGLTNP3CCT,GF-521,GrabFood,,Herbox,Greenville,Nasi Goreng Bintang Kuning Vegan Vegetarian,Nasi Goreng Special,,1,,35000.00,,"September 28, 2026 11:34:44AM",DELIVERED
78573069,001575762070-C8JFPALGLPVGFE,GF-956,GrabFood,,Herbox,Greenville,Beef Mentai Vegan Vegetarian Rice,Mentai Vegan,,1,,59000.00,,"September 28, 2026 11:21:54AM",DELIVERED
78573069,001575762070-C8JFPALGLPVGFE,GF-956,GrabFood,,Herbox,Greenville,Beef Mentai Vegan Vegetarian Rice,Mentai Vegan,"Sendok, Garpu, Tissue, Tusuk Gigi",,1,,1500.00,"September 28, 2026 11:21:54AM",DELIVERED
78573069,001575762070-C8JFPALGLPVGFE,GF-956,GrabFood,,Herbox,Greenville,Hygiene Cutleries,Extra,,1,,2000.00,,"September 28, 2026 11:21:54AM",DELIVERED
78569484,001462691814-C8JFN6LYAECUV6,GF-123,GrabFood,,American Breakfast Club,Greenville,Cheese Omelette - Side Tater Tots,American Breakfast Omelettes,,1,,58000.00,,"September 28, 2026 10:46:04AM",DELIVERED
78569449,001335046823-C8JFN6JZGB4FEJ,GF-115,GrabFood,,People Pasta,Greenville,Truffle Fries,,,1,,30000.00,,"September 28, 2026 10:45:28AM",DELIVERED
78569449,001335046823-C8JFN6JZGB4FEJ,GF-115,GrabFood,,People Pasta,Greenville,Creamy Mushroom - Vegetarian - Plantbased,Signature Pasta,,1,,43000.00,,"September 28, 2026 10:45:28AM",DELIVERED
78569449,001335046823-C8JFN6JZGB4FEJ,GF-115,GrabFood,,People Pasta,Greenville,Creamy Mushroom - Vegetarian - Plantbased,Signature Pasta,Spaghetti,,1,,0.00,"September 28, 2026 10:45:28AM",DELIVERED
78568364,F-3372415581,8435,gofood,,American Breakfast Club,Greenville,Cheese Omelette - Side Tater Tots,American Breakfast Omelettes,,2,,46400.00,,"September 28, 2026 10:31:34AM",DELIVERED
78566727,001376739187-C8JFNXB2CK2AAE,GF-921,GrabFood,,American Breakfast Club,Greenville,"Sandwich - 2 Scrambled Eggs, Mock Fish, Cheddar Cheese, Mix, Brioche Bun",American Breakfast Sandwiches,,1,,58000.00,,"September 28, 2026 10:10:47AM",DELIVERED
78566727,001376739187-C8JFNXB2CK2AAE,GF-921,GrabFood,,American Breakfast Club,Greenville,Home Fries With Truffle Oil,Sides,,1,,48000.00,,"September 28, 2026 10:10:47AM",DELIVERED
78565227,00155272438-C8JFNPLBVYDGET,GF-967,GrabFood,,American Breakfast Club,Greenville,"Mushroom Omelette - Mushrooms, Spinach, Side Tater Tots",American Breakfast Omelettes,,1,,68000.00,,"September 28, 2026 09:45:51AM",DELIVERED
78565227,00155272438-C8JFNPLBVYDGET,GF-967,GrabFood,,American Breakfast Club,Greenville,"Mushroom Omelette - Mushrooms, Spinach, Side Tater Tots",American Breakfast Omelettes,Cutleries,,1,,1500.00,"September 28, 2026 09:45:51AM",DELIVERED
78564823,001216900173-C8JFNNDUWA5CRN,GF-662,GrabFood,,American Breakfast Club,Greenville,"2 Pancakes - Blueberries, Butter, Maple Syrup",American Breakfast Pancakes,,1,,58000.00,,"September 28, 2026 09:38:01AM",DELIVERED
78564823,001216900173-C8JFNNDUWA5CRN,GF-662,GrabFood,,American Breakfast Club,Greenville,"Sandwich - 2 Scrambled Eggs Mock Beef, Cheddar Cheese  on a wavy brioche bun",American Breakfast Sandwiches,,1,,58000.00,,"September 28, 2026 09:38:01AM",DELIVERED
78563250,F-3372333618,8316,gofood,,American Breakfast Club,Greenville,Cheese Omelette - Side Tater Tots,American Breakfast Omelettes,,1,,46400.00,,"September 28, 2026 08:59:16AM",DELIVERED
78563250,F-3372333618,8316,gofood,,American Breakfast Club,Greenville,Tater Tots,Sides,,1,,22400.00,,"September 28, 2026 08:59:16AM",DELIVERED
78562542,00104189354-C8JFME4GCEWWGA,GF-278,GrabFood,,Herbox,Greenville,Teriyaki Vegan Vegetarian Ricebox,Ricebox,,1,,39000.00,,"September 28, 2026 08:35:58AM",DELIVERED
78562542,00104189354-C8JFME4GCEWWGA,GF-278,GrabFood,,Herbox,Greenville,Teriyaki Vegan Vegetarian Ricebox,Ricebox,"Sendok, Garpu, Tissue, Tusuk Gigi",,1,,1500.00,"September 28, 2026 08:35:58AM",DELIVERED
78562542,00104189354-C8JFME4GCEWWGA,GF-278,GrabFood,,Herbox,Greenville,Lada Hitam Blackpepper Vegan Vegetarian Ricebox,Ricebox,,1,,39000.00,,"September 28, 2026 08:35:58AM",DELIVERED
78562542,00104189354-C8JFME4GCEWWGA,GF-278,GrabFood,,Herbox,Greenville,Lada Hitam Blackpepper Vegan Vegetarian Ricebox,Ricebox,"Sendok, Garpu, Tissue, Tusuk Gigi",,1,,1500.00,"September 28, 2026 08:35:58AM",DELIVERED
78562079,F-3372307888,9391,gofood,,American Breakfast Club,Greenville,"Mushroom Omelette - Mushrooms, Spinach, Side Tater Tots",American Breakfast Omelettes,,2,,54400.00,,"September 28, 2026 08:11:19AM",DELIVERED
78562079,F-3372307888,9391,gofood,,American Breakfast Club,Greenville,"2 Pancakes - Blueberries, Butter, Maple Syrup",American Breakfast Pancakes,,1,,46400.00,,"September 28, 2026 08:11:19AM",DELIVERED
78561965,00102282113-C8JFMAJ3BFEJET,GF-478,GrabFood,,American Breakfast Club,Greenville,"Sandwich - 2 Scrambled Eggs Mock Beef, Cheddar Cheese  on a wavy brioche bun",American Breakfast Sandwiches,,1,,58000.00,,"September 28, 2026 08:15:29AM",DELIVERED
78561965,00102282113-C8JFMAJ3BFEJET,GF-478,GrabFood,,American Breakfast Club,Greenville,"Sandwich - 2 Scrambled Eggs Mock Beef, Cheddar Cheese  on a wavy brioche bun",American Breakfast Sandwiches,Cutleries,,1,,1500.00,"September 28, 2026 08:15:29AM",DELIVERED
78561965,00102282113-C8JFMAJ3BFEJET,GF-478,GrabFood,,American Breakfast Club,Greenville,"Sandwich - 2 Scrambled Eggs Mock Beef, Cheddar Cheese  on a wavy brioche bun",American Breakfast Sandwiches,Tatter Tots,,1,,30000.00,"September 28, 2026 08:15:29AM",DELIVERED
78561562,001570213444-C8JFL3EVE3AYME,GF-253,GrabFood,,LA Breakfast Club,Greenville,"Mushroom Omelette - Mushrooms, Spinach, Side of Tater Tots",LA Breakfast Omelettes,,1,,82000.00,,"September 28, 2026 07:58:48AM",DELIVERED
78561526,001764338892-C8JFL4NHTJN2VT,GF-629,GrabFood,,American Breakfast Club,Greenville,Sandwich - 2 Scrambled Eggs melty cheddar cheese on a wavy brioche bun,American Breakfast Sandwiches,,1,,45000.00,,"September 28, 2026 07:56:39AM",DELIVERED
78561515,0012705975-C8JFL4MWRY3KGT,GF-072,GrabFood,,American Breakfast Club,Greenville,Cheese Omelette - Side Tater Tots,American Breakfast Omelettes,,1,,58000.00,,"September 28, 2026 07:56:23AM",DELIVERED
78561386,F-3372298480,5257,gofood,,American Breakfast Club,Greenville,Cheese Omelette - Side Tater Tots,American Breakfast Omelettes,,2,,46400.00,,"September 28, 2026 07:49:09AM",DELIVERED
78561386,F-3372298480,5257,gofood,,American Breakfast Club,Greenville,Tater Tots,Sides,,1,,22400.00,,"September 28, 2026 07:49:09AM",DELIVERED
78561052,001703511689-C8JFLYNFN4DHUA,GF-334,GrabFood,,LA Breakfast Club,Greenville,Original Pancakes (2 Pcs),LA Breakfast Pancakes,,1,,64000.00,,"September 28, 2026 07:33:26AM",DELIVERED
78561052,001703511689-C8JFLYNFN4DHUA,GF-334,GrabFood,,LA Breakfast Club,Greenville,Cheese Omelette - Side of Tater Tots,LA Breakfast Omelettes,,1,,70000.00,,"September 28, 2026 07:33:26AM",DELIVERED
78539833,00166718425-C8JFCREULJWGAX,GF-415,GrabFood,,American Breakfast Club,Greenville,"Mushroom Omelette - Mushrooms, Spinach, Side Tater Tots",American Breakfast Omelettes,,1,,68000.00,,"September 27, 2026 07:58:21PM",DELIVERED
78518758,001965446526-C8JFATBWRUWBAA,GF-819,GrabFood,,American Breakfast Club,Greenville,Sandwich - 2 Scrambled Eggs melty cheddar cheese on a wavy brioche bun,American Breakfast Sandwiches,,1,,45000.00,,"September 27, 2026 05:14:05PM",DELIVERED
78518758,001965446526-C8JFATBWRUWBAA,GF-819,GrabFood,,American Breakfast Club,Greenville,Coke (Can),Drinks,,1,,15000.00,,"September 27, 2026 05:14:05PM",DELIVERED
78518758,001965446526-C8JFATBWRUWBAA,GF-819,GrabFood,,American Breakfast Club,Greenville,Home Fries,Sides,,1,,38000.00,,"September 27, 2026 05:14:05PM",DELIVERED
78504774,00116225202-C8JEVY6VC4ABAX,GF-238,GrabFood,,Herbox,Greenville,Beef  wrap Vegan Herbox,Wrap Series,,1,,59000.00,,"September 27, 2026 02:56:42PM",DELIVERED
78504774,00116225202-C8JEVY6VC4ABAX,GF-238,GrabFood,,Herbox,Greenville,Tater tots,Sides,,1,,30000.00,,"September 27, 2026 02:56:42PM",DELIVERED
78504774,00116225202-C8JEVY6VC4ABAX,GF-238,GrabFood,,Herbox,Greenville,Lauk size Regular Vegan Vegetarian,Lauk Only,,1,,60000.00,,"September 27, 2026 02:56:42PM",DELIVERED
78504205,00108275177-C8JEVYCHCBDXC6,GF-193,GrabFood,,American Breakfast Club,Kemang,"Burrito - Mock Beef, 2 Scrambled Eggs, Cheddar, Avocado, Tater Tots,",American Breakfast Burritos,,1,,68000.00,,"September 27, 2026 02:50:59PM",DELIVERED
78504205,00108275177-C8JEVYCHCBDXC6,GF-193,GrabFood,,American Breakfast Club,Kemang,Home Fries,Sides,,1,,38000.00,,"September 27, 2026 02:50:59PM",DELIVERED
78503953,0015751563-C8JEVX2AVU2UJ6,GF-219,GrabFood,,American Breakfast Club,Kemang,"Sandwich - 2 Scrambled Eggs, Mock Fish, Cheddar Cheese, Mix, Brioche Bun",American Breakfast Sandwiches,,1,,58000.00,,"September 27, 2026 02:48:31PM",DELIVERED
78501610,001598104125-C8JEVRDHFFTBRX,GF-673,GrabFood,,American Breakfast Club,Kemang,"Burrito - Mock Beef, 2 Scrambled Eggs, Cheddar, Avocado, Tater Tots,",American Breakfast Burritos,,1,,68000.00,,"September 27, 2026 02:24:39PM",DELIVERED
78498571,001694044359-C8JEVJLEUE4VJT,GF-584,GrabFood,,People Pasta,Greenville,Creamy Mushroom - Vegetarian - Plantbased,Signature Pasta,,1,,43000.00,,"September 27, 2026 01:55:54PM",DELIVERED
78498571,001694044359-C8JEVJLEUE4VJT,GF-584,GrabFood,,People Pasta,Greenville,Creamy Mushroom - Vegetarian - Plantbased,Signature Pasta,Spaghetti,,1,,0.00,"September 27, 2026 01:55:54PM",DELIVERED
78498571,001694044359-C8JEVJLEUE4VJT,GF-584,GrabFood,,People Pasta,Greenville,Cacio e Pepe - Vegetarian - Plantbased,Signature Pasta,,1,,43000.00,,"September 27, 2026 01:55:54PM",DELIVERED
78498571,001694044359-C8JEVJLEUE4VJT,GF-584,GrabFood,,People Pasta,Greenville,Cacio e Pepe - Vegetarian - Plantbased,Signature Pasta,Spaghetti,,1,,0.00,"September 27, 2026 01:55:54PM",DELIVERED
78495736,001060450953-C8JEVBN1ERD1AA,GF-694,GrabFood,,American Breakfast Club,Kemang,"Burrito - 2 Scrambled Eggs, Cheddar, Avocado, Tater Tots",American Breakfast Burritos,,1,,58000.00,,"September 27, 2026 01:30:08PM",DELIVERED
78495073,001470293832-C8JEVAVCGN5ECX,GF-994,GrabFood,,American Breakfast Club,Greenville,"Burrito - 2 Scrambled Eggs, Cheddar, Avocado, Tater Tots",American Breakfast Burritos,,1,,58000.00,,"September 27, 2026 01:24:11PM",DELIVERED
78492496,F-3371451142,6986,gofood,,American Breakfast Club,Greenville,"2 Pancakes - Butter, Maple Syrup",American Breakfast Pancakes,,1,,38400.00,,"September 27, 2026 01:00:43PM",DELIVERED
78492496,F-3371451142,6986,gofood,,American Breakfast Club,Greenville,"Mushroom Omelette - Mushrooms, Spinach, Side Tater Tots",American Breakfast Omelettes,,1,,54400.00,,"September 27, 2026 01:00:43PM",DELIVERED
78487857,001007892885-C8JET3ABJ2UBAE,GF-998,GrabFood,,American Breakfast Club,Kemang,Cheese Omelette - Side Tater Tots,American Breakfast Omelettes,,1,,58000.00,,"September 27, 2026 12:20:11PM",DELIVERED
78487857,001007892885-C8JET3ABJ2UBAE,GF-998,GrabFood,,American Breakfast Club,Kemang,Cheese Omelette - Side Tater Tots,American Breakfast Omelettes,Chick Nugget,,1,,35000.00,"September 27, 2026 12:20:11PM",DELIVERED
78487686,001960965741-C8JET22HWFCACA,GF-258,GrabFood,,American Breakfast Club,Kemang,"Burrito - Mock Katsu, 2 Scrambled Eggs, Cheddar, Avocado, Tater Tots",American Breakfast Burritos,,1,,68000.00,,"September 27, 2026 12:18:38PM",DELIVERED
78487339,0016678985-C8JET2LEE8E2R2,GF-249,GrabFood,,American Breakfast Club,Kemang,"Mushroom Omelette - Mushrooms, Spinach, Side Tater Tots",American Breakfast Omelettes,,1,,68000.00,,"September 27, 2026 12:15:54PM",DELIVERED
78483549,F-3371315103,4825,gofood,,American Breakfast Club,Kemang,Cheese Omelette - Side Tater Tots,American Breakfast Omelettes,,1,,58000.00,,"September 27, 2026 11:43:56AM",DELIVERED
78483549,F-3371315103,4825,gofood,,American Breakfast Club,Kemang,Sandwich - 2 Scrambled Eggs melty cheddar cheese on a wavy brioche bun,American Breakfast Sandwiches,,1,,45000.00,,"September 27, 2026 11:43:56AM",DELIVERED
78482116,001450278315-C8JETPKBVRMVT2,GF-923,GrabFood,,People Pasta,Greenville,Vegan Chicken Crispy Burger,Meatless Burgers,,1,,49000.00,,"September 27, 2026 11:32:14AM",DELIVERED
78482116,001450278315-C8JETPKBVRMVT2,GF-923,GrabFood,,People Pasta,Greenville,Cacio e Pepe - Vegetarian - Plantbased,Signature Pasta,,1,,43000.00,,"September 27, 2026 11:32:14AM",DELIVERED
78482116,001450278315-C8JETPKBVRMVT2,GF-923,GrabFood,,People Pasta,Greenville,Cacio e Pepe - Vegetarian - Plantbased,Signature Pasta,Spaghetti,,1,,0.00,"September 27, 2026 11:32:14AM",DELIVERED
78482116,001450278315-C8JETPKBVRMVT2,GF-923,GrabFood,,People Pasta,Greenville,Bolognese - Vegan Friendly - Vegetarian - Plantbase,Signature Pasta,,1,,43000.00,,"September 27, 2026 11:32:14AM",DELIVERED
78482116,001450278315-C8JETPKBVRMVT2,GF-923,GrabFood,,People Pasta,Greenville,Bolognese - Vegan Friendly - Vegetarian - Plantbase,Signature Pasta,Spaghetti,,1,,0.00,"September 27, 2026 11:32:14AM",DELIVERED
78480161,001341090390-C8JETKD2AEM3GT,GF-369,GrabFood,,American Breakfast Club,Kemang,"Burrito - Mock Beef, 2 Scrambled Eggs, Cheddar, Avocado, Tater Tots,",American Breakfast Burritos,,1,,68000.00,,"September 27, 2026 11:14:49AM",DELIVERED
78479721,F-3371254178,5256,gofood,,American Breakfast Club,Kemang,"Egg burger - 2 Scrambled Eggs, Cheddar Cheese, Secret Sauce",American Breakfast Burger,,1,,45000.00,,"September 27, 2026 11:10:01AM",DELIVERED
78479721,F-3371254178,5256,gofood,,American Breakfast Club,Kemang,Cheese Omelette - Side Tater Tots,American Breakfast Omelettes,,1,,58000.00,,"September 27, 2026 11:10:01AM",DELIVERED
78479577,001131374251-C8JETJM2ERBVGE,GF-450,GrabFood,,American Breakfast Club,Greenville,"Burrito - 2 Scrambled Eggs, Cheddar, Avocado, Tater Tots",American Breakfast Burritos,,1,,58000.00,,"September 27, 2026 11:09:50AM",DELIVERED
78479541,F-3371251581,7761,gofood,,American Breakfast Club,Kemang,"Egg burger - 2 Scrambled Eggs, Cheddar Cheese, Secret Sauce",American Breakfast Burger,,1,,45000.00,,"September 27, 2026 11:08:33AM",DELIVERED
78479541,F-3371251581,7761,gofood,,American Breakfast Club,Kemang,Tater Tots With Truffle Oil,Sides,,1,,38000.00,,"September 27, 2026 11:08:33AM",DELIVERED
78479397,F-3371250858,7793,gofood,,American Breakfast Club,Kemang,"Egg burger - 2 Scrambled Eggs, Cheddar Cheese, Secret Sauce",American Breakfast Burger,,1,,45000.00,,"September 27, 2026 11:08:07AM",CANCELLED
78479397,F-3371250858,7793,gofood,,American Breakfast Club,Kemang,Tater Tots With Truffle Oil,Sides,,1,,38000.00,,"September 27, 2026 11:08:07AM",CANCELLED
78479379,001210467491-C8JETJAXVFVKFE,GF-861,GrabFood,,American Breakfast Club,Greenville,"2 Pancakes - Blueberries, Butter, Maple Syrup",American Breakfast Pancakes,,1,,58000.00,,"September 27, 2026 11:07:56AM",DELIVERED
78479379,001210467491-C8JETJAXVFVKFE,GF-861,GrabFood,,American Breakfast Club,Greenville,"2 Pancakes - Blueberries, Butter, Maple Syrup",American Breakfast Pancakes,Cutleries,,1,,1500.00,"September 27, 2026 11:07:56AM",DELIVERED
78479379,001210467491-C8JETJAXVFVKFE,GF-861,GrabFood,,American Breakfast Club,Greenville,"Sandwich - 2 Scrambled Eggs Mock Beef, Cheddar Cheese  on a wavy brioche bun",American Breakfast Sandwiches,,1,,58000.00,,"September 27, 2026 11:07:56AM",DELIVERED
78478974,001875799171-C8JETGB3NJEZFE,GF-079,GrabFood,,American Breakfast Club,Greenville,"2 Pancakes - Butter, Maple Syrup",American Breakfast Pancakes,,2,,48000.00,,"September 27, 2026 11:04:09AM",DELIVERED
78478974,001875799171-C8JETGB3NJEZFE,GF-079,GrabFood,,American Breakfast Club,Greenville,"2 Pancakes - Chocolate Chips, Butter, Maple Syrup",American Breakfast Pancakes,,1,,58000.00,,"September 27, 2026 11:04:09AM",DELIVERED
78478443,001123336409-C8JETFJFCXNZT2,GF-043,GrabFood,,American Breakfast Club,Kemang,"Burrito - Mock Chicken, 2 Scrambled Eggs, Cheddar, Avocado, Tater Tots",American Breakfast Burritos,,1,,68000.00,,"September 27, 2026 10:59:01AM",DELIVERED
78478443,001123336409-C8JETFJFCXNZT2,GF-043,GrabFood,,American Breakfast Club,Kemang,"Burrito - Mock Chicken, 2 Scrambled Eggs, Cheddar, Avocado, Tater Tots",American Breakfast Burritos,Tatter Tots,,1,,30000.00,"September 27, 2026 10:59:01AM",DELIVERED
78478161,001341670661-C8JETE4BVPKAWE,GF-674,GrabFood,,American Breakfast Club,Kemang,"Mushroom Omelette - Mushrooms, Spinach, Side Tater Tots",American Breakfast Omelettes,,1,,68000.00,,"September 27, 2026 10:55:53AM",DELIVERED
78477262,00134326101-C8JETCAWTTWTDE,GF-104,GrabFood,,Tyfel Coffee,Greenville,Spicy Olio,Main Course,,1,,50000.00,,"September 27, 2026 10:47:06AM",DELIVERED
78477262,00134326101-C8JETCAWTTWTDE,GF-104,GrabFood,,Tyfel Coffee,Greenville,Tyfel Rice,Main Course,,1,,55000.00,,"September 27, 2026 10:47:06AM",DELIVERED
78477259,00134326101-C8JETCAWTTWTDE,GF-521,GrabFood,,American Breakfast Club,Greenville,"Burrito - 2 Scrambled Eggs, Cheddar, Avocado, Tater Tots",American Breakfast Burritos,,1,,58000.00,,"September 27, 2026 10:47:06AM",DELIVERED
78475284,F-3371182668,1466,gofood,,American Breakfast Club,Kemang,Cheese Omelette - Side Tater Tots,American Breakfast Omelettes,,1,,58000.00,,"September 27, 2026 10:25:12AM",DELIVERED
78475284,F-3371182668,1466,gofood,,American Breakfast Club,Kemang,"Sandwich - 2 Scrambled Eggs, Mock Fish, Cheddar Cheese, Mix, Brioche Bun",American Breakfast Sandwiches,,1,,58000.00,,"September 27, 2026 10:25:12AM",DELIVERED
78473870,001028055675-C8JESBTHNZNBCA,GF-080,GrabFood,,American Breakfast Club,Greenville,"Burrito - 2 Scrambled Eggs, Cheddar, Avocado, Tater Tots",American Breakfast Burritos,,1,,58000.00,,"September 27, 2026 10:10:19AM",DELIVERED
78473870,001028055675-C8JESBTHNZNBCA,GF-080,GrabFood,,American Breakfast Club,Greenville,Cutleries,Cutleries,,1,,1000.00,,"September 27, 2026 10:10:19AM",DELIVERED
78473303,0010924536-C8JESANXNVNKTE,GF-749,GrabFood,,Tyfel Coffee,Greenville,Hydro Coco,Drinks,,1,,10000.00,,"September 27, 2026 10:03:53AM",DELIVERED
78473303,0010924536-C8JESANXNVNKTE,GF-749,GrabFood,,Tyfel Coffee,Greenville,Quesadilla,Lite Bites,,1,,45000.00,,"September 27, 2026 10:03:53AM",DELIVERED
78473303,0010924536-C8JESANXNVNKTE,GF-749,GrabFood,,Tyfel Coffee,Greenville,Tyfel Burritos - Vegan,Lite Bites,,1,,45000.00,,"September 27, 2026 10:03:53AM",DELIVERED
78472954,001480083082-C8JESAAFUE6TN6,GF-282,GrabFood,,American Breakfast Club,Kemang,"Burrito - Mock Beef, 2 Scrambled Eggs, Cheddar, Avocado, Tater Tots,",American Breakfast Burritos,,1,,68000.00,,"September 27, 2026 10:00:15AM",DELIVERED
78472954,001480083082-C8JESAAFUE6TN6,GF-282,GrabFood,,American Breakfast Club,Kemang,"Burrito - Mock Beef, 2 Scrambled Eggs, Cheddar, Avocado, Tater Tots,",American Breakfast Burritos,Home Fries,,1,,30000.00,"September 27, 2026 10:00:15AM",DELIVERED
78472204,F-3371135720,4647,gofood,,Herbox,Greenville,Paket 3 Rice Box Favorite (rica+lada hitam+kungpao),Combo Hemat Vegan,,1,,93600.00,,"September 27, 2026 09:48:48AM",DELIVERED
78471938,F-3371118229,7287,gofood,,American Breakfast Club,Greenville,"Burrito - Mock Beef, 2 Scrambled Eggs, Cheddar, Avocado, Tater Tots,",American Breakfast Burritos,,1,,54400.00,,"September 27, 2026 09:31:58AM",DELIVERED
78471800,0015496577-C8JER4NKAATXWA,GF-375,GrabFood,,American Breakfast Club,Kemang,"Burrito - 2 Scrambled Eggs, Cheddar, Avocado, Tater Tots",American Breakfast Burritos,,1,,58000.00,,"September 27, 2026 09:43:24AM",DELIVERED
78471800,0015496577-C8JER4NKAATXWA,GF-375,GrabFood,,American Breakfast Club,Kemang,"Burrito - 2 Scrambled Eggs, Cheddar, Avocado, Tater Tots",American Breakfast Burritos,Chick Nugget,,1,,35000.00,"September 27, 2026 09:43:24AM",DELIVERED
78471800,0015496577-C8JER4NKAATXWA,GF-375,GrabFood,,American Breakfast Club,Kemang,"Burrito - 2 Scrambled Eggs, Cheddar, Avocado, Tater Tots",American Breakfast Burritos,,1,,58000.00,,"September 27, 2026 09:43:24AM",DELIVERED
78471800,0015496577-C8JER4NKAATXWA,GF-375,GrabFood,,American Breakfast Club,Kemang,"Burrito - 2 Scrambled Eggs, Cheddar, Avocado, Tater Tots",American Breakfast Burritos,Cutleries,,1,,600.00,"September 27, 2026 09:43:24AM",DELIVERED
78471800,0015496577-C8JER4NKAATXWA,GF-375,GrabFood,,American Breakfast Club,Kemang,Home Fries,Sides,,1,,38000.00,,"September 27, 2026 09:43:24AM",DELIVERED
78471800,0015496577-C8JER4NKAATXWA,GF-375,GrabFood,,American Breakfast Club,Kemang,"Mushroom Omelette - Mushrooms, Spinach, Side Tater Tots",American Breakfast Omelettes,,1,,68000.00,,"September 27, 2026 09:43:24AM",DELIVERED
78469511,F-3371081093,2471,gofood,,American Breakfast Club,Greenville,"2 Pancakes - Blueberries, Butter, Maple Syrup",American Breakfast Pancakes,,1,,46400.00,,"September 27, 2026 08:52:43AM",DELIVERED
78469511,F-3371081093,2471,gofood,,American Breakfast Club,Greenville,Cheese Omelette - Side Tater Tots,American Breakfast Omelettes,,2,,46400.00,,"September 27, 2026 08:52:43AM",DELIVERED
78469374,001941316051-C8JERUT3G653R6,GF-382,GrabFood,,American Breakfast Club,Greenville,"Burrito - Mock Chicken, 2 Scrambled Eggs, Cheddar, Avocado, Tater Tots",American Breakfast Burritos,,1,,68000.00,,"September 27, 2026 09:03:49AM",DELIVERED
78468868,001388546503-C8JERTBDLRLDJ2,GF-116,GrabFood,,American Breakfast Club,Kemang,Cheese Omelette - Side Tater Tots,American Breakfast Omelettes,,1,,58000.00,,"September 27, 2026 08:53:55AM",DELIVERED
78468868,001388546503-C8JERTBDLRLDJ2,GF-116,GrabFood,,American Breakfast Club,Kemang,Cheese Omelette - Side Tater Tots,American Breakfast Omelettes,Tatter Tots,,1,,30000.00,"September 27, 2026 08:53:55AM",DELIVERED
78468748,00198668635-C8JERRCJAFAZFE,GF-984,GrabFood,,American Breakfast Club,Kemang,"Mushroom Omelette - Mushrooms, Spinach, Side Tater Tots",American Breakfast Omelettes,,1,,68000.00,,"September 27, 2026 08:50:57AM",DELIVERED
78468665,F-3371076644,5175,gofood,,American Breakfast Club,Kemang,Sandwich - 2 Scrambled Eggs melty cheddar cheese on a wavy brioche bun,American Breakfast Sandwiches,,1,,45000.00,,"September 27, 2026 08:46:52AM",DELIVERED
78468512,001743050474-C8JERPJCR8LEL6,GF-301,GrabFood,,American Breakfast Club,Greenville,"Burrito - Mock Chicken, 2 Scrambled Eggs, Cheddar, Avocado, Tater Tots",American Breakfast Burritos,,1,,68000.00,,"September 27, 2026 08:45:12AM",DELIVERED
78468185,F-3371069399,4495,gofood,,American Breakfast Club,Kemang,"Burrito - 2 Scrambled Eggs, Cheddar, Avocado, Tater Tots",American Breakfast Burritos,,1,,58000.00,,"September 27, 2026 08:37:15AM",DELIVERED
78468185,F-3371069399,4495,gofood,,American Breakfast Club,Kemang,"Burrito - 2 Scrambled Eggs, Cheddar, Avocado, Tater Tots",American Breakfast Burritos,Home Fries,,1,,30000.00,"September 27, 2026 08:37:15AM",DELIVERED
78468185,F-3371069399,4495,gofood,,American Breakfast Club,Kemang,"Burrito - Mock Chicken, 2 Scrambled Eggs, Cheddar, Avocado, Tater Tots",American Breakfast Burritos,,1,,68000.00,,"September 27, 2026 08:37:15AM",DELIVERED
78468016,F-3371066252,2373,gofood,,LA Breakfast Club,Greenville,Chocolate Chip Pancakes (2 Pcs),LA Breakfast Pancakes,,1,,74000.00,,"September 27, 2026 08:33:06AM",DELIVERED
78468016,F-3371066252,2373,gofood,,LA Breakfast Club,Greenville,Blueberry Pancakes (2 Pcs),LA Breakfast Pancakes,,1,,74000.00,,"September 27, 2026 08:33:06AM",DELIVERED
78467942,F-3371064907,2349,gofood,,American Breakfast Club,Greenville,"Burrito - Mock Fish, 2 Scrambled Eggs, Cheddar, Avocado, Tater Tots,",American Breakfast Burritos,,1,,54400.00,,"September 27, 2026 08:31:11AM",DELIVERED
78467773,001653526185-C8JERKB3G7UAC2,GF-318,GrabFood,,American Breakfast Club,Greenville,"Burrito - Mock Chicken, 2 Scrambled Eggs, Cheddar, Avocado, Tater Tots",American Breakfast Burritos,,1,,68000.00,,"September 27, 2026 08:27:29AM",DELIVERED
78467766,F-3371061756,5158,gofood,,American Breakfast Club,Kemang,Sandwich - 2 Scrambled Eggs melty cheddar cheese on a wavy brioche bun,American Breakfast Sandwiches,,1,,45000.00,,"September 27, 2026 08:26:49AM",DELIVERED
78467676,001709232843-C8JERJXJG8JJEJ,GF-491,GrabFood,,American Breakfast Club,Kemang,"Burrito - 2 Scrambled Eggs, Cheddar, Avocado, Tater Tots",American Breakfast Burritos,,1,,58000.00,,"September 27, 2026 08:24:58AM",DELIVERED
78467497,001644333056-C8JERGM3VNXBLX,GF-715,GrabFood,,American Breakfast Club,Kemang,"Burrito - Mock Chicken, 2 Scrambled Eggs, Cheddar, Avocado, Tater Tots",American Breakfast Burritos,,1,,68000.00,,"September 27, 2026 08:19:52AM",DELIVERED
78467497,001644333056-C8JERGM3VNXBLX,GF-715,GrabFood,,American Breakfast Club,Kemang,"Sandwich - 2 Scrambled Eggs, Mock Chicken, Cheddar Cheese Mix, Brioche Bun",American Breakfast Sandwiches,,1,,58000.00,,"September 27, 2026 08:19:52AM",DELIVERED
78467497,001644333056-C8JERGM3VNXBLX,GF-715,GrabFood,,American Breakfast Club,Kemang,"Burrito - 2 Scrambled Eggs, Cheddar, Avocado, Tater Tots",American Breakfast Burritos,,1,,58000.00,,"September 27, 2026 08:19:52AM",DELIVERED
78467497,001644333056-C8JERGM3VNXBLX,GF-715,GrabFood,,American Breakfast Club,Kemang,Sandwich - 2 Scrambled Eggs melty cheddar cheese on a wavy brioche bun,American Breakfast Sandwiches,,1,,45000.00,,"September 27, 2026 08:19:52AM",DELIVERED
78467497,001644333056-C8JERGM3VNXBLX,GF-715,GrabFood,,American Breakfast Club,Kemang,Tater Tots,Sides,,2,,38000.00,,"September 27, 2026 08:19:52AM",DELIVERED
78466786,00136311568-C8JERBWDT6JDJE,GF-925,GrabFood,,American Breakfast Club,Greenville,"Burrito - Mock Chicken, 2 Scrambled Eggs, Cheddar, Avocado, Tater Tots",American Breakfast Burritos,,1,,68000.00,,"September 27, 2026 07:57:54AM",DELIVERED
78466493,F-3371036092,1518,gofood,,Tyfel Coffee,Kemang,Breakfast Burrito,Breakfast Burritos,,1,,58000.00,,"September 27, 2026 07:47:20AM",DELIVERED
78466419,0017493634-C8JEPGJYHEWTJE,GF-424,GrabFood,,American Breakfast Club,Kemang,"Mushroom Omelette - Mushrooms, Spinach, Side Tater Tots",American Breakfast Omelettes,,1,,68000.00,,"September 27, 2026 07:45:27AM",DELIVERED
78466419,0017493634-C8JEPGJYHEWTJE,GF-424,GrabFood,,American Breakfast Club,Kemang,"Mushroom Omelette - Mushrooms, Spinach, Side Tater Tots",American Breakfast Omelettes,Cutleries,,1,,600.00,"September 27, 2026 07:45:27AM",DELIVERED
78466419,0017493634-C8JEPGJYHEWTJE,GF-424,GrabFood,,American Breakfast Club,Kemang,"Mushroom Omelette - Mushrooms, Spinach, Side Tater Tots",American Breakfast Omelettes,Mineral Water,,1,,10000.00,"September 27, 2026 07:45:27AM",DELIVERED
78466419,0017493634-C8JEPGJYHEWTJE,GF-424,GrabFood,,American Breakfast Club,Kemang,"Mushroom Omelette - Mushrooms, Spinach, Side Tater Tots",American Breakfast Omelettes,Truffle Tater Tots,,1,,40000.00,"September 27, 2026 07:45:27AM",DELIVERED
78466378,F-3371028118,6127,gofood,,American Breakfast Club,Kemang,"Original Egg burger - Patties, 2 Scrambled Eggs, Cheddar Cheese, Secret Sauce",American Breakfast Burger,,4,,58000.00,,"September 27, 2026 07:32:50AM",DELIVERED
78466369,001720560803-C8JEPF6HEEBTJ2,GF-910,GrabFood,,American Breakfast Club,Kemang,"Burrito - 2 Scrambled Eggs, Cheddar, Avocado, Tater Tots",American Breakfast Burritos,,4,,58000.00,,"September 27, 2026 07:43:17AM",DELIVERED
78466369,001720560803-C8JEPF6HEEBTJ2,GF-910,GrabFood,,American Breakfast Club,Kemang,"Mushroom Omelette - Mushrooms, Spinach, Side Tater Tots",American Breakfast Omelettes,,1,,68000.00,,"September 27, 2026 07:43:17AM",DELIVERED
78466347,001332826477-C8JEPF23VTVJV6,GF-826,GrabFood,,American Breakfast Club,Greenville,"Burrito - 2 Scrambled Eggs, Cheddar, Avocado, Tater Tots",American Breakfast Burritos,,1,,58000.00,,"September 27, 2026 07:42:15AM",DELIVERED
78466115,001484741589-C8JEPEMKVBCGLE,GF-694,GrabFood,,American Breakfast Club,Greenville,"2 Pancakes - Blueberries, Butter, Maple Syrup",American Breakfast Pancakes,,1,,58000.00,,"September 27, 2026 07:32:59AM",DELIVERED
78466115,001484741589-C8JEPEMKVBCGLE,GF-694,GrabFood,,American Breakfast Club,Greenville,"Burrito - 2 Scrambled Eggs, Cheddar, Avocado, Tater Tots",American Breakfast Burritos,,1,,58000.00,,"September 27, 2026 07:32:59AM",DELIVERED
78465993,F-3371025508,6634,gofood,,American Breakfast Club,Kemang,"Egg burger - 2 Scrambled Eggs, Cheddar Cheese, Secret Sauce",American Breakfast Burger,,1,,45000.00,,"September 27, 2026 07:27:54AM",DELIVERED
78465993,F-3371025508,6634,gofood,,American Breakfast Club,Kemang,"Egg burger - 2 Scrambled Eggs, Cheddar Cheese, Secret Sauce",American Breakfast Burger,Tatter Tots,,1,,30000.00,"September 27, 2026 07:27:54AM",DELIVERED
78465867,00106154192-C8JEPBNYTNCXGT,GF-691,GrabFood,,American Breakfast Club,Greenville,"Burrito - 2 Scrambled Eggs, Cheddar, Avocado, Tater Tots",American Breakfast Burritos,,1,,58000.00,,"September 27, 2026 07:23:27AM",DELIVERED
78465867,00106154192-C8JEPBNYTNCXGT,GF-691,GrabFood,,American Breakfast Club,Greenville,"Burrito - 2 Scrambled Eggs, Cheddar, Avocado, Tater Tots",American Breakfast Burritos,Cutleries,,1,,1500.00,"September 27, 2026 07:23:27AM",DELIVERED
78465142,001911653709-C8JEN26UETEZV2,GF-627,GrabFood,,American Breakfast Club,Greenville,"Burrito - Mock Beef, 2 Scrambled Eggs, Cheddar, Avocado, Tater Tots,",American Breakfast Burritos,,1,,68000.00,,"September 27, 2026 06:46:42AM",DELIVERED
78465142,001911653709-C8JEN26UETEZV2,GF-627,GrabFood,,American Breakfast Club,Greenville,"Burrito - Mock Beef, 2 Scrambled Eggs, Cheddar, Avocado, Tater Tots,",American Breakfast Burritos,Tatter Tots,,1,,30000.00,"September 27, 2026 06:46:42AM",DELIVERED
78465009,00148737329-C8JENZCACLKGSE,GF-474,GrabFood,,American Breakfast Club,Greenville,Sandwich - 2 Scrambled Eggs melty cheddar cheese on a wavy brioche bun,American Breakfast Sandwiches,,1,,45000.00,,"September 27, 2026 06:37:47AM",DELIVERED
78465009,00148737329-C8JENZCACLKGSE,GF-474,GrabFood,,American Breakfast Club,Greenville,"Sandwich - 2 Scrambled Eggs Mock Beef, Cheddar Cheese  on a wavy brioche bun",American Breakfast Sandwiches,,2,,58000.00,,"September 27, 2026 06:37:47AM",DELIVERED
78464939,001904321944-C8JENYTVGVEFAA,GF-568,GrabFood,,Herbox,Greenville,Original Burger Vegan,Vegan Burger,,1,,59000.00,,"September 27, 2026 06:33:42AM",DELIVERED
78464939,001904321944-C8JENYTVGVEFAA,GF-568,GrabFood,,Herbox,Greenville,Tater tots,Sides,,1,,30000.00,,"September 27, 2026 06:33:42AM",DELIVERED
78464761,001506060041-C8JENVDKRXWJCX,GF-961,GrabFood,,Herbox,Greenville,Original Burger Vegan,Vegan Burger,,1,,59000.00,,"September 27, 2026 06:21:19AM",CANCELLED
78464761,001506060041-C8JENVDKRXWJCX,GF-961,GrabFood,,Herbox,Greenville,Tater tots,Sides,,1,,30000.00,,"September 27, 2026 06:21:19AM",CANCELLED
78443924,F-3370776449,1468,gofood,,People Pasta,Greenville,Bolognese - Vegan Friendly - Vegetarian - Plantbase,Signature Pasta,,1,,43000.00,,"September 26, 2026 08:11:58PM",DELIVERED
78443924,F-3370776449,1468,gofood,,People Pasta,Greenville,Bolognese - Vegan Friendly - Vegetarian - Plantbase,Signature Pasta,Spaghetti,,1,,0.00,"September 26, 2026 08:11:58PM",DELIVERED
78443924,F-3370776449,1468,gofood,,People Pasta,Greenville,Vegan Chicken Crispy Burger,Meatless Burgers,,2,,49000.00,,"September 26, 2026 08:11:58PM",DELIVERED
78443924,F-3370776449,1468,gofood,,People Pasta,Greenville,Truffle Fries,Side Dish,,1,,30000.00,,"September 26, 2026 08:11:58PM",DELIVERED
78441956,F-3370737271,9732,gofood,,American Breakfast Club,Greenville,"Burrito - Mock Fish, 2 Scrambled Eggs, Cheddar, Avocado, Tater Tots,",American Breakfast Burritos,,1,,54400.00,,"September 26, 2026 07:45:53PM",DELIVERED
78439819,001121342425-C8JEE22GBE2JGA,GF-363,GrabFood,,American Breakfast Club,Greenville,"Sandwich - 2 Scrambled Eggs Mock Beef, Cheddar Cheese  on a wavy brioche bun",American Breakfast Sandwiches,,1,,58000.00,,"September 26, 2026 07:38:37PM",DELIVERED
78438348,F-3370681724,3136,gofood,,American Breakfast Club,Greenville,"Burrito - Mock Fish, 2 Scrambled Eggs, Cheddar, Avocado, Tater Tots,",American Breakfast Burritos,,1,,54400.00,,"September 26, 2026 07:12:05PM",DELIVERED
78438348,F-3370681724,3136,gofood,,American Breakfast Club,Greenville,"Burrito - Mock Fish, 2 Scrambled Eggs, Cheddar, Avocado, Tater Tots,",American Breakfast Burritos,Truffle Tater Tots,,1,,40000.00,"September 26, 2026 07:12:05PM",DELIVERED
78438348,F-3370681724,3136,gofood,,American Breakfast Club,Greenville,"Burrito - Mock Chicken, 2 Scrambled Eggs, Cheddar, Avocado, Tater Tots",American Breakfast Burritos,,1,,54400.00,,"September 26, 2026 07:12:05PM",DELIVERED
78431449,001308555261-C8JEEJ23FEC1GJ,GF-346,GrabFood,,People Pasta,Greenville,Tattert Tots,,,3,,28000.00,,"September 26, 2026 06:32:11PM",DELIVERED
78429098,001918644564-C8JEEEMDAFCAG2,GF-570,GrabFood,,People Pasta,Greenville,Meat-less Burger - Vegan,Meatless Burgers,,1,,49000.00,,"September 26, 2026 06:12:54PM",DELIVERED
78429098,001918644564-C8JEEEMDAFCAG2,GF-570,GrabFood,,People Pasta,Greenville,Meat-less Burger - Vegan,Meatless Burgers,Tattert Tots,,1,,28000.00,"September 26, 2026 06:12:54PM",DELIVERED
78429098,001918644564-C8JEEEMDAFCAG2,GF-570,GrabFood,,People Pasta,Greenville,Meat-less Burger - Vegan,Meatless Burgers,,1,,49000.00,,"September 26, 2026 06:12:54PM",DELIVERED
78429098,001918644564-C8JEEEMDAFCAG2,GF-570,GrabFood,,People Pasta,Greenville,Home Fries,,,1,,25000.00,,"September 26, 2026 06:12:54PM",DELIVERED
78422284,001695430697-C8JEC7LXFAAKLX,GF-236,GrabFood,,American Breakfast Club,Greenville,Cheese Omelette - Side Tater Tots,American Breakfast Omelettes,,1,,58000.00,,"September 26, 2026 05:12:45PM",DELIVERED
78422284,001695430697-C8JEC7LXFAAKLX,GF-236,GrabFood,,American Breakfast Club,Greenville,"Sandwich - 2 Scrambled Eggs, Mock Chicken, Cheddar Cheese Mix, Brioche Bun",American Breakfast Sandwiches,,1,,58000.00,,"September 26, 2026 05:12:45PM",DELIVERED
78420003,00199828979-C8JEC2UDAPT1CE,GF-066,GrabFood,,American Breakfast Club,Greenville,"2 Pancakes - Chocolate Chips, Butter, Maple Syrup",American Breakfast Pancakes,,1,,58000.00,,"September 26, 2026 04:50:33PM",DELIVERED
78416201,00113494209-C8JECRDABA4BSA,GF-529,GrabFood,,Herbox,Greenville,Nasi Goreng Bintang Kuning Vegan Vegetarian,Nasi Goreng Special,,1,,35000.00,,"September 26, 2026 04:11:10PM",DELIVERED
78416201,00113494209-C8JECRDABA4BSA,GF-529,GrabFood,,Herbox,Greenville,Lada Hitam Blackpepper Vegan Vegetarian Ricebox,Ricebox,,1,,39000.00,,"September 26, 2026 04:11:10PM",DELIVERED
78416201,00113494209-C8JECRDABA4BSA,GF-529,GrabFood,,Herbox,Greenville,Kung Paow Chick Vegan Vegetarian Ricebox,Ricebox,,1,,39000.00,,"September 26, 2026 04:11:10PM",DELIVERED
78410497,00132926662-C8JEBGJXGU3DV6,GF-488,GrabFood,,American Breakfast Club,Greenville,"Burrito - Mock Chicken, 2 Scrambled Eggs, Cheddar, Avocado, Tater Tots",American Breakfast Burritos,,1,,68000.00,,"September 26, 2026 03:05:27PM",DELIVERED
78410497,00132926662-C8JEBGJXGU3DV6,GF-488,GrabFood,,American Breakfast Club,Greenville,"Burrito - Mock Chicken, 2 Scrambled Eggs, Cheddar, Avocado, Tater Tots",American Breakfast Burritos,Cutleries,,1,,1500.00,"September 26, 2026 03:05:27PM",DELIVERED
78410497,00132926662-C8JEBGJXGU3DV6,GF-488,GrabFood,,American Breakfast Club,Greenville,"Burrito - Mock Chicken, 2 Scrambled Eggs, Cheddar, Avocado, Tater Tots",American Breakfast Burritos,Truffle Tater Tots,,1,,40000.00,"September 26, 2026 03:05:27PM",DELIVERED
78399739,00125570760-C8JEANAJGVLHV2,GF-667,GrabFood,,American Breakfast Club,Greenville,"2 Pancakes - Butter, Maple Syrup",American Breakfast Pancakes,,2,,48000.00,,"September 26, 2026 01:10:19PM",DELIVERED
78398200,F-3370171547,2227,gofood,,American Breakfast Club,Greenville,"Burrito - 2 Scrambled Eggs, Cheddar, Avocado, Tater Tots",American Breakfast Burritos,,1,,46400.00,,"September 26, 2026 12:54:08PM",DELIVERED
78398200,F-3370171547,2227,gofood,,American Breakfast Club,Greenville,"Burrito - 2 Scrambled Eggs, Cheddar, Avocado, Tater Tots",American Breakfast Burritos,Truffle Tater Tots,,1,,40000.00,"September 26, 2026 12:54:08PM",DELIVERED
78394913,F-3370119358,7967,gofood,,American Breakfast Club,Kemang,"Egg burger - 2 Scrambled Eggs, Cheddar Cheese, Secret Sauce",American Breakfast Burger,,1,,45000.00,,"September 26, 2026 12:21:50PM",DELIVERED
78394913,F-3370119358,7967,gofood,,American Breakfast Club,Kemang,"Egg burger - 2 Scrambled Eggs, Cheddar Cheese, Secret Sauce",American Breakfast Burger,Home Fries,,1,,30000.00,"September 26, 2026 12:21:50PM",DELIVERED
78392142,00145895292-C8JDWBLTJPVYJ6,GF-505,GrabFood,,Herbox,Greenville,Nasi Goreng Bulan Merah Vegan Vegetarian,Nasi Goreng Special,,1,,35000.00,,"September 26, 2026 11:56:57AM",DELIVERED
78392142,00145895292-C8JDWBLTJPVYJ6,GF-505,GrabFood,,Herbox,Greenville,Beef Mentai Vegan Vegetarian Rice,Mentai Vegan,,1,,59000.00,,"September 26, 2026 11:56:57AM",DELIVERED
78392142,00145895292-C8JDWBLTJPVYJ6,GF-505,GrabFood,,Herbox,Greenville,Tater tots,Sides,,1,,30000.00,,"September 26, 2026 11:56:57AM",DELIVERED
78390216,001077695306-C8JDV7LJTZDGVT,GF-752,GrabFood,,American Breakfast Club,Greenville,Cheese Omelette - Side Tater Tots,American Breakfast Omelettes,,1,,58000.00,,"September 26, 2026 11:39:18AM",DELIVERED
78390216,001077695306-C8JDV7LJTZDGVT,GF-752,GrabFood,,American Breakfast Club,Greenville,"2 Pancakes - Chocolate Chips, Butter, Maple Syrup",American Breakfast Pancakes,,1,,58000.00,,"September 26, 2026 11:39:18AM",DELIVERED
78388826,F-3370023673,1362,gofood,,American Breakfast Club,Kemang,"Burrito - Mock Beef, 2 Scrambled Eggs, Cheddar, Avocado, Tater Tots,",American Breakfast Burritos,,1,,68000.00,,"September 26, 2026 11:26:13AM",DELIVERED
78388602,F-3370019033,1112,gofood,,Herbox,Greenville,Katsu Chickin Vegan Vegetarian Ricebox,Ricebox,,1,,31200.00,,"September 26, 2026 11:23:33AM",DELIVERED
78386627,001857146282-C8JDVYLXJ6KCTN,GF-162,GrabFood,,American Breakfast Club,Greenville,"2 Pancakes - Blueberries, Butter, Maple Syrup",American Breakfast Pancakes,,1,,58000.00,,"September 26, 2026 11:06:03AM",DELIVERED
78386627,001857146282-C8JDVYLXJ6KCTN,GF-162,GrabFood,,American Breakfast Club,Greenville,"2 Pancakes - Blueberries, Butter, Maple Syrup",American Breakfast Pancakes,Tatter Tots,,1,,30000.00,"September 26, 2026 11:06:03AM",DELIVERED
78386627,001857146282-C8JDVYLXJ6KCTN,GF-162,GrabFood,,American Breakfast Club,Greenville,"2 Pancakes - Butter, Maple Syrup",American Breakfast Pancakes,,1,,48000.00,,"September 26, 2026 11:06:03AM",DELIVERED
78386627,001857146282-C8JDVYLXJ6KCTN,GF-162,GrabFood,,American Breakfast Club,Greenville,"Burrito - Mock Chicken, 2 Scrambled Eggs, Cheddar, Avocado, Tater Tots",American Breakfast Burritos,,1,,68000.00,,"September 26, 2026 11:06:03AM",DELIVERED
78385002,001011122769-C8JDVUKJR63CJN,GF-379,GrabFood,,American Breakfast Club,Kemang,"2 Pancakes - Blueberries, Butter, Maple Syrup",American Breakfast Pancakes,,1,,58000.00,,"September 26, 2026 10:49:00AM",DELIVERED
78385002,001011122769-C8JDVUKJR63CJN,GF-379,GrabFood,,American Breakfast Club,Kemang,"2 Pancakes - Chocolate Chips, Butter, Maple Syrup",American Breakfast Pancakes,,1,,58000.00,,"September 26, 2026 10:49:00AM",DELIVERED
78385002,001011122769-C8JDVUKJR63CJN,GF-379,GrabFood,,American Breakfast Club,Kemang,"Burrito - Mock Chicken, 2 Scrambled Eggs, Cheddar, Avocado, Tater Tots",American Breakfast Burritos,,1,,68000.00,,"September 26, 2026 10:49:00AM",DELIVERED
78384929,00141669759-C8JDVUEBLTUEME,GF-375,GrabFood,,American Breakfast Club,Greenville,"Burrito - Mock Chicken, 2 Scrambled Eggs, Cheddar, Avocado, Tater Tots",American Breakfast Burritos,,1,,68000.00,,"September 26, 2026 10:48:11AM",DELIVERED
78382800,001682064066-C8JDVNCJRNL3KE,GF-338,GrabFood,,American Breakfast Club,Greenville,"Sandwich - 2 Scrambled Eggs, Mock Fish, Cheddar Cheese, Mix, Brioche Bun",American Breakfast Sandwiches,,1,,58000.00,,"September 26, 2026 10:24:18AM",DELIVERED
78382800,001682064066-C8JDVNCJRNL3KE,GF-338,GrabFood,,American Breakfast Club,Greenville,Home Fries With Truffle Oil,Sides,,1,,48000.00,,"September 26, 2026 10:24:18AM",DELIVERED
78382461,00151576961-C8JDVLAWLGBUHE,GF-225,GrabFood,,People Pasta,Greenville,Creamy Mushroom - Vegetarian - Plantbased,Signature Pasta,,1,,43000.00,,"September 26, 2026 10:20:23AM",DELIVERED
78382461,00151576961-C8JDVLAWLGBUHE,GF-225,GrabFood,,People Pasta,Greenville,Creamy Mushroom - Vegetarian - Plantbased,Signature Pasta,Fettucine,,1,,1000.00,"September 26, 2026 10:20:23AM",DELIVERED
78382461,00151576961-C8JDVLAWLGBUHE,GF-225,GrabFood,,People Pasta,Greenville,Creamy Mushroom - Vegetarian - Plantbased,Signature Pasta,Home Fries,,1,,25000.00,"September 26, 2026 10:20:23AM",DELIVERED
78382391,001798744104-C8JDVK5EEJEFAT,GF-867,GrabFood,,People Pasta,Greenville,Tattert Tots,,,1,,28000.00,,"September 26, 2026 10:19:34AM",DELIVERED
78382391,001798744104-C8JDVK5EEJEFAT,GF-867,GrabFood,,People Pasta,Greenville,Creamy Mushroom - Vegetarian - Plantbased,Signature Pasta,,1,,43000.00,,"September 26, 2026 10:19:34AM",DELIVERED
78382391,001798744104-C8JDVK5EEJEFAT,GF-867,GrabFood,,People Pasta,Greenville,Creamy Mushroom - Vegetarian - Plantbased,Signature Pasta,Fusili,,1,,1000.00,"September 26, 2026 10:19:34AM",DELIVERED
78382391,001798744104-C8JDVK5EEJEFAT,GF-867,GrabFood,,People Pasta,Greenville,Cacio e Pepe - Vegetarian - Plantbased,Signature Pasta,,1,,43000.00,,"September 26, 2026 10:19:34AM",DELIVERED
78382391,001798744104-C8JDVK5EEJEFAT,GF-867,GrabFood,,People Pasta,Greenville,Cacio e Pepe - Vegetarian - Plantbased,Signature Pasta,Fettucine,,1,,1000.00,"September 26, 2026 10:19:34AM",DELIVERED
78382299,001744890999-C8JDVK2UGA2ETX,GF-893,GrabFood,,American Breakfast Club,Kemang,"Sandwich - 2 Scrambled Eggs Mock Beef, Cheddar Cheese  on a wavy brioche bun",American Breakfast Sandwiches,,1,,58000.00,,"September 26, 2026 10:18:42AM",DELIVERED
78382299,001744890999-C8JDVK2UGA2ETX,GF-893,GrabFood,,American Breakfast Club,Kemang,"Sandwich - 2 Scrambled Eggs Mock Beef, Cheddar Cheese  on a wavy brioche bun",American Breakfast Sandwiches,Cutleries,,1,,600.00,"September 26, 2026 10:18:42AM",DELIVERED
78382299,001744890999-C8JDVK2UGA2ETX,GF-893,GrabFood,,American Breakfast Club,Kemang,"Sandwich - 2 Scrambled Eggs Mock Beef, Cheddar Cheese  on a wavy brioche bun",American Breakfast Sandwiches,Tatter Tots,,1,,30000.00,"September 26, 2026 10:18:42AM",DELIVERED
78382188,0011953732-C8JDVKTVJUTTL2,GF-533,GrabFood,,American Breakfast Club,Kemang,"Burrito - 2 Scrambled Eggs, Cheddar, Avocado, Tater Tots",American Breakfast Burritos,,3,,58000.00,,"September 26, 2026 10:17:03AM",DELIVERED
78382188,0011953732-C8JDVKTVJUTTL2,GF-533,GrabFood,,American Breakfast Club,Kemang,Sandwich - 2 Scrambled Eggs melty cheddar cheese on a wavy brioche bun,American Breakfast Sandwiches,,3,,45000.00,,"September 26, 2026 10:17:03AM",DELIVERED
78381700,F-3369908286,4982,gofood,,American Breakfast Club,Greenville,"Burrito - Mock Chicken, 2 Scrambled Eggs, Cheddar, Avocado, Tater Tots",American Breakfast Burritos,,2,,54400.00,,"September 26, 2026 10:10:45AM",DELIVERED
78381601,0014965248-C8JDVJNZEVJBV6,GF-758,GrabFood,,American Breakfast Club,Kemang,Cheese Omelette - Side Tater Tots,American Breakfast Omelettes,,1,,58000.00,,"September 26, 2026 10:10:09AM",DELIVERED
78381601,0014965248-C8JDVJNZEVJBV6,GF-758,GrabFood,,American Breakfast Club,Kemang,"Burrito - 2 Scrambled Eggs, Cheddar, Avocado, Tater Tots",American Breakfast Burritos,,1,,58000.00,,"September 26, 2026 10:10:09AM",DELIVERED
78381577,F-3369906311,7214,gofood,,American Breakfast Club,Greenville,"Burrito - 2 Scrambled Eggs, Cheddar, Avocado, Tater Tots",American Breakfast Burritos,,1,,46400.00,,"September 26, 2026 10:09:18AM",DELIVERED
78380500,F-3369889744,1722,gofood,,American Breakfast Club,Kemang,"2 Pancakes - Chocolate Chips, Butter, Maple Syrup",American Breakfast Pancakes,,1,,58000.00,,"September 26, 2026 09:55:14AM",DELIVERED
78379456,F-3369872992,2225,gofood,,American Breakfast Club,Kemang,"Burrito - 2 Scrambled Eggs, Cheddar, Avocado, Tater Tots",American Breakfast Burritos,,1,,58000.00,,"September 26, 2026 09:38:28AM",DELIVERED
78379456,F-3369872992,2225,gofood,,American Breakfast Club,Kemang,"Burrito - 2 Scrambled Eggs, Cheddar, Avocado, Tater Tots",American Breakfast Burritos,Cutleries,,1,,600.00,"September 26, 2026 09:38:28AM",DELIVERED
78379456,F-3369872992,2225,gofood,,American Breakfast Club,Kemang,"Burrito - 2 Scrambled Eggs, Cheddar, Avocado, Tater Tots",American Breakfast Burritos,Tatter Tots,,1,,30000.00,"September 26, 2026 09:38:28AM",DELIVERED
78379456,F-3369872992,2225,gofood,,American Breakfast Club,Kemang,"Original Egg burger - Patties, 2 Scrambled Eggs, Cheddar Cheese, Secret Sauce",American Breakfast Burger,,1,,58000.00,,"September 26, 2026 09:38:28AM",DELIVERED
78379350,00137236594-C8JDVAU2T6B2HE,GF-068,GrabFood,,American Breakfast Club,Kemang,"Burrito - Mock Chicken, 2 Scrambled Eggs, Cheddar, Avocado, Tater Tots",American Breakfast Burritos,,1,,68000.00,,"September 26, 2026 09:37:28AM",DELIVERED
78379199,F-3369869136,2487,gofood,,American Breakfast Club,Kemang,"Burrito - 2 Scrambled Eggs, Cheddar, Avocado, Tater Tots",American Breakfast Burritos,,1,,58000.00,,"September 26, 2026 09:34:31AM",DELIVERED
78379199,F-3369869136,2487,gofood,,American Breakfast Club,Kemang,"Sandwich - 2 Scrambled Eggs, Mock Chicken, Cheddar Cheese Mix, Brioche Bun",American Breakfast Sandwiches,,1,,58000.00,,"September 26, 2026 09:34:31AM",DELIVERED
78378852,0019683057-C8JDUF2VLJ42N6,GF-713,GrabFood,,American Breakfast Club,Kemang,"2 Pancakes - Butter, Maple Syrup",American Breakfast Pancakes,,2,,48000.00,,"September 26, 2026 09:28:43AM",DELIVERED
78378852,0019683057-C8JDUF2VLJ42N6,GF-713,GrabFood,,American Breakfast Club,Kemang,"Burrito - 2 Scrambled Eggs, Cheddar, Avocado, Tater Tots",American Breakfast Burritos,,1,,58000.00,,"September 26, 2026 09:28:43AM",DELIVERED
78378852,0019683057-C8JDUF2VLJ42N6,GF-713,GrabFood,,American Breakfast Club,Kemang,Sandwich - 2 Scrambled Eggs melty cheddar cheese on a wavy brioche bun,American Breakfast Sandwiches,,1,,45000.00,,"September 26, 2026 09:28:43AM",DELIVERED
78378603,F-3369858844,7236,gofood,,American Breakfast Club,Greenville,"2 Pancakes - Butter, Maple Syrup",American Breakfast Pancakes,,2,,38400.00,,"September 26, 2026 09:23:36AM",DELIVERED
78378603,F-3369858844,7236,gofood,,American Breakfast Club,Greenville,Home Fries With Truffle Oil,Sides,,1,,30400.00,,"September 26, 2026 09:23:36AM",DELIVERED
78378603,F-3369858844,7236,gofood,,American Breakfast Club,Greenville,"2 Pancakes - Blueberries, Butter, Maple Syrup",American Breakfast Pancakes,,1,,46400.00,,"September 26, 2026 09:23:36AM",DELIVERED
78378475,00173587037-C8JDUE2ETNEHRJ,GF-875,GrabFood,,American Breakfast Club,Greenville,"Burrito - 2 Scrambled Eggs, Cheddar, Avocado, Tater Tots",American Breakfast Burritos,,1,,58000.00,,"September 26, 2026 09:21:54AM",DELIVERED
78378475,00173587037-C8JDUE2ETNEHRJ,GF-875,GrabFood,,American Breakfast Club,Greenville,"Burrito - Mock Beef, 2 Scrambled Eggs, Cheddar, Avocado, Tater Tots,",American Breakfast Burritos,,1,,68000.00,,"September 26, 2026 09:21:54AM",DELIVERED
78378475,00173587037-C8JDUE2ETNEHRJ,GF-875,GrabFood,,American Breakfast Club,Greenville,Sandwich - 2 Scrambled Eggs melty cheddar cheese on a wavy brioche bun,American Breakfast Sandwiches,,1,,45000.00,,"September 26, 2026 09:21:54AM",DELIVERED
78378475,00173587037-C8JDUE2ETNEHRJ,GF-875,GrabFood,,American Breakfast Club,Greenville,Tater Tots,Sides,,2,,38000.00,,"September 26, 2026 09:21:54AM",DELIVERED
78377555,F-3369840926,5382,gofood,,American Breakfast Club,Kemang,"Burrito - 2 Scrambled Eggs, Cheddar, Avocado, Tater Tots",American Breakfast Burritos,,1,,58000.00,,"September 26, 2026 09:04:03AM",DELIVERED
78377259,0017822853-C8JDT8JCETNGNJ,GF-900,GrabFood,,American Breakfast Club,Greenville,"Burrito - Mock Beef, 2 Scrambled Eggs, Cheddar, Avocado, Tater Tots,",American Breakfast Burritos,,1,,68000.00,,"September 26, 2026 08:58:32AM",DELIVERED
78376817,001463451703-C8JDT6VBEYXJNN,GF-820,GrabFood,,American Breakfast Club,Kemang,Cheese Omelette - Side Tater Tots,American Breakfast Omelettes,,1,,58000.00,,"September 26, 2026 08:47:31AM",DELIVERED
78376456,F-3369821457,7568,gofood,,American Breakfast Club,Greenville,"Burrito - Mock Katsu, 2 Scrambled Eggs, Cheddar, Avocado, Tater Tots",American Breakfast Burritos,,2,,54400.00,,"September 26, 2026 08:37:56AM",DELIVERED
78376258,00187080952-C8JDT25BTPKKTJ,GF-350,GrabFood,,American Breakfast Club,Kemang,"Burrito - Mock Beef, 2 Scrambled Eggs, Cheddar, Avocado, Tater Tots,",American Breakfast Burritos,,1,,68000.00,,"September 26, 2026 08:32:54AM",DELIVERED
78376211,F-3369813571,1828,gofood,,American Breakfast Club,Kemang,Cheese Omelette - Side Tater Tots,American Breakfast Omelettes,,1,,58000.00,,"September 26, 2026 08:26:45AM",DELIVERED
78376211,F-3369813571,1828,gofood,,American Breakfast Club,Kemang,Home Fries With Truffle Oil,Sides,,1,,38000.00,,"September 26, 2026 08:26:45AM",DELIVERED
78376098,0015241108-C8JDT2JASB6CDA,GF-938,GrabFood,,People Pasta,Greenville,Cacio e Pepe - Vegetarian - Plantbased,Signature Pasta,,1,,43000.00,,"September 26, 2026 08:28:32AM",DELIVERED
78376098,0015241108-C8JDT2JASB6CDA,GF-938,GrabFood,,People Pasta,Greenville,Cacio e Pepe - Vegetarian - Plantbased,Signature Pasta,Fusili,,1,,1000.00,"September 26, 2026 08:28:32AM",DELIVERED
78376085,00186869157-C8JDT2D2V7X1GN,GF-013,GrabFood,,American Breakfast Club,Kemang,"Burrito - Mock Beef, 2 Scrambled Eggs, Cheddar, Avocado, Tater Tots,",American Breakfast Burritos,,1,,68000.00,,"September 26, 2026 08:28:08AM",DELIVERED
78375955,00140652102-C8JDTZCJSFV3WE,GF-736,GrabFood,,American Breakfast Club,Kemang,"Burrito - 2 Scrambled Eggs, Cheddar, Avocado, Tater Tots",American Breakfast Burritos,,1,,58000.00,,"September 26, 2026 08:24:20AM",DELIVERED
78375955,00140652102-C8JDTZCJSFV3WE,GF-736,GrabFood,,American Breakfast Club,Kemang,"Mushroom Omelette - Mushrooms, Spinach, Side Tater Tots",American Breakfast Omelettes,,1,,68000.00,,"September 26, 2026 08:24:20AM",DELIVERED
78375726,00198119395-C8JDTYCZE8KVLA,GF-091,GrabFood,,American Breakfast Club,Kemang,"Burrito - Mock Beef, 2 Scrambled Eggs, Cheddar, Avocado, Tater Tots,",American Breakfast Burritos,,1,,68000.00,,"September 26, 2026 08:17:46AM",DELIVERED
78375518,00121224184-C8JDTXEDR8LUR6,GF-697,GrabFood,,American Breakfast Club,Greenville,"Burrito - 2 Scrambled Eggs, Cheddar, Avocado, Tater Tots",American Breakfast Burritos,,2,,58000.00,,"September 26, 2026 08:11:34AM",DELIVERED
78375420,0014275103-C8JDTVDAAJUGBE,GF-552,GrabFood,,American Breakfast Club,Greenville,"Mushroom Omelette - Mushrooms, Spinach, Side Tater Tots",American Breakfast Omelettes,,1,,68000.00,,"September 26, 2026 08:07:51AM",DELIVERED
78375420,0014275103-C8JDTVDAAJUGBE,GF-552,GrabFood,,American Breakfast Club,Greenville,Cheese Omelette - Side Tater Tots,American Breakfast Omelettes,,1,,58000.00,,"September 26, 2026 08:07:51AM",DELIVERED
78375102,F-3369793930,1285,gofood,,Tyfel Coffee,Greenville,Tater Tots With Truffle Oil,Sides,,1,,38000.00,,"September 26, 2026 07:56:18AM",DELIVERED
78375102,F-3369793930,1285,gofood,,Tyfel Coffee,Greenville,Bolognese  - Vegan Plantbased,Main Course,,1,,50000.00,,"September 26, 2026 07:56:18AM",DELIVERED
78375102,F-3369793930,1285,gofood,,Tyfel Coffee,Greenville,Fettucini Mushroom,Main Course,,1,,50000.00,,"September 26, 2026 07:56:18AM",DELIVERED
78375096,F-3369793732,9363,gofood,,American Breakfast Club,Kemang,Tater Tots With Truffle Oil,Sides,,1,,38000.00,,"September 26, 2026 07:55:54AM",DELIVERED
78375096,F-3369793732,9363,gofood,,American Breakfast Club,Kemang,"Egg burger - 2 Scrambled Eggs, Cheddar Cheese, Secret Sauce",American Breakfast Burger,,1,,45000.00,,"September 26, 2026 07:55:54AM",DELIVERED
78375096,F-3369793732,9363,gofood,,American Breakfast Club,Kemang,"Burrito - 2 Scrambled Eggs, Cheddar, Avocado, Tater Tots",American Breakfast Burritos,,1,,58000.00,,"September 26, 2026 07:55:54AM",DELIVERED
78375067,0010174907-C8JDTTKJEFDVVX,GF-020,GrabFood,,American Breakfast Club,Kemang,"Burrito - 2 Scrambled Eggs, Cheddar, Avocado, Tater Tots",American Breakfast Burritos,,2,,58000.00,,"September 26, 2026 07:55:39AM",DELIVERED
78375067,0010174907-C8JDTTKJEFDVVX,GF-020,GrabFood,,American Breakfast Club,Kemang,"2 Pancakes - Blueberries, Butter, Maple Syrup",American Breakfast Pancakes,,2,,58000.00,,"September 26, 2026 07:55:39AM",DELIVERED
78375049,001469379548-C8JDTTEDGEXZRA,GF-813,GrabFood,,American Breakfast Club,Kemang,"Burrito - Mock Beef, 2 Scrambled Eggs, Cheddar, Avocado, Tater Tots,",American Breakfast Burritos,,2,,68000.00,,"September 26, 2026 07:54:54AM",DELIVERED
78375049,001469379548-C8JDTTEDGEXZRA,GF-813,GrabFood,,American Breakfast Club,Kemang,Tater Tots,Sides,,1,,38000.00,,"September 26, 2026 07:54:54AM",DELIVERED
78374907,001963340386-C8JDTP6JDE2JWE,GF-024,GrabFood,,American Breakfast Club,Kemang,Sandwich - 2 Scrambled Eggs melty cheddar cheese on a wavy brioche bun,American Breakfast Sandwiches,,1,,45000.00,,"September 26, 2026 07:49:58AM",DELIVERED
78374844,0015291682-C8JDTPVHLK5BME,GF-777,GrabFood,,American Breakfast Club,Greenville,"Burrito - 2 Scrambled Eggs, Cheddar, Avocado, Tater Tots",American Breakfast Burritos,,1,,58000.00,,"September 26, 2026 07:47:39AM",DELIVERED
78374844,0015291682-C8JDTPVHLK5BME,GF-777,GrabFood,,American Breakfast Club,Greenville,"Burrito - 2 Scrambled Eggs, Cheddar, Avocado, Tater Tots",American Breakfast Burritos,Cutleries,,1,,1500.00,"September 26, 2026 07:47:39AM",DELIVERED
78373801,F-3369766748,5998,gofood,,American Breakfast Club,Greenville,"Burrito - 2 Scrambled Eggs, Cheddar, Avocado, Tater Tots",American Breakfast Burritos,,2,,46400.00,,"September 26, 2026 07:01:24AM",DELIVERED
78373801,F-3369766748,5998,gofood,,American Breakfast Club,Greenville,Tater Tots With Truffle Oil,Sides,,1,,30400.00,,"September 26, 2026 07:01:24AM",DELIVERED
78373458,F-3369760562,8799,gofood,,American Breakfast Club,Greenville,Cheese Omelette - Side Tater Tots,American Breakfast Omelettes,,1,,46400.00,,"September 26, 2026 06:43:13AM",DELIVERED
78373458,F-3369760562,8799,gofood,,American Breakfast Club,Greenville,Cheese Omelette - Side Tater Tots,American Breakfast Omelettes,Cutleries,,1,,1500.00,"September 26, 2026 06:43:13AM",DELIVERED
78373458,F-3369760562,8799,gofood,,American Breakfast Club,Greenville,"2 Pancakes - Blueberries, Butter, Maple Syrup",American Breakfast Pancakes,,1,,46400.00,,"September 26, 2026 06:43:13AM",DELIVERED
