Order ID,External ID,Short ID,Provider,Order Source,Brand,Branch,Menu Items,Menu Categories,Menu Modifiers,Item Quantity,Modifier Quantity,Item Sale Price,Modifier Sale Price,Created At,Status
76169225,00150055266-C8EACBT1VFVHGA,GF-282,GrabFood,,American Breakfast Club,Greenville,"2 Pancakes - Butter, Maple Syrup",American Breakfast Pancakes,,1,,48000.00,,"August 29, 2026 08:37:09PM",DELIVERED
76166921,F-3338996923,8639,gofood,,American Breakfast Club,Greenville,"Burrito - 2 Scrambled Eggs, Cheddar, Avocado, Tater Tots",American Breakfast Burritos,,2,,46400.00,,"August 29, 2026 08:05:18PM",DELIVERED
76147688,00107608808-C8D3WEN2NLJUGT,GF-310,GrabFood,,American Breakfast Club,Greenville,"Burrito - Mock Chicken, 2 Scrambled Eggs, Cheddar, Avocado, Tater Tots",American Breakfast Burritos,,1,,68000.00,,"August 29, 2026 05:26:48PM",DELIVERED
76147688,00107608808-C8D3WEN2NLJUGT,GF-310,GrabFood,,American Breakfast Club,Greenville,"Burrito - Mock Chicken, 2 Scrambled Eggs, Cheddar, Avocado, Tater Tots",American Breakfast Burritos,Truffle Tater Tots,,1,,40000.00,"August 29, 2026 05:26:48PM",DELIVERED
76145452,00182000011-C8D3V8AFNUNBA2,GF-467,GrabFood,,American Breakfast Club,Greenville,"Burrito - Mock Beef, 2 Scrambled Eggs, Cheddar, Avocado, Tater Tots,",American Breakfast Burritos,,1,,68000.00,,"August 29, 2026 05:03:35PM",DELIVERED
76133520,00101685802-C8D3UEE2EN3KA2,GF-523,GrabFood,,People Pasta,Greenville,Tattert Tots,,,1,,28000.00,,"August 29, 2026 02:38:28PM",DELIVERED
76133520,00101685802-C8D3UEE2EN3KA2,GF-523,GrabFood,,People Pasta,Greenville,Vegan Chicken Crispy Burger,Meatless Burgers,,1,,49000.00,,"August 29, 2026 02:38:28PM",DELIVERED
76129285,001503506451-C8D3T2CZRZKHNE,GF-593,GrabFood,,American Breakfast Club,Greenville,"Burrito - Mock Chicken, 2 Scrambled Eggs, Cheddar, Avocado, Tater Tots",American Breakfast Burritos,,1,,68000.00,,"August 29, 2026 01:47:46PM",DELIVERED
76129285,001503506451-C8D3T2CZRZKHNE,GF-593,GrabFood,,American Breakfast Club,Greenville,"Burrito - Mock Chicken, 2 Scrambled Eggs, Cheddar, Avocado, Tater Tots",American Breakfast Burritos,Cutleries,,1,,1500.00,"August 29, 2026 01:47:46PM",DELIVERED
76129285,001503506451-C8D3T2CZRZKHNE,GF-593,GrabFood,,American Breakfast Club,Greenville,"Burrito - Mock Chicken, 2 Scrambled Eggs, Cheddar, Avocado, Tater Tots",American Breakfast Burritos,Chick Nugget,,1,,35000.00,"August 29, 2026 01:47:46PM",DELIVERED
76128282,00106895470-C8D3TX4BGFWXAJ,GF-535,GrabFood,,People Pasta,Greenville,Vegan Chicken Crispy Burger,Meatless Burgers,,1,,49000.00,,"August 29, 2026 01:35:52PM",DELIVERED
76128282,00106895470-C8D3TX4BGFWXAJ,GF-535,GrabFood,,People Pasta,Greenville,Creamy Mushroom - Vegetarian - Plantbased,Signature Pasta,,1,,43000.00,,"August 29, 2026 01:35:52PM",DELIVERED
76128282,00106895470-C8D3TX4BGFWXAJ,GF-535,GrabFood,,People Pasta,Greenville,Creamy Mushroom - Vegetarian - Plantbased,Signature Pasta,Spaghetti,,1,,0.00,"August 29, 2026 01:35:52PM",DELIVERED
76126022,001494813142-C8D3TRDCREUXTT,GF-430,GrabFood,,American Breakfast Club,Greenville,"Burrito - 2 Scrambled Eggs, Cheddar, Avocado, Tater Tots",American Breakfast Burritos,,1,,58000.00,,"August 29, 2026 01:11:13PM",DELIVERED
76114776,001185475000-C8D3R4CVGYCFEX,GF-624,GrabFood,,American Breakfast Club,Greenville,"2 Pancakes - Blueberries, Butter, Maple Syrup",American Breakfast Pancakes,,1,,58000.00,,"August 29, 2026 11:14:22AM",DELIVERED
76114776,001185475000-C8D3R4CVGYCFEX,GF-624,GrabFood,,American Breakfast Club,Greenville,"2 Pancakes - Blueberries, Butter, Maple Syrup",American Breakfast Pancakes,Cutleries,,1,,1500.00,"August 29, 2026 11:14:22AM",DELIVERED
76114776,001185475000-C8D3R4CVGYCFEX,GF-624,GrabFood,,American Breakfast Club,Greenville,"2 Pancakes - Blueberries, Butter, Maple Syrup",American Breakfast Pancakes,Add Hydro Coco,,1,,15000.00,"August 29, 2026 11:14:22AM",DELIVERED
76114776,001185475000-C8D3R4CVGYCFEX,GF-624,GrabFood,,American Breakfast Club,Greenville,"2 Pancakes - Blueberries, Butter, Maple Syrup",American Breakfast Pancakes,Chick Nugget,,1,,35000.00,"August 29, 2026 11:14:22AM",DELIVERED
76113742,F-3338236637,5959,gofood,,American Breakfast Club,Greenville,Cheese Omelette - Side Tater Tots,American Breakfast Omelettes,,1,,46400.00,,"August 29, 2026 11:03:04AM",DELIVERED
76113742,F-3338236637,5959,gofood,,American Breakfast Club,Greenville,"Burrito - 2 Scrambled Eggs, Cheddar, Avocado, Tater Tots",American Breakfast Burritos,,1,,46400.00,,"August 29, 2026 11:03:04AM",DELIVERED
76113742,F-3338236637,5959,gofood,,American Breakfast Club,Greenville,"Burrito - 2 Scrambled Eggs, Cheddar, Avocado, Tater Tots",American Breakfast Burritos,Tatter Tots,,1,,30000.00,"August 29, 2026 11:03:04AM",DELIVERED
76112765,0015018326-C8D3RYKHAUBDN6,GF-180,GrabFood,,American Breakfast Club,Kemang,"Mushroom Omelette - Mushrooms, Spinach, Side Tater Tots",American Breakfast Omelettes,,1,,68000.00,,"August 29, 2026 10:52:16AM",DELIVERED
76112765,0015018326-C8D3RYKHAUBDN6,GF-180,GrabFood,,American Breakfast Club,Kemang,Sandwich - 2 Scrambled Eggs melty cheddar cheese on a wavy brioche bun,American Breakfast Sandwiches,,1,,45000.00,,"August 29, 2026 10:52:16AM",DELIVERED
76112765,0015018326-C8D3RYKHAUBDN6,GF-180,GrabFood,,American Breakfast Club,Kemang,"Sandwich - 2 Scrambled Eggs Mock Beef, Cheddar Cheese  on a wavy brioche bun",American Breakfast Sandwiches,,1,,58000.00,,"August 29, 2026 10:52:16AM",DELIVERED
76112765,0015018326-C8D3RYKHAUBDN6,GF-180,GrabFood,,American Breakfast Club,Kemang,Cheese Omelette - Side Tater Tots,American Breakfast Omelettes,,1,,58000.00,,"August 29, 2026 10:52:16AM",DELIVERED
76112118,F-3338208911,1988,gofood,,American Breakfast Club,Kemang,Tater Tots With Truffle Oil,Sides,,1,,38000.00,,"August 29, 2026 10:44:18AM",DELIVERED
76112118,F-3338208911,1988,gofood,,American Breakfast Club,Kemang,Home Fries With Truffle Oil,Sides,,1,,38000.00,,"August 29, 2026 10:44:18AM",DELIVERED
76112118,F-3338208911,1988,gofood,,American Breakfast Club,Kemang,"Katsu Egg burger - Patties, 2 Scrambled Eggs, Cheddar Cheese, Secret Sauce",American Breakfast Burger,,1,,58000.00,,"August 29, 2026 10:44:18AM",DELIVERED
76112118,F-3338208911,1988,gofood,,American Breakfast Club,Kemang,"Katsu Egg burger - Patties, 2 Scrambled Eggs, Cheddar Cheese, Secret Sauce",American Breakfast Burger,Chick Nugget,,1,,35000.00,"August 29, 2026 10:44:18AM",DELIVERED
76111471,001165444367-C8D3RUTJTABAEN,GF-838,GrabFood,,American Breakfast Club,Kemang,"Burrito - 2 Scrambled Eggs, Cheddar, Avocado, Tater Tots",American Breakfast Burritos,,1,,58000.00,,"August 29, 2026 10:36:59AM",DELIVERED
76111471,001165444367-C8D3RUTJTABAEN,GF-838,GrabFood,,American Breakfast Club,Kemang,Cheese Omelette - Side Tater Tots,American Breakfast Omelettes,,1,,58000.00,,"August 29, 2026 10:36:59AM",DELIVERED
76110819,0019120317-C8D3RTLATZNVA2,GF-134,GrabFood,,American Breakfast Club,Kemang,"Mushroom Omelette - Mushrooms, Spinach, Side Tater Tots",American Breakfast Omelettes,,1,,68000.00,,"August 29, 2026 10:29:12AM",DELIVERED
76110819,0019120317-C8D3RTLATZNVA2,GF-134,GrabFood,,American Breakfast Club,Kemang,"Mushroom Omelette - Mushrooms, Spinach, Side Tater Tots",American Breakfast Omelettes,Cutleries,,1,,600.00,"August 29, 2026 10:29:12AM",DELIVERED
76110769,F-3338185572,7963,gofood,,American Breakfast Club,Kemang,"Burrito - Mock Katsu, 2 Scrambled Eggs, Cheddar, Avocado, Tater Tots",American Breakfast Burritos,,1,,68000.00,,"August 29, 2026 10:27:07AM",DELIVERED
76110369,F-3338180277,3586,gofood,,American Breakfast Club,Kemang,"Burrito - Mock Fish, 2 Scrambled Eggs, Cheddar, Avocado, Tater Tots,",American Breakfast Burritos,,1,,68000.00,,"August 29, 2026 10:23:05AM",DELIVERED
76110369,F-3338180277,3586,gofood,,American Breakfast Club,Kemang,"Burrito - Mock Fish, 2 Scrambled Eggs, Cheddar, Avocado, Tater Tots,",American Breakfast Burritos,Home Fries,,1,,30000.00,"August 29, 2026 10:23:05AM",DELIVERED
76109525,F-3338148242,6656,gofood,,American Breakfast Club,Kemang,"Burrito - 2 Scrambled Eggs, Cheddar, Avocado, Tater Tots",American Breakfast Burritos,,1,,43500.00,,"August 29, 2026 09:56:11AM",DELIVERED
76109149,00178430546-C8D3RLACAXNVTX,GF-466,GrabFood,,American Breakfast Club,Greenville,"2 Pancakes - Butter, Maple Syrup",American Breakfast Pancakes,,1,,48000.00,,"August 29, 2026 10:06:52AM",DELIVERED
76109149,00178430546-C8D3RLACAXNVTX,GF-466,GrabFood,,American Breakfast Club,Greenville,"Burrito - 2 Scrambled Eggs, Cheddar, Avocado, Tater Tots",American Breakfast Burritos,,1,,58000.00,,"August 29, 2026 10:06:52AM",DELIVERED
76109149,00178430546-C8D3RLACAXNVTX,GF-466,GrabFood,,American Breakfast Club,Greenville,Tater Tots,Sides,,1,,38000.00,,"August 29, 2026 10:06:52AM",DELIVERED
76107602,F-3338133583,8795,gofood,,American Breakfast Club,Kemang,"Burrito - Mock Chicken, 2 Scrambled Eggs, Cheddar, Avocado, Tater Tots",American Breakfast Burritos,,1,,68000.00,,"August 29, 2026 09:41:01AM",DELIVERED
76107442,F-3338130227,8541,gofood,,American Breakfast Club,Kemang,Cheese Omelette - Side Tater Tots,American Breakfast Omelettes,,1,,58000.00,,"August 29, 2026 09:37:17AM",DELIVERED
76107442,F-3338130227,8541,gofood,,American Breakfast Club,Kemang,Cheese Omelette - Side Tater Tots,American Breakfast Omelettes,Chick Nugget,,1,,35000.00,"August 29, 2026 09:37:17AM",DELIVERED
76107442,F-3338130227,8541,gofood,,American Breakfast Club,Kemang,"Burrito - 2 Scrambled Eggs, Cheddar, Avocado, Tater Tots",American Breakfast Burritos,,1,,43500.00,,"August 29, 2026 09:37:17AM",DELIVERED
76107423,F-3338129957,1943,gofood,,American Breakfast Club,Kemang,"Burrito - Mock Beef, 2 Scrambled Eggs, Cheddar, Avocado, Tater Tots,",American Breakfast Burritos,,1,,68000.00,,"August 29, 2026 09:37:00AM",DELIVERED
76107423,F-3338129957,1943,gofood,,American Breakfast Club,Kemang,"Burrito - 2 Scrambled Eggs, Cheddar, Avocado, Tater Tots",American Breakfast Burritos,,1,,43500.00,,"August 29, 2026 09:37:00AM",DELIVERED
76107423,F-3338129957,1943,gofood,,American Breakfast Club,Kemang,Tater Tots,Sides,,1,,28000.00,,"August 29, 2026 09:37:00AM",DELIVERED
76106956,001336577017-C8D3RBJEAXW2UA,GF-744,GrabFood,,American Breakfast Club,Greenville,"2 Pancakes - Blueberries, Butter, Maple Syrup",American Breakfast Pancakes,,1,,58000.00,,"August 29, 2026 09:28:34AM",DELIVERED
76106956,001336577017-C8D3RBJEAXW2UA,GF-744,GrabFood,,American Breakfast Club,Greenville,"Sandwich - 2 Scrambled Eggs Mock Beef, Cheddar Cheese  on a wavy brioche bun",American Breakfast Sandwiches,,1,,58000.00,,"August 29, 2026 09:28:34AM",DELIVERED
76106956,001336577017-C8D3RBJEAXW2UA,GF-744,GrabFood,,American Breakfast Club,Greenville,"Sandwich - 2 Scrambled Eggs Mock Beef, Cheddar Cheese  on a wavy brioche bun",American Breakfast Sandwiches,Tatter Tots,,1,,30000.00,"August 29, 2026 09:28:34AM",DELIVERED
76106674,F-3338116167,4395,gofood,,American Breakfast Club,Kemang,"Burrito - Mock Katsu, 2 Scrambled Eggs, Cheddar, Avocado, Tater Tots",American Breakfast Burritos,,1,,68000.00,,"August 29, 2026 09:22:01AM",DELIVERED
76106674,F-3338116167,4395,gofood,,American Breakfast Club,Kemang,Sandwich - 2 Scrambled Eggs melty cheddar cheese on a wavy brioche bun,American Breakfast Sandwiches,,1,,45000.00,,"August 29, 2026 09:22:01AM",DELIVERED
76106655,001104890466-C8D3RAKBAEJHN2,GF-552,GrabFood,,American Breakfast Club,Greenville,"Burrito - Mock Chicken, 2 Scrambled Eggs, Cheddar, Avocado, Tater Tots",American Breakfast Burritos,,1,,68000.00,,"August 29, 2026 09:22:10AM",DELIVERED
76106199,F-3338107764,6262,gofood,,American Breakfast Club,Kemang,"Burrito - 2 Scrambled Eggs, Cheddar, Avocado, Tater Tots",American Breakfast Burritos,,1,,43500.00,,"August 29, 2026 09:12:22AM",DELIVERED
76106199,F-3338107764,6262,gofood,,American Breakfast Club,Kemang,"Burrito - 2 Scrambled Eggs, Cheddar, Avocado, Tater Tots",American Breakfast Burritos,Truffle Home Fries,,1,,40000.00,"August 29, 2026 09:12:22AM",DELIVERED
76106199,F-3338107764,6262,gofood,,American Breakfast Club,Kemang,Tater Tots With Truffle Oil,Sides,,1,,38000.00,,"August 29, 2026 09:12:22AM",DELIVERED
76106138,001460662314-C8D3PFEVLT2YLJ,GF-877,GrabFood,,American Breakfast Club,Greenville,"Burrito - Mock Chicken, 2 Scrambled Eggs, Cheddar, Avocado, Tater Tots",American Breakfast Burritos,,1,,68000.00,,"August 29, 2026 09:11:43AM",DELIVERED
76106138,001460662314-C8D3PFEVLT2YLJ,GF-877,GrabFood,,American Breakfast Club,Greenville,"Burrito - Mock Chicken, 2 Scrambled Eggs, Cheddar, Avocado, Tater Tots",American Breakfast Burritos,Chick Nugget,,1,,35000.00,"August 29, 2026 09:11:43AM",DELIVERED
76105530,0019973264-C8D3PBUXVTVVLT,GF-519,GrabFood,,American Breakfast Club,Kemang,"Burrito - Mock Fish, 2 Scrambled Eggs, Cheddar, Avocado, Tater Tots,",American Breakfast Burritos,,1,,68000.00,,"August 29, 2026 08:57:24AM",DELIVERED
76105269,F-3338090948,4497,gofood,,American Breakfast Club,Greenville,"2 Pancakes - Blueberries, Butter, Maple Syrup",American Breakfast Pancakes,,1,,46400.00,,"August 29, 2026 08:50:40AM",DELIVERED
76105269,F-3338090948,4497,gofood,,American Breakfast Club,Greenville,"2 Pancakes - Blueberries, Butter, Maple Syrup",American Breakfast Pancakes,Coke,,1,,15000.00,"August 29, 2026 08:50:40AM",DELIVERED
76105269,F-3338090948,4497,gofood,,American Breakfast Club,Greenville,"2 Pancakes - Blueberries, Butter, Maple Syrup",American Breakfast Pancakes,Truffle Tater Tots,,1,,40000.00,"August 29, 2026 08:50:40AM",DELIVERED
76105263,001662912765-C8D3PAVYL2LVN6,GF-012,GrabFood,,American Breakfast Club,Greenville,"Burrito - Mock Beef, 2 Scrambled Eggs, Cheddar, Avocado, Tater Tots,",American Breakfast Burritos,,1,,68000.00,,"August 29, 2026 08:51:05AM",DELIVERED
76105194,001338976705-C8D3PALBEXTCNJ,GF-769,GrabFood,,American Breakfast Club,Greenville,"Mushroom Omelette - Mushrooms, Spinach, Side Tater Tots",American Breakfast Omelettes,,1,,68000.00,,"August 29, 2026 08:49:13AM",DELIVERED
76105194,001338976705-C8D3PALBEXTCNJ,GF-769,GrabFood,,American Breakfast Club,Greenville,"Burrito - 2 Scrambled Eggs, Cheddar, Avocado, Tater Tots",American Breakfast Burritos,,1,,58000.00,,"August 29, 2026 08:49:13AM",DELIVERED
76104876,001363604187-C8D3N7N3SATWLT,GF-926,GrabFood,,American Breakfast Club,Kemang,"Burrito - Mock Fish, 2 Scrambled Eggs, Cheddar, Avocado, Tater Tots,",American Breakfast Burritos,,1,,68000.00,,"August 29, 2026 08:40:11AM",DELIVERED
76104712,F-3338080091,2989,gofood,,American Breakfast Club,Kemang,"Burrito - 2 Scrambled Eggs, Cheddar, Avocado, Tater Tots",American Breakfast Burritos,,1,,43500.00,,"August 29, 2026 08:34:08AM",DELIVERED
76104712,F-3338080091,2989,gofood,,American Breakfast Club,Kemang,"Burrito - 2 Scrambled Eggs, Cheddar, Avocado, Tater Tots",American Breakfast Burritos,Home Fries,,1,,30000.00,"August 29, 2026 08:34:08AM",DELIVERED
76104704,001729932186-C8D3N6VWN65WJ2,GF-839,GrabFood,,American Breakfast Club,Greenville,"Burrito - 2 Scrambled Eggs, Cheddar, Avocado, Tater Tots",American Breakfast Burritos,,1,,58000.00,,"August 29, 2026 08:34:25AM",DELIVERED
76104558,0019641301-C8D3N4NFAPV3RE,GF-003,GrabFood,,American Breakfast Club,Greenville,"Burrito - Mock Chicken, 2 Scrambled Eggs, Cheddar, Avocado, Tater Tots",American Breakfast Burritos,,1,,68000.00,,"August 29, 2026 08:29:57AM",DELIVERED
76104558,0019641301-C8D3N4NFAPV3RE,GF-003,GrabFood,,American Breakfast Club,Greenville,"Burrito - 2 Scrambled Eggs, Cheddar, Avocado, Tater Tots",American Breakfast Burritos,,1,,58000.00,,"August 29, 2026 08:29:57AM",DELIVERED
76104407,001627536146-C8D3N3XFL74FEX,GF-192,GrabFood,,American Breakfast Club,Greenville,"Burrito - 2 Scrambled Eggs, Cheddar, Avocado, Tater Tots",American Breakfast Burritos,,1,,58000.00,,"August 29, 2026 08:24:55AM",DELIVERED
76104407,001627536146-C8D3N3XFL74FEX,GF-192,GrabFood,,American Breakfast Club,Greenville,"Burrito - 2 Scrambled Eggs, Cheddar, Avocado, Tater Tots",American Breakfast Burritos,Tatter Tots,,1,,30000.00,"August 29, 2026 08:24:55AM",DELIVERED
76104036,0019376413-C8D3NZMKHBCDVE,GF-303,GrabFood,,American Breakfast Club,Kemang,Cheese Omelette - Side Tater Tots,American Breakfast Omelettes,,1,,58000.00,,"August 29, 2026 08:12:59AM",DELIVERED
76104036,0019376413-C8D3NZMKHBCDVE,GF-303,GrabFood,,American Breakfast Club,Kemang,"Mushroom Omelette - Mushrooms, Spinach, Side Tater Tots",American Breakfast Omelettes,,1,,68000.00,,"August 29, 2026 08:12:59AM",DELIVERED
76103960,00142334798-C8D3NZAAKEAGGE,GF-150,GrabFood,,Tyfel Coffee,Greenville,Quesadilla,Lite Bites,,1,,45000.00,,"August 29, 2026 08:10:20AM",DELIVERED
76103960,00142334798-C8D3NZAAKEAGGE,GF-150,GrabFood,,Tyfel Coffee,Greenville,Risotto,Main Course,,1,,55000.00,,"August 29, 2026 08:10:20AM",DELIVERED
76103960,00142334798-C8D3NZAAKEAGGE,GF-150,GrabFood,,Tyfel Coffee,Greenville,Nachos - Vegan-option,Lite Bites,,1,,40000.00,,"August 29, 2026 08:10:20AM",DELIVERED
76103867,001497021190-C8D3NYMTC7MTA6,GF-993,GrabFood,,American Breakfast Club,Kemang,"Burrito - 2 Scrambled Eggs, Cheddar, Avocado, Tater Tots",American Breakfast Burritos,,2,,58000.00,,"August 29, 2026 08:06:19AM",DELIVERED
76103867,001497021190-C8D3NYMTC7MTA6,GF-993,GrabFood,,American Breakfast Club,Kemang,"Burrito - 2 Scrambled Eggs, Cheddar, Avocado, Tater Tots",American Breakfast Burritos,Cutleries,,2,,600.00,"August 29, 2026 08:06:19AM",DELIVERED
76103867,001497021190-C8D3NYMTC7MTA6,GF-993,GrabFood,,American Breakfast Club,Kemang,"Burrito - Mock Fish, 2 Scrambled Eggs, Cheddar, Avocado, Tater Tots,",American Breakfast Burritos,,1,,68000.00,,"August 29, 2026 08:06:19AM",DELIVERED
76103728,001679339541-C8D3NXXVT8CCJ6,GF-440,GrabFood,,American Breakfast Club,Kemang,"Sandwich - 2 Scrambled Eggs Mock Beef, Cheddar Cheese  on a wavy brioche bun",American Breakfast Sandwiches,,1,,58000.00,,"August 29, 2026 08:01:42AM",DELIVERED
76103728,001679339541-C8D3NXXVT8CCJ6,GF-440,GrabFood,,American Breakfast Club,Kemang,"Sandwich - 2 Scrambled Eggs Mock Beef, Cheddar Cheese  on a wavy brioche bun",American Breakfast Sandwiches,Mineral Water,,1,,10000.00,"August 29, 2026 08:01:42AM",DELIVERED
76103564,F-3338055999,3826,gofood,,American Breakfast Club,Greenville,"2 Pancakes - Blueberries, Butter, Maple Syrup",American Breakfast Pancakes,,2,,46400.00,,"August 29, 2026 07:54:42AM",DELIVERED
76103564,F-3338055999,3826,gofood,,American Breakfast Club,Greenville,"2 Pancakes - Blueberries, Butter, Maple Syrup",American Breakfast Pancakes,Tatter Tots,,2,,30000.00,"August 29, 2026 07:54:42AM",DELIVERED
76103564,F-3338055999,3826,gofood,,American Breakfast Club,Greenville,"Mushroom Omelette - Mushrooms, Spinach, Side Tater Tots",American Breakfast Omelettes,,2,,54400.00,,"August 29, 2026 07:54:42AM",DELIVERED
76103411,001248772407-C8D3NUKGBBVGTE,GF-734,GrabFood,,American Breakfast Club,Kemang,"Burrito - 2 Scrambled Eggs, Cheddar, Avocado, Tater Tots",American Breakfast Burritos,,1,,58000.00,,"August 29, 2026 07:48:55AM",DELIVERED
76103401,F-3338052687,6548,gofood,,American Breakfast Club,Kemang,Cheese Omelette - Side Tater Tots,American Breakfast Omelettes,,2,,58000.00,,"August 29, 2026 07:47:56AM",DELIVERED
76103336,001653607351-C8D3NT31DCNHDA,GF-689,GrabFood,,American Breakfast Club,Greenville,"Sandwich - 2 Scrambled Eggs Mock Beef, Cheddar Cheese  on a wavy brioche bun",American Breakfast Sandwiches,,1,,58000.00,,"August 29, 2026 07:45:49AM",DELIVERED
76103336,001653607351-C8D3NT31DCNHDA,GF-689,GrabFood,,American Breakfast Club,Greenville,Cutleries,Cutleries,,1,,1000.00,,"August 29, 2026 07:45:49AM",DELIVERED
76103312,001974542963-C8D3NTWYMFJDCE,GF-470,GrabFood,,Herbox,Greenville,Lauk size Regular Vegan Vegetarian,Lauk Only,,3,,60000.00,,"August 29, 2026 07:44:45AM",DELIVERED
76103267,F-3338049612,4846,gofood,,American Breakfast Club,Kemang,"Burrito - 2 Scrambled Eggs, Cheddar, Avocado, Tater Tots",American Breakfast Burritos,,1,,43500.00,,"August 29, 2026 07:41:56AM",DELIVERED
76103264,0019549401-C8D3NTKTCYVWMA,GF-502,GrabFood,,American Breakfast Club,Kemang,"2 Pancakes - Blueberries, Butter, Maple Syrup",American Breakfast Pancakes,,1,,58000.00,,"August 29, 2026 07:42:19AM",DELIVERED
76103264,0019549401-C8D3NTKTCYVWMA,GF-502,GrabFood,,American Breakfast Club,Kemang,"Burrito - 2 Scrambled Eggs, Cheddar, Avocado, Tater Tots",American Breakfast Burritos,,1,,58000.00,,"August 29, 2026 07:42:19AM",DELIVERED
76103264,0019549401-C8D3NTKTCYVWMA,GF-502,GrabFood,,American Breakfast Club,Kemang,"2 Pancakes - Butter, Maple Syrup",American Breakfast Pancakes,,1,,48000.00,,"August 29, 2026 07:42:19AM",DELIVERED
76103246,001336163319-C8D3NTD3R7D3R2,GF-931,GrabFood,,American Breakfast Club,Kemang,"Burrito - 2 Scrambled Eggs, Cheddar, Avocado, Tater Tots",American Breakfast Burritos,,1,,58000.00,,"August 29, 2026 07:41:32AM",DELIVERED
76103246,001336163319-C8D3NTD3R7D3R2,GF-931,GrabFood,,American Breakfast Club,Kemang,"Burrito - 2 Scrambled Eggs, Cheddar, Avocado, Tater Tots",American Breakfast Burritos,Tatter Tots,,1,,30000.00,"August 29, 2026 07:41:32AM",DELIVERED
76103170,001945098156-C8D3NREZCRL3GT,GF-979,GrabFood,,American Breakfast Club,Kemang,"Burrito - Mock Chicken, 2 Scrambled Eggs, Cheddar, Avocado, Tater Tots",American Breakfast Burritos,,1,,68000.00,,"August 29, 2026 07:38:26AM",DELIVERED
76103110,F-3338046443,3243,gofood,,American Breakfast Club,Greenville,"2 Pancakes - Butter, Maple Syrup",American Breakfast Pancakes,,1,,38400.00,,"August 29, 2026 07:35:22AM",DELIVERED
76103110,F-3338046443,3243,gofood,,American Breakfast Club,Greenville,"Burrito - Mock Fish, 2 Scrambled Eggs, Cheddar, Avocado, Tater Tots,",American Breakfast Burritos,,1,,51000.00,,"August 29, 2026 07:35:22AM",DELIVERED
76103096,00128581884-C8D3NP2KGYNCEJ,GF-834,GrabFood,,American Breakfast Club,Greenville,"Burrito - 2 Scrambled Eggs, Cheddar, Avocado, Tater Tots",American Breakfast Burritos,,1,,58000.00,,"August 29, 2026 07:35:19AM",DELIVERED
76102960,001471738764-C8D3NN52AA33CA,GF-084,GrabFood,,American Breakfast Club,Greenville,"Burrito - Mock Chicken, 2 Scrambled Eggs, Cheddar, Avocado, Tater Tots",American Breakfast Burritos,,1,,68000.00,,"August 29, 2026 07:29:48AM",DELIVERED
76102869,001667753334-C8D3NNJDUEWGR6,GF-302,GrabFood,,Herbox,Greenville,Lada Hitam Blackpepper Vegan Vegetarian Ricebox,Ricebox,,1,,39000.00,,"August 29, 2026 07:25:15AM",DELIVERED
76102869,001667753334-C8D3NNJDUEWGR6,GF-302,GrabFood,,Herbox,Greenville,Kung Paow Chick Vegan Vegetarian Ricebox,Ricebox,,1,,39000.00,,"August 29, 2026 07:25:15AM",DELIVERED
76102869,001667753334-C8D3NNJDUEWGR6,GF-302,GrabFood,,Herbox,Greenville,Pesmol Vegan Vegetarian Ricebox,Ricebox,,1,,39000.00,,"August 29, 2026 07:25:15AM",DELIVERED
76102869,001667753334-C8D3NNJDUEWGR6,GF-302,GrabFood,,Herbox,Greenville,Teriyaki Vegan Vegetarian Ricebox,Ricebox,,1,,39000.00,,"August 29, 2026 07:25:15AM",DELIVERED
76102869,001667753334-C8D3NNJDUEWGR6,GF-302,GrabFood,,Herbox,Greenville,Rica Rica Vegan Vegetarian Ricebox,Ricebox,,1,,39000.00,,"August 29, 2026 07:25:15AM",DELIVERED
76102759,F-3338039401,2888,gofood,,American Breakfast Club,Greenville,"Burrito - 2 Scrambled Eggs, Cheddar, Avocado, Tater Tots",American Breakfast Burritos,,4,,46400.00,,"August 29, 2026 07:19:47AM",DELIVERED
76102759,F-3338039401,2888,gofood,,American Breakfast Club,Greenville,Tater Tots With Truffle Oil,Sides,,1,,30400.00,,"August 29, 2026 07:19:47AM",DELIVERED
76102756,F-3338039291,7126,gofood,,American Breakfast Club,Greenville,"Mushroom Omelette - Mushrooms, Spinach, Side Tater Tots",American Breakfast Omelettes,,1,,54400.00,,"August 29, 2026 07:19:32AM",DELIVERED
76102756,F-3338039291,7126,gofood,,American Breakfast Club,Greenville,"Mushroom Omelette - Mushrooms, Spinach, Side Tater Tots",American Breakfast Omelettes,Cutleries,,1,,1500.00,"August 29, 2026 07:19:32AM",DELIVERED
76102756,F-3338039291,7126,gofood,,American Breakfast Club,Greenville,"Burrito - Mock Chicken, 2 Scrambled Eggs, Cheddar, Avocado, Tater Tots",American Breakfast Burritos,,1,,51000.00,,"August 29, 2026 07:19:32AM",DELIVERED
76102665,001444391953-C8D3NKM2NLAHBE,GF-306,GrabFood,,American Breakfast Club,Greenville,"Burrito - 2 Scrambled Eggs, Cheddar, Avocado, Tater Tots",American Breakfast Burritos,,1,,58000.00,,"August 29, 2026 07:16:28AM",DELIVERED
76102665,001444391953-C8D3NKM2NLAHBE,GF-306,GrabFood,,American Breakfast Club,Greenville,"Burrito - 2 Scrambled Eggs, Cheddar, Avocado, Tater Tots",American Breakfast Burritos,Coke,,1,,15000.00,"August 29, 2026 07:16:28AM",DELIVERED
76102665,001444391953-C8D3NKM2NLAHBE,GF-306,GrabFood,,American Breakfast Club,Greenville,"2 Pancakes - Blueberries, Butter, Maple Syrup",American Breakfast Pancakes,,1,,58000.00,,"August 29, 2026 07:16:28AM",DELIVERED
76102353,F-3338026773,5538,gofood,,American Breakfast Club,Greenville,"Mushroom Omelette - Mushrooms, Spinach, Side Tater Tots",American Breakfast Omelettes,,1,,54400.00,,"August 29, 2026 06:46:21AM",DELIVERED
76102353,F-3338026773,5538,gofood,,American Breakfast Club,Greenville,"Mushroom Omelette - Mushrooms, Spinach, Side Tater Tots",American Breakfast Omelettes,Cutleries,,1,,1500.00,"August 29, 2026 06:46:21AM",DELIVERED
76102083,F-3338026090,4548,gofood,,American Breakfast Club,Greenville,Cheese Omelette - Side Tater Tots,American Breakfast Omelettes,,1,,46400.00,,"August 29, 2026 06:44:01AM",DELIVERED
76102083,F-3338026090,4548,gofood,,American Breakfast Club,Greenville,Cheese Omelette - Side Tater Tots,American Breakfast Omelettes,Cutleries,,1,,1500.00,"August 29, 2026 06:44:01AM",DELIVERED
76102083,F-3338026090,4548,gofood,,American Breakfast Club,Greenville,"2 Pancakes - Butter, Maple Syrup",American Breakfast Pancakes,,1,,38400.00,,"August 29, 2026 06:44:01AM",DELIVERED
76102083,F-3338026090,4548,gofood,,American Breakfast Club,Greenville,"2 Pancakes - Butter, Maple Syrup",American Breakfast Pancakes,Cutleries,,1,,1500.00,"August 29, 2026 06:44:01AM",DELIVERED
76068400,F-3337601529,2453,gofood,,Herbox,Greenville,Salted no Egg Vegan Vegetarian Ricebox,Ricebox,,1,,31200.00,,"August 28, 2026 05:49:03PM",DELIVERED
76068400,F-3337601529,2453,gofood,,Herbox,Greenville,Salted no Egg Vegan Vegetarian Ricebox,Ricebox,"Sendok, Garpu, Tissue, Tusuk Gigi",,1,,1500.00,"August 28, 2026 05:49:03PM",DELIVERED
76068400,F-3337601529,2453,gofood,,Herbox,Greenville,Rica Wrap,Wrap Series,,1,,47200.00,,"August 28, 2026 05:49:03PM",DELIVERED
76066941,00112217599-C8D3CRDDCF6KGJ,GF-508,GrabFood,,American Breakfast Club,Greenville,"Burrito - Mock Beef, 2 Scrambled Eggs, Cheddar, Avocado, Tater Tots,",American Breakfast Burritos,,1,,68000.00,,"August 28, 2026 05:44:33PM",DELIVERED
76054144,001991364144-C8D3AUTVVCDTJE,GF-021,GrabFood,,American Breakfast Club,Kemang,"Mushroom Omelette - Mushrooms, Spinach, Side Tater Tots",American Breakfast Omelettes,,1,,68000.00,,"August 28, 2026 03:10:22PM",DELIVERED
76054144,001991364144-C8D3AUTVVCDTJE,GF-021,GrabFood,,American Breakfast Club,Kemang,"Sandwich - 2 Scrambled Eggs, Mock Fish, Cheddar Cheese, Mix, Brioche Bun",American Breakfast Sandwiches,,1,,58000.00,,"August 28, 2026 03:10:22PM",DELIVERED
76053564,00102767237-C8D3ATKHAZLVEX,GF-402,GrabFood,,Herbox,Greenville,Nasi Goreng Bintang Kuning Vegan Vegetarian,Nasi Goreng Special,,1,,35000.00,,"August 28, 2026 03:02:17PM",DELIVERED
76047590,001162343234-C8D2WETHJ63JE2,GF-356,GrabFood,,American Breakfast Club,Greenville,"Burrito - Mock Beef, 2 Scrambled Eggs, Cheddar, Avocado, Tater Tots,",American Breakfast Burritos,,1,,68000.00,,"August 28, 2026 01:40:16PM",DELIVERED
76046721,00154131033-C8D2WBBWJ651T6,GF-109,GrabFood,,Tyfel Coffee,Greenville,Mozarella Stick,Lite Bites,,2,,40000.00,,"August 28, 2026 01:29:22PM",DELIVERED
76046721,00154131033-C8D2WBBWJ651T6,GF-109,GrabFood,,Tyfel Coffee,Greenville,Home Fries,Sides,,1,,38000.00,,"August 28, 2026 01:29:22PM",DELIVERED
76045118,00166989884-C8D2V66ETADTRJ,GF-874,GrabFood,,Herbox,Greenville,Pesmol Vegan Vegetarian Ricebox,Ricebox,,1,,39000.00,,"August 28, 2026 01:09:54PM",DELIVERED
76045118,00166989884-C8D2V66ETADTRJ,GF-874,GrabFood,,Herbox,Greenville,Pesmol Vegan Vegetarian Ricebox,Ricebox,"Sendok, Garpu, Tissue, Tusuk Gigi",,1,,1500.00,"August 28, 2026 01:09:54PM",DELIVERED
76045118,00166989884-C8D2V66ETADTRJ,GF-874,GrabFood,,Herbox,Greenville,Nasi Goreng Bintang Kuning Vegan Vegetarian,Nasi Goreng Special,,1,,35000.00,,"August 28, 2026 01:09:54PM",DELIVERED
76042442,001491236591-C8D2VYX1KEJJGJ,GF-620,GrabFood,,American Breakfast Club,Kemang,Sandwich - 2 Scrambled Eggs melty cheddar cheese on a wavy brioche bun,American Breakfast Sandwiches,,1,,45000.00,,"August 28, 2026 12:41:49PM",DELIVERED
76042442,001491236591-C8D2VYX1KEJJGJ,GF-620,GrabFood,,American Breakfast Club,Kemang,"Burrito - Mock Chicken, 2 Scrambled Eggs, Cheddar, Avocado, Tater Tots",American Breakfast Burritos,,1,,68000.00,,"August 28, 2026 12:41:49PM",DELIVERED
76042442,001491236591-C8D2VYX1KEJJGJ,GF-620,GrabFood,,American Breakfast Club,Kemang,"Mushroom Omelette - Mushrooms, Spinach, Side Tater Tots",American Breakfast Omelettes,,1,,68000.00,,"August 28, 2026 12:41:49PM",DELIVERED
76042324,001047996502-C8D2VYLJSFAVVN,GF-910,GrabFood,,American Breakfast Club,Greenville,"Burrito - Mock Beef, 2 Scrambled Eggs, Cheddar, Avocado, Tater Tots,",American Breakfast Burritos,,1,,68000.00,,"August 28, 2026 12:40:34PM",DELIVERED
76041744,001394297944-C8D2VUNFL732MA,GF-580,GrabFood,,American Breakfast Club,Greenville,Tater Tots,Sides,,3,,38000.00,,"August 28, 2026 12:34:33PM",DELIVERED
76039965,F-3337206751,1274,gofood,,Herbox,Greenville,Salted no Egg Vegan Vegetarian Ricebox,Ricebox,,1,,31200.00,,"August 28, 2026 12:11:29PM",DELIVERED
76039965,F-3337206751,1274,gofood,,Herbox,Greenville,Pesmol Vegan Vegetarian Ricebox,Ricebox,,1,,31200.00,,"August 28, 2026 12:11:29PM",DELIVERED
76039965,F-3337206751,1274,gofood,,Herbox,Greenville,Vegan Chickin Nugget,Sides,,1,,32000.00,,"August 28, 2026 12:11:29PM",DELIVERED
76036666,00150259173-C8D2VFXWJYNGNX,GF-465,GrabFood,,American Breakfast Club,Greenville,"Burrito - Mock Chicken, 2 Scrambled Eggs, Cheddar, Avocado, Tater Tots",American Breakfast Burritos,,1,,68000.00,,"August 28, 2026 11:35:03AM",DELIVERED
76033374,001179744848-C8D2UFTXL3AUAA,GF-936,GrabFood,,American Breakfast Club,Kemang,"2 Pancakes - Blueberries, Butter, Maple Syrup",American Breakfast Pancakes,,1,,58000.00,,"August 28, 2026 11:00:24AM",DELIVERED
76033374,001179744848-C8D2UFTXL3AUAA,GF-936,GrabFood,,American Breakfast Club,Kemang,"Burrito - Mock Chicken, 2 Scrambled Eggs, Cheddar, Avocado, Tater Tots",American Breakfast Burritos,,2,,68000.00,,"August 28, 2026 11:00:24AM",DELIVERED
76033374,001179744848-C8D2UFTXL3AUAA,GF-936,GrabFood,,American Breakfast Club,Kemang,Home Fries With Truffle Oil,Sides,,1,,48000.00,,"August 28, 2026 11:00:24AM",DELIVERED
76031793,001819806923-C8D2UBNVDGD2ET,GF-612,GrabFood,,American Breakfast Club,Greenville,"Burrito - Mock Beef, 2 Scrambled Eggs, Cheddar, Avocado, Tater Tots,",American Breakfast Burritos,,2,,68000.00,,"August 28, 2026 10:43:22AM",DELIVERED
76031447,F-3337069280,6525,gofood,,Tyfel Coffee,Greenville,Risotto,Main Course,,3,,55000.00,,"August 28, 2026 10:33:51AM",DELIVERED
76031447,F-3337069280,6525,gofood,,Tyfel Coffee,Greenville,Home Fries With Truffle Oil,Sides,,1,,38000.00,,"August 28, 2026 10:33:51AM",DELIVERED
76031447,F-3337069280,6525,gofood,,Tyfel Coffee,Greenville,Burger,Brunch,,1,,34000.00,,"August 28, 2026 10:33:51AM",DELIVERED
76031204,F-3337072185,9374,gofood,,American Breakfast Club,Kemang,Home Fries With Truffle Oil,Sides,,1,,38000.00,,"August 28, 2026 10:36:02AM",DELIVERED
76031204,F-3337072185,9374,gofood,,American Breakfast Club,Kemang,"Burrito - 2 Scrambled Eggs, Cheddar, Avocado, Tater Tots",American Breakfast Burritos,,1,,43500.00,,"August 28, 2026 10:36:02AM",DELIVERED
76031204,F-3337072185,9374,gofood,,American Breakfast Club,Kemang,"Burrito - 2 Scrambled Eggs, Cheddar, Avocado, Tater Tots",American Breakfast Burritos,Chick Nugget,,1,,35000.00,"August 28, 2026 10:36:02AM",DELIVERED
76031204,F-3337072185,9374,gofood,,American Breakfast Club,Kemang,"Egg burger - 2 Scrambled Eggs, Cheddar Cheese, Secret Sauce",American Breakfast Burger,,1,,33800.00,,"August 28, 2026 10:36:02AM",DELIVERED
76030943,00165525750-C8D2T8B3V6X3VX,GF-817,GrabFood,,Herbox,Greenville,Nasi Goreng Sedap Malam Vegan Vegetarian,Nasi Goreng Special,,1,,35000.00,,"August 28, 2026 10:33:10AM",DELIVERED
76030943,00165525750-C8D2T8B3V6X3VX,GF-817,GrabFood,,Herbox,Greenville,Nasi Goreng Sedap Malam Vegan Vegetarian,Nasi Goreng Special,Ganti Shirataki Rice,,1,,20000.00,"August 28, 2026 10:33:10AM",DELIVERED
76030943,00165525750-C8D2T8B3V6X3VX,GF-817,GrabFood,,Herbox,Greenville,Nasi Goreng Bintang Kuning Vegan Vegetarian,Nasi Goreng Special,,1,,35000.00,,"August 28, 2026 10:33:10AM",DELIVERED
76030943,00165525750-C8D2T8B3V6X3VX,GF-817,GrabFood,,Herbox,Greenville,Nasi Goreng Bintang Kuning Vegan Vegetarian,Nasi Goreng Special,Ganti Shirataki Rice,,1,,20000.00,"August 28, 2026 10:33:10AM",DELIVERED
76030943,00165525750-C8D2T8B3V6X3VX,GF-817,GrabFood,,Herbox,Greenville,Pesmol Vegan Vegetarian Ricebox,Ricebox,,1,,39000.00,,"August 28, 2026 10:33:10AM",DELIVERED
76030943,00165525750-C8D2T8B3V6X3VX,GF-817,GrabFood,,Herbox,Greenville,Pesmol Vegan Vegetarian Ricebox,Ricebox,Ganti Shirataki Rice,,1,,20000.00,"August 28, 2026 10:33:10AM",DELIVERED
76030943,00165525750-C8D2T8B3V6X3VX,GF-817,GrabFood,,Herbox,Greenville,Fysh Mentai,Mentai Vegan,,1,,59000.00,,"August 28, 2026 10:33:10AM",DELIVERED
76030943,00165525750-C8D2T8B3V6X3VX,GF-817,GrabFood,,Herbox,Greenville,Fysh Mentai,Mentai Vegan,Ganti Shirataki Rice,,1,,20000.00,"August 28, 2026 10:33:10AM",DELIVERED
76029654,F-3337030966,3971,gofood,,People Pasta,Greenville,Tattert Tots,Side Dish,,3,,28000.00,,"August 28, 2026 10:01:46AM",DELIVERED
76029654,F-3337030966,3971,gofood,,People Pasta,Greenville,Cacio e Pepe - Vegetarian - Plantbased,Signature Pasta,,1,,32300.00,,"August 28, 2026 10:01:46AM",DELIVERED
76029654,F-3337030966,3971,gofood,,People Pasta,Greenville,Cacio e Pepe - Vegetarian - Plantbased,Signature Pasta,Fusili,,1,,1000.00,"August 28, 2026 10:01:46AM",DELIVERED
76029373,0014696440-C8D2T36EJEDFR6,GF-502,GrabFood,,American Breakfast Club,Kemang,"Mushroom Omelette - Mushrooms, Spinach, Side Tater Tots",American Breakfast Omelettes,,1,,68000.00,,"August 28, 2026 10:13:15AM",DELIVERED
76029373,0014696440-C8D2T36EJEDFR6,GF-502,GrabFood,,American Breakfast Club,Kemang,"Mushroom Omelette - Mushrooms, Spinach, Side Tater Tots",American Breakfast Omelettes,Chick Nugget,,1,,35000.00,"August 28, 2026 10:13:15AM",DELIVERED
76028006,001651351601-C8D2TYNUREWXFA,GF-063,GrabFood,,People Pasta,Greenville,Chicken Nugget - Vegan,,,1,,35000.00,,"August 28, 2026 09:53:21AM",DELIVERED
76028006,001651351601-C8D2TYNUREWXFA,GF-063,GrabFood,,People Pasta,Greenville,Creamy Mushroom - Vegetarian - Plantbased,Signature Pasta,,1,,43000.00,,"August 28, 2026 09:53:21AM",DELIVERED
76028006,001651351601-C8D2TYNUREWXFA,GF-063,GrabFood,,People Pasta,Greenville,Creamy Mushroom - Vegetarian - Plantbased,Signature Pasta,Fusili,,1,,1000.00,"August 28, 2026 09:53:21AM",DELIVERED
76028006,001651351601-C8D2TYNUREWXFA,GF-063,GrabFood,,People Pasta,Greenville,Creamy Mushroom - Vegetarian - Plantbased,Signature Pasta,,1,,43000.00,,"August 28, 2026 09:53:21AM",DELIVERED
76028006,001651351601-C8D2TYNUREWXFA,GF-063,GrabFood,,People Pasta,Greenville,Creamy Mushroom - Vegetarian - Plantbased,Signature Pasta,Fettucine,,1,,1000.00,"August 28, 2026 09:53:21AM",DELIVERED
76028006,001651351601-C8D2TYNUREWXFA,GF-063,GrabFood,,People Pasta,Greenville,Hygine Cutleries,Add-on,,2,,1500.00,,"August 28, 2026 09:53:21AM",DELIVERED
76027899,001049489333-C8D2TYEDFEMTGX,GF-359,GrabFood,,American Breakfast Club,Kemang,"Mushroom Omelette - Mushrooms, Spinach, Side Tater Tots",American Breakfast Omelettes,,1,,68000.00,,"August 28, 2026 09:51:35AM",DELIVERED
76027899,001049489333-C8D2TYEDFEMTGX,GF-359,GrabFood,,American Breakfast Club,Kemang,"2 Pancakes - Blueberries, Butter, Maple Syrup",American Breakfast Pancakes,,1,,58000.00,,"August 28, 2026 09:51:35AM",DELIVERED
76026826,00131740619-C8D2TTNUL2LDR6,GF-568,GrabFood,,American Breakfast Club,Greenville,"Burrito - Mock Beef, 2 Scrambled Eggs, Cheddar, Avocado, Tater Tots,",American Breakfast Burritos,,1,,68000.00,,"August 28, 2026 09:30:02AM",DELIVERED
76026689,00171480976-C8D2TTAHLT6XJ6,GF-727,GrabFood,,American Breakfast Club,Kemang,"Burrito - Mock Chicken, 2 Scrambled Eggs, Cheddar, Avocado, Tater Tots",American Breakfast Burritos,,1,,68000.00,,"August 28, 2026 09:26:57AM",DELIVERED
76026106,00123590331-C8D2TNUWCFVDCT,GF-996,GrabFood,,American Breakfast Club,Kemang,"Burrito - 2 Scrambled Eggs, Cheddar, Avocado, Tater Tots",American Breakfast Burritos,,1,,58000.00,,"August 28, 2026 09:14:02AM",DELIVERED
76025902,F-3336976825,4746,gofood,,American Breakfast Club,Kemang,"Burrito - 2 Scrambled Eggs, Cheddar, Avocado, Tater Tots",American Breakfast Burritos,,1,,43500.00,,"August 28, 2026 08:54:07AM",DELIVERED
76025368,0014513382-C8D2TJB2LELFCX,GF-071,GrabFood,,American Breakfast Club,Kemang,"Sandwich - 2 Scrambled Eggs, Mock Chicken, Cheddar Cheese Mix, Brioche Bun",American Breakfast Sandwiches,,1,,58000.00,,"August 28, 2026 08:54:09AM",DELIVERED
76025368,0014513382-C8D2TJB2LELFCX,GF-071,GrabFood,,American Breakfast Club,Kemang,"Burrito - 2 Scrambled Eggs, Cheddar, Avocado, Tater Tots",American Breakfast Burritos,,1,,58000.00,,"August 28, 2026 08:54:09AM",DELIVERED
76025338,F-3336972782,7283,gofood,,American Breakfast Club,Greenville,"Burrito - 2 Scrambled Eggs, Cheddar, Avocado, Tater Tots",American Breakfast Burritos,,1,,46400.00,,"August 28, 2026 08:47:25AM",DELIVERED
76025338,F-3336972782,7283,gofood,,American Breakfast Club,Greenville,"Burrito - Mock Beef, 2 Scrambled Eggs, Cheddar, Avocado, Tater Tots,",American Breakfast Burritos,,1,,51000.00,,"August 28, 2026 08:47:25AM",DELIVERED
76025063,0012775457-C8D2TFCCLKBKCJ,GF-906,GrabFood,,American Breakfast Club,Kemang,"Burrito - 2 Scrambled Eggs, Cheddar, Avocado, Tater Tots",American Breakfast Burritos,,1,,58000.00,,"August 28, 2026 08:44:14AM",DELIVERED
76025014,F-3336969608,5388,gofood,,American Breakfast Club,Kemang,"Burrito - Mock Beef, 2 Scrambled Eggs, Cheddar, Avocado, Tater Tots,",American Breakfast Burritos,,1,,68000.00,,"August 28, 2026 08:41:43AM",DELIVERED
76024863,F-3336966423,7273,gofood,,American Breakfast Club,Greenville,"Burrito - 2 Scrambled Eggs, Cheddar, Avocado, Tater Tots",American Breakfast Burritos,,1,,46400.00,,"August 28, 2026 08:36:03AM",DELIVERED
76024863,F-3336966423,7273,gofood,,American Breakfast Club,Greenville,Cheese Omelette - Side Tater Tots,American Breakfast Omelettes,,1,,46400.00,,"August 28, 2026 08:36:03AM",DELIVERED
76024651,001176360628-C8D2TBNVCVCGV6,GF-582,GrabFood,,LA Breakfast Club,Greenville,Mock Chicken Burrito,LA Breakfast Burritos,,1,,86000.00,,"August 28, 2026 08:30:04AM",DELIVERED
76024373,F-3336957418,3873,gofood,,American Breakfast Club,Kemang,"Mushroom Omelette - Mushrooms, Spinach, Side Tater Tots",American Breakfast Omelettes,,1,,68000.00,,"August 28, 2026 08:19:45AM",DELIVERED
76024373,F-3336957418,3873,gofood,,American Breakfast Club,Kemang,Home Fries,Sides,,1,,28000.00,,"August 28, 2026 08:19:45AM",DELIVERED
76024373,F-3336957418,3873,gofood,,American Breakfast Club,Kemang,Sandwich - 2 Scrambled Eggs melty cheddar cheese on a wavy brioche bun,American Breakfast Sandwiches,,1,,45000.00,,"August 28, 2026 08:19:45AM",DELIVERED
76024071,001688644139-C8D2SE2KJXKELX,GF-303,GrabFood,,American Breakfast Club,Greenville,"Burrito - 2 Scrambled Eggs, Cheddar, Avocado, Tater Tots",American Breakfast Burritos,,1,,58000.00,,"August 28, 2026 08:08:39AM",DELIVERED
76024071,001688644139-C8D2SE2KJXKELX,GF-303,GrabFood,,American Breakfast Club,Greenville,"Burrito - 2 Scrambled Eggs, Cheddar, Avocado, Tater Tots",American Breakfast Burritos,Tatter Tots,,1,,30000.00,"August 28, 2026 08:08:39AM",DELIVERED
76024006,0013266215-C8D2SENCMCCKJ2,GF-851,GrabFood,,American Breakfast Club,Kemang,"Burrito - 2 Scrambled Eggs, Cheddar, Avocado, Tater Tots",American Breakfast Burritos,,1,,58000.00,,"August 28, 2026 08:06:39AM",DELIVERED
76023409,0016573356-C8D2R7NUGNCVLN,GF-172,GrabFood,,American Breakfast Club,Kemang,"Burrito - Mock Katsu, 2 Scrambled Eggs, Cheddar, Avocado, Tater Tots",American Breakfast Burritos,,1,,68000.00,,"August 28, 2026 07:40:13AM",DELIVERED
76023372,001899131721-C8D2R7EVAKLUVN,GF-379,GrabFood,,American Breakfast Club,Kemang,Sandwich - 2 Scrambled Eggs melty cheddar cheese on a wavy brioche bun,American Breakfast Sandwiches,,1,,45000.00,,"August 28, 2026 07:38:21AM",DELIVERED
76023372,001899131721-C8D2R7EVAKLUVN,GF-379,GrabFood,,American Breakfast Club,Kemang,Cheese Omelette - Side Tater Tots,American Breakfast Omelettes,,1,,58000.00,,"August 28, 2026 07:38:21AM",DELIVERED
76022725,F-3336926999,4525,gofood,,Tyfel Coffee,Greenville,Breakfast Burrito,Breakfast Burritos,,1,,58000.00,,"August 28, 2026 07:05:39AM",DELIVERED
76022725,F-3336926999,4525,gofood,,Tyfel Coffee,Greenville,Philly Cheese Steak,Brunch,,1,,54000.00,,"August 28, 2026 07:05:39AM",DELIVERED
76022670,F-3336926223,5137,gofood,,Tyfel Coffee,Greenville,Breakfast Burrito,Breakfast Burritos,,1,,58000.00,,"August 28, 2026 07:03:16AM",CANCELLED
76022670,F-3336926223,5137,gofood,,Tyfel Coffee,Greenville,Philly Cheese Steak,Brunch,,1,,54000.00,,"August 28, 2026 07:03:16AM",CANCELLED
76022405,00102543298-C8D2RT4CTTWZUA,GF-743,GrabFood,,American Breakfast Club,Greenville,"Burrito - 2 Scrambled Eggs, Cheddar, Avocado, Tater Tots",American Breakfast Burritos,,1,,58000.00,,"August 28, 2026 06:48:19AM",DELIVERED
76005465,F-3336743388,9371,gofood,,Tyfel Coffee,Greenville,Mock Chicken Burrito,Breakfast Burritos,,1,,51000.00,,"August 27, 2026 08:18:14PM",DELIVERED
76005465,F-3336743388,9371,gofood,,Tyfel Coffee,Greenville,Mock Beef Sandwich,Breakfast Sandwiches,,1,,58000.00,,"August 27, 2026 08:18:14PM",DELIVERED
76005465,F-3336743388,9371,gofood,,Tyfel Coffee,Greenville,Tater Tots,Sides,,1,,28000.00,,"August 27, 2026 08:18:14PM",DELIVERED
76000263,001642483589-C8D2GRCCVZCBJT,GF-301,GrabFood,,People Pasta,Greenville,Creamy Mushroom - Vegetarian - Plantbased,Signature Pasta,,1,,43000.00,,"August 27, 2026 07:30:53PM",DELIVERED
76000263,001642483589-C8D2GRCCVZCBJT,GF-301,GrabFood,,People Pasta,Greenville,Creamy Mushroom - Vegetarian - Plantbased,Signature Pasta,Spaghetti,,1,,0.00,"August 27, 2026 07:30:53PM",DELIVERED
76000263,001642483589-C8D2GRCCVZCBJT,GF-301,GrabFood,,People Pasta,Greenville,Meat-less Burger - Vegan,Meatless Burgers,,1,,49000.00,,"August 27, 2026 07:30:53PM",DELIVERED
76000263,001642483589-C8D2GRCCVZCBJT,GF-301,GrabFood,,People Pasta,Greenville,Truffle Tatter Tots,,,1,,32000.00,,"August 27, 2026 07:30:53PM",DELIVERED
76000263,001642483589-C8D2GRCCVZCBJT,GF-301,GrabFood,,People Pasta,Greenville,Cacio e Pepe - Vegetarian - Plantbased,Signature Pasta,,1,,43000.00,,"August 27, 2026 07:30:53PM",DELIVERED
76000263,001642483589-C8D2GRCCVZCBJT,GF-301,GrabFood,,People Pasta,Greenville,Cacio e Pepe - Vegetarian - Plantbased,Signature Pasta,Spaghetti,,1,,0.00,"August 27, 2026 07:30:53PM",DELIVERED
75991833,00105715127-C8D2FE6YEPJTE2,GF-950,GrabFood,,American Breakfast Club,Greenville,"Burrito - Mock Chicken, 2 Scrambled Eggs, Cheddar, Avocado, Tater Tots",American Breakfast Burritos,,1,,68000.00,,"August 27, 2026 06:16:47PM",DELIVERED
75991833,00105715127-C8D2FE6YEPJTE2,GF-950,GrabFood,,American Breakfast Club,Greenville,Sandwich - 2 Scrambled Eggs melty cheddar cheese on a wavy brioche bun,American Breakfast Sandwiches,,1,,45000.00,,"August 27, 2026 06:16:47PM",DELIVERED
75991833,00105715127-C8D2FE6YEPJTE2,GF-950,GrabFood,,American Breakfast Club,Greenville,"Mushroom Omelette - Mushrooms, Spinach, Side Tater Tots",American Breakfast Omelettes,,1,,68000.00,,"August 27, 2026 06:16:47PM",DELIVERED
75991833,00105715127-C8D2FE6YEPJTE2,GF-950,GrabFood,,American Breakfast Club,Greenville,"Burrito - 2 Scrambled Eggs, Cheddar, Avocado, Tater Tots",American Breakfast Burritos,,1,,58000.00,,"August 27, 2026 06:16:47PM",DELIVERED
75990865,001126159677-C8D2FCDBVNEHDE,GF-576,GrabFood,,American Breakfast Club,Greenville,"Burrito - Mock Chicken, 2 Scrambled Eggs, Cheddar, Avocado, Tater Tots",American Breakfast Burritos,,1,,68000.00,,"August 27, 2026 06:07:52PM",DELIVERED
75990865,001126159677-C8D2FCDBVNEHDE,GF-576,GrabFood,,American Breakfast Club,Greenville,"Burrito - Mock Beef, 2 Scrambled Eggs, Cheddar, Avocado, Tater Tots,",American Breakfast Burritos,,1,,68000.00,,"August 27, 2026 06:07:52PM",DELIVERED
75977996,F-3336371988,8614,gofood,,Herbox,Greenville,Nasi Goreng Sedap Malam Vegan Vegetarian,Nasi Goreng Special,,3,,28000.00,,"August 27, 2026 03:48:28PM",DELIVERED
75976098,001138892247-C8D2DCL3CRLBBA,GF-082,GrabFood,,People Pasta,Greenville,Vegan Chicken Crispy Burger,Meatless Burgers,,1,,49000.00,,"August 27, 2026 03:22:48PM",DELIVERED
75976098,001138892247-C8D2DCL3CRLBBA,GF-082,GrabFood,,People Pasta,Greenville,Chicken Nugget - Vegan,,,1,,35000.00,,"August 27, 2026 03:22:48PM",DELIVERED
75971852,00182430785-C8D2CXWCNK5ZJ6,GF-042,GrabFood,,Herbox,Greenville,Nasi Goreng Sedap Malam Vegan Vegetarian,Nasi Goreng Special,,2,,35000.00,,"August 27, 2026 02:21:14PM",DELIVERED
75971852,00182430785-C8D2CXWCNK5ZJ6,GF-042,GrabFood,,Herbox,Greenville,Nasi Goreng Sedap Malam Vegan Vegetarian,Nasi Goreng Special,Ganti Shirataki Rice,,2,,20000.00,"August 27, 2026 02:21:14PM",DELIVERED
75971852,00182430785-C8D2CXWCNK5ZJ6,GF-042,GrabFood,,Herbox,Greenville,Nasi Goreng Bintang Kuning Vegan Vegetarian,Nasi Goreng Special,,2,,35000.00,,"August 27, 2026 02:21:14PM",DELIVERED
75971852,00182430785-C8D2CXWCNK5ZJ6,GF-042,GrabFood,,Herbox,Greenville,Nasi Goreng Bintang Kuning Vegan Vegetarian,Nasi Goreng Special,Ganti Shirataki Rice,,2,,20000.00,"August 27, 2026 02:21:14PM",DELIVERED
75971852,00182430785-C8D2CXWCNK5ZJ6,GF-042,GrabFood,,Herbox,Greenville,Tater tots,Sides,,1,,30000.00,,"August 27, 2026 02:21:14PM",DELIVERED
75968414,00175312295-C8D2CJ3ATKE2C6,GF-298,GrabFood,,People Pasta,Greenville,Mushroom Olio - Vegan Friendly - Vegetarian - Plantbased,Signature Pasta,,1,,43000.00,,"August 27, 2026 01:32:10PM",DELIVERED
75968414,00175312295-C8D2CJ3ATKE2C6,GF-298,GrabFood,,People Pasta,Greenville,Mushroom Olio - Vegan Friendly - Vegetarian - Plantbased,Signature Pasta,Fusili,,1,,1000.00,"August 27, 2026 01:32:10PM",DELIVERED
75968414,00175312295-C8D2CJ3ATKE2C6,GF-298,GrabFood,,People Pasta,Greenville,Mushroom Olio - Vegan Friendly - Vegetarian - Plantbased,Signature Pasta,Tattert Tots,,1,,28000.00,"August 27, 2026 01:32:10PM",DELIVERED
75968414,00175312295-C8D2CJ3ATKE2C6,GF-298,GrabFood,,People Pasta,Greenville,Home Fries,,,1,,25000.00,,"August 27, 2026 01:32:10PM",DELIVERED
75965136,F-3336178249,2472,gofood,,American Breakfast Club,Kemang,"Burrito - 2 Scrambled Eggs, Cheddar, Avocado, Tater Tots",American Breakfast Burritos,,1,,43500.00,,"August 27, 2026 12:46:58PM",DELIVERED
75965136,F-3336178249,2472,gofood,,American Breakfast Club,Kemang,Tater Tots,Sides,,1,,28000.00,,"August 27, 2026 12:46:58PM",DELIVERED
75963796,0018309597-C8D2BBWWJ24ZG2,GF-633,GrabFood,,American Breakfast Club,Kemang,"Mushroom Omelette - Mushrooms, Spinach, Side Tater Tots",American Breakfast Omelettes,,1,,68000.00,,"August 27, 2026 12:31:24PM",DELIVERED
75961969,001937664840-C8D2A7CGN4JEHA,GF-834,GrabFood,,American Breakfast Club,Greenville,Cheese Omelette - Side Tater Tots,American Breakfast Omelettes,,1,,58000.00,,"August 27, 2026 12:12:11PM",DELIVERED
75961969,001937664840-C8D2A7CGN4JEHA,GF-834,GrabFood,,American Breakfast Club,Greenville,Cutleries,Cutleries,,1,,1000.00,,"August 27, 2026 12:12:11PM",DELIVERED
75959917,F-3336098552,8448,gofood,,American Breakfast Club,Kemang,"Burrito - Mock Beef, 2 Scrambled Eggs, Cheddar, Avocado, Tater Tots,",American Breakfast Burritos,,1,,68000.00,,"August 27, 2026 11:49:07AM",DELIVERED
75957919,001080388467-C8D2AVAJVEKYAN,GF-913,GrabFood,,Herbox,Greenville,Lada Hitam Blackpepper Vegan Vegetarian Ricebox,Ricebox,,1,,39000.00,,"August 27, 2026 11:28:12AM",DELIVERED
75955877,00142179962-C8D2ANWFEBABRJ,GF-418,GrabFood,,Herbox,Greenville,Lada Hitam Blackpepper Vegan Vegetarian Ricebox,Ricebox,,1,,39000.00,,"August 27, 2026 11:07:32AM",DELIVERED
75955312,001815055789-C8D2ANXHGYKZET,GF-134,GrabFood,,American Breakfast Club,Greenville,"Sandwich - 2 Scrambled Eggs Mock Beef, Cheddar Cheese  on a wavy brioche bun",American Breakfast Sandwiches,,1,,58000.00,,"August 27, 2026 11:01:39AM",DELIVERED
75955312,001815055789-C8D2ANXHGYKZET,GF-134,GrabFood,,American Breakfast Club,Greenville,"Sandwich - 2 Scrambled Eggs Mock Beef, Cheddar Cheese  on a wavy brioche bun",American Breakfast Sandwiches,Cutleries,,1,,1500.00,"August 27, 2026 11:01:39AM",DELIVERED
75954896,F-3336020537,8152,gofood,,American Breakfast Club,Kemang,"Burrito - 2 Scrambled Eggs, Cheddar, Avocado, Tater Tots",American Breakfast Burritos,,1,,43500.00,,"August 27, 2026 10:56:03AM",DELIVERED
75954896,F-3336020537,8152,gofood,,American Breakfast Club,Kemang,"Burrito - Mock Beef, 2 Scrambled Eggs, Cheddar, Avocado, Tater Tots,",American Breakfast Burritos,,1,,68000.00,,"August 27, 2026 10:56:03AM",DELIVERED
75952076,F-3335976612,3628,gofood,,Tyfel Coffee,Greenville,Breakfast Burrito,Breakfast Burritos,,1,,58000.00,,"August 27, 2026 10:20:26AM",DELIVERED
75952076,F-3335976612,3628,gofood,,Tyfel Coffee,Greenville,Blueberry Pancake,Breakfast Pancakes,,1,,58000.00,,"August 27, 2026 10:20:26AM",DELIVERED
75952076,F-3335976612,3628,gofood,,Tyfel Coffee,Greenville,Tater Tots,Sides,,1,,28000.00,,"August 27, 2026 10:20:26AM",DELIVERED
75951645,001177794038-C8D2ABLYGXBTBA,GF-775,GrabFood,,American Breakfast Club,Kemang,"Burrito - 2 Scrambled Eggs, Cheddar, Avocado, Tater Tots",American Breakfast Burritos,,2,,58000.00,,"August 27, 2026 10:16:07AM",DELIVERED
75951626,F-3335970946,9516,gofood,,American Breakfast Club,Kemang,"Burrito - Mock Katsu, 2 Scrambled Eggs, Cheddar, Avocado, Tater Tots",American Breakfast Burritos,,1,,68000.00,,"August 27, 2026 10:15:10AM",DELIVERED
75951328,F-3335966254,4483,gofood,,American Breakfast Club,Kemang,"Burrito - 2 Scrambled Eggs, Cheddar, Avocado, Tater Tots",American Breakfast Burritos,,1,,43500.00,,"August 27, 2026 10:10:48AM",DELIVERED
75950468,001235005379-C8D1WFLGJA6XLJ,GF-386,GrabFood,,American Breakfast Club,Greenville,"Mushroom Omelette - Mushrooms, Spinach, Side Tater Tots",American Breakfast Omelettes,,1,,68000.00,,"August 27, 2026 09:59:16AM",DELIVERED
75950468,001235005379-C8D1WFLGJA6XLJ,GF-386,GrabFood,,American Breakfast Club,Greenville,"Mushroom Omelette - Mushrooms, Spinach, Side Tater Tots",American Breakfast Omelettes,Tatter Tots,,1,,30000.00,"August 27, 2026 09:59:16AM",DELIVERED
75950468,001235005379-C8D1WFLGJA6XLJ,GF-386,GrabFood,,American Breakfast Club,Greenville,Cheese Omelette - Side Tater Tots,American Breakfast Omelettes,,1,,58000.00,,"August 27, 2026 09:59:16AM",DELIVERED
75950468,001235005379-C8D1WFLGJA6XLJ,GF-386,GrabFood,,American Breakfast Club,Greenville,Cheese Omelette - Side Tater Tots,American Breakfast Omelettes,Tatter Tots,,1,,30000.00,"August 27, 2026 09:59:16AM",DELIVERED
75949609,001010295897-C8D1WBNCCT4CMA,GF-992,GrabFood,,American Breakfast Club,Greenville,"2 Pancakes - Butter, Maple Syrup",American Breakfast Pancakes,,1,,48000.00,,"August 27, 2026 09:43:12AM",DELIVERED
75949609,001010295897-C8D1WBNCCT4CMA,GF-992,GrabFood,,American Breakfast Club,Greenville,"2 Pancakes - Butter, Maple Syrup",American Breakfast Pancakes,Cutleries,,1,,1500.00,"August 27, 2026 09:43:12AM",DELIVERED
75949493,0011720897-C8D1WBAZMGM2A2,GF-478,GrabFood,,American Breakfast Club,Greenville,"Burrito - Mock Fish, 2 Scrambled Eggs, Cheddar, Avocado, Tater Tots,",American Breakfast Burritos,,1,,68000.00,,"August 27, 2026 09:40:34AM",DELIVERED
75949493,0011720897-C8D1WBAZMGM2A2,GF-478,GrabFood,,American Breakfast Club,Greenville,"Burrito - Mock Fish, 2 Scrambled Eggs, Cheddar, Avocado, Tater Tots,",American Breakfast Burritos,Truffle Tater Tots,,1,,40000.00,"August 27, 2026 09:40:34AM",DELIVERED
75948887,0018074045-C8D1V7W2V8LVG6,GF-224,GrabFood,,American Breakfast Club,Greenville,"Burrito - 2 Scrambled Eggs, Cheddar, Avocado, Tater Tots",American Breakfast Burritos,,1,,58000.00,,"August 27, 2026 09:28:10AM",DELIVERED
75948887,0018074045-C8D1V7W2V8LVG6,GF-224,GrabFood,,American Breakfast Club,Greenville,"Burrito - 2 Scrambled Eggs, Cheddar, Avocado, Tater Tots",American Breakfast Burritos,Cutleries,,1,,1500.00,"August 27, 2026 09:28:10AM",DELIVERED
75948876,00132324807-C8D1V7WBL2DHT2,GF-940,GrabFood,,Herbox,Greenville,Lada Hitam Blackpepper Vegan Vegetarian Ricebox,Ricebox,,1,,39000.00,,"August 27, 2026 09:27:52AM",DELIVERED
75948876,00132324807-C8D1V7WBL2DHT2,GF-940,GrabFood,,Herbox,Greenville,Lada Hitam Blackpepper Vegan Vegetarian Ricebox,Ricebox,Ganti Shirataki Rice,,1,,20000.00,"August 27, 2026 09:27:52AM",DELIVERED
75948876,00132324807-C8D1V7WBL2DHT2,GF-940,GrabFood,,Herbox,Greenville,Kung Paow Chick Vegan Vegetarian Ricebox,Ricebox,,1,,39000.00,,"August 27, 2026 09:27:52AM",DELIVERED
75948876,00132324807-C8D1V7WBL2DHT2,GF-940,GrabFood,,Herbox,Greenville,Kung Paow Chick Vegan Vegetarian Ricebox,Ricebox,Ganti Shirataki Rice,,1,,20000.00,"August 27, 2026 09:27:52AM",DELIVERED
75948876,00132324807-C8D1V7WBL2DHT2,GF-940,GrabFood,,Herbox,Greenville,Nasi Goreng Bintang Kuning Vegan Vegetarian,Nasi Goreng Special,,1,,35000.00,,"August 27, 2026 09:27:52AM",DELIVERED
75948876,00132324807-C8D1V7WBL2DHT2,GF-940,GrabFood,,Herbox,Greenville,Nasi Goreng Bintang Kuning Vegan Vegetarian,Nasi Goreng Special,Ganti Shirataki Rice,,1,,20000.00,"August 27, 2026 09:27:52AM",DELIVERED
75948608,F-3335923848,5418,gofood,,American Breakfast Club,Kemang,"Burrito - 2 Scrambled Eggs, Cheddar, Avocado, Tater Tots",American Breakfast Burritos,,1,,43500.00,,"August 27, 2026 09:21:25AM",DELIVERED
75948449,00180547414-C8D1V6KUDFKKJ6,GF-791,GrabFood,,American Breakfast Club,Kemang,"Sandwich - 2 Scrambled Eggs Mock Beef, Cheddar Cheese  on a wavy brioche bun",American Breakfast Sandwiches,,1,,58000.00,,"August 27, 2026 09:19:02AM",DELIVERED
75947929,001737218639-C8D1V3DBRCAAVE,GF-672,GrabFood,,American Breakfast Club,Kemang,"Burrito - Mock Beef, 2 Scrambled Eggs, Cheddar, Avocado, Tater Tots,",American Breakfast Burritos,,1,,68000.00,,"August 27, 2026 09:07:51AM",DELIVERED
75947485,F-3335905590,2962,gofood,,American Breakfast Club,Kemang,"2 Pancakes - Butter, Maple Syrup",American Breakfast Pancakes,,2,,48000.00,,"August 27, 2026 08:55:08AM",DELIVERED
75947368,F-3335896679,2363,gofood,,American Breakfast Club,Greenville,"Burrito - Mock Chicken, 2 Scrambled Eggs, Cheddar, Avocado, Tater Tots",American Breakfast Burritos,,1,,51000.00,,"August 27, 2026 08:39:28AM",DELIVERED
75947055,F-3335897484,2424,gofood,,Tyfel Coffee,Kemang,"Mushroom Omelette-mushrooms,Spinach,Side Of Tater Tots",Breakfast Omlettes,,1,,68000.00,,"August 27, 2026 08:40:53AM",DELIVERED
75947055,F-3335897484,2424,gofood,,Tyfel Coffee,Kemang,Original Pancake,Breakfast Pancakes,,1,,48000.00,,"August 27, 2026 08:40:53AM",DELIVERED
75947047,F-3335897954,3856,gofood,,American Breakfast Club,Kemang,Cheese Omelette - Side Tater Tots,American Breakfast Omelettes,,1,,58000.00,,"August 27, 2026 08:41:43AM",DELIVERED
75947047,F-3335897954,3856,gofood,,American Breakfast Club,Kemang,Home Fries,Sides,,1,,28000.00,,"August 27, 2026 08:41:43AM",DELIVERED
75946751,F-3335890220,6168,gofood,,Tyfel Coffee,Kemang,Breakfast Burrito,Breakfast Burritos,,1,,58000.00,,"August 27, 2026 08:27:39AM",DELIVERED
75946497,F-3335887343,3972,gofood,,American Breakfast Club,Greenville,"Burrito - 2 Scrambled Eggs, Cheddar, Avocado, Tater Tots",American Breakfast Burritos,,1,,46400.00,,"August 27, 2026 08:22:08AM",DELIVERED
75946203,F-3335879842,9832,gofood,,American Breakfast Club,Kemang,Cheese Omelette - Side Tater Tots,American Breakfast Omelettes,,1,,58000.00,,"August 27, 2026 08:07:38AM",DELIVERED
75946203,F-3335879842,9832,gofood,,American Breakfast Club,Kemang,Sandwich - 2 Scrambled Eggs melty cheddar cheese on a wavy brioche bun,American Breakfast Sandwiches,,1,,45000.00,,"August 27, 2026 08:07:38AM",DELIVERED
75945887,001932621569-C8D1VJUUEVA3L2,GF-971,GrabFood,,Herbox,Greenville,Kung Paow Chick Vegan Vegetarian Ricebox,Ricebox,,1,,39000.00,,"August 27, 2026 07:57:21AM",DELIVERED
75945887,001932621569-C8D1VJUUEVA3L2,GF-971,GrabFood,,Herbox,Greenville,Vegan Chickin Nugget,Sides,,1,,40000.00,,"August 27, 2026 07:57:21AM",DELIVERED
75945887,001932621569-C8D1VJUUEVA3L2,GF-971,GrabFood,,Herbox,Greenville,Teriyaki Vegan Vegetarian Ricebox,Ricebox,,1,,39000.00,,"August 27, 2026 07:57:21AM",DELIVERED
75945887,001932621569-C8D1VJUUEVA3L2,GF-971,GrabFood,,Herbox,Greenville,Salted no Egg Vegan Vegetarian Ricebox,Ricebox,,1,,39000.00,,"August 27, 2026 07:57:21AM",DELIVERED
75945750,F-3335872557,7183,gofood,,American Breakfast Club,Kemang,"Burrito - 2 Scrambled Eggs, Cheddar, Avocado, Tater Tots",American Breakfast Burritos,,1,,43500.00,,"August 27, 2026 07:50:38AM",DELIVERED
75945750,F-3335872557,7183,gofood,,American Breakfast Club,Kemang,Sandwich - 2 Scrambled Eggs melty cheddar cheese on a wavy brioche bun,American Breakfast Sandwiches,,1,,45000.00,,"August 27, 2026 07:50:38AM",DELIVERED
75945280,00198787113-C8D1VA4XTNACV2,GF-514,GrabFood,,American Breakfast Club,Greenville,"2 Pancakes - Butter, Maple Syrup",American Breakfast Pancakes,,1,,48000.00,,"August 27, 2026 07:26:08AM",DELIVERED
75945280,00198787113-C8D1VA4XTNACV2,GF-514,GrabFood,,American Breakfast Club,Greenville,"2 Pancakes - Chocolate Chips, Butter, Maple Syrup",American Breakfast Pancakes,,1,,58000.00,,"August 27, 2026 07:26:08AM",DELIVERED
75945280,00198787113-C8D1VA4XTNACV2,GF-514,GrabFood,,American Breakfast Club,Greenville,Tater Tots With Truffle Oil,Sides,,1,,48000.00,,"August 27, 2026 07:26:08AM",DELIVERED
75945094,00144597896-C8D1UGAJRACTTN,GF-895,GrabFood,,American Breakfast Club,Greenville,"Burrito - Mock Beef, 2 Scrambled Eggs, Cheddar, Avocado, Tater Tots,",American Breakfast Burritos,,1,,68000.00,,"August 27, 2026 07:16:58AM",DELIVERED
75915550,001007335098-C8D1JN42JBCVGX,GF-901,GrabFood,,Herbox,Greenville,Kung Paow Chick Vegan Vegetarian Ricebox,Ricebox,,1,,39000.00,,"August 26, 2026 06:22:48PM",DELIVERED
75915550,001007335098-C8D1JN42JBCVGX,GF-901,GrabFood,,Herbox,Greenville,Kung Paow Chick Vegan Vegetarian Ricebox,Ricebox,Mineral Water (ph9+),,1,,20000.00,"August 26, 2026 06:22:48PM",DELIVERED
75915550,001007335098-C8D1JN42JBCVGX,GF-901,GrabFood,,Herbox,Greenville,Kung Paow Chick Vegan Vegetarian Ricebox,Ricebox,"Sendok, Garpu, Tissue, Tusuk Gigi",,1,,1500.00,"August 26, 2026 06:22:48PM",DELIVERED
75913757,00167117066-C8D1JJ2YHFJJJA,GF-694,GrabFood,,American Breakfast Club,Greenville,"Burrito - Mock Beef, 2 Scrambled Eggs, Cheddar, Avocado, Tater Tots,",American Breakfast Burritos,,1,,68000.00,,"August 26, 2026 06:05:25PM",DELIVERED
75912288,F-3335454253,2995,gofood,,American Breakfast Club,Greenville,Home Fries With Truffle Oil,Sides,,1,,30400.00,,"August 26, 2026 05:50:20PM",DELIVERED
75912288,F-3335454253,2995,gofood,,American Breakfast Club,Greenville,"Burrito - Mock Beef, 2 Scrambled Eggs, Cheddar, Avocado, Tater Tots,",American Breakfast Burritos,,1,,51000.00,,"August 26, 2026 05:50:20PM",DELIVERED
75904886,F-3335356751,1429,gofood,,American Breakfast Club,Greenville,"Burrito - 2 Scrambled Eggs, Cheddar, Avocado, Tater Tots",American Breakfast Burritos,,1,,46400.00,,"August 26, 2026 04:26:46PM",DELIVERED
75893509,001029539426-C8D1E25VNXAVRN,GF-842,GrabFood,,American Breakfast Club,Greenville,"Burrito - Mock Chicken, 2 Scrambled Eggs, Cheddar, Avocado, Tater Tots",American Breakfast Burritos,,1,,68000.00,,"August 26, 2026 01:39:42PM",DELIVERED
75891168,0018326742-C8D1ETTWABC2KA,GF-152,GrabFood,,American Breakfast Club,Greenville,"Burrito - Mock Beef, 2 Scrambled Eggs, Cheddar, Avocado, Tater Tots,",American Breakfast Burritos,,1,,68000.00,,"August 26, 2026 01:05:08PM",DELIVERED
75883364,001411642674-C8D1DBVBCUCCC6,GF-500,GrabFood,,American Breakfast Club,Greenville,"Burrito - 2 Scrambled Eggs, Cheddar, Avocado, Tater Tots",American Breakfast Burritos,,1,,58000.00,,"August 26, 2026 11:30:52AM",DELIVERED
75882196,F-3335015693,8868,gofood,,American Breakfast Club,Kemang,"Burrito - Mock Katsu, 2 Scrambled Eggs, Cheddar, Avocado, Tater Tots",American Breakfast Burritos,,1,,68000.00,,"August 26, 2026 11:17:34AM",DELIVERED
75882196,F-3335015693,8868,gofood,,American Breakfast Club,Kemang,"Burrito - Mock Katsu, 2 Scrambled Eggs, Cheddar, Avocado, Tater Tots",American Breakfast Burritos,Chick Nugget,,1,,35000.00,"August 26, 2026 11:17:34AM",DELIVERED
75878435,001519004077-C8D1CXMJNGBDG2,GF-736,GrabFood,,American Breakfast Club,Greenville,"Burrito - Mock Chicken, 2 Scrambled Eggs, Cheddar, Avocado, Tater Tots",American Breakfast Burritos,,2,,68000.00,,"August 26, 2026 10:32:58AM",DELIVERED
75877139,F-3334936031,6794,gofood,,American Breakfast Club,Kemang,"Burrito - Mock Beef, 2 Scrambled Eggs, Cheddar, Avocado, Tater Tots,",American Breakfast Burritos,,1,,68000.00,,"August 26, 2026 10:11:43AM",DELIVERED
75876400,F-3334926336,4266,gofood,,American Breakfast Club,Kemang,"Burrito - Mock Beef, 2 Scrambled Eggs, Cheddar, Avocado, Tater Tots,",American Breakfast Burritos,,1,,68000.00,,"August 26, 2026 10:02:02AM",DELIVERED
75876400,F-3334926336,4266,gofood,,American Breakfast Club,Kemang,Tater Tots,Sides,,1,,28000.00,,"August 26, 2026 10:02:02AM",DELIVERED
75875511,00169459365-C8D1CJ3DRNBDGJ,GF-812,GrabFood,,American Breakfast Club,Kemang,"Burrito - Mock Fish, 2 Scrambled Eggs, Cheddar, Avocado, Tater Tots,",American Breakfast Burritos,,1,,68000.00,,"August 26, 2026 09:45:35AM",DELIVERED
75875320,F-3334909760,7374,gofood,,American Breakfast Club,Kemang,"Burrito - Mock Fish, 2 Scrambled Eggs, Cheddar, Avocado, Tater Tots,",American Breakfast Burritos,,1,,68000.00,,"August 26, 2026 09:40:58AM",DELIVERED
75875320,F-3334909760,7374,gofood,,American Breakfast Club,Kemang,"Burrito - Mock Fish, 2 Scrambled Eggs, Cheddar, Avocado, Tater Tots,",American Breakfast Burritos,Cutleries,,1,,600.00,"August 26, 2026 09:40:58AM",DELIVERED
75874397,F-3334894939,2596,gofood,,American Breakfast Club,Kemang,"Mushroom Omelette - Mushrooms, Spinach, Side Tater Tots",American Breakfast Omelettes,,1,,68000.00,,"August 26, 2026 09:20:48AM",DELIVERED
75874397,F-3334894939,2596,gofood,,American Breakfast Club,Kemang,Sandwich - 2 Scrambled Eggs melty cheddar cheese on a wavy brioche bun,American Breakfast Sandwiches,,1,,45000.00,,"August 26, 2026 09:20:48AM",DELIVERED
75874397,F-3334894939,2596,gofood,,American Breakfast Club,Kemang,Sandwich - 2 Scrambled Eggs melty cheddar cheese on a wavy brioche bun,American Breakfast Sandwiches,Tatter Tots,,1,,30000.00,"August 26, 2026 09:20:48AM",DELIVERED
75874397,F-3334894939,2596,gofood,,American Breakfast Club,Kemang,"2 Pancakes - Chocolate Chips, Butter, Maple Syrup",American Breakfast Pancakes,,1,,58000.00,,"August 26, 2026 09:20:48AM",DELIVERED
75873746,0012733064-C8D1BGCZGUVULN,GF-701,GrabFood,,American Breakfast Club,Greenville,"Burrito - 2 Scrambled Eggs, Cheddar, Avocado, Tater Tots",American Breakfast Burritos,,1,,58000.00,,"August 26, 2026 09:04:26AM",DELIVERED
75873706,00103259172-C8D1BF5TTTMYPE,GF-097,GrabFood,,American Breakfast Club,Kemang,Sandwich - 2 Scrambled Eggs melty cheddar cheese on a wavy brioche bun,American Breakfast Sandwiches,,1,,45000.00,,"August 26, 2026 09:03:00AM",DELIVERED
75873706,00103259172-C8D1BF5TTTMYPE,GF-097,GrabFood,,American Breakfast Club,Kemang,"2 Pancakes - Chocolate Chips, Butter, Maple Syrup",American Breakfast Pancakes,,1,,58000.00,,"August 26, 2026 09:03:00AM",DELIVERED
75873504,F-3334878826,3913,gofood,,American Breakfast Club,Kemang,"Egg burger - 2 Scrambled Eggs, Cheddar Cheese, Secret Sauce",American Breakfast Burger,,1,,33800.00,,"August 26, 2026 08:57:01AM",DELIVERED
75873504,F-3334878826,3913,gofood,,American Breakfast Club,Kemang,"Egg burger - 2 Scrambled Eggs, Cheddar Cheese, Secret Sauce",American Breakfast Burger,Home Fries,,1,,30000.00,"August 26, 2026 08:57:01AM",DELIVERED
75873504,F-3334878826,3913,gofood,,American Breakfast Club,Kemang,"Burrito - Mock Beef, 2 Scrambled Eggs, Cheddar, Avocado, Tater Tots,",American Breakfast Burritos,,1,,68000.00,,"August 26, 2026 08:57:01AM",DELIVERED
75873504,F-3334878826,3913,gofood,,American Breakfast Club,Kemang,Home Fries With Truffle Oil,Sides,,1,,38000.00,,"August 26, 2026 08:57:01AM",DELIVERED
75873398,F-3334876900,1445,gofood,,American Breakfast Club,Kemang,"Burrito - 2 Scrambled Eggs, Cheddar, Avocado, Tater Tots",American Breakfast Burritos,,1,,43500.00,,"August 26, 2026 08:53:23AM",DELIVERED
75873264,F-3334874303,8436,gofood,,American Breakfast Club,Kemang,"Burrito - 2 Scrambled Eggs, Cheddar, Avocado, Tater Tots",American Breakfast Burritos,,1,,43500.00,,"August 26, 2026 08:48:35AM",DELIVERED
75872718,00108855556-C8D1A752G73XBA,GF-759,GrabFood,,American Breakfast Club,Kemang,"Burrito - 2 Scrambled Eggs, Cheddar, Avocado, Tater Tots",American Breakfast Burritos,,1,,58000.00,,"August 26, 2026 08:29:49AM",DELIVERED
75872560,001847395990-C8D1A64TAVA3CN,GF-805,GrabFood,,American Breakfast Club,Greenville,"Burrito - Mock Fish, 2 Scrambled Eggs, Cheddar, Avocado, Tater Tots,",American Breakfast Burritos,,1,,68000.00,,"August 26, 2026 08:22:42AM",DELIVERED
75872487,F-3334859232,2764,gofood,,American Breakfast Club,Kemang,"Burrito - Mock Katsu, 2 Scrambled Eggs, Cheddar, Avocado, Tater Tots",American Breakfast Burritos,,1,,68000.00,,"August 26, 2026 08:19:11AM",DELIVERED
75872487,F-3334859232,2764,gofood,,American Breakfast Club,Kemang,"2 Pancakes - Chocolate Chips, Butter, Maple Syrup",American Breakfast Pancakes,,1,,58000.00,,"August 26, 2026 08:19:11AM",DELIVERED
75872487,F-3334859232,2764,gofood,,American Breakfast Club,Kemang,"2 Pancakes - Chocolate Chips, Butter, Maple Syrup",American Breakfast Pancakes,Cutleries,,1,,600.00,"August 26, 2026 08:19:11AM",DELIVERED
75872487,F-3334859232,2764,gofood,,American Breakfast Club,Kemang,Home Fries With Truffle Oil,Sides,,1,,38000.00,,"August 26, 2026 08:19:11AM",DELIVERED
75872178,F-3334853087,9944,gofood,,American Breakfast Club,Kemang,"Burrito - 2 Scrambled Eggs, Cheddar, Avocado, Tater Tots",American Breakfast Burritos,,1,,43500.00,,"August 26, 2026 08:05:51AM",DELIVERED
75871979,00167219762-C8D1AZB2BA3WL6,GF-879,GrabFood,,American Breakfast Club,Greenville,"2 Pancakes - Chocolate Chips, Butter, Maple Syrup",American Breakfast Pancakes,,1,,58000.00,,"August 26, 2026 07:57:28AM",DELIVERED
75871979,00167219762-C8D1AZB2BA3WL6,GF-879,GrabFood,,American Breakfast Club,Greenville,Cutleries,Cutleries,,1,,1000.00,,"August 26, 2026 07:57:28AM",DELIVERED
75871729,F-3334844900,8697,gofood,,American Breakfast Club,Kemang,"Katsu Egg burger - Patties, 2 Scrambled Eggs, Cheddar Cheese, Secret Sauce",American Breakfast Burger,,1,,58000.00,,"August 26, 2026 07:44:35AM",DELIVERED
75871729,F-3334844900,8697,gofood,,American Breakfast Club,Kemang,"Katsu Egg burger - Patties, 2 Scrambled Eggs, Cheddar Cheese, Secret Sauce",American Breakfast Burger,Truffle Home Fries,,1,,40000.00,"August 26, 2026 07:44:35AM",DELIVERED
75871729,F-3334844900,8697,gofood,,American Breakfast Club,Kemang,"Mushroom Omelette - Mushrooms, Spinach, Side Tater Tots",American Breakfast Omelettes,,1,,68000.00,,"August 26, 2026 07:44:35AM",DELIVERED
75871729,F-3334844900,8697,gofood,,American Breakfast Club,Kemang,"Mushroom Omelette - Mushrooms, Spinach, Side Tater Tots",American Breakfast Omelettes,Tatter Tots,,1,,30000.00,"August 26, 2026 07:44:35AM",DELIVERED
75871258,F-3334836212,6923,gofood,,American Breakfast Club,Greenville,Cheese Omelette - Side Tater Tots,American Breakfast Omelettes,,1,,46400.00,,"August 26, 2026 07:18:04AM",DELIVERED
75871258,F-3334836212,6923,gofood,,American Breakfast Club,Greenville,"Burrito - 2 Scrambled Eggs, Cheddar, Avocado, Tater Tots",American Breakfast Burritos,,1,,46400.00,,"August 26, 2026 07:18:04AM",DELIVERED
75871047,F-3334832492,1368,gofood,,American Breakfast Club,Kemang,"Burrito - 2 Scrambled Eggs, Cheddar, Avocado, Tater Tots",American Breakfast Burritos,,1,,43500.00,,"August 26, 2026 07:06:19AM",DELIVERED
75870650,0012964117-C8D1ACJAVE3YR2,GF-919,GrabFood,,American Breakfast Club,Greenville,"Burrito - Mock Chicken, 2 Scrambled Eggs, Cheddar, Avocado, Tater Tots",American Breakfast Burritos,,1,,68000.00,,"August 26, 2026 06:37:16AM",DELIVERED
75870650,0012964117-C8D1ACJAVE3YR2,GF-919,GrabFood,,American Breakfast Club,Greenville,Cheese Omelette - Side Tater Tots,American Breakfast Omelettes,,1,,58000.00,,"August 26, 2026 06:37:16AM",DELIVERED
75861764,001776577968-C8DZRAK1N3XHDE,GF-666F,GrabFood,,American Breakfast Club,Kemang,"Mushroom Omelette - Mushrooms, Spinach, Side Tater Tots",American Breakfast Omelettes,,1,,68000.00,,"August 26, 2026 07:00:04AM",DELIVERED
75861764,001776577968-C8DZRAK1N3XHDE,GF-666F,GrabFood,,American Breakfast Club,Kemang,"Mushroom Omelette - Mushrooms, Spinach, Side Tater Tots",American Breakfast Omelettes,Cutleries,,1,,600.00,"August 26, 2026 07:00:04AM",DELIVERED
75843986,F-3334486737,3322,gofood,,American Breakfast Club,Greenville,"Burrito - Mock Chicken, 2 Scrambled Eggs, Cheddar, Avocado, Tater Tots",American Breakfast Burritos,,1,,51000.00,,"August 25, 2026 06:28:04PM",DELIVERED
75843986,F-3334486737,3322,gofood,,American Breakfast Club,Greenville,Home Fries With Truffle Oil,Sides,,1,,30400.00,,"August 25, 2026 06:28:04PM",DELIVERED
75842262,00153216165-C8DZL64THGCUJN,GF-338,GrabFood,,American Breakfast Club,Greenville,"Burrito - Mock Chicken, 2 Scrambled Eggs, Cheddar, Avocado, Tater Tots",American Breakfast Burritos,,1,,68000.00,,"August 25, 2026 06:29:21PM",DELIVERED
75842068,F-3334485695,6358,gofood,,American Breakfast Club,Greenville,"Burrito - Mock Chicken, 2 Scrambled Eggs, Cheddar, Avocado, Tater Tots",American Breakfast Burritos,,1,,51000.00,,"August 25, 2026 06:27:26PM",CANCELLED
75836466,001668066050-C8DZLTLGCU32FE,GF-627,GrabFood,,Herbox,Greenville,Kung Paow Chick Vegan Vegetarian Ricebox,Ricebox,,1,,39000.00,,"August 25, 2026 05:35:58PM",DELIVERED
75836466,001668066050-C8DZLTLGCU32FE,GF-627,GrabFood,,Herbox,Greenville,Kung Paow Chick Vegan Vegetarian Ricebox,Ricebox,Vegan Chicken Nugget,,1,,35000.00,"August 25, 2026 05:35:58PM",DELIVERED
75836466,001668066050-C8DZLTLGCU32FE,GF-627,GrabFood,,Herbox,Greenville,Kung Paow Chick Vegan Vegetarian Ricebox,Ricebox,Tattertots with Truffle,,1,,35000.00,"August 25, 2026 05:35:58PM",DELIVERED
75836466,001668066050-C8DZLTLGCU32FE,GF-627,GrabFood,,Herbox,Greenville,Lada Hitam Blackpepper Vegan Vegetarian Ricebox,Ricebox,,1,,39000.00,,"August 25, 2026 05:35:58PM",DELIVERED
75832317,001191482906-C8DZLF6FLP2DG6,GF-788,GrabFood,,Herbox,Greenville,Nasi Goreng Bintang Kuning Vegan Vegetarian,Nasi Goreng Special,,1,,35000.00,,"August 25, 2026 04:56:37PM",DELIVERED
75832317,001191482906-C8DZLF6FLP2DG6,GF-788,GrabFood,,Herbox,Greenville,Rica Wrap,Wrap Series,,1,,59000.00,,"August 25, 2026 04:56:37PM",DELIVERED
75832317,001191482906-C8DZLF6FLP2DG6,GF-788,GrabFood,,Herbox,Greenville,Nasi Goreng Sedap Malam Vegan Vegetarian,Nasi Goreng Special,,1,,35000.00,,"August 25, 2026 04:56:37PM",DELIVERED
75827889,00156078954-C8DZJ623T7DXAX,GF-800,GrabFood,,People Pasta,Greenville,Creamy Mushroom - Vegetarian - Plantbased,Signature Pasta,,1,,43000.00,,"August 25, 2026 04:08:39PM",DELIVERED
75827889,00156078954-C8DZJ623T7DXAX,GF-800,GrabFood,,People Pasta,Greenville,Creamy Mushroom - Vegetarian - Plantbased,Signature Pasta,Spaghetti,,1,,0.00,"August 25, 2026 04:08:39PM",DELIVERED
75827889,00156078954-C8DZJ623T7DXAX,GF-800,GrabFood,,People Pasta,Greenville,Cacio e Pepe - Vegetarian - Plantbased,Signature Pasta,,1,,43000.00,,"August 25, 2026 04:08:39PM",DELIVERED
75827889,00156078954-C8DZJ623T7DXAX,GF-800,GrabFood,,People Pasta,Greenville,Cacio e Pepe - Vegetarian - Plantbased,Signature Pasta,Fusili,,1,,1000.00,"August 25, 2026 04:08:39PM",DELIVERED
75827889,00156078954-C8DZJ623T7DXAX,GF-800,GrabFood,,People Pasta,Greenville,Truffle Tatter Tots,,,1,,32000.00,,"August 25, 2026 04:08:39PM",DELIVERED
75827057,001138269745-C8DZKA5HCPD3G2,GF-864,GrabFood,,American Breakfast Club,Kemang,Tater Tots,Sides,,1,,38000.00,,"August 25, 2026 03:59:39PM",DELIVERED
75827057,001138269745-C8DZKA5HCPD3G2,GF-864,GrabFood,,American Breakfast Club,Kemang,Home Fries,Sides,,1,,38000.00,,"August 25, 2026 03:59:39PM",DELIVERED
75823989,0011902624-C8DZJ2MDTFEJL2,GF-427,GrabFood,,American Breakfast Club,Kemang,"2 Pancakes - Butter, Maple Syrup",American Breakfast Pancakes,,2,,48000.00,,"August 25, 2026 03:22:53PM",DELIVERED
75822477,00133761862-C8DZJXCVUETJEN,GF-332,GrabFood,,American Breakfast Club,Kemang,"2 Pancakes - Butter, Maple Syrup",American Breakfast Pancakes,,1,,48000.00,,"August 25, 2026 03:04:25PM",DELIVERED
75822477,00133761862-C8DZJXCVUETJEN,GF-332,GrabFood,,American Breakfast Club,Kemang,Home Fries,Sides,,1,,38000.00,,"August 25, 2026 03:04:25PM",DELIVERED
75820016,F-3334195781,7735,gofood,,American Breakfast Club,Kemang,"Burrito - Mock Katsu, 2 Scrambled Eggs, Cheddar, Avocado, Tater Tots",American Breakfast Burritos,,1,,68000.00,,"August 25, 2026 02:33:14PM",DELIVERED
75819918,00103203482-C8DZJNTXABWDV2,GF-370,GrabFood,,American Breakfast Club,Greenville,"Burrito - 2 Scrambled Eggs, Cheddar, Avocado, Tater Tots",American Breakfast Burritos,,1,,58000.00,,"August 25, 2026 02:33:43PM",DELIVERED
75819050,F-3334182506,8158,gofood,,American Breakfast Club,Kemang,"Burrito - Mock Katsu, 2 Scrambled Eggs, Cheddar, Avocado, Tater Tots",American Breakfast Burritos,,1,,68000.00,,"August 25, 2026 02:22:29PM",DELIVERED
75818164,001004696472-C8DZJGLHNAL3NN,GF-541,GrabFood,,American Breakfast Club,Kemang,"Burrito - Mock Beef, 2 Scrambled Eggs, Cheddar, Avocado, Tater Tots,",American Breakfast Burritos,,1,,68000.00,,"August 25, 2026 02:12:39PM",DELIVERED
75814080,F-3334108037,2745,gofood,,American Breakfast Club,Kemang,"Burrito - 2 Scrambled Eggs, Cheddar, Avocado, Tater Tots",American Breakfast Burritos,,2,,43500.00,,"August 25, 2026 01:28:19PM",DELIVERED
75814080,F-3334108037,2745,gofood,,American Breakfast Club,Kemang,Home Fries,Sides,,1,,28000.00,,"August 25, 2026 01:28:19PM",DELIVERED
75811032,001818773751-C8DZG7AZCUCAVX,GF-820,GrabFood,,American Breakfast Club,Greenville,"Burrito - Mock Beef, 2 Scrambled Eggs, Cheddar, Avocado, Tater Tots,",American Breakfast Burritos,,1,,68000.00,,"August 25, 2026 12:57:06PM",DELIVERED
75811032,001818773751-C8DZG7AZCUCAVX,GF-820,GrabFood,,American Breakfast Club,Greenville,"Burrito - Mock Beef, 2 Scrambled Eggs, Cheddar, Avocado, Tater Tots,",American Breakfast Burritos,Cutleries,,1,,1500.00,"August 25, 2026 12:57:06PM",DELIVERED
75808577,F-3334005361,5644,gofood,,Herbox,Greenville,Kung Paow Chick Vegan Vegetarian Ricebox,Ricebox,,1,,31200.00,,"August 25, 2026 12:22:44PM",DELIVERED
75808577,F-3334005361,5644,gofood,,Herbox,Greenville,Kung Paow Chick Vegan Vegetarian Ricebox,Ricebox,"Sendok, Garpu, Tissue, Tusuk Gigi",,1,,1500.00,"August 25, 2026 12:22:44PM",DELIVERED
75808577,F-3334005361,5644,gofood,,Herbox,Greenville,Teriyaki Vegan Vegetarian Ricebox,Ricebox,,1,,31200.00,,"August 25, 2026 12:22:44PM",DELIVERED
75808577,F-3334005361,5644,gofood,,Herbox,Greenville,Teriyaki Vegan Vegetarian Ricebox,Ricebox,"Sendok, Garpu, Tissue, Tusuk Gigi",,1,,1500.00,"August 25, 2026 12:22:44PM",DELIVERED
75808577,F-3334005361,5644,gofood,,Herbox,Greenville,Pesmol Vegan Vegetarian Ricebox,Ricebox,,1,,31200.00,,"August 25, 2026 12:22:44PM",DELIVERED
75808577,F-3334005361,5644,gofood,,Herbox,Greenville,Pesmol Vegan Vegetarian Ricebox,Ricebox,"Sendok, Garpu, Tissue, Tusuk Gigi",,1,,1500.00,"August 25, 2026 12:22:44PM",DELIVERED
75807039,00119241184-C8DZGVLWFBMDEN,GF-548,GrabFood,,American Breakfast Club,Greenville,"Burrito - Mock Beef, 2 Scrambled Eggs, Cheddar, Avocado, Tater Tots,",American Breakfast Burritos,,1,,68000.00,,"August 25, 2026 12:16:03PM",DELIVERED
75806124,F-3333977799,1897,gofood,,American Breakfast Club,Kemang,"Burrito - Mock Fish, 2 Scrambled Eggs, Cheddar, Avocado, Tater Tots,",American Breakfast Burritos,,1,,68000.00,,"August 25, 2026 12:06:05PM",DELIVERED
75806124,F-3333977799,1897,gofood,,American Breakfast Club,Kemang,"Burrito - Mock Chicken, 2 Scrambled Eggs, Cheddar, Avocado, Tater Tots",American Breakfast Burritos,,1,,68000.00,,"August 25, 2026 12:06:05PM",DELIVERED
75801656,F-3333908181,8498,gofood,,American Breakfast Club,Kemang,"Burrito - Mock Beef, 2 Scrambled Eggs, Cheddar, Avocado, Tater Tots,",American Breakfast Burritos,,1,,68000.00,,"August 25, 2026 11:23:46AM",DELIVERED
75801347,00187734882-C8DZGFWZJK4AVN,GF-510,GrabFood,,American Breakfast Club,Greenville,"Burrito - 2 Scrambled Eggs, Cheddar, Avocado, Tater Tots",American Breakfast Burritos,,4,,58000.00,,"August 25, 2026 11:21:28AM",DELIVERED
75801087,0014967744-C8DZGFLKLEVZCA,GF-318,GrabFood,,American Breakfast Club,Kemang,"Burrito - Mock Fish, 2 Scrambled Eggs, Cheddar, Avocado, Tater Tots,",American Breakfast Burritos,,1,,68000.00,,"August 25, 2026 11:19:20AM",DELIVERED
75798893,00132378199-C8DZE4NWTBBJGE,GF-035,GrabFood,,American Breakfast Club,Kemang,"Burrito - Mock Chicken, 2 Scrambled Eggs, Cheddar, Avocado, Tater Tots",American Breakfast Burritos,,1,,68000.00,,"August 25, 2026 10:03:25AM",DELIVERED
75797560,F-3333766683,7441,gofood,,Tyfel Coffee,Kemang,Breakfast Burrito,Breakfast Burritos,,1,,58000.00,,"August 25, 2026 09:38:39AM",DELIVERED
75797560,F-3333766683,7441,gofood,,Tyfel Coffee,Kemang,Cheese Omlette-side Of Tater Tots,Breakfast Omlettes,,1,,58000.00,,"August 25, 2026 09:38:39AM",DELIVERED
75797560,F-3333766683,7441,gofood,,Tyfel Coffee,Kemang,Original Pancake,Breakfast Pancakes,,1,,48000.00,,"August 25, 2026 09:38:39AM",DELIVERED
75797500,001330685894-C8DZEYUYEUKCG6,GF-294,GrabFood,,American Breakfast Club,Kemang,"Burrito - Mock Chicken, 2 Scrambled Eggs, Cheddar, Avocado, Tater Tots",American Breakfast Burritos,,1,,68000.00,,"August 25, 2026 09:40:45AM",DELIVERED
75797444,F-3333763512,7396,gofood,,American Breakfast Club,Kemang,"Burrito - 2 Scrambled Eggs, Cheddar, Avocado, Tater Tots",American Breakfast Burritos,,1,,43500.00,,"August 25, 2026 09:35:22AM",DELIVERED
75797444,F-3333763512,7396,gofood,,American Breakfast Club,Kemang,"Burrito - Mock Chicken, 2 Scrambled Eggs, Cheddar, Avocado, Tater Tots",American Breakfast Burritos,,1,,68000.00,,"August 25, 2026 09:35:22AM",DELIVERED
75797301,001499517530-C8DZEYAGLX2BEN,GF-842,GrabFood,,American Breakfast Club,Kemang,"Burrito - 2 Scrambled Eggs, Cheddar, Avocado, Tater Tots",American Breakfast Burritos,,1,,58000.00,,"August 25, 2026 09:36:58AM",DELIVERED
75797301,001499517530-C8DZEYAGLX2BEN,GF-842,GrabFood,,American Breakfast Club,Kemang,"Burrito - 2 Scrambled Eggs, Cheddar, Avocado, Tater Tots",American Breakfast Burritos,Tatter Tots,,1,,30000.00,"August 25, 2026 09:36:58AM",DELIVERED
75796119,F-3333744529,3937,gofood,,American Breakfast Club,Kemang,"Egg burger - 2 Scrambled Eggs, Cheddar Cheese, Secret Sauce",American Breakfast Burger,,1,,33800.00,,"August 25, 2026 09:14:59AM",DELIVERED
75796119,F-3333744529,3937,gofood,,American Breakfast Club,Kemang,"Mushroom Omelette - Mushrooms, Spinach, Side Tater Tots",American Breakfast Omelettes,,1,,68000.00,,"August 25, 2026 09:14:59AM",DELIVERED
75796113,001528919566-C8DZETJUVLAKJX,GF-845,GrabFood,,American Breakfast Club,Greenville,Cheese Omelette - Side Tater Tots,American Breakfast Omelettes,,1,,58000.00,,"August 25, 2026 09:15:22AM",DELIVERED
75796113,001528919566-C8DZETJUVLAKJX,GF-845,GrabFood,,American Breakfast Club,Greenville,"Burrito - Mock Chicken, 2 Scrambled Eggs, Cheddar, Avocado, Tater Tots",American Breakfast Burritos,,1,,68000.00,,"August 25, 2026 09:15:22AM",DELIVERED
75796113,001528919566-C8DZETJUVLAKJX,GF-845,GrabFood,,American Breakfast Club,Greenville,Home Fries With Truffle Oil,Sides,,1,,48000.00,,"August 25, 2026 09:15:22AM",DELIVERED
75795847,0019086939-C8DZEP6UMFLVLN,GF-170,GrabFood,,American Breakfast Club,Kemang,"Burrito - 2 Scrambled Eggs, Cheddar, Avocado, Tater Tots",American Breakfast Burritos,,1,,58000.00,,"August 25, 2026 09:10:01AM",DELIVERED
75795847,0019086939-C8DZEP6UMFLVLN,GF-170,GrabFood,,American Breakfast Club,Kemang,"Sandwich - 2 Scrambled Eggs, Mock Fish, Cheddar Cheese, Mix, Brioche Bun",American Breakfast Sandwiches,,1,,58000.00,,"August 25, 2026 09:10:01AM",DELIVERED
75795761,F-3333737937,3217,gofood,,American Breakfast Club,Kemang,"2 Pancakes - Butter, Maple Syrup",American Breakfast Pancakes,,1,,48000.00,,"August 25, 2026 09:07:39AM",DELIVERED
75795676,001334723596-C8DZEPNXL3BCAJ,GF-264,GrabFood,,American Breakfast Club,Greenville,Sandwich - 2 Scrambled Eggs melty cheddar cheese on a wavy brioche bun,American Breakfast Sandwiches,,2,,45000.00,,"August 25, 2026 09:06:44AM",DELIVERED
75795452,F-3333732361,3472,gofood,,American Breakfast Club,Kemang,"Mushroom Omelette - Mushrooms, Spinach, Side Tater Tots",American Breakfast Omelettes,,1,,68000.00,,"August 25, 2026 09:01:12AM",DELIVERED
75795337,F-3333729947,4265,gofood,,Tyfel Coffee,Kemang,Blueberry Pancake,Breakfast Pancakes,,1,,58000.00,,"August 25, 2026 08:57:58AM",DELIVERED
75795337,F-3333729947,4265,gofood,,Tyfel Coffee,Kemang,"Sandwich-2 Scrambled Eggs, Cheddar Cheese,Secret Sauce,Brioche Bun",Breakfast Sandwiches,,1,,48000.00,,"August 25, 2026 08:57:58AM",DELIVERED
75795337,F-3333729947,4265,gofood,,Tyfel Coffee,Kemang,Home Fries With Truffle Oil,Sides,,1,,38000.00,,"August 25, 2026 08:57:58AM",DELIVERED
75795337,F-3333729947,4265,gofood,,Tyfel Coffee,Kemang,Original Pancake,Breakfast Pancakes,,1,,48000.00,,"August 25, 2026 08:57:58AM",DELIVERED
75795337,F-3333729947,4265,gofood,,Tyfel Coffee,Kemang,Breakfast Burrito,Breakfast Burritos,,1,,58000.00,,"August 25, 2026 08:57:58AM",DELIVERED
75795329,0010850687-C8DZENEVNVJWC2,GF-276,GrabFood,,American Breakfast Club,Kemang,"2 Pancakes - Blueberries, Butter, Maple Syrup",American Breakfast Pancakes,,1,,58000.00,,"August 25, 2026 08:58:22AM",DELIVERED
75794891,F-3333711441,4621,gofood,,American Breakfast Club,Kemang,Cheese Omelette - Side Tater Tots,American Breakfast Omelettes,,2,,58000.00,,"August 25, 2026 08:31:13AM",DELIVERED
75794877,F-3333721598,7732,gofood,,LA Breakfast Club,Greenville,Chocolate Chip Pancakes (2 Pcs),LA Breakfast Pancakes,,1,,74000.00,,"August 25, 2026 08:46:04AM",DELIVERED
75794877,F-3333721598,7732,gofood,,LA Breakfast Club,Greenville,Cheese Omelette - Side of Tater Tots,LA Breakfast Omelettes,,1,,70000.00,,"August 25, 2026 08:46:04AM",DELIVERED
75794526,001553403365-C8DZEF6EN2DZAX,GF-596,GrabFood,,American Breakfast Club,Kemang,"Burrito - Mock Chicken, 2 Scrambled Eggs, Cheddar, Avocado, Tater Tots",American Breakfast Burritos,,1,,68000.00,,"August 25, 2026 08:36:35AM",DELIVERED
75794526,001553403365-C8DZEF6EN2DZAX,GF-596,GrabFood,,American Breakfast Club,Kemang,"2 Pancakes - Blueberries, Butter, Maple Syrup",American Breakfast Pancakes,,1,,58000.00,,"August 25, 2026 08:36:35AM",DELIVERED
75794526,001553403365-C8DZEF6EN2DZAX,GF-596,GrabFood,,American Breakfast Club,Kemang,"Mushroom Omelette - Mushrooms, Spinach, Side Tater Tots",American Breakfast Omelettes,,1,,68000.00,,"August 25, 2026 08:36:35AM",DELIVERED
75794478,00111590770-C8DZEF2DNEABPA,GF-844,GrabFood,,American Breakfast Club,Greenville,"Burrito - Mock Beef, 2 Scrambled Eggs, Cheddar, Avocado, Tater Tots,",American Breakfast Burritos,,1,,68000.00,,"August 25, 2026 08:35:13AM",DELIVERED
75794245,001832195120-C8DZEEXZABCAR2,GF-098,GrabFood,,American Breakfast Club,Greenville,"Sandwich - 2 Scrambled Eggs Mock Beef, Cheddar Cheese  on a wavy brioche bun",American Breakfast Sandwiches,,1,,58000.00,,"August 25, 2026 08:28:27AM",DELIVERED
75794245,001832195120-C8DZEEXZABCAR2,GF-098,GrabFood,,American Breakfast Club,Greenville,Home Fries,Sides,,1,,38000.00,,"August 25, 2026 08:28:27AM",DELIVERED
75793997,F-3333704071,4421,gofood,,Tyfel Coffee,Greenville,Choco Chips Pancake,Breakfast Pancakes,,1,,58000.00,,"August 25, 2026 08:20:09AM",DELIVERED
75793997,F-3333704071,4421,gofood,,Tyfel Coffee,Greenville,Cheese Omlette-side Of Tater Tots,Breakfast Omlettes,,1,,58000.00,,"August 25, 2026 08:20:09AM",DELIVERED
75793997,F-3333704071,4421,gofood,,Tyfel Coffee,Greenville,Breakfast Burrito,Breakfast Burritos,,1,,58000.00,,"August 25, 2026 08:20:09AM",DELIVERED
75793976,001089821843-C8DZECBBKALYJ2,GF-005,GrabFood,,American Breakfast Club,Greenville,"Burrito - Mock Chicken, 2 Scrambled Eggs, Cheddar, Avocado, Tater Tots",American Breakfast Burritos,,1,,68000.00,,"August 25, 2026 08:20:32AM",DELIVERED
75793976,001089821843-C8DZECBBKALYJ2,GF-005,GrabFood,,American Breakfast Club,Greenville,"Mushroom Omelette - Mushrooms, Spinach, Side Tater Tots",American Breakfast Omelettes,,1,,68000.00,,"August 25, 2026 08:20:32AM",DELIVERED
75793171,00105603553-C8DZDEBXNUEANE,GF-054,GrabFood,,American Breakfast Club,Greenville,"2 Pancakes - Blueberries, Butter, Maple Syrup",American Breakfast Pancakes,,1,,58000.00,,"August 25, 2026 07:50:45AM",DELIVERED
75792855,0017749505-C8DZDAWUEPXKEN,GF-553,GrabFood,,Herbox,Greenville,Kung Paow Chick Vegan Vegetarian Ricebox,Ricebox,,1,,39000.00,,"August 25, 2026 07:38:01AM",DELIVERED
75792855,0017749505-C8DZDAWUEPXKEN,GF-553,GrabFood,,Herbox,Greenville,Pesmol Vegan Vegetarian Ricebox,Ricebox,,1,,39000.00,,"August 25, 2026 07:38:01AM",DELIVERED
75792690,00178198565-C8DZC8BKJEJXLE,GF-147,GrabFood,,American Breakfast Club,Greenville,"2 Pancakes - Chocolate Chips, Butter, Maple Syrup",American Breakfast Pancakes,,1,,58000.00,,"August 25, 2026 07:30:39AM",DELIVERED
75792690,00178198565-C8DZC8BKJEJXLE,GF-147,GrabFood,,American Breakfast Club,Greenville,"2 Pancakes - Chocolate Chips, Butter, Maple Syrup",American Breakfast Pancakes,Cutleries,,1,,1500.00,"August 25, 2026 07:30:39AM",DELIVERED
75792469,F-3333669311,4948,gofood,,American Breakfast Club,Greenville,"Burrito - Mock Beef, 2 Scrambled Eggs, Cheddar, Avocado, Tater Tots,",American Breakfast Burritos,,1,,51000.00,,"August 25, 2026 07:13:58AM",DELIVERED
75792432,0010357277-C8DZC23FG3CWNJ,GF-237,GrabFood,,Herbox,Greenville,Kung Paow Chick Vegan Vegetarian Ricebox,Ricebox,,1,,39000.00,,"August 25, 2026 07:18:21AM",CANCELLED
75792432,0010357277-C8DZC23FG3CWNJ,GF-237,GrabFood,,Herbox,Greenville,Pesmol Vegan Vegetarian Ricebox,Ricebox,,1,,39000.00,,"August 25, 2026 07:18:21AM",CANCELLED
75792227,0011634079-C8DZC22KLJ3GCJ,GF-816,GrabFood,,American Breakfast Club,Greenville,"Burrito - Mock Chicken, 2 Scrambled Eggs, Cheddar, Avocado, Tater Tots",American Breakfast Burritos,,1,,68000.00,,"August 25, 2026 07:07:33AM",DELIVERED
75792143,F-3333664256,5753,gofood,,American Breakfast Club,Greenville,"Burrito - Mock Chicken, 2 Scrambled Eggs, Cheddar, Avocado, Tater Tots",American Breakfast Burritos,,1,,51000.00,,"August 25, 2026 07:01:34AM",DELIVERED
75792143,F-3333664256,5753,gofood,,American Breakfast Club,Greenville,"2 Pancakes - Blueberries, Butter, Maple Syrup",American Breakfast Pancakes,,1,,46400.00,,"August 25, 2026 07:01:34AM",DELIVERED
75792143,F-3333664256,5753,gofood,,American Breakfast Club,Greenville,Tater Tots,Sides,,1,,22400.00,,"August 25, 2026 07:01:34AM",DELIVERED
75792004,001177893199-C8DZCYB2TP4KSE,GF-191,GrabFood,,American Breakfast Club,Greenville,"Burrito - Mock Beef, 2 Scrambled Eggs, Cheddar, Avocado, Tater Tots,",American Breakfast Burritos,,1,,68000.00,,"August 25, 2026 06:52:57AM",DELIVERED
75792004,001177893199-C8DZCYB2TP4KSE,GF-191,GrabFood,,American Breakfast Club,Greenville,"Sandwich - 2 Scrambled Eggs, Mock Chicken, Cheddar Cheese Mix, Brioche Bun",American Breakfast Sandwiches,,1,,58000.00,,"August 25, 2026 06:52:57AM",DELIVERED
75791816,001096643188-C8DZCUVFNVAKTT,GF-591,GrabFood,,American Breakfast Club,Greenville,"Burrito - Mock Beef, 2 Scrambled Eggs, Cheddar, Avocado, Tater Tots,",American Breakfast Burritos,,1,,68000.00,,"August 25, 2026 06:37:35AM",DELIVERED
75791816,001096643188-C8DZCUVFNVAKTT,GF-591,GrabFood,,American Breakfast Club,Greenville,"Burrito - Mock Chicken, 2 Scrambled Eggs, Cheddar, Avocado, Tater Tots",American Breakfast Burritos,,1,,68000.00,,"August 25, 2026 06:37:35AM",DELIVERED
75791738,001287488966-C8DZCTTDGFDTNX,GF-596,GrabFood,,American Breakfast Club,Greenville,"Burrito - 2 Scrambled Eggs, Cheddar, Avocado, Tater Tots",American Breakfast Burritos,,1,,58000.00,,"August 25, 2026 06:32:41AM",DELIVERED
75777736,00107951384-C8DYSF2XVNMBT6,GF-559,GrabFood,,Tyfel Coffee,Greenville,Risotto,Main Course,,1,,55000.00,,"August 24, 2026 08:58:19PM",DELIVERED
75777736,00107951384-C8DYSF2XVNMBT6,GF-559,GrabFood,,Tyfel Coffee,Greenville,Nachos - Vegan-option,Lite Bites,,1,,40000.00,,"August 24, 2026 08:58:19PM",DELIVERED
75771502,00173309722-C8DYR2ACBABXWE,GF-393,GrabFood,,Herbox,Greenville,Fysh Mentai,Mentai Vegan,,1,,59000.00,,"August 24, 2026 07:53:33PM",DELIVERED
75771502,00173309722-C8DYR2ACBABXWE,GF-393,GrabFood,,Herbox,Greenville,Fysh Mentai,Mentai Vegan,Tattertots,,1,,25000.00,"August 24, 2026 07:53:33PM",DELIVERED
75771502,00173309722-C8DYR2ACBABXWE,GF-393,GrabFood,,Herbox,Greenville,Fysh Mentai,Mentai Vegan,Es Teh Manis,,1,,10000.00,"August 24, 2026 07:53:33PM",DELIVERED
75765971,F-3333345717,9245,gofood,,Tyfel Coffee,Greenville,Mock Chicken Burrito,Breakfast Burritos,,1,,51000.00,,"August 24, 2026 06:56:18PM",DELIVERED
75765971,F-3333345717,9245,gofood,,Tyfel Coffee,Greenville,Chic Chunk - Vegan Plantbased,Lite Bites,,1,,38000.00,,"August 24, 2026 06:56:18PM",DELIVERED
75765971,F-3333345717,9245,gofood,,Tyfel Coffee,Greenville,Mock Beef Sandwich,Breakfast Sandwiches,,1,,58000.00,,"August 24, 2026 06:56:18PM",DELIVERED
75765971,F-3333345717,9245,gofood,,Tyfel Coffee,Greenville,Tater Tots,Sides,,1,,28000.00,,"August 24, 2026 06:56:18PM",DELIVERED
75764910,001425541635-C8DYRKAWL65HHA,GF-007,GrabFood,,American Breakfast Club,Greenville,"Burrito - Mock Beef, 2 Scrambled Eggs, Cheddar, Avocado, Tater Tots,",American Breakfast Burritos,,1,,68000.00,,"August 24, 2026 06:53:45PM",DELIVERED
75756231,001899323639-C8DYN7TTV2LZAE,GF-263,GrabFood,,American Breakfast Club,Greenville,"Burrito - Mock Beef, 2 Scrambled Eggs, Cheddar, Avocado, Tater Tots,",American Breakfast Burritos,,1,,68000.00,,"August 24, 2026 05:33:42PM",DELIVERED
75753297,00122020966-C8DYNY4KG3DECE,GF-062,GrabFood,,Herbox,Greenville,Pesmol Vegan Vegetarian Ricebox,Ricebox,,1,,39000.00,,"August 24, 2026 05:02:39PM",DELIVERED
75753297,00122020966-C8DYNY4KG3DECE,GF-062,GrabFood,,Herbox,Greenville,Pesmol Vegan Vegetarian Ricebox,Ricebox,Vegan Chicken Nugget,,1,,35000.00,"August 24, 2026 05:02:39PM",DELIVERED
75753297,00122020966-C8DYNY4KG3DECE,GF-062,GrabFood,,Herbox,Greenville,Rica Wrap,Wrap Series,,1,,59000.00,,"August 24, 2026 05:02:39PM",DELIVERED
75744628,00185720213-C8DYMCNEEU2HHE,GF-884,GrabFood,,Herbox,Greenville,Lada Hitam Blackpepper Vegan Vegetarian Ricebox,Ricebox,,1,,39000.00,,"August 24, 2026 03:09:54PM",DELIVERED
75744628,00185720213-C8DYMCNEEU2HHE,GF-884,GrabFood,,Herbox,Greenville,Lada Hitam Blackpepper Vegan Vegetarian Ricebox,Ricebox,Tattertots,,1,,25000.00,"August 24, 2026 03:09:54PM",DELIVERED
75738639,001873444722-C8DYLPXUNUBTJT,GF-924,GrabFood,,American Breakfast Club,Greenville,"Burrito - Mock Chicken, 2 Scrambled Eggs, Cheddar, Avocado, Tater Tots",American Breakfast Burritos,,1,,68000.00,,"August 24, 2026 01:41:41PM",DELIVERED
75734610,00198069568-C8DYLBBEHATFLX,GF-778,GrabFood,,American Breakfast Club,Greenville,"Burrito - Mock Beef, 2 Scrambled Eggs, Cheddar, Avocado, Tater Tots,",American Breakfast Burritos,,1,,68000.00,,"August 24, 2026 12:47:13PM",DELIVERED
75732571,0019900286-C8DYKCLJRPJUAJ,GF-190,GrabFood,,American Breakfast Club,Greenville,Home Fries With Truffle Oil,Sides,,1,,48000.00,,"August 24, 2026 12:22:41PM",DELIVERED
75732571,0019900286-C8DYKCLJRPJUAJ,GF-190,GrabFood,,American Breakfast Club,Greenville,"Mushroom Omelette - Mushrooms, Spinach, Side Tater Tots",American Breakfast Omelettes,,1,,68000.00,,"August 24, 2026 12:22:41PM",DELIVERED
75732571,0019900286-C8DYKCLJRPJUAJ,GF-190,GrabFood,,American Breakfast Club,Greenville,"Mushroom Omelette - Mushrooms, Spinach, Side Tater Tots",American Breakfast Omelettes,Cutleries,,1,,1500.00,"August 24, 2026 12:22:41PM",DELIVERED
75732571,0019900286-C8DYKCLJRPJUAJ,GF-190,GrabFood,,American Breakfast Club,Greenville,"Mushroom Omelette - Mushrooms, Spinach, Side Tater Tots",American Breakfast Omelettes,Chick Nugget,,1,,35000.00,"August 24, 2026 12:22:41PM",DELIVERED
75729549,00110941740-C8DYJX5WDA3DEJ,GF-488,GrabFood,,People Pasta,Greenville,Creamy Mushroom - Vegetarian - Plantbased,Signature Pasta,,1,,43000.00,,"August 24, 2026 11:49:41AM",DELIVERED
75729549,00110941740-C8DYJX5WDA3DEJ,GF-488,GrabFood,,People Pasta,Greenville,Creamy Mushroom - Vegetarian - Plantbased,Signature Pasta,Fusili,,1,,1000.00,"August 24, 2026 11:49:41AM",DELIVERED
75729549,00110941740-C8DYJX5WDA3DEJ,GF-488,GrabFood,,People Pasta,Greenville,Home Fries,,,1,,25000.00,,"August 24, 2026 11:49:41AM",DELIVERED
75729529,00181765968-C8DYJ4BDLJ2YRE,GF-605,GrabFood,,People Pasta,Greenville,Creamy Mushroom - Vegetarian - Plantbased,Signature Pasta,,1,,43000.00,,"August 24, 2026 11:49:25AM",DELIVERED
75729529,00181765968-C8DYJ4BDLJ2YRE,GF-605,GrabFood,,People Pasta,Greenville,Creamy Mushroom - Vegetarian - Plantbased,Signature Pasta,Fettucine,,1,,1000.00,"August 24, 2026 11:49:25AM",DELIVERED
75729529,00181765968-C8DYJ4BDLJ2YRE,GF-605,GrabFood,,People Pasta,Greenville,Meat-less Burger - Vegan,Meatless Burgers,,1,,49000.00,,"August 24, 2026 11:49:25AM",DELIVERED
75729529,00181765968-C8DYJ4BDLJ2YRE,GF-605,GrabFood,,People Pasta,Greenville,Mushroom Olio - Vegan Friendly - Vegetarian - Plantbased,Signature Pasta,,1,,43000.00,,"August 24, 2026 11:49:25AM",DELIVERED
75729529,00181765968-C8DYJ4BDLJ2YRE,GF-605,GrabFood,,People Pasta,Greenville,Mushroom Olio - Vegan Friendly - Vegetarian - Plantbased,Signature Pasta,Spaghetti,,1,,0.00,"August 24, 2026 11:49:25AM",DELIVERED
75725249,001394199527-C8DYJTK3NE2VRE,GF-691,GrabFood,,American Breakfast Club,Greenville,"Sandwich - 2 Scrambled Eggs Mock Beef, Cheddar Cheese  on a wavy brioche bun",American Breakfast Sandwiches,,1,,58000.00,,"August 24, 2026 11:02:29AM",DELIVERED
75720845,00184167932-C8DYJBWDPFWDN2,GF-333,GrabFood,,American Breakfast Club,Greenville,"Mushroom Omelette - Mushrooms, Spinach, Side Tater Tots",American Breakfast Omelettes,,1,,68000.00,,"August 24, 2026 10:04:33AM",DELIVERED
75720442,F-3332692990,3719,gofood,,American Breakfast Club,Greenville,"Burrito - 2 Scrambled Eggs, Cheddar, Avocado, Tater Tots",American Breakfast Burritos,,1,,46400.00,,"August 24, 2026 09:56:25AM",DELIVERED
75720442,F-3332692990,3719,gofood,,American Breakfast Club,Greenville,Home Fries,Sides,,1,,22400.00,,"August 24, 2026 09:56:25AM",DELIVERED
75720146,001821949400-C8DYHGBUTNVAKA,GF-101,GrabFood,,American Breakfast Club,Greenville,"Burrito - Mock Beef, 2 Scrambled Eggs, Cheddar, Avocado, Tater Tots,",American Breakfast Burritos,,1,,68000.00,,"August 24, 2026 09:50:44AM",DELIVERED
75720146,001821949400-C8DYHGBUTNVAKA,GF-101,GrabFood,,American Breakfast Club,Greenville,"Burrito - Mock Chicken, 2 Scrambled Eggs, Cheddar, Avocado, Tater Tots",American Breakfast Burritos,,1,,68000.00,,"August 24, 2026 09:50:44AM",DELIVERED
75720146,001821949400-C8DYHGBUTNVAKA,GF-101,GrabFood,,American Breakfast Club,Greenville,"2 Pancakes - Blueberries, Butter, Maple Syrup",American Breakfast Pancakes,,1,,58000.00,,"August 24, 2026 09:50:44AM",DELIVERED
75720146,001821949400-C8DYHGBUTNVAKA,GF-101,GrabFood,,American Breakfast Club,Greenville,Tater Tots,Sides,,1,,38000.00,,"August 24, 2026 09:50:44AM",DELIVERED
75719196,001185595526-C8DYHBL2RNKXA2,GF-645,GrabFood,,American Breakfast Club,Greenville,"Sandwich - 2 Scrambled Eggs Mock Beef, Cheddar Cheese  on a wavy brioche bun",American Breakfast Sandwiches,,1,,58000.00,,"August 24, 2026 09:29:30AM",DELIVERED
75719196,001185595526-C8DYHBL2RNKXA2,GF-645,GrabFood,,American Breakfast Club,Greenville,"Sandwich - 2 Scrambled Eggs Mock Beef, Cheddar Cheese  on a wavy brioche bun",American Breakfast Sandwiches,Cutleries,,1,,1500.00,"August 24, 2026 09:29:30AM",DELIVERED
75718597,F-3332648681,2679,gofood,,American Breakfast Club,Greenville,"Burrito - 2 Scrambled Eggs, Cheddar, Avocado, Tater Tots",American Breakfast Burritos,,1,,46400.00,,"August 24, 2026 08:56:20AM",DELIVERED
75718597,F-3332648681,2679,gofood,,American Breakfast Club,Greenville,"2 Pancakes - Blueberries, Butter, Maple Syrup",American Breakfast Pancakes,,1,,46400.00,,"August 24, 2026 08:56:20AM",DELIVERED
75718597,F-3332648681,2679,gofood,,American Breakfast Club,Greenville,"2 Pancakes - Blueberries, Butter, Maple Syrup",American Breakfast Pancakes,Cutleries,,1,,1500.00,"August 24, 2026 08:56:20AM",DELIVERED
75718597,F-3332648681,2679,gofood,,American Breakfast Club,Greenville,Tater Tots,Sides,,1,,22400.00,,"August 24, 2026 08:56:20AM",DELIVERED
75716963,001739430197-C8DYGT2ZJFKTGJ,GF-460,GrabFood,,American Breakfast Club,Kemang,"Burrito - 2 Scrambled Eggs, Cheddar, Avocado, Tater Tots",American Breakfast Burritos,,1,,58000.00,,"August 24, 2026 08:18:46AM",DELIVERED
75716930,00126036041-C8DYGTVEC34GNN,GF-751,GrabFood,,American Breakfast Club,Greenville,"Mushroom Omelette - Mushrooms, Spinach, Side Tater Tots",American Breakfast Omelettes,,1,,68000.00,,"August 24, 2026 08:17:34AM",DELIVERED
75716843,00118655151-C8DYGTDYG22AGN,GF-445,GrabFood,,LA Breakfast Club,Greenville,Blueberry Pancakes (2 Pcs),LA Breakfast Pancakes,,1,,74000.00,,"August 24, 2026 08:14:46AM",DELIVERED
75716684,0013114244-C8DYGPW2NFBYRJ,GF-633,GrabFood,,American Breakfast Club,Kemang,"Mushroom Omelette - Mushrooms, Spinach, Side Tater Tots",American Breakfast Omelettes,,1,,68000.00,,"August 24, 2026 08:08:10AM",DELIVERED
75716684,0013114244-C8DYGPW2NFBYRJ,GF-633,GrabFood,,American Breakfast Club,Kemang,"2 Pancakes - Butter, Maple Syrup",American Breakfast Pancakes,,1,,48000.00,,"August 24, 2026 08:08:10AM",DELIVERED
75716684,0013114244-C8DYGPW2NFBYRJ,GF-633,GrabFood,,American Breakfast Club,Kemang,"Burrito - Mock Beef, 2 Scrambled Eggs, Cheddar, Avocado, Tater Tots,",American Breakfast Burritos,,1,,68000.00,,"August 24, 2026 08:08:10AM",DELIVERED
75716510,0011966303-C8DYGNWZE6A3RT,GF-528,GrabFood,,American Breakfast Club,Kemang,"Mushroom Omelette - Mushrooms, Spinach, Side Tater Tots",American Breakfast Omelettes,,1,,68000.00,,"August 24, 2026 08:01:26AM",DELIVERED
75716462,001401411338-C8DYGNKZRVCHPA,GF-421,GrabFood,,American Breakfast Club,Greenville,"Burrito - 2 Scrambled Eggs, Cheddar, Avocado, Tater Tots",American Breakfast Burritos,,1,,58000.00,,"August 24, 2026 07:59:07AM",DELIVERED
75716462,001401411338-C8DYGNKZRVCHPA,GF-421,GrabFood,,American Breakfast Club,Greenville,"Burrito - 2 Scrambled Eggs, Cheddar, Avocado, Tater Tots",American Breakfast Burritos,Cutleries,,1,,1500.00,"August 24, 2026 07:59:07AM",DELIVERED
75716337,0019691539-C8DYGK6CTRC1GX,GF-342,GrabFood,,LA Breakfast Club,Greenville,Mock Katsu Sandwich,LA Breakfast Sandwiches,,1,,74000.00,,"August 24, 2026 07:53:14AM",DELIVERED
75716337,0019691539-C8DYGK6CTRC1GX,GF-342,GrabFood,,LA Breakfast Club,Greenville,Mock Katsu Sandwich,LA Breakfast Sandwiches,Mayo,,1,,0.00,"August 24, 2026 07:53:14AM",DELIVERED
75716337,0019691539-C8DYGK6CTRC1GX,GF-342,GrabFood,,LA Breakfast Club,Greenville,Tater Tots,,,1,,42000.00,,"August 24, 2026 07:53:14AM",DELIVERED
75716271,00132166821-C8DYGKTWJTEZHA,GF-585,GrabFood,,American Breakfast Club,Kemang,"Mushroom Omelette - Mushrooms, Spinach, Side Tater Tots",American Breakfast Omelettes,,1,,68000.00,,"August 24, 2026 07:50:23AM",DELIVERED
75716271,00132166821-C8DYGKTWJTEZHA,GF-585,GrabFood,,American Breakfast Club,Kemang,"Mushroom Omelette - Mushrooms, Spinach, Side Tater Tots",American Breakfast Omelettes,Cutleries,,1,,600.00,"August 24, 2026 07:50:23AM",DELIVERED
75716271,00132166821-C8DYGKTWJTEZHA,GF-585,GrabFood,,American Breakfast Club,Kemang,Cheese Omelette - Side Tater Tots,American Breakfast Omelettes,,1,,58000.00,,"August 24, 2026 07:50:23AM",DELIVERED
75716271,00132166821-C8DYGKTWJTEZHA,GF-585,GrabFood,,American Breakfast Club,Kemang,Cheese Omelette - Side Tater Tots,American Breakfast Omelettes,Cutleries,,1,,600.00,"August 24, 2026 07:50:23AM",DELIVERED
75716216,F-3332611574,7496,gofood,,American Breakfast Club,Kemang,Cheese Omelette - Side Tater Tots,American Breakfast Omelettes,,1,,58000.00,,"August 24, 2026 07:39:44AM",DELIVERED
75716216,F-3332611574,7496,gofood,,American Breakfast Club,Kemang,Tater Tots With Truffle Oil,Sides,,1,,38000.00,,"August 24, 2026 07:39:44AM",DELIVERED
75716216,F-3332611574,7496,gofood,,American Breakfast Club,Kemang,"2 Pancakes - Butter, Maple Syrup",American Breakfast Pancakes,,1,,48000.00,,"August 24, 2026 07:39:44AM",DELIVERED
75716216,F-3332611574,7496,gofood,,American Breakfast Club,Kemang,"Egg burger - 2 Scrambled Eggs, Cheddar Cheese, Secret Sauce",American Breakfast Burger,,1,,33800.00,,"August 24, 2026 07:39:44AM",DELIVERED
75716140,001831975497-C8DYGJVFREETCT,GF-288,GrabFood,,American Breakfast Club,Greenville,Cheese Omelette - Side Tater Tots,American Breakfast Omelettes,,1,,58000.00,,"August 24, 2026 07:44:15AM",DELIVERED
75716006,0012642838-C8DYGGBFNYDFN2,GF-937,GrabFood,,Herbox,Greenville,Lada Hitam Blackpepper Vegan Vegetarian Ricebox,Ricebox,,2,,39000.00,,"August 24, 2026 07:37:15AM",DELIVERED
75715947,F-3332609296,6798,gofood,,American Breakfast Club,Greenville,Cheese Omelette - Side Tater Tots,American Breakfast Omelettes,,1,,46400.00,,"August 24, 2026 07:33:33AM",DELIVERED
75715947,F-3332609296,6798,gofood,,American Breakfast Club,Greenville,"Burrito - 2 Scrambled Eggs, Cheddar, Avocado, Tater Tots",American Breakfast Burritos,,1,,46400.00,,"August 24, 2026 07:33:33AM",DELIVERED
75714997,00167337358-C8DYE8LVEEUZCA,GF-794,GrabFood,,American Breakfast Club,Greenville,"Burrito - Mock Beef, 2 Scrambled Eggs, Cheddar, Avocado, Tater Tots,",American Breakfast Burritos,,1,,68000.00,,"August 24, 2026 06:33:34AM",DELIVERED
75701870,001161519233-C8DXVNTAWBAWAA,GF-722,GrabFood,,People Pasta,Greenville,Bolognese - Vegan Friendly - Vegetarian - Plantbase,Signature Pasta,,1,,43000.00,,"August 23, 2026 08:54:32PM",DELIVERED
75701870,001161519233-C8DXVNTAWBAWAA,GF-722,GrabFood,,People Pasta,Greenville,Bolognese - Vegan Friendly - Vegetarian - Plantbase,Signature Pasta,Fettucine,,1,,1000.00,"August 23, 2026 08:54:32PM",DELIVERED
75695333,001341248195-C8DXUEVWE2CYA2,GF-159,GrabFood,,American Breakfast Club,Greenville,"Sandwich - 2 Scrambled Eggs Mock Beef, Cheddar Cheese  on a wavy brioche bun",American Breakfast Sandwiches,,1,,58000.00,,"August 23, 2026 07:47:45PM",DELIVERED
75695333,001341248195-C8DXUEVWE2CYA2,GF-159,GrabFood,,American Breakfast Club,Greenville,"Sandwich - 2 Scrambled Eggs Mock Beef, Cheddar Cheese  on a wavy brioche bun",American Breakfast Sandwiches,Cutleries,,1,,1500.00,"August 23, 2026 07:47:45PM",DELIVERED
75691259,001938771260-C8DXT6MTN6MJJN,GF-831,GrabFood,,American Breakfast Club,Greenville,"Burrito - Mock Beef, 2 Scrambled Eggs, Cheddar, Avocado, Tater Tots,",American Breakfast Burritos,,1,,68000.00,,"August 23, 2026 07:13:03PM",DELIVERED
75676266,00148612647-C8DXSE4GUA2JLA,GF-803,GrabFood,,American Breakfast Club,Greenville,"Burrito - Mock Chicken, 2 Scrambled Eggs, Cheddar, Avocado, Tater Tots",American Breakfast Burritos,,1,,68000.00,,"August 23, 2026 05:02:37PM",DELIVERED
75672643,0016210277-C8DXR6MUA2BZJ2,GF-656,GrabFood,,Herbox,Greenville,Fysh Mentai,Mentai Vegan,,1,,59000.00,,"August 23, 2026 04:26:23PM",DELIVERED
75672643,0016210277-C8DXR6MUA2BZJ2,GF-656,GrabFood,,Herbox,Greenville,Katsu Wrap vegan Herbox,Wrap Series,,1,,59000.00,,"August 23, 2026 04:26:23PM",DELIVERED
75672643,0016210277-C8DXR6MUA2BZJ2,GF-656,GrabFood,,Herbox,Greenville,Kung Paow Chick Vegan Vegetarian Ricebox,Ricebox,,1,,39000.00,,"August 23, 2026 04:26:23PM",DELIVERED
75663896,00167856152-C8DXRBUYKGCJCT,GF-876,GrabFood,,Tyfel Coffee,Greenville,Mozarella Stick,Lite Bites,,1,,40000.00,,"August 23, 2026 02:51:19PM",DELIVERED
75663896,00167856152-C8DXRBUYKGCJCT,GF-876,GrabFood,,Tyfel Coffee,Greenville,Fettucini Mushroom,Main Course,,1,,50000.00,,"August 23, 2026 02:51:19PM",DELIVERED
75663850,00119795004-C8DXRFBVRK2BSE,GF-366,GrabFood,,American Breakfast Club,Kemang,"2 Pancakes - Blueberries, Butter, Maple Syrup",American Breakfast Pancakes,,1,,58000.00,,"August 23, 2026 02:50:44PM",DELIVERED
75662601,0015220153-C8DXRBVBE761DE,GF-136,GrabFood,,American Breakfast Club,Kemang,"Burrito - 2 Scrambled Eggs, Cheddar, Avocado, Tater Tots",American Breakfast Burritos,,1,,58000.00,,"August 23, 2026 02:37:33PM",DELIVERED
75662601,0015220153-C8DXRBVBE761DE,GF-136,GrabFood,,American Breakfast Club,Kemang,Tater Tots,Sides,,1,,38000.00,,"August 23, 2026 02:37:33PM",DELIVERED
75662307,00128027113-C8DXRBCVEUWYLE,GF-117,GrabFood,,American Breakfast Club,Kemang,"Burrito - Mock Beef, 2 Scrambled Eggs, Cheddar, Avocado, Tater Tots,",American Breakfast Burritos,,1,,68000.00,,"August 23, 2026 02:34:24PM",DELIVERED
75658475,001077811688-C8DXN8NBG8EKJ6,GF-179,GrabFood,,American Breakfast Club,Kemang,"Burrito - 2 Scrambled Eggs, Cheddar, Avocado, Tater Tots",American Breakfast Burritos,,1,,58000.00,,"August 23, 2026 01:53:11PM",DELIVERED
75658475,001077811688-C8DXN8NBG8EKJ6,GF-179,GrabFood,,American Breakfast Club,Kemang,"2 Pancakes - Chocolate Chips, Butter, Maple Syrup",American Breakfast Pancakes,,1,,58000.00,,"August 23, 2026 01:53:11PM",DELIVERED
75652818,F-3331785942,2926,gofood,,Tyfel Coffee,Greenville,Mock Chicken Burrito,Breakfast Burritos,,1,,51000.00,,"August 23, 2026 12:52:28PM",DELIVERED
75652818,F-3331785942,2926,gofood,,Tyfel Coffee,Greenville,Chic Chunk - Vegan Plantbased,Lite Bites,,1,,38000.00,,"August 23, 2026 12:52:28PM",DELIVERED
75652818,F-3331785942,2926,gofood,,Tyfel Coffee,Greenville,Mock Beef Sandwich,Breakfast Sandwiches,,1,,58000.00,,"August 23, 2026 12:52:28PM",DELIVERED
75652740,F-3331791444,4628,gofood,,American Breakfast Club,Kemang,Tater Tots,Sides,,1,,28000.00,,"August 23, 2026 12:55:53PM",CANCELLED
75652740,F-3331791444,4628,gofood,,American Breakfast Club,Kemang,"Original Egg burger - Patties, 2 Scrambled Eggs, Cheddar Cheese, Secret Sauce",American Breakfast Burger,,1,,43500.00,,"August 23, 2026 12:55:53PM",CANCELLED
75649650,001725931988-C8DXNK32GFXUDE,GF-615,GrabFood,,American Breakfast Club,Greenville,"Burrito - 2 Scrambled Eggs, Cheddar, Avocado, Tater Tots",American Breakfast Burritos,,2,,58000.00,,"August 23, 2026 12:25:50PM",DELIVERED
75647534,F-3331689464,4267,gofood,,American Breakfast Club,Kemang,"Burrito - 2 Scrambled Eggs, Cheddar, Avocado, Tater Tots",American Breakfast Burritos,,2,,43500.00,,"August 23, 2026 11:54:54AM",DELIVERED
75646042,0019648050-C8DXNBVBTTUFNA,GF-762,GrabFood,,American Breakfast Club,Kemang,"Burrito - 2 Scrambled Eggs, Cheddar, Avocado, Tater Tots",American Breakfast Burritos,,1,,58000.00,,"August 23, 2026 11:50:51AM",DELIVERED
75646042,0019648050-C8DXNBVBTTUFNA,GF-762,GrabFood,,American Breakfast Club,Kemang,Water (Bottle),Drinks,,1,,15000.00,,"August 23, 2026 11:50:51AM",DELIVERED
75644932,00178531339-C8DXMGNBLPJUPE,GF-996,GrabFood,,Herbox,Greenville,Fish Burger Vegan,Vegan Burger,,1,,59000.00,,"August 23, 2026 11:39:53AM",DELIVERED
75644932,00178531339-C8DXMGNBLPJUPE,GF-996,GrabFood,,Herbox,Greenville,Katsu Wrap vegan Herbox,Wrap Series,,2,,59000.00,,"August 23, 2026 11:39:53AM",DELIVERED
75644932,00178531339-C8DXMGNBLPJUPE,GF-996,GrabFood,,Herbox,Greenville,French Fries,Sides,,1,,30000.00,,"August 23, 2026 11:39:53AM",DELIVERED
75644388,00120786046-C8DXMFWKGLBXLJ,GF-084,GrabFood,,American Breakfast Club,Greenville,"2 Pancakes - Butter, Maple Syrup",American Breakfast Pancakes,,1,,48000.00,,"August 23, 2026 11:34:40AM",DELIVERED
75644388,00120786046-C8DXMFWKGLBXLJ,GF-084,GrabFood,,American Breakfast Club,Greenville,"2 Pancakes - Butter, Maple Syrup",American Breakfast Pancakes,Cutleries,,1,,1500.00,"August 23, 2026 11:34:40AM",DELIVERED
75643006,0010309635-C8DXMB6HNZEYME,GF-329,GrabFood,,American Breakfast Club,Greenville,"Mushroom Omelette - Mushrooms, Spinach, Side Tater Tots",American Breakfast Omelettes,,1,,68000.00,,"August 23, 2026 11:19:58AM",CANCELLED
75643006,0010309635-C8DXMB6HNZEYME,GF-329,GrabFood,,American Breakfast Club,Greenville,"Burrito - Mock Beef, 2 Scrambled Eggs, Cheddar, Avocado, Tater Tots,",American Breakfast Burritos,,1,,68000.00,,"August 23, 2026 11:19:58AM",CANCELLED
75640707,F-3331589239,6994,gofood,,American Breakfast Club,Kemang,"Burrito - 2 Scrambled Eggs, Cheddar, Avocado, Tater Tots",American Breakfast Burritos,,1,,43500.00,,"August 23, 2026 10:54:25AM",DELIVERED
75640707,F-3331589239,6994,gofood,,American Breakfast Club,Kemang,Cheese Omelette - Side Tater Tots,American Breakfast Omelettes,,1,,58000.00,,"August 23, 2026 10:54:25AM",DELIVERED
75638408,F-3331550550,3339,gofood,,American Breakfast Club,Kemang,"Burrito - 2 Scrambled Eggs, Cheddar, Avocado, Tater Tots",American Breakfast Burritos,,2,,43500.00,,"August 23, 2026 10:27:33AM",DELIVERED
75638170,001628664062-C8DXLYKYENBJVX,GF-432,GrabFood,,American Breakfast Club,Greenville,"Burrito - Mock Beef, 2 Scrambled Eggs, Cheddar, Avocado, Tater Tots,",American Breakfast Burritos,,1,,68000.00,,"August 23, 2026 10:25:45AM",DELIVERED
75638170,001628664062-C8DXLYKYENBJVX,GF-432,GrabFood,,American Breakfast Club,Greenville,"2 Pancakes - Chocolate Chips, Butter, Maple Syrup",American Breakfast Pancakes,,1,,58000.00,,"August 23, 2026 10:25:45AM",DELIVERED
75638170,001628664062-C8DXLYKYENBJVX,GF-432,GrabFood,,American Breakfast Club,Greenville,"2 Pancakes - Butter, Maple Syrup",American Breakfast Pancakes,,1,,48000.00,,"August 23, 2026 10:25:45AM",DELIVERED
75638045,F-3331539611,2552,gofood,,American Breakfast Club,Kemang,"Burrito - 2 Scrambled Eggs, Cheddar, Avocado, Tater Tots",American Breakfast Burritos,,1,,43500.00,,"August 23, 2026 10:19:25AM",DELIVERED
75638045,F-3331539611,2552,gofood,,American Breakfast Club,Kemang,"Burrito - Mock Chicken, 2 Scrambled Eggs, Cheddar, Avocado, Tater Tots",American Breakfast Burritos,,1,,68000.00,,"August 23, 2026 10:19:25AM",DELIVERED
75637967,001555994230-C8DXLX5JEUBYGE,GF-427,GrabFood,,American Breakfast Club,Kemang,"2 Pancakes - Blueberries, Butter, Maple Syrup",American Breakfast Pancakes,,1,,58000.00,,"August 23, 2026 10:23:00AM",DELIVERED
75637967,001555994230-C8DXLX5JEUBYGE,GF-427,GrabFood,,American Breakfast Club,Kemang,"Sandwich - 2 Scrambled Eggs Mock Beef, Cheddar Cheese  on a wavy brioche bun",American Breakfast Sandwiches,,1,,58000.00,,"August 23, 2026 10:23:00AM",DELIVERED
75637690,00124811710-C8DXLXM2NKMER6,GF-942,GrabFood,,American Breakfast Club,Kemang,"Burrito - 2 Scrambled Eggs, Cheddar, Avocado, Tater Tots",American Breakfast Burritos,,1,,58000.00,,"August 23, 2026 10:19:48AM",DELIVERED
75637690,00124811710-C8DXLXM2NKMER6,GF-942,GrabFood,,American Breakfast Club,Kemang,"2 Pancakes - Butter, Maple Syrup",American Breakfast Pancakes,,1,,48000.00,,"August 23, 2026 10:19:48AM",DELIVERED
75637617,F-3331538580,9988,gofood,,American Breakfast Club,Kemang,"Burrito - 2 Scrambled Eggs, Cheddar, Avocado, Tater Tots",American Breakfast Burritos,,1,,43500.00,,"August 23, 2026 10:18:37AM",CANCELLED
75637617,F-3331538580,9988,gofood,,American Breakfast Club,Kemang,"Burrito - Mock Chicken, 2 Scrambled Eggs, Cheddar, Avocado, Tater Tots",American Breakfast Burritos,,1,,68000.00,,"August 23, 2026 10:18:37AM",CANCELLED
75637508,001549818061-C8DXLXBXWAAKC2,GF-696,GrabFood,,American Breakfast Club,Kemang,"Burrito - Mock Chicken, 2 Scrambled Eggs, Cheddar, Avocado, Tater Tots",American Breakfast Burritos,,1,,68000.00,,"August 23, 2026 10:17:30AM",DELIVERED
75636638,F-3331516421,7491,gofood,,American Breakfast Club,Kemang,"Burrito - 2 Scrambled Eggs, Cheddar, Avocado, Tater Tots",American Breakfast Burritos,,1,,43500.00,,"August 23, 2026 10:01:20AM",DELIVERED
75636638,F-3331516421,7491,gofood,,American Breakfast Club,Kemang,Tater Tots,Sides,,1,,28000.00,,"August 23, 2026 10:01:20AM",DELIVERED
75636638,F-3331516421,7491,gofood,,American Breakfast Club,Kemang,Cheese Omelette - Side Tater Tots,American Breakfast Omelettes,,1,,58000.00,,"August 23, 2026 10:01:20AM",DELIVERED
75636483,00190412310-C8DXLTWBEGKWJ6,GF-459,GrabFood,,American Breakfast Club,Greenville,"Burrito - Mock Beef, 2 Scrambled Eggs, Cheddar, Avocado, Tater Tots,",American Breakfast Burritos,,2,,68000.00,,"August 23, 2026 10:04:31AM",DELIVERED
75636483,00190412310-C8DXLTWBEGKWJ6,GF-459,GrabFood,,American Breakfast Club,Greenville,Cheese Omelette - Side Tater Tots,American Breakfast Omelettes,,1,,58000.00,,"August 23, 2026 10:04:31AM",DELIVERED
75636429,F-3331517599,4674,gofood,,Tyfel Coffee,Kemang,Breakfast Burrito,Breakfast Burritos,,1,,58000.00,,"August 23, 2026 10:02:19AM",DELIVERED
75636429,F-3331517599,4674,gofood,,Tyfel Coffee,Kemang,Cheese Omlette-side Of Tater Tots,Breakfast Omlettes,,1,,58000.00,,"August 23, 2026 10:02:19AM",DELIVERED
75636093,00187281873-C8DXLRLUGGMZL6,GF-058,GrabFood,,Herbox,Greenville,Pesmol Vegan Vegetarian Ricebox,Ricebox,,1,,39000.00,,"August 23, 2026 09:59:21AM",DELIVERED
75636093,00187281873-C8DXLRLUGGMZL6,GF-058,GrabFood,,Herbox,Greenville,Rica Rica Vegan Vegetarian Ricebox,Ricebox,,1,,39000.00,,"August 23, 2026 09:59:21AM",DELIVERED
75635881,F-3331510131,9879,gofood,,American Breakfast Club,Greenville,Cheese Omelette - Side Tater Tots,American Breakfast Omelettes,,1,,46400.00,,"August 23, 2026 09:55:16AM",DELIVERED
75635881,F-3331510131,9879,gofood,,American Breakfast Club,Greenville,Cheese Omelette - Side Tater Tots,American Breakfast Omelettes,Tatter Tots,,1,,30000.00,"August 23, 2026 09:55:16AM",DELIVERED
75635881,F-3331510131,9879,gofood,,American Breakfast Club,Greenville,Tater Tots,Sides,,1,,22400.00,,"August 23, 2026 09:55:16AM",DELIVERED
75635507,001241692370-C8DXLN31LGB3NE,GF-886,GrabFood,,LA Breakfast Club,Greenville,Mock Katsu Burrito,LA Breakfast Burritos,,2,,86000.00,,"August 23, 2026 09:49:09AM",DELIVERED
75635507,001241692370-C8DXLN31LGB3NE,GF-886,GrabFood,,LA Breakfast Club,Greenville,Chicken Nugget,Sides,,1,,40000.00,,"August 23, 2026 09:49:09AM",DELIVERED
75635507,001241692370-C8DXLN31LGB3NE,GF-886,GrabFood,,LA Breakfast Club,Greenville,Cheese Omelette - Side of Tater Tots,LA Breakfast Omelettes,,1,,70000.00,,"August 23, 2026 09:49:09AM",DELIVERED
75635291,001728136398-C8DXLLMGJF4HCX,GF-201,GrabFood,,People Pasta,Greenville,Vegan Fillet-no-Fish,Meatless Burgers,,1,,49000.00,,"August 23, 2026 09:45:09AM",DELIVERED
75635291,001728136398-C8DXLLMGJF4HCX,GF-201,GrabFood,,People Pasta,Greenville,Truffle Tatter Tots,,,1,,32000.00,,"August 23, 2026 09:45:09AM",DELIVERED
75635157,0012788648-C8DXLLLZJ6BFLX,GF-247,GrabFood,,American Breakfast Club,Kemang,"Burrito - Mock Chicken, 2 Scrambled Eggs, Cheddar, Avocado, Tater Tots",American Breakfast Burritos,,1,,68000.00,,"August 23, 2026 09:42:48AM",DELIVERED
75635133,F-3331496264,2533,gofood,,American Breakfast Club,Kemang,"Burrito - 2 Scrambled Eggs, Cheddar, Avocado, Tater Tots",American Breakfast Burritos,,1,,43500.00,,"August 23, 2026 09:41:49AM",DELIVERED
75634230,00172189090-C8DXLGJ3AEKYAX,GF-682,GrabFood,,American Breakfast Club,Kemang,"Mushroom Omelette - Mushrooms, Spinach, Side Tater Tots",American Breakfast Omelettes,,1,,68000.00,,"August 23, 2026 09:25:29AM",DELIVERED
75633618,001472947127-C8DXLEVVHGKXG6,GF-783,GrabFood,,American Breakfast Club,Kemang,"Mushroom Omelette - Mushrooms, Spinach, Side Tater Tots",American Breakfast Omelettes,,2,,68000.00,,"August 23, 2026 09:14:22AM",DELIVERED
75633549,00188351889-C8DXLEMBATLBLX,GF-429,GrabFood,,American Breakfast Club,Kemang,"Burrito - Mock Beef, 2 Scrambled Eggs, Cheddar, Avocado, Tater Tots,",American Breakfast Burritos,,1,,68000.00,,"August 23, 2026 09:12:51AM",DELIVERED
75633549,00188351889-C8DXLEMBATLBLX,GF-429,GrabFood,,American Breakfast Club,Kemang,"Burrito - Mock Fish, 2 Scrambled Eggs, Cheddar, Avocado, Tater Tots,",American Breakfast Burritos,,1,,68000.00,,"August 23, 2026 09:12:51AM",DELIVERED
75633326,001235996093-C8DXLCDWNB3HV2,GF-051,GrabFood,,American Breakfast Club,Greenville,"Sandwich - 2 Scrambled Eggs Mock Beef, Cheddar Cheese  on a wavy brioche bun",American Breakfast Sandwiches,,1,,58000.00,,"August 23, 2026 09:08:03AM",DELIVERED
75633326,001235996093-C8DXLCDWNB3HV2,GF-051,GrabFood,,American Breakfast Club,Greenville,"Mushroom Omelette - Mushrooms, Spinach, Side Tater Tots",American Breakfast Omelettes,,1,,68000.00,,"August 23, 2026 09:08:03AM",DELIVERED
75633119,00104633513-C8DXLBUTWAJTVJ,GF-391,GrabFood,,American Breakfast Club,Greenville,Cheese Omelette - Side Tater Tots,American Breakfast Omelettes,,1,,58000.00,,"August 23, 2026 09:04:00AM",DELIVERED
75632667,00103923329-C8DXKGLEWF41G6,GF-754,GrabFood,,LA Breakfast Club,Greenville,Blueberry Pancakes (2 Pcs),LA Breakfast Pancakes,,1,,74000.00,,"August 23, 2026 08:52:35AM",DELIVERED
75632667,00103923329-C8DXKGLEWF41G6,GF-754,GrabFood,,LA Breakfast Club,Greenville,Chocolate Chip Pancakes (2 Pcs),LA Breakfast Pancakes,,1,,74000.00,,"August 23, 2026 08:52:35AM",DELIVERED
75632595,F-3331442278,6913,gofood,,American Breakfast Club,Greenville,"Burrito - Mock Beef, 2 Scrambled Eggs, Cheddar, Avocado, Tater Tots,",American Breakfast Burritos,,1,,51000.00,,"August 23, 2026 08:38:35AM",DELIVERED
75632521,F-3331449065,4574,gofood,,Tyfel Coffee,Greenville,Philly Cheese Steak,Brunch,,1,,54000.00,,"August 23, 2026 08:48:05AM",DELIVERED
75632521,F-3331449065,4574,gofood,,Tyfel Coffee,Greenville,Mock Chicken Sandwich,Breakfast Sandwiches,,1,,68000.00,,"August 23, 2026 08:48:05AM",DELIVERED
75632521,F-3331449065,4574,gofood,,Tyfel Coffee,Greenville,Risotto,Main Course,,1,,55000.00,,"August 23, 2026 08:48:05AM",DELIVERED
75632085,F-3331440536,7145,gofood,,American Breakfast Club,Kemang,"Burrito - Mock Beef, 2 Scrambled Eggs, Cheddar, Avocado, Tater Tots,",American Breakfast Burritos,,1,,68000.00,,"August 23, 2026 08:36:15AM",DELIVERED
75631678,F-3331430860,1263,gofood,,American Breakfast Club,Kemang,"Burrito - Mock Katsu, 2 Scrambled Eggs, Cheddar, Avocado, Tater Tots",American Breakfast Burritos,,1,,68000.00,,"August 23, 2026 08:22:08AM",DELIVERED
75631550,001820074888-C8DXKADKNP43GA,GF-328,GrabFood,,American Breakfast Club,Greenville,"Sandwich - 2 Scrambled Eggs Mock Beef, Cheddar Cheese  on a wavy brioche bun",American Breakfast Sandwiches,,1,,58000.00,,"August 23, 2026 08:21:21AM",DELIVERED
75630798,F-3331414058,5441,gofood,,American Breakfast Club,Kemang,"Burrito - 2 Scrambled Eggs, Cheddar, Avocado, Tater Tots",American Breakfast Burritos,,1,,43500.00,,"August 23, 2026 07:55:39AM",DELIVERED
75630798,F-3331414058,5441,gofood,,American Breakfast Club,Kemang,"Burrito - 2 Scrambled Eggs, Cheddar, Avocado, Tater Tots",American Breakfast Burritos,Chick Nugget,,1,,35000.00,"August 23, 2026 07:55:39AM",DELIVERED
75630795,0011758435-C8DXJ3MALF6CT2,GF-079,GrabFood,,American Breakfast Club,Greenville,"Sandwich - 2 Scrambled Eggs, Mock Chicken, Cheddar Cheese Mix, Brioche Bun",American Breakfast Sandwiches,,1,,58000.00,,"August 23, 2026 07:56:10AM",DELIVERED
75630598,00150997848-C8DXJ2E2SCD3NA,GF-560,GrabFood,,American Breakfast Club,Greenville,"2 Pancakes - Blueberries, Butter, Maple Syrup",American Breakfast Pancakes,,1,,58000.00,,"August 23, 2026 07:48:30AM",DELIVERED
75630598,00150997848-C8DXJ2E2SCD3NA,GF-560,GrabFood,,American Breakfast Club,Greenville,Cheese Omelette - Side Tater Tots,American Breakfast Omelettes,,1,,58000.00,,"August 23, 2026 07:48:30AM",DELIVERED
75630555,001196498901-C8DXJ2AWN8LBGJ,GF-277,GrabFood,,American Breakfast Club,Kemang,"Burrito - 2 Scrambled Eggs, Cheddar, Avocado, Tater Tots",American Breakfast Burritos,,1,,58000.00,,"August 23, 2026 07:47:03AM",DELIVERED
75630555,001196498901-C8DXJ2AWN8LBGJ,GF-277,GrabFood,,American Breakfast Club,Kemang,"Burrito - 2 Scrambled Eggs, Cheddar, Avocado, Tater Tots",American Breakfast Burritos,Tatter Tots,,1,,30000.00,"August 23, 2026 07:47:03AM",DELIVERED
75630555,001196498901-C8DXJ2AWN8LBGJ,GF-277,GrabFood,,American Breakfast Club,Kemang,"Burrito - 2 Scrambled Eggs, Cheddar, Avocado, Tater Tots",American Breakfast Burritos,,1,,58000.00,,"August 23, 2026 07:47:03AM",DELIVERED
75630555,001196498901-C8DXJ2AWN8LBGJ,GF-277,GrabFood,,American Breakfast Club,Kemang,"Burrito - Mock Chicken, 2 Scrambled Eggs, Cheddar, Avocado, Tater Tots",American Breakfast Burritos,,1,,68000.00,,"August 23, 2026 07:47:03AM",DELIVERED
75630555,001196498901-C8DXJ2AWN8LBGJ,GF-277,GrabFood,,American Breakfast Club,Kemang,"Burrito - Mock Chicken, 2 Scrambled Eggs, Cheddar, Avocado, Tater Tots",American Breakfast Burritos,Tatter Tots,,1,,30000.00,"August 23, 2026 07:47:03AM",DELIVERED
75630555,001196498901-C8DXJ2AWN8LBGJ,GF-277,GrabFood,,American Breakfast Club,Kemang,"Burrito - Mock Beef, 2 Scrambled Eggs, Cheddar, Avocado, Tater Tots,",American Breakfast Burritos,,1,,68000.00,,"August 23, 2026 07:47:03AM",DELIVERED
75629932,00130133211-C8DXJT6FA7DCG6,GF-593,GrabFood,,American Breakfast Club,Greenville,"2 Pancakes - Blueberries, Butter, Maple Syrup",American Breakfast Pancakes,,1,,58000.00,,"August 23, 2026 07:19:55AM",DELIVERED
75629932,00130133211-C8DXJT6FA7DCG6,GF-593,GrabFood,,American Breakfast Club,Greenville,Cheese Omelette - Side Tater Tots,American Breakfast Omelettes,,1,,58000.00,,"August 23, 2026 07:19:55AM",DELIVERED
75629932,00130133211-C8DXJT6FA7DCG6,GF-593,GrabFood,,American Breakfast Club,Greenville,"Mushroom Omelette - Mushrooms, Spinach, Side Tater Tots",American Breakfast Omelettes,,1,,68000.00,,"August 23, 2026 07:19:55AM",DELIVERED
75629551,001793917718-C8DXJLC2AEVBME,GF-139,GrabFood,,American Breakfast Club,Greenville,Cheese Omelette - Side Tater Tots,American Breakfast Omelettes,,1,,58000.00,,"August 23, 2026 07:01:46AM",DELIVERED
75629551,001793917718-C8DXJLC2AEVBME,GF-139,GrabFood,,American Breakfast Club,Greenville,Cheese Omelette - Side Tater Tots,American Breakfast Omelettes,Cutleries,,1,,1500.00,"August 23, 2026 07:01:46AM",DELIVERED
75629412,F-3331385218,3937,gofood,,American Breakfast Club,Greenville,"Burrito - 2 Scrambled Eggs, Cheddar, Avocado, Tater Tots",American Breakfast Burritos,,1,,46400.00,,"August 23, 2026 06:52:06AM",DELIVERED
75629290,F-3331382556,7816,gofood,,American Breakfast Club,Greenville,"Burrito - 2 Scrambled Eggs, Cheddar, Avocado, Tater Tots",American Breakfast Burritos,,4,,46400.00,,"August 23, 2026 06:43:29AM",DELIVERED
75629290,F-3331382556,7816,gofood,,American Breakfast Club,Greenville,Tater Tots With Truffle Oil,Sides,,1,,30400.00,,"August 23, 2026 06:43:29AM",DELIVERED
75629218,00136970141-C8DXJGDUTU4GC6,GF-082,GrabFood,,American Breakfast Club,Greenville,"Burrito - Mock Beef, 2 Scrambled Eggs, Cheddar, Avocado, Tater Tots,",American Breakfast Burritos,,4,,68000.00,,"August 23, 2026 06:39:30AM",DELIVERED
75628838,001098446527-C8DXJANETTDYAX,GF-728,GrabFood,,American Breakfast Club,Greenville,"Burrito - Mock Chicken, 2 Scrambled Eggs, Cheddar, Avocado, Tater Tots",American Breakfast Burritos,,1,,68000.00,,"August 23, 2026 06:10:13AM",DELIVERED
75627413,001002531698-C8DXFE61AVEULX,GF-736F,GrabFood,,American Breakfast Club,Greenville,"Burrito - 2 Scrambled Eggs, Cheddar, Avocado, Tater Tots",American Breakfast Burritos,,1,,58000.00,,"August 23, 2026 06:00:04AM",DELIVERED
75596708,001510258834-C8DWV6W2R8JXDE,GF-238F,GrabFood,,American Breakfast Club,Greenville,Cheese Omelette - Side Tater Tots,American Breakfast Omelettes,,1,,58000.00,,"August 23, 2026 07:30:02AM",DELIVERED
