Order ID,External ID,Short ID,Provider,Order Source,Brand,Branch,Menu Items,Menu Categories,Menu Modifiers,Status,Gross Order Value,Gross Order Value In Cents,Vat,Vat In Cents,Delivery Fee,Delivery Fee In Cents,Additional Fee,Additional Fee In Cents,Discount,Discount In Cents,Promo Code,Net Order Value,Net Order Value In Cents,Currency,Created At,Delivered At,Items Ordered,Unique Items Ordered,Order Type,Payment Method,Payment Channel,Payment Reference ID,Merchant Discount,Merchant Discount In Cents,Provider Discount,Provider Discount In Cents,Delivery Fee Discount,Delivery Fee Discount In Cents,Cancellation Reason,Cancelled By,Restaurant Service Fee,Restaurant Service Fee In Cents,Meal Preparation Time
76732058,001251062687-C8EGCUEHEEJAJ2,GF-905,GrabFood,,"""Herbox""",Greenville,"""1x Kung Paow Chick Vegan Vegetarian Ricebox, 2x Rica Rica Vegan Vegetarian Ricebox, 1x Teriyaki Vegan Vegetarian Ricebox""","""Ricebox""","""N/A""",DELIVERED,156000,15600000,0,0,0,0,0,0,31200,3120000,-,124800,12480000,IDR,"September 05, 2026 08:21:41PM","September 05, 2026 09:05:49PM",4,3,delivery,Other,Other,-,31200,3120000,0,0,0,0,-,-,0,0,11 min 54 sec
76730333,001705515401-C8EGCPNTDA6FEE,GF-834,GrabFood,,"""Herbox""",Greenville,"""1x Kung Paow Chick Vegan Vegetarian Ricebox""","""Ricebox""","""1x Vegan Chicken Nugget""",DELIVERED,74000,7400000,0,0,0,0,0,0,10800,1080000,-,63200,6320000,IDR,"September 05, 2026 08:06:40PM","September 05, 2026 08:49:58PM",1,1,delivery,Other,Other,-,10800,1080000,0,0,0,0,-,-,0,0,7 min 45 sec
76728202,F-3346912945,4585,gofood,,"""Tyfel Coffee""",Greenville,"""1x Mock Chicken Burrito, 1x Mock Beef Sandwich, 1x Chic Chunk - Vegan Plantbased, 1x Mozarella Stick""","""Breakfast Burritos,Breakfast Sandwiches,Lite Bites""","""N/A""",DELIVERED,204000,20400000,0,0,0,0,4000,400000,91800,9180000,-,166690,16669000,IDR,"September 05, 2026 07:48:08PM","September 05, 2026 08:28:44PM",4,4,delivery,N/A,N/A,-,41310,4131000,50490,5049000,0,0,-,-,0,0,N/A
76720365,001491565333-C8EGBB5KCGDCNJ,GF-306,GrabFood,,"""American Breakfast Club""",Greenville,"""1x Cheese Omelette - Side Tater Tots""","""American Breakfast Omelettes""","""N/A""",DELIVERED,58000,5800000,0,0,0,0,0,0,11700,1170000,-,46300,4630000,IDR,"September 05, 2026 06:46:19PM","September 05, 2026 07:19:02PM",1,1,delivery,Other,Other,-,11700,1170000,0,0,0,0,-,-,0,0,N/A
76717940,F-3346756221,1399,gofood,,"""Herbox""",Greenville,"""1x Lada Hitam Blackpepper Vegan Vegetarian Ricebox, 1x Beef Mentai Vegan Vegetarian Rice""","""Ricebox,Mentai Vegan""","""2x Sendok, Garpu, Tissue, Tusuk Gigi""",DELIVERED,81400,8140000,0,0,0,0,4000,400000,32600,3260000,-,70730,7073000,IDR,"September 05, 2026 06:18:09PM","September 05, 2026 06:39:27PM",2,2,delivery,N/A,N/A,-,14670,1467000,17930,1793000,0,0,-,-,0,0,N/A
76714261,001026295827-C8EGAYNVDGLBEN,GF-220,GrabFood,,"""American Breakfast Club""",Greenville,"""1x Burrito - 2 Scrambled Eggs, Cheddar, Avocado, Tater Tots""","""American Breakfast Burritos""","""N/A""",DELIVERED,58000,5800000,0,0,0,0,0,0,8700,870000,-,49300,4930000,IDR,"September 05, 2026 05:53:22PM","September 05, 2026 06:13:25PM",1,1,delivery,Other,Other,-,8700,870000,0,0,0,0,-,-,0,0,N/A
76711813,001449314186-C8EGAK6KCBKDTA,GF-614,GrabFood,,"""Tyfel Coffee""",Greenville,"""1x Chic Chunk - Vegan Plantbased, 1x Meatless Burger - Vegan Plantbased""","""Brunch,Lite Bites""","""N/A""",DELIVERED,83000,8300000,0,0,0,0,0,0,19600,1960000,-,63400,6340000,IDR,"September 05, 2026 05:30:57PM","September 05, 2026 05:59:48PM",2,2,delivery,Other,Other,-,19600,1960000,0,0,0,0,-,-,0,0,15 min 9 sec
76711597,00104248151-C8EGATJXJNB3PE,GF-668,GrabFood,,"""American Breakfast Club""",Greenville,"""1x Burrito - 2 Scrambled Eggs, Cheddar, Avocado, Tater Tots, 1x Burrito - Mock Chicken, 2 Scrambled Eggs, Cheddar, Avocado, Tater Tots""","""American Breakfast Burritos""","""1x Tatter Tots""",DELIVERED,156000,15600000,0,0,0,0,0,0,18900,1890000,-,137100,13710000,IDR,"September 05, 2026 05:28:44PM","September 05, 2026 05:51:08PM",2,2,delivery,Other,Other,-,18900,1890000,0,0,0,0,-,-,0,0,N/A
76711131,00173465129-C8EGAPE1NUUULN,GF-435,GrabFood,,"""Tyfel Coffee""",Greenville,"""1x Meatless Burger - Vegan Plantbased""","""Brunch""","""N/A""",DELIVERED,45000,4500000,0,0,0,0,0,0,12000,1200000,-,33000,3300000,IDR,"September 05, 2026 05:24:31PM","September 05, 2026 05:53:21PM",1,1,delivery,Other,Other,-,12000,1200000,0,0,0,0,-,-,0,0,N/A
76710656,00193981716-C8EGAPMWAZB2TN,GF-059,GrabFood,,"""People Pasta""",Greenville,"""1x Vegan Chicken Crispy Burger, 2x Meat-less Burger - Vegan""","""Meatless Burgers""","""N/A""",DELIVERED,147000,14700000,0,0,0,0,0,0,32400,3240000,-,114600,11460000,IDR,"September 05, 2026 05:19:43PM","September 05, 2026 06:06:02PM",3,2,delivery,Other,Other,-,32400,3240000,0,0,0,0,-,-,0,0,20 min 57 sec
76689356,001552305319-C8EFUENBKAAECJ,GF-933,GrabFood,,"""American Breakfast Club""",Greenville,"""1x Burrito - Mock Chicken, 2 Scrambled Eggs, Cheddar, Avocado, Tater Tots, 1x Sandwich - 2 Scrambled Eggs Mock Beef, Cheddar Cheese  on a wavy brioche bun""","""American Breakfast Burritos,American Breakfast Sandwiches""","""N/A""",DELIVERED,126000,12600000,0,0,0,0,0,0,21900,2190000,-,104100,10410000,IDR,"September 05, 2026 01:19:51PM","September 05, 2026 01:39:52PM",2,2,delivery,Other,Other,-,21900,2190000,0,0,0,0,-,-,0,0,N/A
76684780,00156576840-C8EFT2UXAKXETA,GF-108,GrabFood,,"""American Breakfast Club""",Greenville,"""1x Burrito - 2 Scrambled Eggs, Cheddar, Avocado, Tater Tots, 1x Burrito - Mock Beef, 2 Scrambled Eggs, Cheddar, Avocado, Tater Tots,, 1x 2 Pancakes - Butter, Maple Syrup""","""American Breakfast Burritos,American Breakfast Pancakes""","""N/A""",DELIVERED,174000,17400000,0,0,0,0,0,0,26100,2610000,-,147900,14790000,IDR,"September 05, 2026 12:33:16PM","September 05, 2026 01:11:01PM",3,3,delivery,Other,Other,-,26100,2610000,0,0,0,0,-,-,0,0,13 min 35 sec
76682662,001095038291-C8EFTXNKVCCANE,GF-942,GrabFood,,"""American Breakfast Club""",Greenville,"""1x Burrito - Mock Beef, 2 Scrambled Eggs, Cheddar, Avocado, Tater Tots,, 1x 2 Pancakes - Blueberries, Butter, Maple Syrup, 1x Cheese Omelette - Side Tater Tots""","""American Breakfast Burritos,American Breakfast Pancakes,American Breakfast Omelettes""","""N/A""",DELIVERED,184000,18400000,0,0,0,0,0,0,27600,2760000,-,156400,15640000,IDR,"September 05, 2026 12:13:22PM","September 05, 2026 12:42:29PM",3,3,delivery,Other,Other,-,27600,2760000,0,0,0,0,-,-,0,0,N/A
76681312,001167872934-C8EFTUBDNFVHTE,GF-780,GrabFood,,"""American Breakfast Club""",Kemang,"""2x Burrito - 2 Scrambled Eggs, Cheddar, Avocado, Tater Tots, 1x Sandwich - 2 Scrambled Eggs, Mock Chicken, Cheddar Cheese Mix, Brioche Bun""","""American Breakfast Sandwiches,American Breakfast Burritos""","""N/A""",DELIVERED,174000,17400000,0,0,0,0,0,0,34800,3480000,-,139200,13920000,IDR,"September 05, 2026 12:00:33PM","September 05, 2026 12:57:20PM",3,2,delivery,Other,Other,-,34800,3480000,0,0,0,0,-,-,0,0,N/A
76678225,001942683711-C8EFTKNHTRJJAN,GF-227,GrabFood,,"""American Breakfast Club""",Kemang,"""1x Sandwich - 2 Scrambled Eggs melty cheddar cheese on a wavy brioche bun""","""American Breakfast Sandwiches""","""N/A""",DELIVERED,45000,4500000,0,0,0,0,0,0,9000,900000,-,36000,3600000,IDR,"September 05, 2026 11:29:58AM","September 05, 2026 12:16:14PM",1,1,delivery,Other,Other,-,9000,900000,0,0,0,0,-,-,0,0,21 min 59 sec
76677822,F-3346183697,7712,gofood,,"""American Breakfast Club""",Kemang,"""1x Burrito - 2 Scrambled Eggs, Cheddar, Avocado, Tater Tots""","""American Breakfast Burritos""","""1x Truffle Home Fries""",DELIVERED,98000,9800000,0,0,0,0,4000,400000,0,0,-,102000,10200000,IDR,"September 05, 2026 11:25:16AM","September 05, 2026 11:56:48AM",1,1,delivery,N/A,N/A,-,0,0,0,0,0,0,-,-,0,0,N/A
76676393,001610763246-C8EFTFEVDFKXUE,GF-040,GrabFood,,"""American Breakfast Club""",Kemang,"""1x Sandwich - 2 Scrambled Eggs Mock Beef, Cheddar Cheese  on a wavy brioche bun""","""American Breakfast Sandwiches""","""N/A""",DELIVERED,58000,5800000,0,0,0,0,0,0,11600,1160000,-,46400,4640000,IDR,"September 05, 2026 11:11:42AM","September 05, 2026 11:50:24AM",1,1,delivery,Other,Other,-,11600,1160000,0,0,0,0,-,-,0,0,N/A
76676154,001841160957-C8EFTE3XKBEALA,GF-237,GrabFood,,"""American Breakfast Club""",Kemang,"""1x Mushroom Omelette - Mushrooms, Spinach, Side Tater Tots""","""American Breakfast Omelettes""","""N/A""",DELIVERED,68000,6800000,0,0,0,0,0,0,13600,1360000,-,54400,5440000,IDR,"September 05, 2026 11:09:06AM","September 05, 2026 11:34:28AM",1,1,delivery,Other,Other,-,13600,1360000,0,0,0,0,-,-,0,0,N/A
76675334,0014286864-C8EFTBXWNGDATA,GF-192,GrabFood,,"""Herbox""",Greenville,"""1x Lada Hitam Blackpepper Vegan Vegetarian Ricebox, 1x Rica Rica Vegan Vegetarian Ricebox, 1x Kung Paow Chick Vegan Vegetarian Ricebox, 1x Teriyaki Vegan Vegetarian Ricebox""","""Ricebox""","""N/A""",DELIVERED,156000,15600000,0,0,0,0,0,0,34200,3420000,-,121800,12180000,IDR,"September 05, 2026 11:00:16AM","September 05, 2026 11:49:05AM",4,4,delivery,Other,Other,-,34200,3420000,0,0,0,0,-,-,0,0,N/A
76674959,F-3346134380,6517,gofood,,"""American Breakfast Club""",Kemang,"""2x Burrito - Mock Beef, 2 Scrambled Eggs, Cheddar, Avocado, Tater Tots,, 1x Burrito - 2 Scrambled Eggs, Cheddar, Avocado, Tater Tots""","""American Breakfast Burritos""","""N/A""",DELIVERED,194000,19400000,0,0,0,0,4000,400000,96000,9600000,-,159300,15930000,IDR,"September 05, 2026 10:55:35AM","September 05, 2026 11:34:05AM",3,2,delivery,N/A,N/A,-,38700,3870000,57300,5730000,0,0,-,-,0,0,N/A
76674825,0014342976-C8EFTBDCAX2TJX,GF-434,GrabFood,,"""American Breakfast Club""",Kemang,"""2x Burrito - Mock Beef, 2 Scrambled Eggs, Cheddar, Avocado, Tater Tots,""","""American Breakfast Burritos""","""N/A""",DELIVERED,136000,13600000,0,0,0,0,0,0,0,0,-,136000,13600000,IDR,"September 05, 2026 10:54:31AM","September 05, 2026 11:48:21AM",2,1,delivery,Other,Other,-,0,0,0,0,0,0,-,-,0,0,N/A
76674817,00179940261-C8EFTBCZUCDBNX,GF-520,GrabFood,,"""People Pasta""",Greenville,"""1x Tattert Tots, 1x Chicken Nugget - Vegan""","""N/A""","""N/A""",DELIVERED,63000,6300000,0,0,0,0,0,0,15600,1560000,-,47400,4740000,IDR,"September 05, 2026 10:54:26AM","September 05, 2026 11:25:21AM",2,2,delivery,Other,Other,-,15600,1560000,0,0,0,0,-,-,0,0,17 min 53 sec
76674521,F-3346124695,4732,gofood,,"""Herbox""",Greenville,"""4x Nasi Goreng Bintang Kuning Vegan Vegetarian""","""Nasi Goreng Special""","""4x Sendok, Garpu, Tissue, Tusuk Gigi""",DELIVERED,118000,11800000,0,0,0,0,4000,400000,0,0,-,122000,12200000,IDR,"September 05, 2026 10:49:00AM","September 05, 2026 11:18:11AM",4,1,delivery,N/A,N/A,-,0,0,0,0,0,0,-,-,0,0,N/A
76673739,F-3346114307,4761,gofood,,"""American Breakfast Club""",Kemang,"""1x Burrito - Mock Beef, 2 Scrambled Eggs, Cheddar, Avocado, Tater Tots,""","""American Breakfast Burritos""","""N/A""",DELIVERED,68000,6800000,0,0,0,0,4000,400000,30400,3040000,-,62820,6282000,IDR,"September 05, 2026 10:41:53AM","September 05, 2026 11:13:15AM",1,1,delivery,N/A,N/A,-,9180,918000,21220,2122000,0,0,-,-,0,0,N/A
76673693,F-3346113507,2823,gofood,,"""American Breakfast Club""",Kemang,"""2x Cheese Omelette - Side Tater Tots, 2x Burrito - Mock Katsu, 2 Scrambled Eggs, Cheddar, Avocado, Tater Tots""","""American Breakfast Omelettes,American Breakfast Burritos""","""4x Cutleries""",DELIVERED,254400,25440000,0,0,0,0,4000,400000,0,0,-,258400,25840000,IDR,"September 05, 2026 10:41:19AM","September 05, 2026 11:31:41AM",4,2,delivery,N/A,N/A,-,0,0,0,0,0,0,-,-,0,0,N/A
76673533,00149133769-C8EFSFNJAPKEPE,GF-603,GrabFood,,"""American Breakfast Club""",Kemang,"""1x Burrito - Mock Chicken, 2 Scrambled Eggs, Cheddar, Avocado, Tater Tots""","""American Breakfast Burritos""","""N/A""",DELIVERED,68000,6800000,0,0,0,0,0,0,0,0,-,68000,6800000,IDR,"September 05, 2026 10:40:00AM","September 05, 2026 11:45:14AM",1,1,delivery,Other,Other,-,0,0,0,0,0,0,-,-,0,0,N/A
76673108,001657255758-C8EFSEWYGJVBNN,GF-962,GrabFood,,"""American Breakfast Club""",Kemang,"""1x Cheese Omelette - Side Tater Tots""","""American Breakfast Omelettes""","""N/A""",DELIVERED,58000,5800000,0,0,0,0,0,0,11600,1160000,-,46400,4640000,IDR,"September 05, 2026 10:34:48AM","September 05, 2026 11:26:35AM",1,1,delivery,Other,Other,-,11600,1160000,0,0,0,0,-,-,0,0,N/A
76671224,00106472435-C8EFR8BDCNNZSE,GF-951,GrabFood,,"""American Breakfast Club""",Kemang,"""1x Burrito - 2 Scrambled Eggs, Cheddar, Avocado, Tater Tots""","""American Breakfast Burritos""","""N/A""",DELIVERED,58000,5800000,0,0,0,0,0,0,11600,1160000,-,46400,4640000,IDR,"September 05, 2026 10:10:33AM","September 05, 2026 10:51:31AM",1,1,delivery,Other,Other,-,11600,1160000,0,0,0,0,-,-,0,0,N/A
76670523,00133995984-C8EFR6WDJFBCRT,GF-482,GrabFood,,"""American Breakfast Club""",Kemang,"""1x Burrito - 2 Scrambled Eggs, Cheddar, Avocado, Tater Tots""","""American Breakfast Burritos""","""N/A""",DELIVERED,58000,5800000,0,0,0,0,0,0,11600,1160000,-,46400,4640000,IDR,"September 05, 2026 10:01:24AM","September 05, 2026 10:26:05AM",1,1,delivery,Other,Other,-,11600,1160000,0,0,0,0,-,-,0,0,N/A
76670263,F-3346039032,6215,gofood,,"""American Breakfast Club""",Greenville,"""1x Burrito - 2 Scrambled Eggs, Cheddar, Avocado, Tater Tots, 1x Tater Tots With Truffle Oil, 1x Burrito - Mock Chicken, 2 Scrambled Eggs, Cheddar, Avocado, Tater Tots""","""American Breakfast Burritos,Sides""","""N/A""",DELIVERED,131200,13120000,0,0,0,0,4000,400000,59100,5910000,-,108605,10860500,IDR,"September 05, 2026 09:39:15AM","September 05, 2026 10:36:06AM",3,3,delivery,N/A,N/A,-,26595,2659500,32505,3250500,0,0,-,-,0,0,N/A
76670170,001891945893-C8EFR4LTV7VEE6,GF-119,GrabFood,,"""American Breakfast Club""",Greenville,"""1x Sandwich - 2 Scrambled Eggs Mock Beef, Cheddar Cheese  on a wavy brioche bun""","""American Breakfast Sandwiches""","""1x Tatter Tots""",DELIVERED,88000,8800000,0,0,0,0,0,0,11700,1170000,-,76300,7630000,IDR,"September 05, 2026 09:56:04AM","September 05, 2026 10:17:05AM",1,1,delivery,Other,Other,-,11700,1170000,0,0,0,0,-,-,0,0,13 min 1 sec
76669999,F-3346048384,7244,gofood,,"""American Breakfast Club""",Kemang,"""1x Burrito - Mock Katsu, 2 Scrambled Eggs, Cheddar, Avocado, Tater Tots""","""American Breakfast Burritos""","""1x Home Fries""",DELIVERED,98000,9800000,0,0,0,0,4000,400000,54100,5410000,-,82155,8215500,IDR,"September 05, 2026 09:48:59AM","September 05, 2026 10:21:31AM",1,1,delivery,N/A,N/A,-,19845,1984500,34255,3425500,0,0,-,-,0,0,N/A
76669586,001199368655-C8EFR233RJB2EA,GF-969,GrabFood,,"""American Breakfast Club""",Greenville,"""1x Cheese Omelette - Side Tater Tots""","""American Breakfast Omelettes""","""N/A""",DELIVERED,58000,5800000,0,0,0,0,0,0,11700,1170000,-,46300,4630000,IDR,"September 05, 2026 09:45:49AM","September 05, 2026 10:10:04AM",1,1,delivery,Other,Other,-,11700,1170000,0,0,0,0,-,-,0,0,N/A
76669502,F-3346043389,6864,gofood,,"""American Breakfast Club""",Kemang,"""1x Sandwich - 2 Scrambled Eggs, Mock Fish, Cheddar Cheese, Mix, Brioche Bun, 1x Burrito - 2 Scrambled Eggs, Cheddar, Avocado, Tater Tots""","""American Breakfast Sandwiches,American Breakfast Burritos""","""2x Cutleries, 1x Home Fries""",DELIVERED,147200,14720000,0,0,0,0,4000,400000,76300,7630000,-,121365,12136500,IDR,"September 05, 2026 09:43:52AM","September 05, 2026 10:04:07AM",2,2,delivery,N/A,N/A,-,29835,2983500,46465,4646500,0,0,-,-,0,0,N/A
76668959,001870330796-C8EFRYXCKF3JA6,GF-365,GrabFood,,"""American Breakfast Club""",Greenville,"""2x Burrito - 2 Scrambled Eggs, Cheddar, Avocado, Tater Tots""","""American Breakfast Burritos""","""N/A""",DELIVERED,116000,11600000,0,0,0,0,0,0,20400,2040000,-,95600,9560000,IDR,"September 05, 2026 09:34:53AM","September 05, 2026 10:09:43AM",2,1,delivery,Other,Other,-,20400,2040000,0,0,0,0,-,-,0,0,13 min 28 sec
76668380,00178824022-C8EFRXAKN3WWL6,GF-503,GrabFood,,"""American Breakfast Club""",Kemang,"""1x Mushroom Omelette - Mushrooms, Spinach, Side Tater Tots, 1x Cutleries""","""American Breakfast Omelettes""","""1x Cutleries""",DELIVERED,69200,6920000,0,0,0,0,0,0,13600,1360000,-,55600,5560000,IDR,"September 05, 2026 09:23:39AM","September 05, 2026 10:04:23AM",2,2,delivery,Other,Other,-,13600,1360000,0,0,0,0,-,-,0,0,N/A
76668363,00120500422-C8EFRVNUA8MFE2,GF-343,GrabFood,,"""American Breakfast Club""",Greenville,"""1x Burrito - Mock Beef, 2 Scrambled Eggs, Cheddar, Avocado, Tater Tots,""","""American Breakfast Burritos""","""N/A""",DELIVERED,68000,6800000,0,0,13000,1300000,0,0,48320,4832000,-,57800,5780000,IDR,"September 05, 2026 09:23:20AM","September 05, 2026 10:11:06AM",1,1,delivery,Cash,Cash,-,10200,1020000,38120,3812000,0,0,-,-,0,0,12 min 32 sec
76668068,001326252813-C8EFRUV3JBWGVT,GF-225,GrabFood,,"""American Breakfast Club""",Greenville,"""1x 2 Pancakes - Butter, Maple Syrup, 1x 2 Pancakes - Blueberries, Butter, Maple Syrup, 1x 2 Pancakes - Chocolate Chips, Butter, Maple Syrup""","""American Breakfast Pancakes""","""N/A""",DELIVERED,164000,16400000,0,0,0,0,0,0,24600,2460000,-,139400,13940000,IDR,"September 05, 2026 09:17:50AM","September 05, 2026 10:07:55AM",3,3,delivery,Other,Other,-,24600,2460000,0,0,0,0,-,-,0,0,N/A
76667252,001306347216-C8EFRPVZJ3JJHE,GF-881,GrabFood,,"""Herbox""",Greenville,"""1x Pesmol Vegan Vegetarian Ricebox, 1x Teriyaki Vegan Vegetarian Ricebox""","""Ricebox""","""N/A""",DELIVERED,78000,7800000,0,0,28000,2800000,0,0,40440,4044000,-,59400,5940000,IDR,"September 05, 2026 09:01:06AM","September 05, 2026 09:56:22AM",2,2,delivery,Cash,Cash,-,18600,1860000,21840,2184000,0,0,-,-,0,0,13 min 22 sec
76667249,00126572192-C8EFRPVWL3C3LX,GF-243,GrabFood,,"""American Breakfast Club""",Kemang,"""1x Cheese Omelette - Side Tater Tots""","""American Breakfast Omelettes""","""N/A""",DELIVERED,58000,5800000,0,0,0,0,0,0,11600,1160000,-,46400,4640000,IDR,"September 05, 2026 09:01:03AM","September 05, 2026 09:35:09AM",1,1,delivery,Other,Other,-,11600,1160000,0,0,0,0,-,-,0,0,N/A
76667160,0016692421-C8EFRPKKAAJBGN,GF-472,GrabFood,,"""People Pasta""",Greenville,"""1x Meat-less Burger - Vegan""","""Meatless Burgers""","""N/A""",DELIVERED,49000,4900000,0,0,0,0,0,0,12800,1280000,-,36200,3620000,IDR,"September 05, 2026 08:58:58AM","September 05, 2026 09:37:27AM",1,1,delivery,Other,Other,-,12800,1280000,0,0,0,0,-,-,0,0,15 min 26 sec
76666602,F-3345987950,4417,gofood,,"""American Breakfast Club""",Kemang,"""1x 2 Pancakes - Butter, Maple Syrup, 2x Burrito - 2 Scrambled Eggs, Cheddar, Avocado, Tater Tots, 1x Tater Tots""","""American Breakfast Burritos,Sides,American Breakfast Pancakes""","""N/A""",DELIVERED,192000,19200000,0,0,0,0,4000,400000,96000,9600000,-,157300,15730000,IDR,"September 05, 2026 08:37:18AM","September 05, 2026 09:23:01AM",4,3,delivery,N/A,N/A,-,38700,3870000,57300,5730000,0,0,-,-,0,0,N/A
76666554,00116581875-C8EFRKTEV2EHNA,GF-340,GrabFood,,"""LA Breakfast Club""",Greenville,"""1x Mock Chicken Burrito""","""LA Breakfast Burritos""","""N/A""",DELIVERED,86000,8600000,0,0,0,0,0,0,21500,2150000,-,64500,6450000,IDR,"September 05, 2026 08:43:36AM","September 05, 2026 09:08:11AM",1,1,delivery,Other,Other,-,21500,2150000,0,0,0,0,-,-,0,0,9 min 42 sec
76666387,F-3345975476,5315,gofood,,"""American Breakfast Club""",Kemang,"""1x Cheese Omelette - Side Tater Tots, 1x Tater Tots""","""American Breakfast Omelettes,Sides""","""N/A""",DELIVERED,86000,8600000,0,0,0,0,4000,400000,38700,3870000,-,72585,7258500,IDR,"September 05, 2026 08:18:29AM","September 05, 2026 09:12:13AM",2,2,delivery,N/A,N/A,-,17415,1741500,21285,2128500,0,0,-,-,0,0,N/A
76666126,F-3345982573,6376,gofood,,"""People Pasta""",Greenville,"""1x Meat-less Burger - Vegan""","""Meatless Burgers""","""1x Truffle Tatter Tots""",DELIVERED,81000,8100000,0,0,0,0,4000,400000,46500,4650000,-,68575,6857500,IDR,"September 05, 2026 08:29:21AM","September 05, 2026 08:45:10AM",1,1,delivery,N/A,N/A,-,16425,1642500,30075,3007500,0,0,-,-,0,0,N/A
76665994,F-3345973431,7174,gofood,,"""American Breakfast Club""",Kemang,"""1x Sandwich - 2 Scrambled Eggs, Mock Chicken, Cheddar Cheese Mix, Brioche Bun, 1x 2 Pancakes - Blueberries, Butter, Maple Syrup, 1x Cheese Omelette - Side Tater Tots, 1x Mushroom Omelette - Mushrooms, Spinach, Side Tater Tots""","""American Breakfast Pancakes,American Breakfast Omelettes,American Breakfast Sandwiches""","""1x Home Fries""",DELIVERED,272000,27200000,0,0,0,0,4000,400000,96000,9600000,-,237300,23730000,IDR,"September 05, 2026 08:15:20AM","September 05, 2026 09:01:00AM",4,4,delivery,N/A,N/A,-,38700,3870000,57300,5730000,0,0,-,-,0,0,N/A
76665876,0015921058-C8EFRE6GVBKDN6,GF-541,GrabFood,,"""American Breakfast Club""",Kemang,"""1x 2 Pancakes - Blueberries, Butter, Maple Syrup, 1x Mushroom Omelette - Mushrooms, Spinach, Side Tater Tots""","""American Breakfast Pancakes,American Breakfast Omelettes""","""N/A""",DELIVERED,126000,12600000,0,0,0,0,0,0,25200,2520000,-,100800,10080000,IDR,"September 05, 2026 08:23:17AM","September 05, 2026 09:22:45AM",2,2,delivery,Other,Other,-,25200,2520000,0,0,0,0,-,-,0,0,N/A
76665870,001013631807-C8EFRE5UJY3KGJ,GF-398,GrabFood,,"""American Breakfast Club""",Greenville,"""1x Burrito - Mock Fish, 2 Scrambled Eggs, Cheddar, Avocado, Tater Tots,, 1x 2 Pancakes - Blueberries, Butter, Maple Syrup""","""American Breakfast Burritos,American Breakfast Pancakes""","""N/A""",DELIVERED,126000,12600000,0,0,0,0,0,0,18900,1890000,-,107100,10710000,IDR,"September 05, 2026 08:23:02AM","September 05, 2026 08:44:50AM",2,2,delivery,Other,Other,-,18900,1890000,0,0,0,0,-,-,0,0,N/A
76665669,00118653139-C8EFRCLZVJ4KCT,GF-307,GrabFood,,"""American Breakfast Club""",Greenville,"""1x Burrito - Mock Beef, 2 Scrambled Eggs, Cheddar, Avocado, Tater Tots,""","""American Breakfast Burritos""","""N/A""",DELIVERED,68000,6800000,0,0,0,0,0,0,10200,1020000,-,57800,5780000,IDR,"September 05, 2026 08:16:08AM","September 05, 2026 08:35:57AM",1,1,delivery,Other,Other,-,10200,1020000,0,0,0,0,-,-,0,0,N/A
76665633,001220948000-C8EFRCEXTLLTTA,GF-403,GrabFood,,"""American Breakfast Club""",Kemang,"""1x Burrito - Mock Chicken, 2 Scrambled Eggs, Cheddar, Avocado, Tater Tots, 1x Cheese Omelette - Side Tater Tots""","""American Breakfast Burritos,American Breakfast Omelettes""","""N/A""",DELIVERED,126000,12600000,0,0,0,0,0,0,11600,1160000,-,114400,11440000,IDR,"September 05, 2026 08:15:07AM","September 05, 2026 08:49:19AM",2,2,delivery,Other,Other,-,11600,1160000,0,0,0,0,-,-,0,0,N/A
76665592,001700901402-C8EFRCAXNUUWKA,GF-359,GrabFood,,"""American Breakfast Club""",Kemang,"""2x Cheese Omelette - Side Tater Tots, 1x Burrito - 2 Scrambled Eggs, Cheddar, Avocado, Tater Tots""","""American Breakfast Omelettes,American Breakfast Burritos""","""2x Cutleries""",DELIVERED,175200,17520000,0,0,0,0,0,0,34800,3480000,-,140400,14040000,IDR,"September 05, 2026 08:13:44AM","September 05, 2026 08:49:06AM",3,2,delivery,Other,Other,-,34800,3480000,0,0,0,0,-,-,0,0,N/A
76665408,00154074872-C8EFRBBCR8KGA2,GF-653,GrabFood,,"""American Breakfast Club""",Greenville,"""1x Burrito - Mock Chicken, 2 Scrambled Eggs, Cheddar, Avocado, Tater Tots, 1x Cheese Omelette - Side Tater Tots""","""American Breakfast Burritos,American Breakfast Omelettes""","""N/A""",DELIVERED,126000,12600000,0,0,0,0,0,0,18900,1890000,-,107100,10710000,IDR,"September 05, 2026 08:07:13AM","September 05, 2026 08:25:06AM",2,2,delivery,Other,Other,-,18900,1890000,0,0,0,0,-,-,0,0,N/A
76665361,001358199089-C8EFRA4GNNVEJN,GF-666,GrabFood,,"""People Pasta""",Greenville,"""1x Chicken Nugget - Vegan, 1x Vegan Chicken Crispy Burger""","""Meatless Burgers""","""N/A""",DELIVERED,84000,8400000,0,0,0,0,0,0,33912,3391200,-,50088,5008800,IDR,"September 05, 2026 08:06:03AM","September 05, 2026 08:31:33AM",2,2,delivery,Other,Other,-,33912,3391200,0,0,0,0,-,-,0,0,N/A
76665169,00160573816-C8EFPGKUAPBJGA,GF-018,GrabFood,,"""American Breakfast Club""",Kemang,"""1x Burrito - Mock Fish, 2 Scrambled Eggs, Cheddar, Avocado, Tater Tots,""","""American Breakfast Burritos""","""N/A""",DELIVERED,68000,6800000,0,0,0,0,0,0,13600,1360000,-,54400,5440000,IDR,"September 05, 2026 07:59:02AM","September 05, 2026 08:51:19AM",1,1,delivery,Other,Other,-,13600,1360000,0,0,0,0,-,-,0,0,N/A
76665056,F-3345961319,3155,gofood,,"""American Breakfast Club""",Greenville,"""1x Burrito - 2 Scrambled Eggs, Cheddar, Avocado, Tater Tots, 1x 2 Pancakes - Chocolate Chips, Butter, Maple Syrup""","""American Breakfast Pancakes,American Breakfast Burritos""","""1x Cutleries""",DELIVERED,94300,9430000,0,0,0,0,4000,400000,0,0,-,98300,9830000,IDR,"September 05, 2026 07:54:56AM","September 05, 2026 08:18:22AM",2,2,delivery,N/A,N/A,-,0,0,0,0,0,0,-,-,0,0,N/A
76664828,F-3345955984,4781,gofood,,"""American Breakfast Club""",Greenville,"""1x Burrito - Mock Beef, 2 Scrambled Eggs, Cheddar, Avocado, Tater Tots,, 1x 2 Pancakes - Blueberries, Butter, Maple Syrup""","""American Breakfast Burritos,American Breakfast Pancakes""","""N/A""",DELIVERED,100800,10080000,0,0,0,0,4000,400000,30300,3030000,-,91165,9116500,IDR,"September 05, 2026 07:44:40AM","September 05, 2026 08:09:14AM",2,2,delivery,N/A,N/A,-,13635,1363500,16665,1666500,0,0,-,-,0,0,N/A
76644937,F-3345715656,7788,gofood,,"""Herbox""",Greenville,"""1x Vegan Chickin Nugget, 1x Beef  wrap Vegan Herbox""","""Wrap Series,Sides""","""1x Tattertots""",DELIVERED,104200,10420000,0,0,0,0,4000,400000,46900,4690000,-,87095,8709500,IDR,"September 04, 2026 08:11:41PM","September 04, 2026 08:31:04PM",2,2,delivery,N/A,N/A,-,21105,2110500,25795,2579500,0,0,-,-,0,0,N/A
76640688,0016678513-C8EFEX4HFA3HAT,GF-956,GrabFood,,"""People Pasta""",Greenville,"""1x Chicken Nugget - Vegan, 1x Cacio e Pepe - Vegetarian - Plantbased""","""Signature Pasta""","""1x Spaghetti""",DELIVERED,78000,7800000,0,0,0,0,0,0,28704,2870400,-,49296,4929600,IDR,"September 04, 2026 07:35:57PM","September 04, 2026 08:15:53PM",2,2,delivery,Other,Other,-,28704,2870400,0,0,0,0,-,-,0,0,11 min 52 sec
76632654,001575652560-C8EFEEVBL6LAGJ,GF-885,GrabFood,,"""People Pasta""",Greenville,"""1x Vegan Chicken Crispy Burger, 1x Meat-less Burger - Vegan, 1x Cacio e Pepe - Vegetarian - Plantbased, 1x Truffle Tatter Tots""","""Meatless Burgers,Signature Pasta""","""1x Spaghetti""",DELIVERED,173000,17300000,0,0,0,0,0,0,34600,3460000,-,138400,13840000,IDR,"September 04, 2026 06:27:31PM","September 04, 2026 07:17:45PM",4,4,delivery,Other,Other,-,34600,3460000,0,0,0,0,-,-,0,0,25 min 1 sec
76627347,00186868485-C8EFDAUETU3JLX,GF-686,GrabFood,,"""Herbox""",Greenville,"""1x Kung Paow Chick Vegan Vegetarian Ricebox""","""Ricebox""","""N/A""",DELIVERED,39000,3900000,0,0,0,0,0,0,9800,980000,-,29200,2920000,IDR,"September 04, 2026 05:37:14PM","September 04, 2026 05:58:14PM",1,1,delivery,Other,Other,-,9800,980000,0,0,0,0,-,-,0,0,7 min 1 sec
76626248,F-3345460575,4666,gofood,,"""Herbox""",Greenville,"""1x Nasi Goreng Bintang Kuning Vegan Vegetarian, 1x Katsu Chickin Vegan Vegetarian Ricebox, 1x katsu burger vegan""","""Nasi Goreng Special,Ricebox,Vegan Burger""","""N/A""",DELIVERED,106400,10640000,0,0,0,0,4000,400000,47900,4790000,-,88845,8884500,IDR,"September 04, 2026 05:25:51PM","September 04, 2026 06:06:37PM",3,3,delivery,N/A,N/A,-,21555,2155500,26345,2634500,0,0,-,-,0,0,N/A
76607622,00149063783-C8EFAPUKVKBWC2,GF-082,GrabFood,,"""American Breakfast Club""",Greenville,"""1x Burrito - Mock Fish, 2 Scrambled Eggs, Cheddar, Avocado, Tater Tots,""","""American Breakfast Burritos""","""N/A""",DELIVERED,68000,6800000,0,0,0,0,0,0,10200,1020000,-,57800,5780000,IDR,"September 04, 2026 01:34:01PM","September 04, 2026 02:06:01PM",1,1,delivery,Other,Other,-,10200,1020000,0,0,0,0,-,-,0,0,14 min 51 sec
76606641,0011154451-C8EFALLEJUDELA,GF-103,GrabFood,,"""Herbox""",Greenville,"""1x Rica Rica Vegan Vegetarian Ricebox""","""Ricebox""","""N/A""",DELIVERED,39000,3900000,0,0,0,0,0,0,10800,1080000,-,28200,2820000,IDR,"September 04, 2026 01:22:34PM","September 04, 2026 02:01:55PM",1,1,delivery,Other,Other,-,10800,1080000,0,0,0,0,-,-,0,0,7 min 39 sec
76605572,00159382004-C8EFAJTZN7AAWE,GF-670,GrabFood,,"""American Breakfast Club""",Kemang,"""1x Burrito - 2 Scrambled Eggs, Cheddar, Avocado, Tater Tots""","""American Breakfast Burritos""","""N/A""",DELIVERED,58000,5800000,0,0,0,0,0,0,11600,1160000,-,46400,4640000,IDR,"September 04, 2026 01:10:28PM","September 04, 2026 01:35:45PM",1,1,delivery,Other,Other,-,11600,1160000,0,0,0,0,-,-,0,0,N/A
76597431,F-3345035996,1142,gofood,,"""Herbox""",Greenville,"""1x Fish Burger Vegan, 1x Vegan Chickin Nugget""","""Vegan Burger,Sides""","""N/A""",DELIVERED,79200,7920000,0,0,0,0,4000,400000,35700,3570000,-,67135,6713500,IDR,"September 04, 2026 11:38:03AM","September 04, 2026 12:33:29PM",2,2,delivery,N/A,N/A,-,16065,1606500,19635,1963500,0,0,-,-,0,0,32 min 3 sec
76593948,0013596113-C8EEVUC2TLDFNE,GF-266,GrabFood,,"""American Breakfast Club""",Kemang,"""1x Burrito - 2 Scrambled Eggs, Cheddar, Avocado, Tater Tots""","""American Breakfast Burritos""","""N/A""",DELIVERED,58000,5800000,0,0,0,0,0,0,11600,1160000,-,46400,4640000,IDR,"September 04, 2026 11:01:08AM","September 04, 2026 11:54:39AM",1,1,delivery,Other,Other,-,11600,1160000,0,0,0,0,-,-,0,0,N/A
76592825,00153805138-C8EEVP3ARNNZJE,GF-137,GrabFood,,"""American Breakfast Club""",Kemang,"""1x Burrito - 2 Scrambled Eggs, Cheddar, Avocado, Tater Tots""","""American Breakfast Burritos""","""N/A""",DELIVERED,58000,5800000,0,0,0,0,0,0,11600,1160000,-,46400,4640000,IDR,"September 04, 2026 10:48:50AM","September 04, 2026 11:33:01AM",1,1,delivery,Other,Other,-,11600,1160000,0,0,0,0,-,-,0,0,N/A
76590178,001636141978-C8EEVGKTMFWCJT,GF-052,GrabFood,,"""American Breakfast Club""",Kemang,"""1x Burrito - Mock Beef, 2 Scrambled Eggs, Cheddar, Avocado, Tater Tots,""","""American Breakfast Burritos""","""N/A""",DELIVERED,68000,6800000,0,0,0,0,0,0,0,0,-,68000,6800000,IDR,"September 04, 2026 10:19:04AM","September 04, 2026 11:10:47AM",1,1,delivery,Other,Other,-,0,0,0,0,0,0,-,-,0,0,N/A
76588654,00157623375-C8EEVB2UGT3TNE,GF-554,GrabFood,,"""American Breakfast Club""",Kemang,"""1x Burrito - 2 Scrambled Eggs, Cheddar, Avocado, Tater Tots""","""American Breakfast Burritos""","""N/A""",DELIVERED,58000,5800000,0,0,0,0,0,0,11600,1160000,-,46400,4640000,IDR,"September 04, 2026 09:58:52AM","September 04, 2026 10:36:56AM",1,1,delivery,Other,Other,-,11600,1160000,0,0,0,0,-,-,0,0,N/A
76588580,F-3344895700,9836,gofood,,"""American Breakfast Club""",Greenville,"""1x Cheese Omelette - Side Tater Tots, 1x Burrito - 2 Scrambled Eggs, Cheddar, Avocado, Tater Tots""","""American Breakfast Omelettes,American Breakfast Burritos""","""1x Tatter Tots""",DELIVERED,122800,12280000,0,0,0,0,4000,400000,65300,6530000,-,101915,10191500,IDR,"September 04, 2026 09:57:05AM","September 04, 2026 10:32:56AM",2,2,delivery,N/A,N/A,-,24885,2488500,40415,4041500,0,0,-,-,0,0,N/A
76587973,F-3344886346,1684,gofood,,"""American Breakfast Club""",Kemang,"""1x Burrito - 2 Scrambled Eggs, Cheddar, Avocado, Tater Tots""","""American Breakfast Burritos""","""1x Tatter Tots""",DELIVERED,88000,8800000,0,0,0,0,4000,400000,0,0,-,92000,9200000,IDR,"September 04, 2026 09:46:41AM","September 04, 2026 10:24:25AM",1,1,delivery,N/A,N/A,-,0,0,0,0,0,0,-,-,0,0,N/A
76587600,0019128498-C8EEUFNUTJTFGN,GF-575,GrabFood,,"""American Breakfast Club""",Kemang,"""1x Tater Tots, 1x 2 Pancakes - Butter, Maple Syrup, 1x Burrito - Mock Beef, 2 Scrambled Eggs, Cheddar, Avocado, Tater Tots,""","""Sides,American Breakfast Pancakes,American Breakfast Burritos""","""N/A""",DELIVERED,154000,15400000,0,0,0,0,0,0,9600,960000,-,144400,14440000,IDR,"September 04, 2026 09:40:02AM","September 04, 2026 10:23:49AM",3,3,delivery,Other,Other,-,9600,960000,0,0,0,0,-,-,0,0,N/A
76585805,001978893233-C8EET7CAGX4ZRT,GF-657,GrabFood,,"""American Breakfast Club""",Greenville,"""1x Burrito - 2 Scrambled Eggs, Cheddar, Avocado, Tater Tots""","""American Breakfast Burritos""","""N/A""",DELIVERED,58000,5800000,0,0,0,0,0,0,8700,870000,-,49300,4930000,IDR,"September 04, 2026 09:04:11AM","September 04, 2026 09:33:24AM",1,1,delivery,Other,Other,-,8700,870000,0,0,0,0,-,-,0,0,N/A
76585748,00114693305-C8EET64FN6UHLN,GF-613,GrabFood,,"""American Breakfast Club""",Kemang,"""1x Cheese Omelette - Side Tater Tots""","""American Breakfast Omelettes""","""N/A""",DELIVERED,58000,5800000,0,0,0,0,0,0,11600,1160000,-,46400,4640000,IDR,"September 04, 2026 09:02:35AM","September 04, 2026 09:27:16AM",1,1,delivery,Other,Other,-,11600,1160000,0,0,0,0,-,-,0,0,N/A
76585266,001184634908-C8EET3JGCPAATT,GF-543,GrabFood,,"""American Breakfast Club""",Kemang,"""1x Burrito - 2 Scrambled Eggs, Cheddar, Avocado, Tater Tots""","""American Breakfast Burritos""","""N/A""",DELIVERED,58000,5800000,0,0,0,0,0,0,11600,1160000,-,46400,4640000,IDR,"September 04, 2026 08:48:36AM","September 04, 2026 09:23:22AM",1,1,delivery,Other,Other,-,11600,1160000,0,0,0,0,-,-,0,0,7 min 31 sec
76585216,F-3344837985,7392,gofood,,"""American Breakfast Club""",Kemang,"""1x Cheese Omelette - Side Tater Tots""","""American Breakfast Omelettes""","""1x Chick Nugget""",DELIVERED,93000,9300000,0,0,0,0,4000,400000,41900,4190000,-,78145,7814500,IDR,"September 04, 2026 08:42:37AM","September 04, 2026 08:59:06AM",1,1,delivery,N/A,N/A,-,18855,1885500,23045,2304500,0,0,-,-,0,0,N/A
76584768,0018179150-C8EETYNEFFT2N6,GF-833,GrabFood,,"""American Breakfast Club""",Kemang,"""2x Cheese Omelette - Side Tater Tots""","""American Breakfast Omelettes""","""N/A""",DELIVERED,116000,11600000,0,0,0,0,0,0,23200,2320000,-,92800,9280000,IDR,"September 04, 2026 08:33:14AM","September 04, 2026 09:11:44AM",2,1,delivery,Other,Other,-,23200,2320000,0,0,0,0,-,-,0,0,N/A
76584763,0015589529-C8EETYMKRAKXAJ,GF-324,GrabFood,,"""American Breakfast Club""",Kemang,"""1x Sandwich - 2 Scrambled Eggs melty cheddar cheese on a wavy brioche bun""","""American Breakfast Sandwiches""","""N/A""",DELIVERED,45000,4500000,0,0,0,0,0,0,9000,900000,-,36000,3600000,IDR,"September 04, 2026 08:33:00AM","September 04, 2026 09:06:38AM",1,1,delivery,Other,Other,-,9000,900000,0,0,0,0,-,-,0,0,N/A
76584736,00183608403-C8EETYJTC7X2DA,GF-425,GrabFood,,"""American Breakfast Club""",Greenville,"""1x Sandwich - 2 Scrambled Eggs melty cheddar cheese on a wavy brioche bun""","""American Breakfast Sandwiches""","""N/A""",DELIVERED,45000,4500000,0,0,0,0,0,0,9750,975000,-,35250,3525000,IDR,"September 04, 2026 08:32:00AM","September 04, 2026 08:57:11AM",1,1,delivery,Other,Other,-,9750,975000,0,0,0,0,-,-,0,0,N/A
76584252,0019101163-C8EETUDFGNLGGE,GF-948,GrabFood,,"""American Breakfast Club""",Kemang,"""1x Cheese Omelette - Side Tater Tots""","""American Breakfast Omelettes""","""1x Cutleries""",DELIVERED,58600,5860000,0,0,0,0,0,0,11600,1160000,-,47000,4700000,IDR,"September 04, 2026 08:14:35AM","September 04, 2026 08:52:41AM",1,1,delivery,Other,Other,-,11600,1160000,0,0,0,0,-,-,0,0,N/A
76584231,001038063019-C8EETUBDR3CWGE,GF-800,GrabFood,,"""American Breakfast Club""",Greenville,"""1x Burrito - 2 Scrambled Eggs, Cheddar, Avocado, Tater Tots""","""American Breakfast Burritos""","""1x Tatter Tots""",DELIVERED,88000,8800000,0,0,0,0,0,0,8700,870000,-,79300,7930000,IDR,"September 04, 2026 08:13:54AM","September 04, 2026 08:33:09AM",1,1,delivery,Other,Other,-,8700,870000,0,0,0,0,-,-,0,0,N/A
76584003,F-3344816959,7641,gofood,,"""American Breakfast Club""",Greenville,"""3x Burrito - 2 Scrambled Eggs, Cheddar, Avocado, Tater Tots""","""American Breakfast Burritos""","""N/A""",DELIVERED,139200,13920000,0,0,0,0,4000,400000,62700,6270000,-,114985,11498500,IDR,"September 04, 2026 08:04:37AM","September 04, 2026 09:01:19AM",3,1,delivery,N/A,N/A,-,28215,2821500,34485,3448500,0,0,-,-,0,0,N/A
76583837,00173657590-C8EETPJDJK31AA,GF-448,GrabFood,,"""American Breakfast Club""",Kemang,"""1x Burrito - Mock Katsu, 2 Scrambled Eggs, Cheddar, Avocado, Tater Tots""","""American Breakfast Burritos""","""N/A""",DELIVERED,68000,6800000,0,0,0,0,0,0,0,0,-,68000,6800000,IDR,"September 04, 2026 07:58:33AM","September 04, 2026 08:24:50AM",1,1,delivery,Other,Other,-,0,0,0,0,0,0,-,-,0,0,N/A
76583508,F-3344806790,1236,gofood,,"""American Breakfast Club""",Kemang,"""1x Cheese Omelette - Side Tater Tots""","""American Breakfast Omelettes""","""N/A""",DELIVERED,58000,5800000,0,0,0,0,4000,400000,10000,1000000,-,62000,6200000,IDR,"September 04, 2026 07:40:36AM","September 04, 2026 08:00:17AM",1,1,delivery,N/A,N/A,-,0,0,10000,1000000,0,0,-,-,0,0,N/A
76583489,00117251742-C8EETKM3JXXATA,GF-084,GrabFood,,"""American Breakfast Club""",Kemang,"""1x Mushroom Omelette - Mushrooms, Spinach, Side Tater Tots""","""American Breakfast Omelettes""","""N/A""",DELIVERED,68000,6800000,0,0,0,0,0,0,13600,1360000,-,54400,5440000,IDR,"September 04, 2026 07:43:09AM","September 04, 2026 08:07:22AM",1,1,delivery,Other,Other,-,13600,1360000,0,0,0,0,-,-,0,0,9 min 40 sec
76583349,0012295328-C8EETJTATUK3N6,GF-170,GrabFood,,"""American Breakfast Club""",Greenville,"""1x Cheese Omelette - Side Tater Tots""","""American Breakfast Omelettes""","""N/A""",DELIVERED,58000,5800000,0,0,0,0,0,0,11700,1170000,-,46300,4630000,IDR,"September 04, 2026 07:36:51AM","September 04, 2026 08:31:57AM",1,1,delivery,Other,Other,-,11700,1170000,0,0,0,0,-,-,0,0,18 min 12 sec
76583119,F-3344800664,5122,gofood,,"""American Breakfast Club""",Kemang,"""1x Original Egg burger - Patties, 2 Scrambled Eggs, Cheddar Cheese, Secret Sauce""","""American Breakfast Burger""","""N/A""",DELIVERED,58000,5800000,0,0,0,0,4000,400000,0,0,-,62000,6200000,IDR,"September 04, 2026 07:24:38AM","September 04, 2026 07:54:53AM",1,1,delivery,N/A,N/A,-,0,0,0,0,0,0,-,-,0,0,N/A
76582995,F-3344798539,6271,gofood,,"""American Breakfast Club""",Greenville,"""1x Burrito - 2 Scrambled Eggs, Cheddar, Avocado, Tater Tots""","""American Breakfast Burritos""","""N/A""",DELIVERED,46400,4640000,0,0,0,0,4000,400000,0,0,-,50400,5040000,IDR,"September 04, 2026 07:18:57AM","September 04, 2026 07:56:54AM",1,1,delivery,N/A,N/A,-,0,0,0,0,0,0,-,-,0,0,N/A
76582880,001727119443-C8EETB2ZN2KZLX,GF-376,GrabFood,,"""American Breakfast Club""",Kemang,"""1x Cheese Omelette - Side Tater Tots""","""American Breakfast Omelettes""","""N/A""",DELIVERED,58000,5800000,0,0,0,0,0,0,11600,1160000,-,46400,4640000,IDR,"September 04, 2026 07:12:08AM","September 04, 2026 07:41:56AM",1,1,delivery,Other,Other,-,11600,1160000,0,0,0,0,-,-,0,0,N/A
76582657,00180068119-C8EESGL2UGLFJ6,GF-445,GrabFood,,"""American Breakfast Club""",Kemang,"""1x Sandwich - 2 Scrambled Eggs melty cheddar cheese on a wavy brioche bun""","""American Breakfast Sandwiches""","""N/A""",DELIVERED,45000,4500000,0,0,0,0,0,0,9000,900000,-,36000,3600000,IDR,"September 04, 2026 06:59:37AM","September 04, 2026 07:40:49AM",1,1,delivery,Other,Other,-,9000,900000,0,0,0,0,-,-,0,0,N/A
76582590,F-3344790787,6816,gofood,,"""Tyfel Coffee""",Kemang,"""1x Home Fries, 1x Sandwich-2 Scrambled Eggs, Cheddar Cheese,Secret Sauce,Brioche Bun, 1x Breakfast Burrito""","""Sides,Breakfast Sandwiches,Breakfast Burritos""","""N/A""",DELIVERED,134000,13400000,0,0,0,0,4000,400000,70300,7030000,-,110865,11086500,IDR,"September 04, 2026 06:54:35AM","September 04, 2026 07:23:14AM",3,3,delivery,N/A,N/A,-,27135,2713500,43165,4316500,0,0,-,-,0,0,N/A
76582524,001366848261-C8EESE6ZJFLKBA,GF-742,GrabFood,,"""American Breakfast Club""",Kemang,"""1x Cheese Omelette - Side Tater Tots""","""American Breakfast Omelettes""","""1x Cutleries""",DELIVERED,58600,5860000,0,0,0,0,0,0,11600,1160000,-,47000,4700000,IDR,"September 04, 2026 06:50:06AM","September 04, 2026 07:23:45AM",1,1,delivery,Other,Other,-,11600,1160000,0,0,0,0,-,-,0,0,N/A
76564384,001808804410-C8EEJCC3A6DYE2,GF-518,GrabFood,,"""People Pasta""",Greenville,"""1x Vegan Chicken Crispy Burger""","""Meatless Burgers""","""N/A""",DELIVERED,49000,4900000,0,0,0,0,0,0,12800,1280000,-,36200,3620000,IDR,"September 03, 2026 08:07:50PM","September 03, 2026 08:58:03PM",1,1,delivery,Other,Other,-,12800,1280000,0,0,0,0,-,-,0,0,14 min 6 sec
76563936,F-3344578729,8535,gofood,,"""Tyfel Coffee""",Greenville,"""1x Chic Chunk - Vegan Plantbased, 1x Mock Chicken Burrito, 1x Mock Beef Sandwich, 1x Tater Tots""","""Breakfast Burritos,Breakfast Sandwiches,Sides,Lite Bites""","""N/A""",DELIVERED,192000,19200000,0,0,0,0,4000,400000,86400,8640000,-,157120,15712000,IDR,"September 03, 2026 08:02:55PM","September 03, 2026 08:43:18PM",4,4,delivery,N/A,N/A,-,38880,3888000,47520,4752000,0,0,-,-,0,0,N/A
76556958,001496295927-C8EEG4D2REUAJJ,GF-590,GrabFood,,"""People Pasta""",Greenville,"""1x Creamy Mushroom - Vegetarian - Plantbased, 1x Meat-less Burger - Vegan, 1x Cacio e Pepe - Vegetarian - Plantbased, 1x Truffle Tatter Tots""","""Signature Pasta,Meatless Burgers""","""1x Spaghetti, 1x Fettucine""",DELIVERED,168000,16800000,0,0,0,0,0,0,33400,3340000,-,134600,13460000,IDR,"September 03, 2026 07:01:28PM","September 03, 2026 07:47:00PM",4,4,delivery,Other,Other,-,33400,3340000,0,0,0,0,-,-,0,0,21 min 57 sec
76555054,0014083467-C8EEGZLAJPJGGN,GF-348,GrabFood,,"""American Breakfast Club""",Greenville,"""1x 2 Pancakes - Blueberries, Butter, Maple Syrup""","""American Breakfast Pancakes""","""N/A""",DELIVERED,58000,5800000,0,0,0,0,0,0,11700,1170000,-,46300,4630000,IDR,"September 03, 2026 06:45:52PM","September 03, 2026 07:21:13PM",1,1,delivery,Other,Other,-,11700,1170000,0,0,0,0,-,-,0,0,N/A
76554877,00186363791-C8EEGZCULRNEL6,GF-555,GrabFood,,"""People Pasta""",Greenville,"""2x Truffle Fries, 1x Truffle Tatter Tots""","""N/A""","""N/A""",DELIVERED,92000,9200000,0,0,0,0,0,0,36856,3685600,-,55144,5514400,IDR,"September 03, 2026 06:44:21PM","September 03, 2026 07:23:20PM",3,2,delivery,Other,Other,-,36856,3685600,0,0,0,0,-,-,0,0,N/A
76548944,F-3344364541,4128,gofood,,"""Herbox""",Greenville,"""1x Vegan Chickin Nugget, 1x Beef Mentai Vegan Vegetarian Rice""","""Sides,Mentai Vegan""","""N/A""",DELIVERED,79200,7920000,0,0,0,0,4000,400000,35700,3570000,-,67135,6713500,IDR,"September 03, 2026 05:47:54PM","September 03, 2026 06:09:29PM",2,2,delivery,N/A,N/A,-,16065,1606500,19635,1963500,0,0,-,-,0,0,N/A
76546550,001830716165-C8EEGEJZJJLVAA,GF-479,GrabFood,,"""Herbox""",Greenville,"""1x Fish Burger Vegan, 1x Rica Wrap""","""Wrap Series,Vegan Burger""","""N/A""",DELIVERED,118000,11800000,0,0,0,0,0,0,23600,2360000,-,94400,9440000,IDR,"September 03, 2026 05:25:26PM","September 03, 2026 06:27:21PM",2,2,delivery,Other,Other,-,23600,2360000,0,0,0,0,-,-,0,0,15 min 7 sec
76544092,F-3344300499,5572,gofood,,"""American Breakfast Club""",Greenville,"""1x Tater Tots With Truffle Oil, 1x 2 Pancakes - Blueberries, Butter, Maple Syrup, 1x Burrito - Mock Beef, 2 Scrambled Eggs, Cheddar, Avocado, Tater Tots,""","""American Breakfast Pancakes,American Breakfast Burritos,Sides""","""N/A""",DELIVERED,131200,13120000,0,0,0,0,4000,400000,0,0,-,135200,13520000,IDR,"September 03, 2026 04:59:32PM","September 03, 2026 05:41:40PM",3,3,delivery,N/A,N/A,-,0,0,0,0,0,0,-,-,0,0,N/A
76537438,00112902533-C8EEEUTBRJTBSA,GF-929,GrabFood,,"""American Breakfast Club""",Kemang,"""1x 2 Pancakes - Butter, Maple Syrup""","""American Breakfast Pancakes""","""N/A""",DELIVERED,48000,4800000,0,0,0,0,0,0,9600,960000,-,38400,3840000,IDR,"September 03, 2026 03:36:54PM","September 03, 2026 04:24:24PM",1,1,delivery,Other,Other,-,9600,960000,0,0,0,0,-,-,0,0,N/A
76526360,F-3344030939,1932,gofood,,"""Herbox""",Greenville,"""1x Original Burger Vegan, 1x Tater tots""","""Vegan Burger,Sides""","""N/A""",DELIVERED,71200,7120000,0,0,0,0,4000,400000,21400,2140000,-,65570,6557000,IDR,"September 03, 2026 12:52:56PM","September 03, 2026 01:36:56PM",2,2,delivery,N/A,N/A,-,9630,963000,11770,1177000,0,0,-,-,0,0,N/A
76524795,001395455416-C8EECRLWCKNTCX,GF-010,GrabFood,,"""American Breakfast Club""",Greenville,"""1x Mushroom Omelette - Mushrooms, Spinach, Side Tater Tots, 1x 2 Pancakes - Butter, Maple Syrup, 1x Sandwich - 2 Scrambled Eggs melty cheddar cheese on a wavy brioche bun""","""American Breakfast Omelettes,American Breakfast Pancakes,American Breakfast Sandwiches""","""1x Tatter Tots""",DELIVERED,191000,19100000,0,0,0,0,0,0,27150,2715000,-,163850,16385000,IDR,"September 03, 2026 12:39:23PM","September 03, 2026 01:02:53PM",3,3,delivery,Other,Other,-,27150,2715000,0,0,0,0,-,-,0,0,N/A
76523772,F-3343995934,6717,gofood,,"""Tyfel Coffee""",Kemang,"""1x Breakfast Burrito, 1x Chic Chunk - Vegan Plantbased, 1x Home Fries With Truffle Oil""","""Breakfast Burritos,Lite Bites,Sides""","""N/A""",DELIVERED,134000,13400000,0,0,0,0,4000,400000,70300,7030000,-,110865,11086500,IDR,"September 03, 2026 12:26:52PM","September 03, 2026 12:57:55PM",3,3,delivery,N/A,N/A,-,27135,2713500,43165,4316500,0,0,-,-,0,0,N/A
76523349,F-3343988064,4252,gofood,,"""American Breakfast Club""",Kemang,"""1x 2 Pancakes - Blueberries, Butter, Maple Syrup""","""American Breakfast Pancakes""","""N/A""",DELIVERED,58000,5800000,0,0,0,0,4000,400000,0,0,-,62000,6200000,IDR,"September 03, 2026 12:21:24PM","September 03, 2026 12:52:12PM",1,1,delivery,N/A,N/A,-,0,0,0,0,0,0,-,-,0,0,N/A
76522427,F-3343972703,8123,gofood,,"""American Breakfast Club""",Kemang,"""1x Cheese Omelette - Side Tater Tots""","""American Breakfast Omelettes""","""N/A""",DELIVERED,58000,5800000,0,0,0,0,4000,400000,10000,1000000,-,62000,6200000,IDR,"September 03, 2026 12:11:08PM","September 03, 2026 12:46:14PM",1,1,delivery,N/A,N/A,-,0,0,10000,1000000,0,0,-,-,0,0,N/A
76520403,F-3343936745,9563,gofood,,"""American Breakfast Club""",Kemang,"""1x Egg burger - 2 Scrambled Eggs, Cheddar Cheese, Secret Sauce""","""American Breakfast Burger""","""N/A""",DELIVERED,45000,4500000,0,0,0,0,4000,400000,0,0,-,49000,4900000,IDR,"September 03, 2026 11:47:20AM","September 03, 2026 12:17:47PM",1,1,delivery,N/A,N/A,-,0,0,0,0,0,0,-,-,0,0,N/A
76519371,001597152274-C8EECAXHCCJDUE,GF-278,GrabFood,,"""Herbox""",Greenville,"""1x Kung Paow Chick Vegan Vegetarian Ricebox""","""Ricebox""","""1x Tattertots, 1x Sendok, Garpu, Tissue, Tusuk Gigi""",DELIVERED,65500,6550000,0,0,0,0,0,0,7800,780000,-,57700,5770000,IDR,"September 03, 2026 11:38:19AM","September 03, 2026 11:58:28AM",1,1,delivery,Other,Other,-,7800,780000,0,0,0,0,-,-,0,0,9 min 11 sec
76518583,00174922755-C8EEBGBGN3CERJ,GF-120,GrabFood,,"""American Breakfast Club""",Kemang,"""6x Cutleries, 1x Burrito - 2 Scrambled Eggs, Cheddar, Avocado, Tater Tots""","""American Breakfast Burritos""","""N/A""",DELIVERED,61600,6160000,0,0,0,0,0,0,11600,1160000,-,50000,5000000,IDR,"September 03, 2026 11:30:38AM","September 03, 2026 12:11:38PM",7,2,delivery,Other,Other,-,11600,1160000,0,0,0,0,-,-,0,0,N/A
76515370,00175663254-C8EEA8LJEGLUGE,GF-384,GrabFood,,"""People Pasta""",Greenville,"""1x Bolognese - Vegan Friendly - Vegetarian - Plantbase, 1x Truffle Tatter Tots, 1x Cacio e Pepe - Vegetarian - Plantbased, 1x Chicken Nugget - Vegan, 1x Vegan Chicken Crispy Burger""","""Signature Pasta,Meatless Burgers""","""1x Fusili, 2x Hygine Cutleries, 1x Fettucine""",DELIVERED,207000,20700000,0,0,0,0,0,0,67400,6740000,-,139600,13960000,IDR,"September 03, 2026 10:59:18AM","September 03, 2026 11:35:42AM",5,5,delivery,Other,Other,-,67400,6740000,0,0,0,0,-,-,0,0,16 min 48 sec
76514587,001838373774-C8EEA7CVCYDHCX,GF-982,GrabFood,,"""American Breakfast Club""",Greenville,"""1x Sandwich - 2 Scrambled Eggs melty cheddar cheese on a wavy brioche bun, 1x 2 Pancakes - Blueberries, Butter, Maple Syrup""","""American Breakfast Sandwiches,American Breakfast Pancakes""","""N/A""",DELIVERED,103000,10300000,0,0,0,0,0,0,15450,1545000,-,87550,8755000,IDR,"September 03, 2026 10:51:05AM","September 03, 2026 12:06:39PM",2,2,delivery,Other,Other,-,15450,1545000,0,0,0,0,-,-,0,0,8 min 37 sec
76512409,001684030612-C8EEAZBGGAKWJ2,GF-970,GrabFood,,"""American Breakfast Club""",Greenville,"""1x Sandwich - 2 Scrambled Eggs Mock Beef, Cheddar Cheese  on a wavy brioche bun""","""American Breakfast Sandwiches""","""1x Tatter Tots""",DELIVERED,88000,8800000,0,0,0,0,0,0,8700,870000,-,79300,7930000,IDR,"September 03, 2026 10:23:58AM","September 03, 2026 10:40:07AM",1,1,delivery,Other,Other,-,8700,870000,0,0,0,0,-,-,0,0,N/A
76510351,0014923618-C8EEARNYVBEGAT,GF-830,GrabFood,,"""American Breakfast Club""",Kemang,"""1x Mushroom Omelette - Mushrooms, Spinach, Side Tater Tots, 1x Burrito - 2 Scrambled Eggs, Cheddar, Avocado, Tater Tots""","""American Breakfast Omelettes,American Breakfast Burritos""","""N/A""",DELIVERED,126000,12600000,0,0,0,0,0,0,25200,2520000,-,100800,10080000,IDR,"September 03, 2026 09:53:31AM","September 03, 2026 10:23:05AM",2,2,delivery,Other,Other,-,25200,2520000,0,0,0,0,-,-,0,0,N/A
76509095,F-3343766226,3996,gofood,,"""American Breakfast Club""",Kemang,"""1x Burrito - 2 Scrambled Eggs, Cheddar, Avocado, Tater Tots""","""American Breakfast Burritos""","""1x Tatter Tots""",DELIVERED,88000,8800000,0,0,0,0,4000,400000,0,0,-,92000,9200000,IDR,"September 03, 2026 09:28:36AM","September 03, 2026 10:05:57AM",1,1,delivery,N/A,N/A,-,0,0,0,0,0,0,-,-,0,0,N/A
76508823,001665238393-C8EEAJNKJRJ2LE,GF-868,GrabFood,,"""American Breakfast Club""",Greenville,"""1x Burrito - Mock Beef, 2 Scrambled Eggs, Cheddar, Avocado, Tater Tots,, 1x 2 Pancakes - Chocolate Chips, Butter, Maple Syrup""","""American Breakfast Burritos,American Breakfast Pancakes""","""N/A""",DELIVERED,126000,12600000,0,0,0,0,0,0,18900,1890000,-,107100,10710000,IDR,"September 03, 2026 09:23:21AM","September 03, 2026 09:56:32AM",2,2,delivery,Other,Other,-,18900,1890000,0,0,0,0,-,-,0,0,N/A
76508701,0018371335-C8EEAJBTCXLABA,GF-012,GrabFood,,"""American Breakfast Club""",Kemang,"""1x Mushroom Omelette - Mushrooms, Spinach, Side Tater Tots""","""American Breakfast Omelettes""","""N/A""",DELIVERED,68000,6800000,0,0,0,0,0,0,13600,1360000,-,54400,5440000,IDR,"September 03, 2026 09:20:40AM","September 03, 2026 09:59:29AM",1,1,delivery,Other,Other,-,13600,1360000,0,0,0,0,-,-,0,0,N/A
76508567,00196932155-C8EEAGAWA24DFA,GF-171,GrabFood,,"""American Breakfast Club""",Kemang,"""1x Burrito - 2 Scrambled Eggs, Cheddar, Avocado, Tater Tots""","""American Breakfast Burritos""","""N/A""",DELIVERED,58000,5800000,0,0,0,0,0,0,11600,1160000,-,46400,4640000,IDR,"September 03, 2026 09:17:13AM","September 03, 2026 09:59:55AM",1,1,delivery,Other,Other,-,11600,1160000,0,0,0,0,-,-,0,0,N/A
76508281,0015245604-C8EEAFACGYNBEN,GF-361,GrabFood,,"""American Breakfast Club""",Greenville,"""1x Tater Tots, 1x Burrito - Mock Beef, 2 Scrambled Eggs, Cheddar, Avocado, Tater Tots,""","""American Breakfast Burritos,Sides""","""N/A""",DELIVERED,106000,10600000,0,0,0,0,0,0,15900,1590000,-,90100,9010000,IDR,"September 03, 2026 09:10:12AM","September 03, 2026 10:22:35AM",2,2,delivery,Other,Other,-,15900,1590000,0,0,0,0,-,-,0,0,N/A
76507717,00105071707-C8EEABBFN6TWWA,GF-204,GrabFood,,"""American Breakfast Club""",Kemang,"""1x Cheese Omelette - Side Tater Tots""","""American Breakfast Omelettes""","""N/A""",DELIVERED,58000,5800000,0,0,0,0,0,0,11600,1160000,-,46400,4640000,IDR,"September 03, 2026 08:53:55AM","September 03, 2026 09:38:51AM",1,1,delivery,Other,Other,-,11600,1160000,0,0,0,0,-,-,0,0,N/A
76507621,0011762733-C8EEAAVWRVEVL2,GF-447,GrabFood,,"""American Breakfast Club""",Kemang,"""1x Burrito - Mock Beef, 2 Scrambled Eggs, Cheddar, Avocado, Tater Tots,""","""American Breakfast Burritos""","""N/A""",DELIVERED,68000,6800000,0,0,0,0,0,0,0,0,-,68000,6800000,IDR,"September 03, 2026 08:51:03AM","September 03, 2026 09:35:13AM",1,1,delivery,Other,Other,-,0,0,0,0,0,0,-,-,0,0,N/A
76507501,0013053294-C8EDWGNGL3T1FE,GF-519,GrabFood,,"""American Breakfast Club""",Kemang,"""1x Burrito - 2 Scrambled Eggs, Cheddar, Avocado, Tater Tots""","""American Breakfast Burritos""","""N/A""",DELIVERED,58000,5800000,0,0,0,0,0,0,11600,1160000,-,46400,4640000,IDR,"September 03, 2026 08:46:36AM","September 03, 2026 09:20:24AM",1,1,delivery,Other,Other,-,11600,1160000,0,0,0,0,-,-,0,0,N/A
76507479,001953787656-C8EDWGKWNU3CTE,GF-702,GrabFood,,"""American Breakfast Club""",Greenville,"""1x Burrito - Mock Beef, 2 Scrambled Eggs, Cheddar, Avocado, Tater Tots,""","""American Breakfast Burritos""","""N/A""",DELIVERED,68000,6800000,0,0,0,0,0,0,10200,1020000,-,57800,5780000,IDR,"September 03, 2026 08:45:44AM","September 03, 2026 09:22:39AM",1,1,delivery,Other,Other,-,10200,1020000,0,0,0,0,-,-,0,0,13 min 52 sec
76507228,00148806683-C8EDWFBYL4KHLE,GF-549,GrabFood,,"""American Breakfast Club""",Kemang,"""1x Mushroom Omelette - Mushrooms, Spinach, Side Tater Tots""","""American Breakfast Omelettes""","""N/A""",DELIVERED,68000,6800000,0,0,0,0,0,0,13600,1360000,-,54400,5440000,IDR,"September 03, 2026 08:37:25AM","September 03, 2026 09:08:26AM",1,1,delivery,Other,Other,-,13600,1360000,0,0,0,0,-,-,0,0,N/A
76505931,001741392411-C8EDV233KAAYUE,GF-821,GrabFood,,"""LA Breakfast Club""",Greenville,"""1x Sandwich - 2 Scrambled Eggs, Cheddar Cheese, Secret Sauce, Brioche Bun, 1x Cheese Omelette - Side of Tater Tots""","""LA Breakfast Omelettes,LA Breakfast Sandwiches""","""1x Mayo""",DELIVERED,131000,13100000,0,0,0,0,0,0,32750,3275000,-,98250,9825000,IDR,"September 03, 2026 07:45:51AM","September 03, 2026 08:03:30AM",2,2,delivery,Other,Other,-,32750,3275000,0,0,0,0,-,-,0,0,N/A
76505891,0018206529-C8EDV2NTTT4HVT,GF-928,GrabFood,,"""People Pasta""",Greenville,"""1x Chicken Nugget - Vegan, 1x Meat-less Burger - Vegan""","""Meatless Burgers""","""N/A""",DELIVERED,84000,8400000,0,0,0,0,0,0,30912,3091200,-,53088,5308800,IDR,"September 03, 2026 07:43:20AM","September 03, 2026 08:12:47AM",2,2,delivery,Other,Other,-,30912,3091200,0,0,0,0,-,-,0,0,15 min 17 sec
76505746,00126055682-C8EDVZCJTU3GLA,GF-704,GrabFood,,"""American Breakfast Club""",Kemang,"""1x Mushroom Omelette - Mushrooms, Spinach, Side Tater Tots""","""American Breakfast Omelettes""","""1x Cutleries""",DELIVERED,68600,6860000,0,0,0,0,0,0,13600,1360000,-,55000,5500000,IDR,"September 03, 2026 07:37:41AM","September 03, 2026 08:16:39AM",1,1,delivery,Other,Other,-,13600,1360000,0,0,0,0,-,-,0,0,N/A
76505531,001663421665-C8EDVXUYFCBFJT,GF-924,GrabFood,,"""American Breakfast Club""",Kemang,"""2x 2 Pancakes - Chocolate Chips, Butter, Maple Syrup""","""American Breakfast Pancakes""","""2x Cutleries""",DELIVERED,117200,11720000,0,0,0,0,0,0,23200,2320000,-,94000,9400000,IDR,"September 03, 2026 07:27:24AM","September 03, 2026 08:19:52AM",2,1,delivery,Other,Other,-,23200,2320000,0,0,0,0,-,-,0,0,N/A
76505510,00186135504-C8EDVXMFRJKWHE,GF-940,GrabFood,,"""American Breakfast Club""",Kemang,"""1x Mushroom Omelette - Mushrooms, Spinach, Side Tater Tots""","""American Breakfast Omelettes""","""N/A""",DELIVERED,68000,6800000,0,0,0,0,0,0,13600,1360000,-,54400,5440000,IDR,"September 03, 2026 07:26:18AM","September 03, 2026 08:09:54AM",1,1,delivery,Other,Other,-,13600,1360000,0,0,0,0,-,-,0,0,N/A
76505466,001589615634-C8EDVXAZG8BTRE,GF-034,GrabFood,,"""American Breakfast Club""",Greenville,"""1x Burrito - Mock Chicken, 2 Scrambled Eggs, Cheddar, Avocado, Tater Tots, 1x 2 Pancakes - Butter, Maple Syrup""","""American Breakfast Burritos,American Breakfast Pancakes""","""N/A""",DELIVERED,116000,11600000,0,0,0,0,0,0,17400,1740000,-,98600,9860000,IDR,"September 03, 2026 07:23:48AM","September 03, 2026 08:21:49AM",2,2,delivery,Other,Other,-,17400,1740000,0,0,0,0,-,-,0,0,N/A
76505464,0010867636-C8EDVXAWNNMTJX,GF-578,GrabFood,,"""American Breakfast Club""",Kemang,"""2x Mushroom Omelette - Mushrooms, Spinach, Side Tater Tots, 1x Sandwich - 2 Scrambled Eggs, Mock Chicken, Cheddar Cheese Mix, Brioche Bun""","""American Breakfast Omelettes,American Breakfast Sandwiches""","""3x Cutleries, 1x Chick Nugget""",DELIVERED,230800,23080000,0,0,0,0,0,0,38800,3880000,-,192000,19200000,IDR,"September 03, 2026 07:23:44AM","September 03, 2026 07:58:18AM",3,2,delivery,Other,Other,-,38800,3880000,0,0,0,0,-,-,0,0,N/A
76505160,F-3343693435,9327,gofood,,"""American Breakfast Club""",Greenville,"""1x Burrito - 2 Scrambled Eggs, Cheddar, Avocado, Tater Tots""","""American Breakfast Burritos""","""N/A""",DELIVERED,46400,4640000,0,0,0,0,4000,400000,0,0,-,50400,5040000,IDR,"September 03, 2026 07:06:19AM","September 03, 2026 07:55:37AM",1,1,delivery,N/A,N/A,-,0,0,0,0,0,0,-,-,0,0,N/A
76490248,001653364183-C8EDL3DYSBU2EN,GF-207,GrabFood,,"""LA Breakfast Club""",Greenville,"""1x Mock Chicken Burrito""","""LA Breakfast Burritos""","""N/A""",DELIVERED,86000,8600000,0,0,0,0,0,0,21500,2150000,-,64500,6450000,IDR,"September 02, 2026 08:41:28PM","September 02, 2026 09:13:55PM",1,1,delivery,Other,Other,-,21500,2150000,0,0,0,0,-,-,0,0,N/A
76487699,F-3343493209,8792,gofood,,"""Tyfel Coffee""",Greenville,"""1x Tater Tots, 1x Chic Chunk - Vegan Plantbased, 1x Mock Chicken Burrito, 1x Mock Beef Sandwich""","""Breakfast Sandwiches,Sides,Lite Bites,Breakfast Burritos""","""N/A""",DELIVERED,192000,19200000,0,0,0,0,4000,400000,86400,8640000,-,157120,15712000,IDR,"September 02, 2026 08:14:35PM","September 02, 2026 08:49:29PM",4,4,delivery,N/A,N/A,-,38880,3888000,47520,4752000,0,0,-,-,0,0,N/A
76486600,0010871867-C8EDLTVWFELCV6,GF-985,GrabFood,,"""American Breakfast Club""",Greenville,"""1x Burrito - Mock Chicken, 2 Scrambled Eggs, Cheddar, Avocado, Tater Tots""","""American Breakfast Burritos""","""1x Chick Nugget""",DELIVERED,103000,10300000,0,0,0,0,0,0,10200,1020000,-,92800,9280000,IDR,"September 02, 2026 08:04:25PM","September 02, 2026 08:21:39PM",1,1,delivery,Other,Other,-,10200,1020000,0,0,0,0,-,-,0,0,N/A
76475616,001886147795-C8EDKAXXUGMYWE,GF-610,GrabFood,,"""People Pasta""",Greenville,"""1x Chicken Nugget - Vegan, 1x Meat-less Burger - Vegan""","""Meatless Burgers""","""N/A""",DELIVERED,84000,8400000,0,0,0,0,0,0,33912,3391200,-,50088,5008800,IDR,"September 02, 2026 06:25:04PM","September 02, 2026 07:20:01PM",2,2,delivery,Other,Other,-,33912,3391200,0,0,0,0,-,-,0,0,11 min 2 sec
76471969,00178773394-C8EDJ2KGJ7XKLA,GF-795,GrabFood,,"""Herbox""",Greenville,"""1x Pesmol Vegan Vegetarian Ricebox, 1x Fysh Mentai""","""Ricebox,Mentai Vegan""","""N/A""",DELIVERED,98000,9800000,0,0,0,0,0,0,22600,2260000,-,75400,7540000,IDR,"September 02, 2026 05:48:56PM","September 02, 2026 06:23:54PM",2,2,delivery,Other,Other,-,22600,2260000,0,0,0,0,-,-,0,0,14 min 56 sec
76471459,001966464196-C8EDJZBANJBKVX,GF-399,GrabFood,,"""American Breakfast Club""",Greenville,"""1x Mushroom Omelette - Mushrooms, Spinach, Side Tater Tots""","""American Breakfast Omelettes""","""N/A""",DELIVERED,68000,6800000,0,0,0,0,0,0,13200,1320000,-,54800,5480000,IDR,"September 02, 2026 05:43:50PM","September 02, 2026 06:20:04PM",1,1,delivery,Other,Other,-,13200,1320000,0,0,0,0,-,-,0,0,5 min 53 sec
76470328,00103767441-C8EDJXLDKBUUBA,GF-206,GrabFood,,"""American Breakfast Club""",Greenville,"""1x Burrito - Mock Chicken, 2 Scrambled Eggs, Cheddar, Avocado, Tater Tots""","""American Breakfast Burritos""","""N/A""",DELIVERED,68000,6800000,0,0,0,0,0,0,10200,1020000,-,57800,5780000,IDR,"September 02, 2026 05:32:34PM","September 02, 2026 06:12:31PM",1,1,delivery,Other,Other,-,10200,1020000,0,0,0,0,-,-,0,0,14 min 47 sec
76469063,F-3343230334,3191,gofood,,"""Herbox""",Greenville,"""1x Vegan Chickin Nugget, 3x Salted no Egg Vegan Vegetarian Ricebox""","""Sides,Ricebox""","""N/A""",DELIVERED,125600,12560000,0,0,0,0,4000,400000,66600,6660000,-,104130,10413000,IDR,"September 02, 2026 05:18:26PM","September 02, 2026 05:36:35PM",4,2,delivery,N/A,N/A,-,25470,2547000,41130,4113000,0,0,-,-,0,0,N/A
76468979,F-3343228999,6965,gofood,,"""American Breakfast Club""",Greenville,"""1x Burrito - 2 Scrambled Eggs, Cheddar, Avocado, Tater Tots""","""American Breakfast Burritos""","""N/A""",DELIVERED,46400,4640000,0,0,0,0,4000,400000,0,0,-,50400,5040000,IDR,"September 02, 2026 05:17:20PM","September 02, 2026 05:55:12PM",1,1,delivery,N/A,N/A,-,0,0,0,0,0,0,-,-,0,0,N/A
76467288,001138364827-C8EDJNKTGTCJHE,GF-037,GrabFood,,"""Herbox""",Greenville,"""1x Nasi Goreng Bintang Kuning Vegan Vegetarian, 1x Nasi Goreng Sedap Malam Vegan Vegetarian""","""Nasi Goreng Special""","""N/A""",DELIVERED,70000,7000000,0,0,0,0,0,0,14000,1400000,-,56000,5600000,IDR,"September 02, 2026 04:59:03PM","September 02, 2026 05:36:36PM",2,2,delivery,Other,Other,-,14000,1400000,0,0,0,0,-,-,0,0,14 min 21 sec
76467240,001817295971-C8EDJNE2EUADKA,GF-818,GrabFood,,"""Herbox""",Greenville,"""1x Pesmol Vegan Vegetarian Ricebox, 1x Teriyaki Vegan Vegetarian Ricebox, 1x Vegan Chickin Nugget, 1x Rica Wrap, 1x Nasi Goreng Sedap Malam Vegan Vegetarian, 1x Nasi Goreng Bintang Kuning Vegan Vegetarian""","""Nasi Goreng Special,Ricebox,Sides,Wrap Series""","""N/A""",DELIVERED,247000,24700000,0,0,0,0,0,0,41400,4140000,-,205600,20560000,IDR,"September 02, 2026 04:58:30PM","September 02, 2026 06:01:29PM",6,6,delivery,Other,Other,-,41400,4140000,0,0,0,0,-,-,0,0,16 min 29 sec
76461916,00122645724-C8EDHEUXRX5ZEA,GF-650,GrabFood,,"""American Breakfast Club""",Greenville,"""1x Burrito - Mock Beef, 2 Scrambled Eggs, Cheddar, Avocado, Tater Tots,""","""American Breakfast Burritos""","""N/A""",DELIVERED,68000,6800000,0,0,13000,1300000,0,0,45742,4574200,-,54800,5480000,IDR,"September 02, 2026 03:54:04PM","September 02, 2026 04:37:25PM",1,1,delivery,Cash,Cash,-,13200,1320000,32542,3254200,0,0,-,-,0,0,27 min 50 sec
76457391,F-3343077121,6125,gofood,,"""American Breakfast Club""",Greenville,"""1x Cheese Omelette - Side Tater Tots, 1x Burrito - 2 Scrambled Eggs, Cheddar, Avocado, Tater Tots, 1x Home Fries With Truffle Oil""","""American Breakfast Omelettes,American Breakfast Burritos,Sides""","""N/A""",DELIVERED,123200,12320000,0,0,0,0,4000,400000,55500,5550000,-,102225,10222500,IDR,"September 02, 2026 02:49:42PM","September 02, 2026 03:19:06PM",3,3,delivery,N/A,N/A,-,24975,2497500,30525,3052500,0,0,-,-,0,0,N/A
76456513,001830564971-C8EDGUUWVACVRJ,GF-409,GrabFood,,"""People Pasta""",Greenville,"""1x Meat-less Burger - Vegan""","""Meatless Burgers""","""1x Truffle Tatter Tots""",DELIVERED,81000,8100000,0,0,0,0,0,0,24752,2475200,-,56248,5624800,IDR,"September 02, 2026 02:37:26PM","September 02, 2026 03:10:47PM",1,1,delivery,Other,Other,-,24752,2475200,0,0,0,0,-,-,0,0,12 min 45 sec
76453912,001407388199-C8EDGJ2YETEHBE,GF-947,GrabFood,,"""People Pasta""",Greenville,"""1x Tattert Tots, 1x Cacio e Pepe - Vegetarian - Plantbased""","""Signature Pasta""","""1x Fettucine""",DELIVERED,72000,7200000,0,0,0,0,0,0,26338,2633800,-,45662,4566200,IDR,"September 02, 2026 01:58:45PM","September 02, 2026 02:52:10PM",2,2,delivery,Other,Other,-,26338,2633800,0,0,0,0,-,-,0,0,11 min 38 sec
76452455,00109374499-C8EDGEDBDGEGJN,GF-998,GrabFood,,"""American Breakfast Club""",Kemang,"""1x Mushroom Omelette - Mushrooms, Spinach, Side Tater Tots""","""American Breakfast Omelettes""","""N/A""",DELIVERED,68000,6800000,0,0,0,0,0,0,13600,1360000,-,54400,5440000,IDR,"September 02, 2026 01:37:53PM","September 02, 2026 02:44:45PM",1,1,delivery,Other,Other,-,13600,1360000,0,0,0,0,-,-,0,0,9 min 1 sec
76448093,001571696565-C8EDE7LXVYEUEJ,GF-926,GrabFood,,"""American Breakfast Club""",Kemang,"""1x 2 Pancakes - Butter, Maple Syrup, 1x Sandwich - 2 Scrambled Eggs, Mock Chicken, Cheddar Cheese Mix, Brioche Bun""","""American Breakfast Sandwiches,American Breakfast Pancakes""","""N/A""",DELIVERED,106000,10600000,0,0,0,0,0,0,21200,2120000,-,84800,8480000,IDR,"September 02, 2026 12:39:26PM","September 02, 2026 01:27:36PM",2,2,delivery,Other,Other,-,21200,2120000,0,0,0,0,-,-,0,0,N/A
76443638,0013881741-C8EDEULJVLEWJJ,GF-289,GrabFood,,"""American Breakfast Club""",Kemang,"""1x Burrito - Mock Beef, 2 Scrambled Eggs, Cheddar, Avocado, Tater Tots,""","""American Breakfast Burritos""","""1x Home Fries""",DELIVERED,98000,9800000,0,0,0,0,0,0,0,0,-,98000,9800000,IDR,"September 02, 2026 11:49:19AM","September 02, 2026 12:30:54PM",1,1,delivery,Other,Other,-,0,0,0,0,0,0,-,-,0,0,N/A
76442995,001910679933-C8EDETDKG6EBFA,GF-132,GrabFood,,"""Herbox""",Greenville,"""1x Teriyaki Vegan Vegetarian Ricebox""","""Ricebox""","""1x Vegan Chicken Nugget""",DELIVERED,74000,7400000,0,0,0,0,0,0,7800,780000,-,66200,6620000,IDR,"September 02, 2026 11:42:46AM","September 02, 2026 12:08:44PM",1,1,delivery,Other,Other,-,7800,780000,0,0,0,0,-,-,0,0,6 min 21 sec
76437681,0019985421-C8EDECCDTKNFGA,GF-274,GrabFood,,"""American Breakfast Club""",Kemang,"""1x 2 Pancakes - Butter, Maple Syrup, 1x Sandwich - 2 Scrambled Eggs melty cheddar cheese on a wavy brioche bun""","""American Breakfast Pancakes,American Breakfast Sandwiches""","""N/A""",DELIVERED,93000,9300000,0,0,0,0,0,0,18600,1860000,-,74400,7440000,IDR,"September 02, 2026 10:47:33AM","September 02, 2026 11:19:19AM",2,2,delivery,Other,Other,-,18600,1860000,0,0,0,0,-,-,0,0,N/A
76435624,F-3342737521,4722,gofood,,"""American Breakfast Club""",Kemang,"""1x Burrito - Mock Beef, 2 Scrambled Eggs, Cheddar, Avocado, Tater Tots,, 1x Cheese Omelette - Side Tater Tots""","""American Breakfast Burritos,American Breakfast Omelettes""","""2x Cutleries""",DELIVERED,127200,12720000,0,0,0,0,4000,400000,0,0,-,131200,13120000,IDR,"September 02, 2026 10:21:42AM","September 02, 2026 11:07:39AM",2,2,delivery,N/A,N/A,-,0,0,0,0,0,0,-,-,0,0,N/A
76435284,0017422173-C8EDDECEVT3XLA,GF-281,GrabFood,,"""American Breakfast Club""",Kemang,"""1x Mushroom Omelette - Mushrooms, Spinach, Side Tater Tots""","""American Breakfast Omelettes""","""N/A""",DELIVERED,68000,6800000,0,0,0,0,0,0,13600,1360000,-,54400,5440000,IDR,"September 02, 2026 10:17:37AM","September 02, 2026 11:07:26AM",1,1,delivery,Other,Other,-,13600,1360000,0,0,0,0,-,-,0,0,N/A
76434941,F-3342714221,7882,gofood,,"""American Breakfast Club""",Kemang,"""1x Burrito - 2 Scrambled Eggs, Cheddar, Avocado, Tater Tots""","""American Breakfast Burritos""","""N/A""",DELIVERED,58000,5800000,0,0,0,0,4000,400000,0,0,-,62000,6200000,IDR,"September 02, 2026 09:59:38AM","September 02, 2026 11:08:20AM",1,1,delivery,N/A,N/A,-,0,0,0,0,0,0,-,-,0,0,20 sec
76433778,001251594750-C8EDC7UVPAVYRN,GF-465,GrabFood,,"""American Breakfast Club""",Greenville,"""1x Mushroom Omelette - Mushrooms, Spinach, Side Tater Tots, 1x Cheese Omelette - Side Tater Tots""","""American Breakfast Omelettes""","""2x Tatter Tots""",DELIVERED,186000,18600000,0,0,0,0,0,0,21900,2190000,-,164100,16410000,IDR,"September 02, 2026 09:54:02AM","September 02, 2026 10:33:56AM",2,2,delivery,Other,Other,-,21900,2190000,0,0,0,0,-,-,0,0,N/A
76433717,F-3342707889,3634,gofood,,"""American Breakfast Club""",Kemang,"""1x Burrito - 2 Scrambled Eggs, Cheddar, Avocado, Tater Tots""","""American Breakfast Burritos""","""N/A""",DELIVERED,58000,5800000,0,0,0,0,4000,400000,10000,1000000,-,62000,6200000,IDR,"September 02, 2026 09:52:17AM","September 02, 2026 10:11:58AM",1,1,delivery,N/A,N/A,-,0,0,10000,1000000,0,0,-,-,0,0,N/A
76433227,F-3342700376,8195,gofood,,"""American Breakfast Club""",Kemang,"""1x Burrito - Mock Beef, 2 Scrambled Eggs, Cheddar, Avocado, Tater Tots,""","""American Breakfast Burritos""","""N/A""",DELIVERED,68000,6800000,0,0,0,0,4000,400000,20400,2040000,-,62820,6282000,IDR,"September 02, 2026 09:43:12AM","September 02, 2026 10:06:20AM",1,1,delivery,N/A,N/A,-,9180,918000,11220,1122000,0,0,-,-,0,0,N/A
76433214,F-3342700071,6156,gofood,,"""American Breakfast Club""",Kemang,"""1x Mushroom Omelette - Mushrooms, Spinach, Side Tater Tots""","""American Breakfast Omelettes""","""N/A""",DELIVERED,68000,6800000,0,0,0,0,4000,400000,20400,2040000,-,62820,6282000,IDR,"September 02, 2026 09:42:50AM","September 02, 2026 10:10:54AM",1,1,delivery,N/A,N/A,-,9180,918000,11220,1122000,0,0,-,-,0,0,N/A
76432928,F-3342695023,8885,gofood,,"""American Breakfast Club""",Kemang,"""1x Burrito - Mock Beef, 2 Scrambled Eggs, Cheddar, Avocado, Tater Tots,, 1x Mushroom Omelette - Mushrooms, Spinach, Side Tater Tots""","""American Breakfast Omelettes,American Breakfast Burritos""","""N/A""",DELIVERED,136000,13600000,0,0,0,0,4000,400000,49000,4900000,-,122450,12245000,IDR,"September 02, 2026 09:36:40AM","September 02, 2026 09:56:48AM",2,2,delivery,N/A,N/A,-,17550,1755000,31450,3145000,0,0,-,-,0,0,N/A
76432496,0018663569-C8EDC2JXJJCCT6,GF-740,GrabFood,,"""American Breakfast Club""",Kemang,"""1x Mushroom Omelette - Mushrooms, Spinach, Side Tater Tots, 1x Burrito - Mock Beef, 2 Scrambled Eggs, Cheddar, Avocado, Tater Tots,""","""American Breakfast Burritos,American Breakfast Omelettes""","""N/A""",DELIVERED,136000,13600000,0,0,0,0,0,0,13600,1360000,-,122400,12240000,IDR,"September 02, 2026 09:28:44AM","September 02, 2026 09:49:32AM",2,2,delivery,Other,Other,-,13600,1360000,0,0,0,0,-,-,0,0,N/A
76432238,00190410984-C8EDCY5GTJ5TLX,GF-180,GrabFood,,"""American Breakfast Club""",Kemang,"""1x Burrito - 2 Scrambled Eggs, Cheddar, Avocado, Tater Tots""","""American Breakfast Burritos""","""N/A""",DELIVERED,58000,5800000,0,0,0,0,0,0,11600,1160000,-,46400,4640000,IDR,"September 02, 2026 09:22:56AM","September 02, 2026 09:43:11AM",1,1,delivery,Other,Other,-,11600,1160000,0,0,0,0,-,-,0,0,N/A
76431946,F-3342665558,1779,gofood,,"""American Breakfast Club""",Kemang,"""1x Cheese Omelette - Side Tater Tots, 1x 2 Pancakes - Butter, Maple Syrup""","""American Breakfast Omelettes,American Breakfast Pancakes""","""1x Cutleries""",DELIVERED,106600,10660000,0,0,0,0,4000,400000,48000,4800000,-,89000,8900000,IDR,"September 02, 2026 08:56:45AM","September 02, 2026 09:31:53AM",2,2,delivery,N/A,N/A,-,21600,2160000,26400,2640000,0,0,-,-,0,0,N/A
76431878,00117745243-C8EDCXWFNZBBRJ,GF-575,GrabFood,,"""American Breakfast Club""",Kemang,"""1x Burrito - 2 Scrambled Eggs, Cheddar, Avocado, Tater Tots""","""American Breakfast Burritos""","""N/A""",DELIVERED,58000,5800000,0,0,0,0,0,0,11600,1160000,-,46400,4640000,IDR,"September 02, 2026 09:14:35AM","September 02, 2026 09:34:19AM",1,1,delivery,Other,Other,-,11600,1160000,0,0,0,0,-,-,0,0,N/A
76431421,00102819940-C8EDCUTVGGAUEA,GF-327,GrabFood,,"""American Breakfast Club""",Kemang,"""1x Sandwich - 2 Scrambled Eggs Mock Beef, Cheddar Cheese  on a wavy brioche bun, 1x Mushroom Omelette - Mushrooms, Spinach, Side Tater Tots""","""American Breakfast Sandwiches,American Breakfast Omelettes""","""N/A""",DELIVERED,126000,12600000,0,0,0,0,0,0,25200,2520000,-,100800,10080000,IDR,"September 02, 2026 09:03:42AM","September 02, 2026 09:41:29AM",2,2,delivery,Other,Other,-,25200,2520000,0,0,0,0,-,-,0,0,N/A
76431235,0010451681-C8EDCT2EAKLVAE,GF-582,GrabFood,,"""American Breakfast Club""",Kemang,"""1x Burrito - Mock Chicken, 2 Scrambled Eggs, Cheddar, Avocado, Tater Tots""","""American Breakfast Burritos""","""N/A""",DELIVERED,68000,6800000,0,0,0,0,0,0,0,0,-,68000,6800000,IDR,"September 02, 2026 08:58:36AM","September 02, 2026 09:50:04AM",1,1,delivery,Other,Other,-,0,0,0,0,0,0,-,-,0,0,N/A
76430661,F-3342654843,2897,gofood,,"""Herbox""",Greenville,"""1x Teriyaki Vegan Vegetarian Ricebox""","""Ricebox""","""N/A""",DELIVERED,31200,3120000,0,0,0,0,4000,400000,0,0,-,35200,3520000,IDR,"September 02, 2026 08:37:47AM","September 02, 2026 09:03:50AM",1,1,delivery,N/A,N/A,-,0,0,0,0,0,0,-,-,0,0,11 min 21 sec
76430515,0019060539-C8EDCLCBCZKZME,GF-058,GrabFood,,"""American Breakfast Club""",Greenville,"""1x Sandwich - 2 Scrambled Eggs, Mock Chicken, Cheddar Cheese Mix, Brioche Bun""","""American Breakfast Sandwiches""","""N/A""",DELIVERED,58000,5800000,0,0,0,0,0,0,8700,870000,-,49300,4930000,IDR,"September 02, 2026 08:34:11AM","September 02, 2026 09:13:16AM",1,1,delivery,Other,Other,-,8700,870000,0,0,0,0,-,-,0,0,8 min 35 sec
76429921,F-3342640483,5436,gofood,,"""American Breakfast Club""",Kemang,"""1x Burrito - 2 Scrambled Eggs, Cheddar, Avocado, Tater Tots, 1x Sandwich - 2 Scrambled Eggs melty cheddar cheese on a wavy brioche bun""","""American Breakfast Burritos,American Breakfast Sandwiches""","""N/A""",DELIVERED,103000,10300000,0,0,0,0,4000,400000,10000,1000000,-,107000,10700000,IDR,"September 02, 2026 08:10:30AM","September 02, 2026 08:42:21AM",2,2,delivery,N/A,N/A,-,0,0,10000,1000000,0,0,-,-,0,0,N/A
76429919,F-3342639346,7773,gofood,,"""Herbox""",Greenville,"""1x Teriyaki Vegan Vegetarian Ricebox""","""Ricebox""","""N/A""",DELIVERED,31200,3120000,0,0,0,0,4000,400000,0,0,-,35200,3520000,IDR,"September 02, 2026 08:08:15AM","September 02, 2026 08:27:42AM",1,1,delivery,N/A,N/A,-,0,0,0,0,0,0,-,-,0,0,N/A
76429748,0013928597-C8EDCEA2KBKATE,GF-829,GrabFood,,"""American Breakfast Club""",Kemang,"""1x Cheese Omelette - Side Tater Tots""","""American Breakfast Omelettes""","""N/A""",DELIVERED,58000,5800000,0,0,0,0,0,0,11600,1160000,-,46400,4640000,IDR,"September 02, 2026 08:03:48AM","September 02, 2026 08:27:13AM",1,1,delivery,Other,Other,-,11600,1160000,0,0,0,0,-,-,0,0,N/A
76429592,00161797726-C8EDCBTGRE4BE2,GF-265,GrabFood,,"""American Breakfast Club""",Greenville,"""1x Burrito - Mock Chicken, 2 Scrambled Eggs, Cheddar, Avocado, Tater Tots""","""American Breakfast Burritos""","""N/A""",DELIVERED,68000,6800000,0,0,0,0,0,0,10200,1020000,-,57800,5780000,IDR,"September 02, 2026 07:56:56AM","September 02, 2026 08:23:36AM",1,1,delivery,Other,Other,-,10200,1020000,0,0,0,0,-,-,0,0,9 min 4 sec
76429533,001484148921-C8EDCBAKLPVWFE,GF-681,GrabFood,,"""American Breakfast Club""",Greenville,"""1x Cheese Omelette - Side Tater Tots""","""American Breakfast Omelettes""","""1x Cutleries""",DELIVERED,59500,5950000,0,0,0,0,0,0,8700,870000,-,50800,5080000,IDR,"September 02, 2026 07:53:39AM","September 02, 2026 08:15:25AM",1,1,delivery,Other,Other,-,8700,870000,0,0,0,0,-,-,0,0,N/A
76429082,F-3342624103,5465,gofood,,"""American Breakfast Club""",Greenville,"""2x Burrito - Mock Chicken, 2 Scrambled Eggs, Cheddar, Avocado, Tater Tots""","""American Breakfast Burritos""","""N/A""",DELIVERED,108800,10880000,0,0,0,0,4000,400000,42700,4270000,-,98085,9808500,IDR,"September 02, 2026 07:28:43AM","September 02, 2026 08:02:00AM",2,2,delivery,N/A,N/A,-,14715,1471500,27985,2798500,0,0,-,-,0,0,N/A
76429046,00126082415-C8EDBCBTV4CVRX,GF-827,GrabFood,,"""American Breakfast Club""",Kemang,"""1x Burrito - Mock Beef, 2 Scrambled Eggs, Cheddar, Avocado, Tater Tots,""","""American Breakfast Burritos""","""N/A""",DELIVERED,68000,6800000,0,0,0,0,0,0,0,0,-,68000,6800000,IDR,"September 02, 2026 07:27:20AM","September 02, 2026 08:06:03AM",1,1,delivery,Other,Other,-,0,0,0,0,0,0,-,-,0,0,N/A
76428789,F-3342618721,3367,gofood,,"""American Breakfast Club""",Kemang,"""1x Burrito - 2 Scrambled Eggs, Cheddar, Avocado, Tater Tots""","""American Breakfast Burritos""","""1x Chick Nugget""",DELIVERED,93000,9300000,0,0,0,0,4000,400000,51900,5190000,-,78145,7814500,IDR,"September 02, 2026 07:12:28AM","September 02, 2026 07:38:37AM",1,1,delivery,N/A,N/A,-,18855,1885500,33045,3304500,0,0,-,-,0,0,N/A
76428703,001819472422-C8EDA7KWWFAKJ2,GF-519,GrabFood,,"""People Pasta""",Greenville,"""1x Bolognese - Vegan Friendly - Vegetarian - Plantbase, 1x Creamy Mushroom - Vegetarian - Plantbased, 1x Hygine Cutleries""","""Signature Pasta,Add-on""","""1x Fettucine, 1x Spaghetti""",DELIVERED,88500,8850000,0,0,0,0,0,0,20200,2020000,-,68300,6830000,IDR,"September 02, 2026 07:07:50AM","September 02, 2026 07:55:52AM",3,3,delivery,Other,Other,-,20200,2020000,0,0,0,0,-,-,0,0,N/A
76428598,001232060462-C8EDA4NUPCEVHE,GF-695,GrabFood,,"""American Breakfast Club""",Greenville,"""1x Burrito - 2 Scrambled Eggs, Cheddar, Avocado, Tater Tots, 5x Sandwich - 2 Scrambled Eggs melty cheddar cheese on a wavy brioche bun, 2x 2 Pancakes - Butter, Maple Syrup""","""American Breakfast Burritos,American Breakfast Sandwiches,American Breakfast Pancakes""","""N/A""",DELIVERED,379000,37900000,0,0,0,0,0,0,56850,5685000,-,322150,32215000,IDR,"September 02, 2026 07:00:39AM","September 02, 2026 08:15:21AM",8,3,delivery,Other,Other,-,56850,5685000,0,0,0,0,-,-,0,0,28 min 49 sec
76428073,001610328858-C8EDAU6TGU5FAE,GF-147,GrabFood,,"""American Breakfast Club""",Greenville,"""1x Cheese Omelette - Side Tater Tots, 1x Burrito - 2 Scrambled Eggs, Cheddar, Avocado, Tater Tots, 1x Tater Tots""","""American Breakfast Omelettes,American Breakfast Burritos,Sides""","""N/A""",DELIVERED,154000,15400000,0,0,0,0,0,0,23100,2310000,-,130900,13090000,IDR,"September 02, 2026 06:20:01AM","September 02, 2026 07:13:43AM",3,3,delivery,Other,Other,-,23100,2310000,0,0,0,0,-,-,0,0,N/A
76412900,0010384878-C8ECPFCHEVBGDA,GF-916,GrabFood,,"""American Breakfast Club""",Greenville,"""2x Burrito - 2 Scrambled Eggs, Cheddar, Avocado, Tater Tots""","""American Breakfast Burritos""","""N/A""",DELIVERED,116000,11600000,0,0,0,0,0,0,17400,1740000,-,98600,9860000,IDR,"September 01, 2026 08:30:57PM","September 01, 2026 09:05:00PM",2,1,delivery,Other,Other,-,17400,1740000,0,0,0,0,-,-,0,0,N/A
76411033,F-3342416786,2322,gofood,,"""American Breakfast Club""",Greenville,"""1x Burrito - 2 Scrambled Eggs, Cheddar, Avocado, Tater Tots""","""American Breakfast Burritos""","""1x Home Fries""",DELIVERED,76400,7640000,0,0,0,0,4000,400000,0,0,-,80400,8040000,IDR,"September 01, 2026 08:11:42PM","September 01, 2026 08:59:06PM",1,1,delivery,N/A,N/A,-,0,0,0,0,0,0,-,-,0,0,N/A
76410982,F-3342409574,3587,gofood,,"""Herbox""",Greenville,"""1x Rica Wrap, 2x French Fries""","""Wrap Series,Sides""","""N/A""",DELIVERED,95200,9520000,0,0,0,0,4000,400000,42900,4290000,-,79895,7989500,IDR,"September 01, 2026 08:06:18PM","September 01, 2026 08:36:02PM",3,2,delivery,N/A,N/A,-,19305,1930500,23595,2359500,0,0,-,-,0,0,N/A
76410310,001124851410-C8ECN8KGGP61GX,GF-191,GrabFood,,"""LA Breakfast Club""",Greenville,"""1x Mock Chicken Burrito""","""LA Breakfast Burritos""","""N/A""",DELIVERED,86000,8600000,0,0,0,0,0,0,21500,2150000,-,64500,6450000,IDR,"September 01, 2026 08:05:38PM","September 01, 2026 08:47:12PM",1,1,delivery,Other,Other,-,21500,2150000,0,0,0,0,-,-,0,0,6 min 28 sec
76400296,00190498553-C8ECNKE3T8MAN6,GF-525,GrabFood,,"""Tyfel Coffee""",Greenville,"""1x Chic Chunk - Vegan Plantbased, 2x Risotto""","""Lite Bites,Main Course""","""N/A""",DELIVERED,148000,14800000,0,0,0,0,0,0,32600,3260000,-,115400,11540000,IDR,"September 01, 2026 06:35:21PM","September 01, 2026 07:29:19PM",3,2,delivery,Other,Other,-,32600,3260000,0,0,0,0,-,-,0,0,21 min 41 sec
76398773,F-3342243391,8673,gofood,,"""Herbox""",Greenville,"""1x Fysh Mentai, 1x Fish Burger Vegan, 1x Rica Wrap""","""Vegan Burger,Wrap Series,Mentai Vegan""","""N/A""",DELIVERED,141600,14160000,0,0,0,0,4000,400000,73800,7380000,-,116890,11689000,IDR,"September 01, 2026 06:20:07PM","September 01, 2026 07:26:02PM",3,3,delivery,N/A,N/A,-,28710,2871000,45090,4509000,0,0,-,-,0,0,31 min 38 sec
76398012,00167450588-C8ECNETGCVA3TJ,GF-657,GrabFood,,"""American Breakfast Club""",Greenville,"""1x Sandwich - 2 Scrambled Eggs, Mock Chicken, Cheddar Cheese Mix, Brioche Bun, 1x 2 Pancakes - Blueberries, Butter, Maple Syrup""","""American Breakfast Sandwiches,American Breakfast Pancakes""","""N/A""",DELIVERED,116000,11600000,0,0,0,0,0,0,17400,1740000,-,98600,9860000,IDR,"September 01, 2026 06:13:37PM","September 01, 2026 06:48:23PM",2,2,delivery,Other,Other,-,17400,1740000,0,0,0,0,-,-,0,0,9 min 52 sec
76389759,001878940887-C8ECLZNAAXAHGE,GF-764,GrabFood,,"""People Pasta""",Greenville,"""1x Tattert Tots, 1x Chicken Nugget - Vegan, 1x Creamy Mushroom - Vegetarian - Plantbased""","""Signature Pasta""","""1x Spaghetti""",DELIVERED,106000,10600000,0,0,0,0,0,0,24200,2420000,-,81800,8180000,IDR,"September 01, 2026 04:46:32PM","September 01, 2026 05:55:26PM",3,3,delivery,Other,Other,-,24200,2420000,0,0,0,0,-,-,0,0,15 min 45 sec
76388404,F-3342094422,2351,gofood,,"""Tyfel Coffee""",Greenville,"""1x Meatless Burger - Vegan Plantbased""","""Brunch""","""N/A""",DELIVERED,46000,4600000,0,0,0,0,4000,400000,10000,1000000,-,50000,5000000,IDR,"September 01, 2026 04:20:22PM","September 01, 2026 04:52:43PM",1,1,delivery,N/A,N/A,-,0,0,10000,1000000,0,0,-,-,0,0,N/A
76387400,001105044011-C8ECLTXGGUMFUA,GF-615,GrabFood,,"""American Breakfast Club""",Greenville,"""1x Burrito - Mock Beef, 2 Scrambled Eggs, Cheddar, Avocado, Tater Tots,""","""American Breakfast Burritos""","""N/A""",DELIVERED,68000,6800000,0,0,0,0,0,0,13200,1320000,-,54800,5480000,IDR,"September 01, 2026 04:18:18PM","September 01, 2026 04:47:25PM",1,1,delivery,Other,Other,-,13200,1320000,0,0,0,0,-,-,0,0,9 min 53 sec
76385216,00131481889-C8ECLKK1NPCJGT,GF-580,GrabFood,,"""Herbox""",Greenville,"""1x Nasi Goreng Bintang Kuning Vegan Vegetarian""","""Nasi Goreng Special""","""N/A""",DELIVERED,35000,3500000,0,0,0,0,0,0,9000,900000,-,26000,2600000,IDR,"September 01, 2026 03:49:07PM","September 01, 2026 04:55:53PM",1,1,delivery,Other,Other,-,9000,900000,0,0,0,0,-,-,0,0,6 min 21 sec
76379994,F-3341990118,4468,gofood,,"""Tyfel Coffee""",Greenville,"""2x Breakfast Burrito""","""Breakfast Burritos""","""N/A""",DELIVERED,116000,11600000,0,0,0,0,4000,400000,34800,3480000,-,104340,10434000,IDR,"September 01, 2026 02:32:28PM","September 01, 2026 03:27:33PM",2,1,delivery,N/A,N/A,-,15660,1566000,19140,1914000,0,0,-,-,0,0,N/A
76374764,001506213476-C8ECJNXZCGBWNX,GF-723,GrabFood,,"""People Pasta""",Greenville,"""1x Chicken Nugget - Vegan, 1x Meat-less Burger - Vegan""","""Meatless Burgers""","""N/A""",DELIVERED,84000,8400000,0,0,0,0,0,0,33912,3391200,-,50088,5008800,IDR,"September 01, 2026 01:15:06PM","September 01, 2026 01:51:25PM",2,2,delivery,Other,Other,-,33912,3391200,0,0,0,0,-,-,0,0,N/A
76369221,001695958013-C8ECHEMHR3C1G6,GF-921,GrabFood,,"""American Breakfast Club""",Greenville,"""1x Sandwich - 2 Scrambled Eggs Mock Beef, Cheddar Cheese  on a wavy brioche bun, 1x Cutleries""","""American Breakfast Sandwiches,Cutleries""","""N/A""",DELIVERED,59000,5900000,0,0,0,0,0,0,8700,870000,-,50300,5030000,IDR,"September 01, 2026 12:06:19PM","September 01, 2026 12:20:07PM",2,2,delivery,Other,Other,-,8700,870000,0,0,0,0,-,-,0,0,N/A
76366920,0019296546-C8ECG7NJAZEWTN,GF-799,GrabFood,,"""American Breakfast Club""",Kemang,"""1x Cheese Omelette - Side Tater Tots""","""American Breakfast Omelettes""","""N/A""",DELIVERED,58000,5800000,0,0,0,0,0,0,11600,1160000,-,46400,4640000,IDR,"September 01, 2026 11:39:58AM","September 01, 2026 12:14:30PM",1,1,delivery,Other,Other,-,11600,1160000,0,0,0,0,-,-,0,0,13 min 1 sec
76366042,F-3341763068,5911,gofood,,"""American Breakfast Club""",Kemang,"""1x Mushroom Omelette - Mushrooms, Spinach, Side Tater Tots, 1x Burrito - 2 Scrambled Eggs, Cheddar, Avocado, Tater Tots""","""American Breakfast Burritos,American Breakfast Omelettes""","""1x Tatter Tots""",DELIVERED,156000,15600000,0,0,0,0,4000,400000,10000,1000000,-,160000,16000000,IDR,"September 01, 2026 11:29:56AM","September 01, 2026 11:54:05AM",2,2,delivery,N/A,N/A,-,0,0,10000,1000000,0,0,-,-,0,0,N/A
76364024,0018502363-C8ECGY4BMAJXC6,GF-142,GrabFood,,"""American Breakfast Club""",Greenville,"""1x Burrito - Mock Beef, 2 Scrambled Eggs, Cheddar, Avocado, Tater Tots,""","""American Breakfast Burritos""","""N/A""",DELIVERED,68000,6800000,0,0,0,0,0,0,13200,1320000,-,54800,5480000,IDR,"September 01, 2026 11:09:14AM","September 01, 2026 11:38:00AM",1,1,delivery,Other,Other,-,13200,1320000,0,0,0,0,-,-,0,0,N/A
76363874,F-3341728519,1257,gofood,,"""American Breakfast Club""",Kemang,"""2x Burrito - Mock Beef, 2 Scrambled Eggs, Cheddar, Avocado, Tater Tots,""","""American Breakfast Burritos""","""N/A""",DELIVERED,136000,13600000,0,0,0,0,4000,400000,71200,7120000,-,112460,11246000,IDR,"September 01, 2026 11:07:12AM","September 01, 2026 11:37:53AM",2,1,delivery,N/A,N/A,-,27540,2754000,43660,4366000,0,0,-,-,0,0,N/A
76363565,0015114476-C8ECGYECGP6FFA,GF-346,GrabFood,,"""American Breakfast Club""",Kemang,"""1x Mushroom Omelette - Mushrooms, Spinach, Side Tater Tots, 1x Cheese Omelette - Side Tater Tots, 2x Sandwich - 2 Scrambled Eggs, Mock Chicken, Cheddar Cheese Mix, Brioche Bun, 1x Tater Tots With Truffle Oil""","""Sides,American Breakfast Omelettes,American Breakfast Sandwiches""","""N/A""",DELIVERED,290000,29000000,0,0,0,0,0,0,48400,4840000,-,241600,24160000,IDR,"September 01, 2026 11:04:52AM","September 01, 2026 11:40:15AM",5,4,delivery,Other,Other,-,48400,4840000,0,0,0,0,-,-,0,0,N/A
76362292,F-3341705236,5289,gofood,,"""American Breakfast Club""",Kemang,"""1x Mushroom Omelette - Mushrooms, Spinach, Side Tater Tots, 1x 2 Pancakes - Butter, Maple Syrup""","""American Breakfast Omelettes,American Breakfast Pancakes""","""N/A""",DELIVERED,116000,11600000,0,0,0,0,4000,400000,52200,5220000,-,96510,9651000,IDR,"September 01, 2026 10:50:18AM","September 01, 2026 11:12:08AM",2,2,delivery,N/A,N/A,-,23490,2349000,28710,2871000,0,0,-,-,0,0,N/A
76360819,001618684897-C8ECGPM1L4JKVE,GF-492,GrabFood,,"""People Pasta""",Greenville,"""1x Vegan Chicken Crispy Burger, 1x Creamy Mushroom - Vegetarian - Plantbased, 1x Home Fries""","""Meatless Burgers,Signature Pasta""","""1x Fettucine""",DELIVERED,118000,11800000,0,0,0,0,0,0,26400,2640000,-,91600,9160000,IDR,"September 01, 2026 10:33:07AM","September 01, 2026 11:29:19AM",3,3,delivery,Other,Other,-,26400,2640000,0,0,0,0,-,-,0,0,N/A
76359521,F-3341664134,9784,gofood,,"""American Breakfast Club""",Greenville,"""1x Mushroom Omelette - Mushrooms, Spinach, Side Tater Tots""","""American Breakfast Omelettes""","""1x Chick Nugget""",DELIVERED,89400,8940000,0,0,0,0,4000,400000,36900,3690000,-,81295,8129500,IDR,"September 01, 2026 10:15:20AM","September 01, 2026 10:34:11AM",1,1,delivery,N/A,N/A,-,12105,1210500,24795,2479500,0,0,-,-,0,0,N/A
76357251,001629755793-C8ECGATDLEJGCE,GF-746,GrabFood,,"""Herbox""",Greenville,"""1x Lada Hitam Blackpepper Vegan Vegetarian Ricebox, 1x Pesmol Vegan Vegetarian Ricebox""","""Ricebox""","""1x Vegan Chicken Nugget""",DELIVERED,113000,11300000,0,0,0,0,0,0,15600,1560000,-,97400,9740000,IDR,"September 01, 2026 09:36:56AM","September 01, 2026 09:59:21AM",2,2,delivery,Other,Other,-,15600,1560000,0,0,0,0,-,-,0,0,N/A
76357018,F-3341625832,8261,gofood,,"""American Breakfast Club""",Kemang,"""1x Burrito - Mock Chicken, 2 Scrambled Eggs, Cheddar, Avocado, Tater Tots""","""American Breakfast Burritos""","""1x Cutleries""",DELIVERED,68600,6860000,0,0,0,0,4000,400000,30600,3060000,-,63330,6333000,IDR,"September 01, 2026 09:31:35AM","September 01, 2026 09:50:58AM",1,1,delivery,N/A,N/A,-,9270,927000,21330,2133000,0,0,-,-,0,0,N/A
76356549,00172424548-C8ECFE3TAGBKC2,GF-769,GrabFood,,"""People Pasta""",Greenville,"""1x Creamy Mushroom - Vegetarian - Plantbased""","""Signature Pasta""","""1x Spaghetti""",DELIVERED,43000,4300000,0,0,0,0,0,0,11600,1160000,-,31400,3140000,IDR,"September 01, 2026 09:22:21AM","September 01, 2026 09:52:13AM",1,1,delivery,Other,Other,-,11600,1160000,0,0,0,0,-,-,0,0,15 min 13 sec
76356305,0015555206-C8ECFCEDC2XWAN,GF-397,GrabFood,,"""American Breakfast Club""",Kemang,"""1x Burrito - 2 Scrambled Eggs, Cheddar, Avocado, Tater Tots""","""American Breakfast Burritos""","""1x Mineral Water""",DELIVERED,68000,6800000,0,0,0,0,0,0,11600,1160000,-,56400,5640000,IDR,"September 01, 2026 09:14:55AM","September 01, 2026 09:44:19AM",1,1,delivery,Other,Other,-,11600,1160000,0,0,0,0,-,-,0,0,N/A
76355672,001351299541-C8ECE7VWJTKZGX,GF-289,GrabFood,,"""Tyfel Coffee""",Greenville,"""2x Omelette Toast""","""Brunch""","""N/A""",DELIVERED,76000,7600000,0,0,0,0,0,0,15200,1520000,-,60800,6080000,IDR,"September 01, 2026 08:56:29AM","September 01, 2026 09:18:05AM",2,1,delivery,Other,Other,-,15200,1520000,0,0,0,0,-,-,0,0,N/A
76355554,F-3341598234,6447,gofood,,"""American Breakfast Club""",Kemang,"""1x Burrito - 2 Scrambled Eggs, Cheddar, Avocado, Tater Tots""","""American Breakfast Burritos""","""N/A""",DELIVERED,58000,5800000,0,0,0,0,4000,400000,10000,1000000,-,62000,6200000,IDR,"September 01, 2026 08:51:55AM","September 01, 2026 09:18:41AM",1,1,delivery,N/A,N/A,-,0,0,10000,1000000,0,0,-,-,0,0,N/A
76355098,F-3341589862,9433,gofood,,"""American Breakfast Club""",Kemang,"""1x Burrito - Mock Beef, 2 Scrambled Eggs, Cheddar, Avocado, Tater Tots,""","""American Breakfast Burritos""","""N/A""",DELIVERED,68000,6800000,0,0,0,0,4000,400000,20400,2040000,-,62820,6282000,IDR,"September 01, 2026 08:36:50AM","September 01, 2026 09:14:51AM",1,1,delivery,N/A,N/A,-,9180,918000,11220,1122000,0,0,-,-,0,0,N/A
76355051,00183078530-C8ECE3KJTX2WBE,GF-675,GrabFood,,"""American Breakfast Club""",Kemang,"""1x Burrito - Mock Beef, 2 Scrambled Eggs, Cheddar, Avocado, Tater Tots,""","""American Breakfast Burritos""","""N/A""",DELIVERED,68000,6800000,0,0,0,0,0,0,0,0,-,68000,6800000,IDR,"September 01, 2026 08:35:38AM","September 01, 2026 09:42:53AM",1,1,delivery,Other,Other,-,0,0,0,0,0,0,-,-,0,0,31 min 45 sec
76354977,F-3341587433,6839,gofood,,"""American Breakfast Club""",Kemang,"""1x Burrito - Mock Beef, 2 Scrambled Eggs, Cheddar, Avocado, Tater Tots,, 1x Mushroom Omelette - Mushrooms, Spinach, Side Tater Tots, 1x 2 Pancakes - Chocolate Chips, Butter, Maple Syrup""","""American Breakfast Pancakes,American Breakfast Burritos,American Breakfast Omelettes""","""1x Chick Nugget, 1x Tatter Tots""",DELIVERED,259000,25900000,0,0,0,0,4000,400000,96000,9600000,-,224300,22430000,IDR,"September 01, 2026 08:32:25AM","September 01, 2026 09:19:46AM",3,3,delivery,N/A,N/A,-,38700,3870000,57300,5730000,0,0,-,-,0,0,N/A
76354792,F-3341583688,9783,gofood,,"""American Breakfast Club""",Greenville,"""1x Burrito - Mock Fish, 2 Scrambled Eggs, Cheddar, Avocado, Tater Tots,, 3x Burrito - Mock Chicken, 2 Scrambled Eggs, Cheddar, Avocado, Tater Tots""","""American Breakfast Burritos""","""N/A""",DELIVERED,217600,21760000,0,0,0,0,4000,400000,108000,10800000,-,177500,17750000,IDR,"September 01, 2026 08:25:24AM","September 01, 2026 09:03:25AM",4,2,delivery,N/A,N/A,-,44100,4410000,63900,6390000,0,0,-,-,0,0,N/A
76354697,F-3341579022,1458,gofood,,"""American Breakfast Club""",Kemang,"""2x Burrito - Mock Beef, 2 Scrambled Eggs, Cheddar, Avocado, Tater Tots,""","""American Breakfast Burritos""","""N/A""",DELIVERED,136000,13600000,0,0,0,0,4000,400000,71200,7120000,-,112460,11246000,IDR,"September 01, 2026 08:16:22AM","September 01, 2026 08:59:23AM",2,1,delivery,N/A,N/A,-,27540,2754000,43660,4366000,0,0,-,-,0,0,N/A
76354696,0016206342-C8ECEY31RNXBEX,GF-541,GrabFood,,"""American Breakfast Club""",Greenville,"""1x Burrito - Mock Beef, 2 Scrambled Eggs, Cheddar, Avocado, Tater Tots,""","""American Breakfast Burritos""","""N/A""",DELIVERED,68000,6800000,0,0,0,0,0,0,10200,1020000,-,57800,5780000,IDR,"September 01, 2026 08:22:27AM","September 01, 2026 09:15:03AM",1,1,delivery,Other,Other,-,10200,1020000,0,0,0,0,-,-,0,0,13 min 13 sec
76354582,00106690465-C8ECEYDFVTKHRA,GF-145,GrabFood,,"""American Breakfast Club""",Kemang,"""1x Burrito - 2 Scrambled Eggs, Cheddar, Avocado, Tater Tots""","""American Breakfast Burritos""","""N/A""",DELIVERED,58000,5800000,0,0,0,0,0,0,11600,1160000,-,46400,4640000,IDR,"September 01, 2026 08:17:55AM","September 01, 2026 08:56:28AM",1,1,delivery,Other,Other,-,11600,1160000,0,0,0,0,-,-,0,0,N/A
76354474,00136337040-C8ECEXVHLFNALA,GF-237,GrabFood,,"""American Breakfast Club""",Kemang,"""1x Mushroom Omelette - Mushrooms, Spinach, Side Tater Tots, 2x Sandwich - 2 Scrambled Eggs, Mock Fish, Cheddar Cheese, Mix, Brioche Bun, 1x Sandwich - 2 Scrambled Eggs melty cheddar cheese on a wavy brioche bun""","""American Breakfast Omelettes,American Breakfast Sandwiches""","""N/A""",DELIVERED,229000,22900000,0,0,0,0,0,0,45800,4580000,-,183200,18320000,IDR,"September 01, 2026 08:14:19AM","September 01, 2026 09:19:01AM",4,3,delivery,Other,Other,-,45800,4580000,0,0,0,0,-,-,0,0,N/A
76354433,0017267147-C8ECEXLUVZN3VJ,GF-053,GrabFood,,"""American Breakfast Club""",Greenville,"""1x Sandwich - 2 Scrambled Eggs Mock Beef, Cheddar Cheese  on a wavy brioche bun""","""American Breakfast Sandwiches""","""N/A""",DELIVERED,58000,5800000,0,0,0,0,0,0,11700,1170000,-,46300,4630000,IDR,"September 01, 2026 08:12:41AM","September 01, 2026 08:35:01AM",1,1,delivery,Other,Other,-,11700,1170000,0,0,0,0,-,-,0,0,N/A
76354277,F-3341572979,2458,gofood,,"""American Breakfast Club""",Greenville,"""1x Cheese Omelette - Side Tater Tots, 1x Burrito - 2 Scrambled Eggs, Cheddar, Avocado, Tater Tots, 1x 2 Pancakes - Butter, Maple Syrup""","""American Breakfast Burritos,American Breakfast Pancakes,American Breakfast Omelettes""","""2x Cutleries""",DELIVERED,134200,13420000,0,0,0,0,4000,400000,60400,6040000,-,111020,11102000,IDR,"September 01, 2026 08:03:59AM","September 01, 2026 08:44:13AM",3,3,delivery,N/A,N/A,-,27180,2718000,33220,3322000,0,0,-,-,0,0,N/A
76354242,00123998724-C8ECEUNAGCJTVN,GF-757,GrabFood,,"""American Breakfast Club""",Kemang,"""1x Burrito - Mock Beef, 2 Scrambled Eggs, Cheddar, Avocado, Tater Tots,""","""American Breakfast Burritos""","""N/A""",DELIVERED,68000,6800000,0,0,0,0,0,0,0,0,-,68000,6800000,IDR,"September 01, 2026 08:03:10AM","September 01, 2026 08:36:33AM",1,1,delivery,Other,Other,-,0,0,0,0,0,0,-,-,0,0,N/A
76354181,F-3341570749,1932,gofood,,"""Tyfel Coffee""",Kemang,"""1x Tater Tots, 1x Cheese Omlette-side Of Tater Tots""","""Breakfast Omlettes,Sides""","""N/A""",DELIVERED,86000,8600000,0,0,0,0,4000,400000,0,0,-,90000,9000000,IDR,"September 01, 2026 07:58:39AM","September 01, 2026 08:23:53AM",2,2,delivery,N/A,N/A,-,0,0,0,0,0,0,-,-,0,0,N/A
76353979,001895918333-C8ECERB2SENXMA,GF-555,GrabFood,,"""American Breakfast Club""",Kemang,"""1x Mushroom Omelette - Mushrooms, Spinach, Side Tater Tots""","""American Breakfast Omelettes""","""1x Cutleries""",DELIVERED,68600,6860000,0,0,0,0,0,0,13600,1360000,-,55000,5500000,IDR,"September 01, 2026 07:50:48AM","September 01, 2026 08:34:01AM",1,1,delivery,Other,Other,-,13600,1360000,0,0,0,0,-,-,0,0,N/A
76353895,0015083295-C8ECEPTDN65YJJ,GF-822,GrabFood,,"""American Breakfast Club""",Greenville,"""1x Burrito - Mock Beef, 2 Scrambled Eggs, Cheddar, Avocado, Tater Tots,""","""American Breakfast Burritos""","""N/A""",DELIVERED,68000,6800000,0,0,0,0,0,0,10200,1020000,-,57800,5780000,IDR,"September 01, 2026 07:46:53AM","September 01, 2026 08:12:16AM",1,1,delivery,Other,Other,-,10200,1020000,0,0,0,0,-,-,0,0,10 min 0 sec
76353635,F-3341561419,1691,gofood,,"""American Breakfast Club""",Kemang,"""1x Sandwich - 2 Scrambled Eggs, Mock Fish, Cheddar Cheese, Mix, Brioche Bun, 1x Burrito - 2 Scrambled Eggs, Cheddar, Avocado, Tater Tots""","""American Breakfast Sandwiches,American Breakfast Burritos""","""N/A""",DELIVERED,116000,11600000,0,0,0,0,4000,400000,52200,5220000,-,96510,9651000,IDR,"September 01, 2026 07:33:34AM","September 01, 2026 08:16:02AM",2,2,delivery,N/A,N/A,-,23490,2349000,28710,2871000,0,0,-,-,0,0,N/A
76353550,F-3341559913,6185,gofood,,"""American Breakfast Club""",Kemang,"""1x Burrito - Mock Chicken, 2 Scrambled Eggs, Cheddar, Avocado, Tater Tots, 1x Burrito - Mock Beef, 2 Scrambled Eggs, Cheddar, Avocado, Tater Tots,""","""American Breakfast Burritos""","""N/A""",DELIVERED,136000,13600000,0,0,0,0,4000,400000,71200,7120000,-,112460,11246000,IDR,"September 01, 2026 07:29:10AM","September 01, 2026 08:02:17AM",2,2,delivery,N/A,N/A,-,27540,2754000,43660,4366000,0,0,-,-,0,0,N/A
76353485,00165166876-C8ECEJ5JCANETN,GF-814,GrabFood,,"""American Breakfast Club""",Kemang,"""1x Burrito - 2 Scrambled Eggs, Cheddar, Avocado, Tater Tots""","""American Breakfast Burritos""","""N/A""",DELIVERED,58000,5800000,0,0,0,0,0,0,11600,1160000,-,46400,4640000,IDR,"September 01, 2026 07:26:18AM","September 01, 2026 08:56:20AM",1,1,delivery,Other,Other,-,11600,1160000,0,0,0,0,-,-,0,0,N/A
76352922,001485715321-C8ECEAWAKFJCSE,GF-868,GrabFood,,"""Herbox""",Greenville,"""1x Vegan Chickin Nugget, 1x Original Burger Vegan""","""Vegan Burger,Sides""","""N/A""",DELIVERED,99000,9900000,0,0,0,0,0,0,14800,1480000,-,84200,8420000,IDR,"September 01, 2026 06:51:10AM","September 01, 2026 07:20:50AM",2,2,delivery,Other,Other,-,14800,1480000,0,0,0,0,-,-,0,0,14 min 30 sec
76338505,00102933093-C8EBTTJGA3CWDA,GF-916,GrabFood,,"""Herbox""",Greenville,"""1x Rica Rica Vegan Vegetarian Ricebox, 1x Vegan Chickin Nugget, 1x French Fries""","""Ricebox,Sides""","""N/A""",DELIVERED,109000,10900000,0,0,0,0,0,0,10800,1080000,-,98200,9820000,IDR,"August 31, 2026 08:48:47PM","August 31, 2026 09:21:06PM",3,3,delivery,Other,Other,-,10800,1080000,0,0,0,0,-,-,0,0,N/A
76337336,001875787441-C8EBTNWEJJBGHA,GF-674,GrabFood,,"""American Breakfast Club""",Greenville,"""1x Burrito - 2 Scrambled Eggs, Cheddar, Avocado, Tater Tots""","""American Breakfast Burritos""","""1x Tatter Tots""",DELIVERED,88000,8800000,0,0,0,0,0,0,11700,1170000,-,76300,7630000,IDR,"August 31, 2026 08:34:33PM","August 31, 2026 09:06:20PM",1,1,delivery,Other,Other,-,11700,1170000,0,0,0,0,-,-,0,0,10 min 49 sec
76336785,00144459503-C8EBTLJ1UFVKC6,GF-565,GrabFood,,"""Herbox""",Greenville,"""1x Kung Paow Chick Vegan Vegetarian Ricebox, 1x French Fries, 1x Tater tots""","""Ricebox,Sides""","""1x Vegan Chicken Nugget""",DELIVERED,134000,13400000,0,0,0,0,0,0,7800,780000,-,126200,12620000,IDR,"August 31, 2026 08:28:50PM","August 31, 2026 09:44:09PM",3,3,delivery,Other,Other,-,7800,780000,0,0,0,0,-,-,0,0,16 min 36 sec
76335608,001526313575-C8EBTJN2R6LKEN,GF-936,GrabFood,,"""People Pasta""",Greenville,"""2x Hygine Cutleries, 1x Truffle Tatter Tots, 1x Creamy Mushroom - Vegetarian - Plantbased, 1x Cacio e Pepe - Vegetarian - Plantbased""","""Signature Pasta,Add-on""","""1x Fettucine, 1x Fusili""",DELIVERED,123000,12300000,0,0,0,0,0,0,47474,4747400,-,75526,7552600,IDR,"August 31, 2026 08:16:48PM","August 31, 2026 08:51:12PM",5,4,delivery,Other,Other,-,47474,4747400,0,0,0,0,-,-,0,0,14 min 51 sec
76328142,001237083795-C8EBSADWLFBHGA,GF-818,GrabFood,,"""American Breakfast Club""",Greenville,"""1x 2 Pancakes - Blueberries, Butter, Maple Syrup""","""American Breakfast Pancakes""","""N/A""",DELIVERED,58000,5800000,0,0,0,0,0,0,11700,1170000,-,46300,4630000,IDR,"August 31, 2026 07:08:03PM","August 31, 2026 07:55:48PM",1,1,delivery,Other,Other,-,11700,1170000,0,0,0,0,-,-,0,0,15 min 29 sec
76326658,00125982311-C8EBR62JLCMAJJ,GF-058,GrabFood,,"""Herbox""",Greenville,"""1x Nasi Goreng Bintang Kuning Vegan Vegetarian, 1x Pesmol Vegan Vegetarian Ricebox""","""Nasi Goreng Special,Ricebox""","""1x Vegan Chicken Nugget""",DELIVERED,109000,10900000,0,0,0,0,0,0,14800,1480000,-,94200,9420000,IDR,"August 31, 2026 06:55:19PM","August 31, 2026 07:47:36PM",2,2,delivery,Other,Other,-,14800,1480000,0,0,0,0,-,-,0,0,13 min 25 sec
76321777,F-3341166979,2558,gofood,,"""Herbox""",Greenville,"""1x Nasi Goreng Bulan Merah Vegan Vegetarian, 1x Nasi Goreng Sedap Malam Vegan Vegetarian, 1x Nasi Goreng Bintang Kuning Vegan Vegetarian""","""Nasi Goreng Special""","""N/A""",CANCELLED,84000,8400000,0,0,0,0,4000,400000,47800,4780000,-,70990,7099000,IDR,"August 31, 2026 06:12:36PM",,3,3,delivery,N/A,N/A,-,17010,1701000,30790,3079000,0,0,N/A,N/A,0,0,N/A
76315192,F-3341076001,8661,gofood,,"""Tyfel Coffee""",Greenville,"""1x Tater Tots, 1x Chic Chunk - Vegan Plantbased, 1x Mock Chicken Burrito, 1x Mock Beef Sandwich""","""Breakfast Burritos,Breakfast Sandwiches,Sides,Lite Bites""","""N/A""",DELIVERED,175000,17500000,0,0,0,0,4000,400000,78800,7880000,-,143540,14354000,IDR,"August 31, 2026 05:05:48PM","August 31, 2026 05:52:05PM",4,4,delivery,N/A,N/A,-,35460,3546000,43340,4334000,0,0,-,-,0,0,N/A
76308699,00188001932-C8EBN2WYBBWDRN,GF-315,GrabFood,,"""American Breakfast Club""",Greenville,"""2x Burrito - 2 Scrambled Eggs, Cheddar, Avocado, Tater Tots""","""American Breakfast Burritos""","""N/A""",DELIVERED,116000,11600000,0,0,0,0,0,0,20400,2040000,-,95600,9560000,IDR,"August 31, 2026 03:51:25PM","August 31, 2026 04:27:30PM",2,1,delivery,Other,Other,-,20400,2040000,0,0,0,0,-,-,0,0,N/A
76304762,F-3340935014,7338,gofood,,"""American Breakfast Club""",Greenville,"""1x Tater Tots, 1x Burrito - Mock Chicken, 2 Scrambled Eggs, Cheddar, Avocado, Tater Tots""","""American Breakfast Burritos,Sides""","""N/A""",DELIVERED,73400,7340000,0,0,0,0,4000,400000,22100,2210000,-,67455,6745500,IDR,"August 31, 2026 02:52:56PM","August 31, 2026 03:29:25PM",2,2,delivery,N/A,N/A,-,9945,994500,12155,1215500,0,0,-,-,0,0,N/A
76293036,0015969208-C8EBLN32JJNWLT,GF-400,GrabFood,,"""American Breakfast Club""",Greenville,"""1x Burrito - Mock Beef, 2 Scrambled Eggs, Cheddar, Avocado, Tater Tots,""","""American Breakfast Burritos""","""N/A""",DELIVERED,68000,6800000,0,0,0,0,0,0,13200,1320000,-,54800,5480000,IDR,"August 31, 2026 12:15:51PM","August 31, 2026 01:24:20PM",1,1,delivery,Other,Other,-,13200,1320000,0,0,0,0,-,-,0,0,N/A
76292935,001493791284-C8EBLNWWN6JAWA,GF-448,GrabFood,,"""People Pasta""",Greenville,"""2x Creamy Mushroom - Vegetarian - Plantbased, 1x Hygine Cutleries""","""Signature Pasta,Add-on""","""2x Fettucine""",DELIVERED,89500,8950000,0,0,0,0,0,0,35383,3538300,-,54117,5411700,IDR,"August 31, 2026 12:14:45PM","August 31, 2026 01:26:52PM",3,2,delivery,Other,Other,-,35383,3538300,0,0,0,0,-,-,0,0,N/A
76286444,F-3340629347,2236,gofood,,"""Herbox""",Greenville,"""1x Beef Mentai Vegan Vegetarian Rice, 1x Vegan Chickin Nugget, 1x Kung Paow Chick Vegan Vegetarian Ricebox""","""Mentai Vegan,Sides,Ricebox""","""N/A""",DELIVERED,110400,11040000,0,0,0,0,4000,400000,49700,4970000,-,92035,9203500,IDR,"August 31, 2026 10:45:35AM","August 31, 2026 11:39:34AM",3,3,delivery,N/A,N/A,-,22365,2236500,27335,2733500,0,0,-,-,0,0,N/A
76284542,001438360603-C8EBJ72WAZBYVX,GF-273,GrabFood,,"""American Breakfast Club""",Greenville,"""1x Cheese Omelette - Side Tater Tots, 1x 2 Pancakes - Chocolate Chips, Butter, Maple Syrup, 1x Burrito - Mock Beef, 2 Scrambled Eggs, Cheddar, Avocado, Tater Tots,""","""American Breakfast Omelettes,American Breakfast Pancakes,American Breakfast Burritos""","""3x Cutleries""",DELIVERED,188500,18850000,0,0,0,0,0,0,30600,3060000,-,157900,15790000,IDR,"August 31, 2026 10:42:05AM","August 31, 2026 11:58:05AM",3,3,delivery,Other,Other,-,30600,3060000,0,0,0,0,-,-,0,0,N/A
76280077,00138649181-C8EBJNMKKF5CTN,GF-568,GrabFood,,"""People Pasta""",Greenville,"""1x Creamy Mushroom - Vegetarian - Plantbased, 1x Meat-less Burger - Vegan, 1x Cacio e Pepe - Vegetarian - Plantbased""","""Signature Pasta,Meatless Burgers""","""1x Spaghetti, 1x Fusili""",DELIVERED,136000,13600000,0,0,0,0,0,0,27000,2700000,-,109000,10900000,IDR,"August 31, 2026 09:26:19AM","August 31, 2026 10:01:46AM",3,3,delivery,Other,Other,-,27000,2700000,0,0,0,0,-,-,0,0,N/A
76279517,0015868797-C8EBJJWXNKDBCJ,GF-798,GrabFood,,"""American Breakfast Club""",Greenville,"""1x Burrito - Mock Beef, 2 Scrambled Eggs, Cheddar, Avocado, Tater Tots,, 1x 2 Pancakes - Butter, Maple Syrup""","""American Breakfast Burritos,American Breakfast Pancakes""","""N/A""",DELIVERED,116000,11600000,0,0,0,0,0,0,20400,2040000,-,95600,9560000,IDR,"August 31, 2026 09:11:26AM","August 31, 2026 09:49:45AM",2,2,delivery,Other,Other,-,20400,2040000,0,0,0,0,-,-,0,0,N/A
76278902,F-3340530284,5139,gofood,,"""American Breakfast Club""",Greenville,"""1x Burrito - 2 Scrambled Eggs, Cheddar, Avocado, Tater Tots""","""American Breakfast Burritos""","""N/A""",DELIVERED,46400,4640000,0,0,0,0,4000,400000,0,0,-,50400,5040000,IDR,"August 31, 2026 08:53:03AM","August 31, 2026 09:22:57AM",1,1,delivery,N/A,N/A,-,0,0,0,0,0,0,-,-,0,0,N/A
76278054,001700366939-C8EBHE4GLA4EKA,GF-666,GrabFood,,"""American Breakfast Club""",Greenville,"""1x Cheese Omelette - Side Tater Tots""","""American Breakfast Omelettes""","""N/A""",DELIVERED,58000,5800000,0,0,0,0,0,0,11700,1170000,-,46300,4630000,IDR,"August 31, 2026 08:22:36AM","August 31, 2026 08:57:32AM",1,1,delivery,Other,Other,-,11700,1170000,0,0,0,0,-,-,0,0,N/A
76277174,0018746901-C8EBG6BWNLJCN6,GF-354,GrabFood,,"""American Breakfast Club""",Greenville,"""1x Burrito - Mock Chicken, 2 Scrambled Eggs, Cheddar, Avocado, Tater Tots""","""American Breakfast Burritos""","""N/A""",DELIVERED,68000,6800000,0,0,0,0,0,0,13200,1320000,-,54800,5480000,IDR,"August 31, 2026 07:44:04AM","August 31, 2026 08:14:24AM",1,1,delivery,Other,Other,-,13200,1320000,0,0,0,0,-,-,0,0,10 min 3 sec
76276762,00110785154-C8EBGZCAC2A2KE,GF-220,GrabFood,,"""American Breakfast Club""",Greenville,"""1x Cheese Omelette - Side Tater Tots, 1x Burrito - Mock Chicken, 2 Scrambled Eggs, Cheddar, Avocado, Tater Tots""","""American Breakfast Omelettes,American Breakfast Burritos""","""1x Chick Nugget""",DELIVERED,161000,16100000,0,0,0,0,0,0,21900,2190000,-,139100,13910000,IDR,"August 31, 2026 07:24:10AM","August 31, 2026 07:57:29AM",2,2,delivery,Other,Other,-,21900,2190000,0,0,0,0,-,-,0,0,N/A
76276736,00100795675-C8EBGY3KFBVAGA,GF-795,GrabFood,,"""People Pasta""",Greenville,"""1x Mushroom Olio - Vegan Friendly - Vegetarian - Plantbased""","""Signature Pasta""","""1x Fettucine""",DELIVERED,44000,4400000,0,0,0,0,0,0,11600,1160000,-,32400,3240000,IDR,"August 31, 2026 07:22:21AM","August 31, 2026 08:00:06AM",1,1,delivery,Other,Other,-,11600,1160000,0,0,0,0,-,-,0,0,16 min 53 sec
76276313,F-3340483515,1688,gofood,,"""American Breakfast Club""",Greenville,"""1x Cheese Omelette - Side Tater Tots, 1x Burrito - 2 Scrambled Eggs, Cheddar, Avocado, Tater Tots""","""American Breakfast Burritos,American Breakfast Omelettes""","""N/A""",DELIVERED,92800,9280000,0,0,0,0,4000,400000,0,0,-,96800,9680000,IDR,"August 31, 2026 06:59:27AM","August 31, 2026 07:36:05AM",2,2,delivery,N/A,N/A,-,0,0,0,0,0,0,-,-,0,0,N/A
76275853,00173919595-C8EBGJ2AUAETTA,GF-112,GrabFood,,"""American Breakfast Club""",Greenville,"""1x Cheese Omelette - Side Tater Tots, 1x Mushroom Omelette - Mushrooms, Spinach, Side Tater Tots, 1x Burrito - Mock Beef, 2 Scrambled Eggs, Cheddar, Avocado, Tater Tots,""","""American Breakfast Omelettes,American Breakfast Burritos""","""N/A""",DELIVERED,194000,19400000,0,0,0,0,0,0,29100,2910000,-,164900,16490000,IDR,"August 31, 2026 06:25:46AM","August 31, 2026 06:54:41AM",3,3,delivery,Other,Other,-,29100,2910000,0,0,0,0,-,-,0,0,8 min 32 sec
76275776,00190965973-C8EBGGDXCUKVC6,GF-365,GrabFood,,"""American Breakfast Club""",Greenville,"""1x Cheese Omelette - Side Tater Tots, 1x Mushroom Omelette - Mushrooms, Spinach, Side Tater Tots, 1x Burrito - Mock Beef, 2 Scrambled Eggs, Cheddar, Avocado, Tater Tots,""","""American Breakfast Omelettes,American Breakfast Burritos""","""N/A""",CANCELLED,194000,19400000,0,0,0,0,0,0,29100,2910000,-,164900,16490000,IDR,"August 31, 2026 06:20:23AM",,3,3,delivery,Other,Other,-,29100,2910000,0,0,0,0,RESTAURANT_CLOSED,provider,0,0,N/A
76255088,0017210066-C8EAVTUFCLMWTN,GF-472,GrabFood,,"""People Pasta""",Greenville,"""1x Creamy Mushroom - Vegetarian - Plantbased""","""Signature Pasta""","""N/A""",DELIVERED,43000,4300000,0,0,0,0,0,0,8600,860000,-,34400,3440000,IDR,"August 30, 2026 07:50:35PM","August 30, 2026 08:33:03PM",1,1,delivery,Other,Other,-,8600,860000,0,0,0,0,-,-,0,0,N/A
76242712,0016439909-C8EAUA3CTAUFNX,GF-692,GrabFood,,"""American Breakfast Club""",Greenville,"""1x Burrito - 2 Scrambled Eggs, Cheddar, Avocado, Tater Tots""","""American Breakfast Burritos""","""1x Cutleries""",DELIVERED,59500,5950000,0,0,0,0,0,0,8700,870000,-,50800,5080000,IDR,"August 30, 2026 06:12:13PM","August 30, 2026 06:33:31PM",1,1,delivery,Other,Other,-,8700,870000,0,0,0,0,-,-,0,0,11 min 33 sec
76236931,00145332739-C8EATPVCSGMXHE,GF-071,GrabFood,,"""Herbox""",Greenville,"""1x Rica Wrap, 1x Original Burger Vegan, 1x Fish Burger Vegan, 1x Fysh Mentai""","""Vegan Burger,Mentai Vegan,Wrap Series""","""N/A""",DELIVERED,236000,23600000,0,0,0,0,0,0,47200,4720000,-,188800,18880000,IDR,"August 30, 2026 05:21:57PM","August 30, 2026 06:22:07PM",4,4,delivery,Other,Other,-,47200,4720000,0,0,0,0,-,-,0,0,N/A
76236762,0011063248-C8EATXUCAJTXAA,GF-570,GrabFood,,"""Herbox""",Greenville,"""3x Lada Hitam Blackpepper Vegan Vegetarian Ricebox, 1x Teriyaki Vegan Vegetarian Ricebox, 3x Nasi Goreng Bintang Kuning Vegan Vegetarian""","""Ricebox,Nasi Goreng Special""","""3x Vegan Chicken Nugget""",DELIVERED,366000,36600000,0,0,0,0,0,0,55200,5520000,-,310800,31080000,IDR,"August 30, 2026 05:20:33PM","August 30, 2026 06:18:35PM",7,3,delivery,Other,Other,-,55200,5520000,0,0,0,0,-,-,0,0,N/A
76230295,001649259526-C8EATFKCJUBWME,GF-493,GrabFood,,"""Herbox""",Greenville,"""1x Pesmol Vegan Vegetarian Ricebox""","""Ricebox""","""1x Vegan Chicken Nugget""",DELIVERED,74000,7400000,0,0,0,0,0,0,7800,780000,-,66200,6620000,IDR,"August 30, 2026 04:18:52PM","August 30, 2026 04:54:25PM",1,1,delivery,Other,Other,-,7800,780000,0,0,0,0,-,-,0,0,N/A
76218335,F-3339758943,4173,gofood,,"""American Breakfast Club""",Kemang,"""1x Sandwich - 2 Scrambled Eggs, Mock Chicken, Cheddar Cheese Mix, Brioche Bun, 1x Home Fries, 1x 2 Pancakes - Butter, Maple Syrup""","""Sides,American Breakfast Pancakes,American Breakfast Sandwiches""","""N/A""",DELIVERED,134000,13400000,0,0,0,0,4000,400000,60300,6030000,-,110865,11086500,IDR,"August 30, 2026 02:08:27PM","August 30, 2026 02:49:49PM",3,3,delivery,N/A,N/A,-,27135,2713500,33165,3316500,0,0,-,-,0,0,N/A
76209581,001911946049-C8EAPBWCL6EULJ,GF-609,GrabFood,,"""Herbox""",Greenville,"""1x Rica Rica Vegan Vegetarian Ricebox, 1x Nasi Goreng Bintang Kuning Vegan Vegetarian""","""Ricebox,Nasi Goreng Special""","""N/A""",DELIVERED,74000,7400000,0,0,0,0,0,0,17800,1780000,-,56200,5620000,IDR,"August 30, 2026 12:44:32PM","August 30, 2026 01:22:09PM",2,2,delivery,Other,Other,-,17800,1780000,0,0,0,0,-,-,0,0,N/A
76208588,F-3339607200,6996,gofood,,"""American Breakfast Club""",Kemang,"""1x Burrito - Mock Fish, 2 Scrambled Eggs, Cheddar, Avocado, Tater Tots,, 1x Burrito - Mock Beef, 2 Scrambled Eggs, Cheddar, Avocado, Tater Tots,""","""American Breakfast Burritos""","""N/A""",DELIVERED,136000,13600000,0,0,0,0,4000,400000,61200,6120000,-,112460,11246000,IDR,"August 30, 2026 12:34:48PM","August 30, 2026 12:56:58PM",2,2,delivery,N/A,N/A,-,27540,2754000,33660,3366000,0,0,-,-,0,0,N/A
76202625,00178597163-C8EANU5JRYNWDE,GF-695,GrabFood,,"""American Breakfast Club""",Kemang,"""1x Burrito - 2 Scrambled Eggs, Cheddar, Avocado, Tater Tots""","""American Breakfast Burritos""","""N/A""",DELIVERED,58000,5800000,0,0,0,0,0,0,11600,1160000,-,46400,4640000,IDR,"August 30, 2026 11:39:41AM","August 30, 2026 12:11:30PM",1,1,delivery,Other,Other,-,11600,1160000,0,0,0,0,-,-,0,0,N/A
76201578,001933330730-C8EANTKGJB4BL6,GF-716,GrabFood,,"""American Breakfast Club""",Greenville,"""1x Mushroom Omelette - Mushrooms, Spinach, Side Tater Tots, 1x Cheese Omelette - Side Tater Tots""","""American Breakfast Omelettes""","""2x Tatter Tots""",DELIVERED,186000,18600000,0,0,0,0,0,0,21900,2190000,-,164100,16410000,IDR,"August 30, 2026 11:28:56AM","August 30, 2026 11:58:08AM",2,2,delivery,Other,Other,-,21900,2190000,0,0,0,0,-,-,0,0,N/A
76201566,001624198829-C8EANTJ2JEDTVT,GF-887,GrabFood,,"""American Breakfast Club""",Kemang,"""1x 2 Pancakes - Butter, Maple Syrup, 1x Burrito - Mock Beef, 2 Scrambled Eggs, Cheddar, Avocado, Tater Tots,""","""American Breakfast Pancakes,American Breakfast Burritos""","""1x Cutleries""",DELIVERED,116600,11660000,0,0,0,0,0,0,9600,960000,-,107000,10700000,IDR,"August 30, 2026 11:28:50AM","August 30, 2026 12:50:33PM",2,2,delivery,Other,Other,-,9600,960000,0,0,0,0,-,-,0,0,N/A
76200591,00126896561-C8EANPK2NBMKDA,GF-771,GrabFood,,"""American Breakfast Club""",Kemang,"""1x Sandwich - 2 Scrambled Eggs, Mock Fish, Cheddar Cheese, Mix, Brioche Bun""","""American Breakfast Sandwiches""","""N/A""",DELIVERED,58000,5800000,0,0,0,0,0,0,11600,1160000,-,46400,4640000,IDR,"August 30, 2026 11:19:08AM","August 30, 2026 12:16:43PM",1,1,delivery,Other,Other,-,11600,1160000,0,0,0,0,-,-,0,0,N/A
76199942,F-3339462721,2693,gofood,,"""Tyfel Coffee""",Kemang,"""1x Mock Fish Burrito, 1x Breakfast Burrito, 1x Mock Chicken Burrito, 3x Chic Chunk - Vegan Plantbased""","""Breakfast Burritos,Lite Bites""","""N/A""",DELIVERED,291000,29100000,0,0,0,0,4000,400000,119000,11900000,-,241450,24145000,IDR,"August 30, 2026 11:11:45AM","August 30, 2026 11:52:34AM",6,4,delivery,N/A,N/A,-,53550,5355000,65450,6545000,0,0,-,-,0,0,N/A
76197661,0019215620-C8EANFVVTGCBC6,GF-307,GrabFood,,"""American Breakfast Club""",Greenville,"""1x Burrito - 2 Scrambled Eggs, Cheddar, Avocado, Tater Tots, 1x Mushroom Omelette - Mushrooms, Spinach, Side Tater Tots, 1x 2 Pancakes - Blueberries, Butter, Maple Syrup""","""American Breakfast Burritos,American Breakfast Omelettes,American Breakfast Pancakes""","""N/A""",DELIVERED,184000,18400000,0,0,0,0,0,0,27600,2760000,-,156400,15640000,IDR,"August 30, 2026 10:47:42AM","August 30, 2026 11:36:40AM",3,3,delivery,Other,Other,-,27600,2760000,0,0,0,0,-,-,0,0,N/A
76195351,F-3339386305,5957,gofood,,"""American Breakfast Club""",Greenville,"""2x Burrito - Mock Fish, 2 Scrambled Eggs, Cheddar, Avocado, Tater Tots,, 1x Burrito - Mock Chicken, 2 Scrambled Eggs, Cheddar, Avocado, Tater Tots""","""American Breakfast Burritos""","""N/A""",DELIVERED,153000,15300000,0,0,0,0,4000,400000,68900,6890000,-,125995,12599500,IDR,"August 30, 2026 10:21:25AM","August 30, 2026 10:58:21AM",3,2,delivery,N/A,N/A,-,31005,3100500,37895,3789500,0,0,-,-,0,0,N/A
76194382,0019828235-C8EAMFCCJU6JRA,GF-925,GrabFood,,"""American Breakfast Club""",Kemang,"""1x Sandwich - 2 Scrambled Eggs, Mock Fish, Cheddar Cheese, Mix, Brioche Bun, 1x Burrito - 2 Scrambled Eggs, Cheddar, Avocado, Tater Tots""","""American Breakfast Burritos,American Breakfast Sandwiches""","""N/A""",DELIVERED,116000,11600000,0,0,0,0,0,0,23200,2320000,-,92800,9280000,IDR,"August 30, 2026 10:10:52AM","August 30, 2026 10:53:05AM",2,2,delivery,Other,Other,-,23200,2320000,0,0,0,0,-,-,0,0,N/A
76194282,F-3339369596,8644,gofood,,"""American Breakfast Club""",Greenville,"""1x Cheese Omelette - Side Tater Tots, 1x Home Fries With Truffle Oil""","""American Breakfast Omelettes,Sides""","""1x Truffle Tater Tots, 1x Chick Nugget""",DELIVERED,151800,15180000,0,0,0,0,4000,400000,0,0,-,155800,15580000,IDR,"August 30, 2026 10:09:02AM","August 30, 2026 10:39:23AM",2,2,delivery,N/A,N/A,-,0,0,0,0,0,0,-,-,0,0,N/A
76194006,F-3339357556,7425,gofood,,"""Herbox""",Greenville,"""1x Nasi Goreng Bulan Merah Vegan Vegetarian, 1x Teriyaki Vegan Vegetarian Ricebox, 1x Rica Rica Vegan Vegetarian Ricebox""","""Ricebox,Nasi Goreng Special""","""N/A""",DELIVERED,90400,9040000,0,0,0,0,4000,400000,50700,5070000,-,76085,7608500,IDR,"August 30, 2026 09:59:29AM","August 30, 2026 10:24:33AM",3,3,delivery,N/A,N/A,-,18315,1831500,32385,3238500,0,0,-,-,0,0,N/A
76193255,0018284738-C8EAMBNTRPUYAN,GF-756,GrabFood,,"""American Breakfast Club""",Kemang,"""1x Burrito - Mock Fish, 2 Scrambled Eggs, Cheddar, Avocado, Tater Tots,""","""American Breakfast Burritos""","""N/A""",DELIVERED,68000,6800000,0,0,0,0,0,0,13600,1360000,-,54400,5440000,IDR,"August 30, 2026 09:56:40AM","August 30, 2026 10:33:26AM",1,1,delivery,Other,Other,-,13600,1360000,0,0,0,0,-,-,0,0,N/A
76192315,0016039234-C8EAL7UZGYN3BA,GF-099,GrabFood,,"""American Breakfast Club""",Kemang,"""1x Cheese Omelette - Side Tater Tots, 1x Burrito - Mock Chicken, 2 Scrambled Eggs, Cheddar, Avocado, Tater Tots""","""American Breakfast Burritos,American Breakfast Omelettes""","""N/A""",DELIVERED,126000,12600000,0,0,0,0,0,0,11600,1160000,-,114400,11440000,IDR,"August 30, 2026 09:40:46AM","August 30, 2026 10:56:29AM",2,2,delivery,Other,Other,-,11600,1160000,0,0,0,0,-,-,0,0,N/A
76192191,00114901709-C8EAL7JCNJBDJJ,GF-125,GrabFood,,"""American Breakfast Club""",Kemang,"""1x Cheese Omelette - Side Tater Tots, 2x Burrito - Mock Beef, 2 Scrambled Eggs, Cheddar, Avocado, Tater Tots,""","""American Breakfast Omelettes,American Breakfast Burritos""","""N/A""",DELIVERED,194000,19400000,0,0,0,0,0,0,11600,1160000,-,182400,18240000,IDR,"August 30, 2026 09:38:34AM","August 30, 2026 10:45:27AM",3,2,delivery,Other,Other,-,11600,1160000,0,0,0,0,-,-,0,0,N/A
76192101,F-3339333645,5123,gofood,,"""American Breakfast Club""",Kemang,"""2x Burrito - 2 Scrambled Eggs, Cheddar, Avocado, Tater Tots""","""American Breakfast Burritos""","""N/A""",DELIVERED,87000,8700000,0,0,0,0,4000,400000,49200,4920000,-,73360,7336000,IDR,"August 30, 2026 09:36:28AM","August 30, 2026 10:48:06AM",2,1,delivery,N/A,N/A,-,17640,1764000,31560,3156000,0,0,-,-,0,0,N/A
76191756,00157590016-C8EAL6CJJFVFE2,GF-561,GrabFood,,"""American Breakfast Club""",Greenville,"""1x Cheese Omelette - Side Tater Tots""","""American Breakfast Omelettes""","""N/A""",DELIVERED,58000,5800000,0,0,0,0,0,0,11700,1170000,-,46300,4630000,IDR,"August 30, 2026 09:30:58AM","August 30, 2026 10:09:08AM",1,1,delivery,Other,Other,-,11700,1170000,0,0,0,0,-,-,0,0,N/A
76191440,001586290665-C8EAL33VJRNGVJ,GF-720,GrabFood,,"""American Breakfast Club""",Kemang,"""1x Burrito - 2 Scrambled Eggs, Cheddar, Avocado, Tater Tots""","""American Breakfast Burritos""","""N/A""",DELIVERED,58000,5800000,0,0,0,0,0,0,11600,1160000,-,46400,4640000,IDR,"August 30, 2026 09:25:42AM","August 30, 2026 10:20:20AM",1,1,delivery,Other,Other,-,11600,1160000,0,0,0,0,-,-,0,0,N/A
76191285,F-3339319578,6993,gofood,,"""American Breakfast Club""",Kemang,"""1x Sandwich - 2 Scrambled Eggs Mock Beef, Cheddar Cheese  on a wavy brioche bun""","""American Breakfast Sandwiches""","""N/A""",DELIVERED,58000,5800000,0,0,0,0,4000,400000,0,0,-,62000,6200000,IDR,"August 30, 2026 09:22:08AM","August 30, 2026 10:21:12AM",1,1,delivery,N/A,N/A,-,0,0,0,0,0,0,-,-,0,0,N/A
76191238,F-3339318731,4435,gofood,,"""American Breakfast Club""",Kemang,"""1x 2 Pancakes - Chocolate Chips, Butter, Maple Syrup, 1x 2 Pancakes - Butter, Maple Syrup, 1x Burrito - 2 Scrambled Eggs, Cheddar, Avocado, Tater Tots, 2x Tater Tots""","""American Breakfast Burritos,Sides,American Breakfast Pancakes""","""N/A""",DELIVERED,205500,20550000,0,0,0,0,4000,400000,82200,8220000,-,172510,17251000,IDR,"August 30, 2026 09:21:13AM","August 30, 2026 10:06:30AM",5,4,delivery,N/A,N/A,-,36990,3699000,45210,4521000,0,0,-,-,0,0,N/A
76190817,0015301389-C8EAL2AERYXCHA,GF-986,GrabFood,,"""American Breakfast Club""",Kemang,"""1x Sandwich - 2 Scrambled Eggs, Mock Fish, Cheddar Cheese, Mix, Brioche Bun""","""American Breakfast Sandwiches""","""1x Truffle Home Fries""",DELIVERED,98000,9800000,0,0,0,0,0,0,11600,1160000,-,86400,8640000,IDR,"August 30, 2026 09:13:36AM","August 30, 2026 10:06:55AM",1,1,delivery,Other,Other,-,11600,1160000,0,0,0,0,-,-,0,0,N/A
76190784,F-3339310013,5359,gofood,,"""Tyfel Coffee""",Kemang,"""1x Choco Chips Pancake, 1x Cheese Omlette-side Of Tater Tots""","""Breakfast Pancakes,Breakfast Omlettes""","""N/A""",DELIVERED,116000,11600000,0,0,0,0,4000,400000,52200,5220000,-,96510,9651000,IDR,"August 30, 2026 09:12:11AM","August 30, 2026 09:49:39AM",2,2,delivery,N/A,N/A,-,23490,2349000,28710,2871000,0,0,-,-,0,0,N/A
76190749,F-3339303356,6688,gofood,,"""American Breakfast Club""",Kemang,"""1x 2 Pancakes - Butter, Maple Syrup""","""American Breakfast Pancakes""","""N/A""",DELIVERED,48000,4800000,0,0,0,0,4000,400000,13000,1300000,-,52000,5200000,IDR,"August 30, 2026 09:04:56AM","August 30, 2026 09:43:07AM",1,1,delivery,N/A,N/A,-,0,0,13000,1300000,0,0,-,-,0,0,N/A
76190736,F-3339309312,8644,gofood,,"""American Breakfast Club""",Kemang,"""1x Burrito - 2 Scrambled Eggs, Cheddar, Avocado, Tater Tots, 1x Burrito - Mock Chicken, 2 Scrambled Eggs, Cheddar, Avocado, Tater Tots, 1x Tater Tots, 1x 2 Pancakes - Butter, Maple Syrup""","""American Breakfast Burritos,Sides,American Breakfast Pancakes""","""1x Chick Nugget""",DELIVERED,222500,22250000,0,0,0,0,4000,400000,96000,9600000,-,187800,18780000,IDR,"August 30, 2026 09:11:23AM","August 30, 2026 09:46:25AM",4,4,delivery,N/A,N/A,-,38700,3870000,57300,5730000,0,0,-,-,0,0,N/A
76190236,001068523967-C8EALXU1RKTFUE,GF-175,GrabFood,,"""American Breakfast Club""",Greenville,"""1x Burrito - Mock Beef, 2 Scrambled Eggs, Cheddar, Avocado, Tater Tots,, 1x Cheese Omelette - Side Tater Tots""","""American Breakfast Burritos,American Breakfast Omelettes""","""N/A""",DELIVERED,126000,12600000,0,0,0,0,0,0,21900,2190000,-,104100,10410000,IDR,"August 30, 2026 09:00:56AM","August 30, 2026 09:27:07AM",2,2,delivery,Other,Other,-,21900,2190000,0,0,0,0,-,-,0,0,N/A
76189991,F-3339294646,2645,gofood,,"""American Breakfast Club""",Kemang,"""1x Cheese Omelette - Side Tater Tots""","""American Breakfast Omelettes""","""1x Home Fries""",DELIVERED,88000,8800000,0,0,0,0,4000,400000,0,0,-,92000,9200000,IDR,"August 30, 2026 08:54:06AM","August 30, 2026 09:30:12AM",1,1,delivery,N/A,N/A,-,0,0,0,0,0,0,-,-,0,0,N/A
76189934,001644724944-C8EALU6ATYEEJN,GF-658,GrabFood,,"""American Breakfast Club""",Greenville,"""1x 2 Pancakes - Chocolate Chips, Butter, Maple Syrup, 1x Mushroom Omelette - Mushrooms, Spinach, Side Tater Tots""","""American Breakfast Pancakes,American Breakfast Omelettes""","""N/A""",DELIVERED,126000,12600000,0,0,0,0,0,0,18900,1890000,-,107100,10710000,IDR,"August 30, 2026 08:53:10AM","August 30, 2026 09:16:11AM",2,2,delivery,Other,Other,-,18900,1890000,0,0,0,0,-,-,0,0,N/A
76189687,0015279770-C8EALT5TNXNKVJ,GF-582,GrabFood,,"""American Breakfast Club""",Kemang,"""1x Burrito - Mock Chicken, 2 Scrambled Eggs, Cheddar, Avocado, Tater Tots, 1x Cutleries""","""American Breakfast Burritos""","""1x Cutleries""",DELIVERED,69200,6920000,0,0,0,0,0,0,0,0,-,69200,6920000,IDR,"August 30, 2026 08:46:22AM","August 30, 2026 09:04:27AM",2,2,delivery,Other,Other,-,0,0,0,0,0,0,-,-,0,0,N/A
76189432,001603464599-C8EALRMUABWDNJ,GF-170,GrabFood,,"""American Breakfast Club""",Greenville,"""1x Burrito - Mock Chicken, 2 Scrambled Eggs, Cheddar, Avocado, Tater Tots, 1x Burrito - Mock Beef, 2 Scrambled Eggs, Cheddar, Avocado, Tater Tots,""","""American Breakfast Burritos""","""N/A""",DELIVERED,136000,13600000,0,0,0,0,0,0,20400,2040000,-,115600,11560000,IDR,"August 30, 2026 08:39:40AM","August 30, 2026 09:35:59AM",2,2,delivery,Other,Other,-,20400,2040000,0,0,0,0,-,-,0,0,N/A
76189186,00146970896-C8EALPNBTGCHUA,GF-146,GrabFood,,"""American Breakfast Club""",Greenville,"""1x Burrito - Mock Chicken, 2 Scrambled Eggs, Cheddar, Avocado, Tater Tots""","""American Breakfast Burritos""","""N/A""",DELIVERED,68000,6800000,0,0,0,0,0,0,10200,1020000,-,57800,5780000,IDR,"August 30, 2026 08:33:13AM","August 30, 2026 09:04:34AM",1,1,delivery,Other,Other,-,10200,1020000,0,0,0,0,-,-,0,0,5 min 58 sec
76188800,00152835509-C8EALLMBT2N3RE,GF-345,GrabFood,,"""American Breakfast Club""",Greenville,"""1x 2 Pancakes - Butter, Maple Syrup""","""American Breakfast Pancakes""","""N/A""",DELIVERED,48000,4800000,0,0,0,0,0,0,10200,1020000,-,37800,3780000,IDR,"August 30, 2026 08:22:52AM","August 30, 2026 08:53:39AM",1,1,delivery,Other,Other,-,10200,1020000,0,0,0,0,-,-,0,0,6 min 53 sec
76188710,001095444109-C8EALLBAVE3ZNJ,GF-812,GrabFood,,"""American Breakfast Club""",Kemang,"""1x Burrito - 2 Scrambled Eggs, Cheddar, Avocado, Tater Tots""","""American Breakfast Burritos""","""N/A""",DELIVERED,58000,5800000,0,0,0,0,0,0,11600,1160000,-,46400,4640000,IDR,"August 30, 2026 08:20:31AM","August 30, 2026 09:01:08AM",1,1,delivery,Other,Other,-,11600,1160000,0,0,0,0,-,-,0,0,N/A
76188652,00169933346-C8EALKX3LTTABA,GF-876,GrabFood,,"""American Breakfast Club""",Greenville,"""2x Cheese Omelette - Side Tater Tots""","""American Breakfast Omelettes""","""N/A""",DELIVERED,116000,11600000,0,0,0,0,0,0,17400,1740000,-,98600,9860000,IDR,"August 30, 2026 08:18:29AM","August 30, 2026 08:47:09AM",2,1,delivery,Other,Other,-,17400,1740000,0,0,0,0,-,-,0,0,N/A
76188511,F-3339267017,4233,gofood,,"""American Breakfast Club""",Kemang,"""1x Burrito - Mock Beef, 2 Scrambled Eggs, Cheddar, Avocado, Tater Tots,""","""American Breakfast Burritos""","""N/A""",DELIVERED,68000,6800000,0,0,0,0,4000,400000,0,0,-,72000,7200000,IDR,"August 30, 2026 08:14:14AM","August 30, 2026 08:40:29AM",1,1,delivery,N/A,N/A,-,0,0,0,0,0,0,-,-,0,0,N/A
76188508,00192150092-C8EALKDTGGCEAT,GF-814,GrabFood,,"""American Breakfast Club""",Greenville,"""1x 2 Pancakes - Blueberries, Butter, Maple Syrup, 1x Sandwich - 2 Scrambled Eggs Mock Beef, Cheddar Cheese  on a wavy brioche bun""","""American Breakfast Pancakes,American Breakfast Sandwiches""","""N/A""",DELIVERED,116000,11600000,0,0,0,0,0,0,20400,2040000,-,95600,9560000,IDR,"August 30, 2026 08:14:40AM","August 30, 2026 08:58:01AM",2,2,delivery,Other,Other,-,20400,2040000,0,0,0,0,-,-,0,0,14 min 58 sec
76188417,F-3339265030,7994,gofood,,"""American Breakfast Club""",Kemang,"""1x Home Fries With Truffle Oil, 1x Tater Tots, 1x Burrito - Mock Chicken, 2 Scrambled Eggs, Cheddar, Avocado, Tater Tots""","""Sides,American Breakfast Burritos""","""N/A""",DELIVERED,134000,13400000,0,0,0,0,4000,400000,60300,6030000,-,110865,11086500,IDR,"August 30, 2026 08:11:10AM","August 30, 2026 08:54:31AM",3,3,delivery,N/A,N/A,-,27135,2713500,33165,3316500,0,0,-,-,0,0,N/A
76187966,0017084465-C8EALE5GPAXZG6,GF-566,GrabFood,,"""American Breakfast Club""",Greenville,"""1x Cheese Omelette - Side Tater Tots, 1x Sandwich - 2 Scrambled Eggs, Mock Chicken, Cheddar Cheese Mix, Brioche Bun""","""American Breakfast Sandwiches,American Breakfast Omelettes""","""N/A""",DELIVERED,116000,11600000,0,0,0,0,0,0,17400,1740000,-,98600,9860000,IDR,"August 30, 2026 07:56:16AM","August 30, 2026 08:24:04AM",2,2,delivery,Other,Other,-,17400,1740000,0,0,0,0,-,-,0,0,11 min 50 sec
76187113,001234294988-C8EAKEWJCJ5TVE,GF-053,GrabFood,,"""American Breakfast Club""",Kemang,"""1x Burrito - Mock Beef, 2 Scrambled Eggs, Cheddar, Avocado, Tater Tots,""","""American Breakfast Burritos""","""N/A""",DELIVERED,68000,6800000,0,0,0,0,0,0,0,0,-,68000,6800000,IDR,"August 30, 2026 07:21:18AM","August 30, 2026 08:02:28AM",1,1,delivery,Other,Other,-,0,0,0,0,0,0,-,-,0,0,9 min 36 sec
76186669,0014491434-C8EAKAEXEE3CA6,GF-405,GrabFood,,"""American Breakfast Club""",Kemang,"""1x Sandwich - 2 Scrambled Eggs, Mock Fish, Cheddar Cheese, Mix, Brioche Bun, 1x Cheese Omelette - Side Tater Tots""","""American Breakfast Sandwiches,American Breakfast Omelettes""","""N/A""",DELIVERED,116000,11600000,0,0,0,0,0,0,23200,2320000,-,92800,9280000,IDR,"August 30, 2026 07:01:44AM","August 30, 2026 07:23:08AM",2,2,delivery,Other,Other,-,23200,2320000,0,0,0,0,-,-,0,0,N/A
76186495,001485630770-C8EAJ7ATE8KCTN,GF-053,GrabFood,,"""LA Breakfast Club""",Greenville,"""1x Mock Chicken Sandwich""","""LA Breakfast Sandwiches""","""1x Mayo""",DELIVERED,86000,8600000,0,0,0,0,0,0,24500,2450000,-,61500,6150000,IDR,"August 30, 2026 06:52:44AM","August 30, 2026 07:29:47AM",1,1,delivery,Other,Other,-,24500,2450000,0,0,0,0,-,-,0,0,N/A
76186416,001217187268-C8EAJ62VWGLFJ6,GF-673,GrabFood,,"""Herbox""",Greenville,"""1x Kung Paow Chick Vegan Vegetarian Ricebox""","""Ricebox""","""1x Tattertots with Truffle, 1x Sendok, Garpu, Tissue, Tusuk Gigi""",DELIVERED,75500,7550000,0,0,0,0,0,0,7800,780000,-,67700,6770000,IDR,"August 30, 2026 06:48:42AM","August 30, 2026 07:11:09AM",1,1,delivery,Other,Other,-,7800,780000,0,0,0,0,-,-,0,0,N/A
76186342,F-3339224307,5214,gofood,,"""American Breakfast Club""",Kemang,"""1x Burrito - Mock Beef, 2 Scrambled Eggs, Cheddar, Avocado, Tater Tots,""","""American Breakfast Burritos""","""1x Cutleries""",DELIVERED,68600,6860000,0,0,0,0,4000,400000,20600,2060000,-,63330,6333000,IDR,"August 30, 2026 06:43:12AM","August 30, 2026 07:16:14AM",1,1,delivery,N/A,N/A,-,9270,927000,11330,1133000,0,0,-,-,0,0,N/A
76186281,001712211974-C8EAJ3XZLCKCVE,GF-629,GrabFood,,"""American Breakfast Club""",Kemang,"""1x Sandwich - 2 Scrambled Eggs melty cheddar cheese on a wavy brioche bun, 2x Tater Tots""","""American Breakfast Sandwiches,Sides""","""N/A""",DELIVERED,121000,12100000,0,0,0,0,0,0,9000,900000,-,112000,11200000,IDR,"August 30, 2026 06:38:26AM","August 30, 2026 07:18:19AM",3,2,delivery,Other,Other,-,9000,900000,0,0,0,0,-,-,0,0,N/A
76186161,001303411894-C8EAJ2MBG7A1DA,GF-524,GrabFood,,"""American Breakfast Club""",Greenville,"""1x Burrito - 2 Scrambled Eggs, Cheddar, Avocado, Tater Tots""","""American Breakfast Burritos""","""N/A""",DELIVERED,58000,5800000,0,0,0,0,0,0,8700,870000,-,49300,4930000,IDR,"August 30, 2026 06:29:46AM","August 30, 2026 06:42:40AM",1,1,delivery,Other,Other,-,8700,870000,0,0,0,0,-,-,0,0,N/A
