Order ID,External ID,Short ID,Provider,Order Source,Brand,Branch,Menu Items,Menu Categories,Menu Modifiers,Status,Gross Order Value,Gross Order Value In Cents,Vat,Vat In Cents,Delivery Fee,Delivery Fee In Cents,Additional Fee,Additional Fee In Cents,Discount,Discount In Cents,Promo Code,Net Order Value,Net Order Value In Cents,Currency,Created At,Delivered At,Items Ordered,Unique Items Ordered,Order Type,Payment Method,Payment Channel,Payment Reference ID,Merchant Discount,Merchant Discount In Cents,Provider Discount,Provider Discount In Cents,Delivery Fee Discount,Delivery Fee Discount In Cents,Cancellation Reason,Cancelled By,Restaurant Service Fee,Restaurant Service Fee In Cents,Meal Preparation Time
78922381,001900135510-C8JKE34FTAX2E2,GF-903,GrabFood,,"""American Breakfast Club""",Kemang,"""1x Burrito - Mock Katsu, 2 Scrambled Eggs, Cheddar, Avocado, Tater Tots""","""American Breakfast Burritos""","""N/A""",DELIVERED,68000,6800000,0,0,0,0,0,0,20400,2040000,-,47600,4760000,IDR,"October 02, 2026 02:39:24PM","October 02, 2026 03:17:45PM",1,1,delivery,Other,Other,-,20400,2040000,0,0,0,0,-,-,0,0,N/A
78921738,00180723797-C8JKE2W2CPX2GT,GF-638,GrabFood,,"""American Breakfast Club""",Kemang,"""1x 2 Pancakes - Butter, Maple Syrup, 1x Sandwich - 2 Scrambled Eggs melty cheddar cheese on a wavy brioche bun""","""American Breakfast Pancakes,American Breakfast Sandwiches""","""N/A""",DELIVERED,93000,9300000,0,0,0,0,0,0,18600,1860000,-,74400,7440000,IDR,"October 02, 2026 02:31:28PM","October 02, 2026 03:16:23PM",2,2,delivery,Other,Other,-,18600,1860000,0,0,0,0,-,-,0,0,N/A
78918268,001775249517-C8JKEPJYNBV1RT,GF-944,GrabFood,,"""LA Breakfast Club""",Greenville,"""3x Tater Tots""","""N/A""","""N/A""",DELIVERED,126000,12600000,0,0,0,0,0,0,33500,3350000,-,92500,9250000,IDR,"October 02, 2026 01:48:26PM","October 02, 2026 02:20:03PM",3,1,delivery,Other,Other,-,33500,3350000,0,0,0,0,-,-,0,0,N/A
78915360,0019689286-C8JKEF2JVB43BA,GF-930,GrabFood,,"""American Breakfast Club""",Greenville,"""1x Burrito - Mock Fish, 2 Scrambled Eggs, Cheddar, Avocado, Tater Tots,""","""American Breakfast Burritos""","""N/A""",DELIVERED,68000,6800000,0,0,0,0,0,0,13200,1320000,-,54800,5480000,IDR,"October 02, 2026 01:15:21PM","October 02, 2026 01:46:23PM",1,1,delivery,Other,Other,-,13200,1320000,0,0,0,0,-,-,0,0,12 min 22 sec
78913832,001235353849-C8JKEB2XDFC3CN,GF-174,GrabFood,,"""People Pasta""",Greenville,"""1x Vegan Chicken Crispy Burger, 1x Truffle Tatter Tots, 1x Chicken Nugget - Vegan, 1x Hygine Cutleries""","""Add-on,Meatless Burgers""","""N/A""",DELIVERED,117500,11750000,0,0,0,0,0,0,2000,200000,-,115500,11550000,IDR,"October 02, 2026 12:58:46PM","October 02, 2026 01:36:29PM",4,4,delivery,Other,Other,-,2000,200000,0,0,0,0,-,-,0,0,29 min 7 sec
78912353,001599917476-C8JKDF6WVFNDAX,GF-475,GrabFood,,"""Herbox""",Greenville,"""6x Kung Paow Chick Vegan Vegetarian Ricebox""","""Ricebox""","""N/A""",DELIVERED,234000,23400000,0,0,0,0,0,0,46800,4680000,-,187200,18720000,IDR,"October 02, 2026 12:43:24PM","October 02, 2026 01:20:54PM",6,1,delivery,Other,Other,-,46800,4680000,0,0,0,0,-,-,0,0,N/A
78912308,00197481019-C8JKDF5JABVDC2,GF-540,GrabFood,,"""Herbox""",Greenville,"""1x Original Burger Vegan""","""Vegan Burger""","""N/A""",DELIVERED,59000,5900000,0,0,0,0,0,0,14800,1480000,-,44200,4420000,IDR,"October 02, 2026 12:42:58PM","October 02, 2026 01:31:42PM",1,1,delivery,Other,Other,-,14800,1480000,0,0,0,0,-,-,0,0,N/A
78908122,F-3376990560,9422,gofood,,"""American Breakfast Club""",Kemang,"""1x Burrito - 2 Scrambled Eggs, Cheddar, Avocado, Tater Tots""","""American Breakfast Burritos""","""N/A""",DELIVERED,58000,5800000,0,0,0,0,4000,400000,10000,1000000,-,62000,6200000,IDR,"October 02, 2026 11:55:32AM","October 02, 2026 12:34:01PM",1,1,delivery,N/A,N/A,-,0,0,10000,1000000,0,0,-,-,0,0,N/A
78901302,00115778881-C8JKCKTZMAXTLT,GF-727,GrabFood,,"""American Breakfast Club""",Greenville,"""1x Sandwich - 2 Scrambled Eggs Mock Beef, Cheddar Cheese  on a wavy brioche bun""","""American Breakfast Sandwiches""","""1x Truffle Home Fries""",DELIVERED,98000,9800000,0,0,0,0,0,0,11700,1170000,-,86300,8630000,IDR,"October 02, 2026 10:43:47AM","October 02, 2026 11:11:07AM",1,1,delivery,Other,Other,-,11700,1170000,0,0,0,0,-,-,0,0,N/A
78898749,F-3376835546,9275,gofood,,"""American Breakfast Club""",Kemang,"""2x Burrito - 2 Scrambled Eggs, Cheddar, Avocado, Tater Tots""","""American Breakfast Burritos""","""N/A""",DELIVERED,116000,11600000,0,0,0,0,4000,400000,0,0,-,120000,12000000,IDR,"October 02, 2026 10:13:23AM","October 02, 2026 10:53:48AM",2,1,delivery,N/A,N/A,-,0,0,0,0,0,0,-,-,0,0,N/A
78895674,F-3376785799,2442,gofood,,"""American Breakfast Club""",Kemang,"""1x Burrito - Mock Beef, 2 Scrambled Eggs, Cheddar, Avocado, Tater Tots,""","""American Breakfast Burritos""","""N/A""",DELIVERED,68000,6800000,0,0,0,0,4000,400000,20400,2040000,-,62820,6282000,IDR,"October 02, 2026 09:24:01AM","October 02, 2026 09:48:53AM",1,1,delivery,N/A,N/A,-,9180,918000,11220,1122000,0,0,-,-,0,0,N/A
78895656,001288915868-C8JKA8DZVGLDVT,GF-395,GrabFood,,"""American Breakfast Club""",Greenville,"""1x Burrito - Mock Beef, 2 Scrambled Eggs, Cheddar, Avocado, Tater Tots,, 1x 2 Pancakes - Blueberries, Butter, Maple Syrup""","""American Breakfast Burritos,American Breakfast Pancakes""","""N/A""",DELIVERED,126000,12600000,0,0,0,0,0,0,18900,1890000,-,107100,10710000,IDR,"October 02, 2026 09:24:46AM","October 02, 2026 10:02:37AM",2,2,delivery,Other,Other,-,18900,1890000,0,0,0,0,-,-,0,0,N/A
78895561,0010829466-C8JKA74AABTZPE,GF-788,GrabFood,,"""American Breakfast Club""",Kemang,"""1x Burrito - Mock Chicken, 2 Scrambled Eggs, Cheddar, Avocado, Tater Tots""","""American Breakfast Burritos""","""N/A""",DELIVERED,68000,6800000,0,0,0,0,0,0,0,0,-,68000,6800000,IDR,"October 02, 2026 09:22:32AM","October 02, 2026 09:45:51AM",1,1,delivery,Other,Other,-,0,0,0,0,0,0,-,-,0,0,N/A
78895062,00146562651-C8JKA6KXAJEZGA,GF-435,GrabFood,,"""American Breakfast Club""",Kemang,"""1x Burrito - Mock Fish, 2 Scrambled Eggs, Cheddar, Avocado, Tater Tots,""","""American Breakfast Burritos""","""N/A""",DELIVERED,68000,6800000,0,0,0,0,0,0,13600,1360000,-,54400,5440000,IDR,"October 02, 2026 09:12:23AM","October 02, 2026 10:17:42AM",1,1,delivery,Other,Other,-,13600,1360000,0,0,0,0,-,-,0,0,43 min 13 sec
78894841,001726727366-C8JKA4BBKEUJRE,GF-987,GrabFood,,"""LA Breakfast Club""",Greenville,"""1x Mock Chicken Sandwich""","""LA Breakfast Sandwiches""","""1x Sriracha""",DELIVERED,86000,8600000,0,0,0,0,0,0,21500,2150000,-,64500,6450000,IDR,"October 02, 2026 09:07:56AM","October 02, 2026 09:28:02AM",1,1,delivery,Other,Other,-,21500,2150000,0,0,0,0,-,-,0,0,N/A
78893965,00155714418-C8JKAYDAA73UGJ,GF-150,GrabFood,,"""American Breakfast Club""",Greenville,"""1x Burrito - Mock Beef, 2 Scrambled Eggs, Cheddar, Avocado, Tater Tots,""","""American Breakfast Burritos""","""1x Tatter Tots""",DELIVERED,98000,9800000,0,0,0,0,0,0,12200,1220000,-,85800,8580000,IDR,"October 02, 2026 08:44:31AM","October 02, 2026 09:08:29AM",1,1,delivery,Other,Other,-,12200,1220000,0,0,0,0,-,-,0,0,N/A
78893944,F-3376754480,1932,gofood,,"""American Breakfast Club""",Kemang,"""2x Burrito - 2 Scrambled Eggs, Cheddar, Avocado, Tater Tots, 1x Egg burger - 2 Scrambled Eggs, Cheddar Cheese, Secret Sauce""","""American Breakfast Burger,American Breakfast Burritos""","""N/A""",DELIVERED,161000,16100000,0,0,0,0,4000,400000,72500,7250000,-,132375,13237500,IDR,"October 02, 2026 08:43:24AM","October 02, 2026 09:35:43AM",3,2,delivery,N/A,N/A,-,32625,3262500,39875,3987500,0,0,-,-,0,0,N/A
78893695,0014138184-C8JKAXBFE74ECT,GF-487,GrabFood,,"""American Breakfast Club""",Kemang,"""1x Burrito - Mock Chicken, 2 Scrambled Eggs, Cheddar, Avocado, Tater Tots, 1x Tater Tots""","""American Breakfast Burritos,Sides""","""1x Home Fries""",DELIVERED,136000,13600000,0,0,0,0,0,0,0,0,-,136000,13600000,IDR,"October 02, 2026 08:37:15AM","October 02, 2026 09:27:54AM",2,2,delivery,Other,Other,-,0,0,0,0,0,0,-,-,0,0,N/A
78893538,001209077864-C8JKAU5JBF41AN,GF-715,GrabFood,,"""American Breakfast Club""",Kemang,"""1x Mushroom Omelette - Mushrooms, Spinach, Side Tater Tots""","""American Breakfast Omelettes""","""N/A""",DELIVERED,68000,6800000,0,0,0,0,0,0,13600,1360000,-,54400,5440000,IDR,"October 02, 2026 08:33:00AM","October 02, 2026 09:29:40AM",1,1,delivery,Other,Other,-,13600,1360000,0,0,0,0,-,-,0,0,N/A
78893474,001550398849-C8JKAUV3KFXXEA,GF-797,GrabFood,,"""American Breakfast Club""",Greenville,"""1x Burrito - Mock Beef, 2 Scrambled Eggs, Cheddar, Avocado, Tater Tots,""","""American Breakfast Burritos""","""N/A""",DELIVERED,68000,6800000,0,0,0,0,0,0,13200,1320000,-,54800,5480000,IDR,"October 02, 2026 08:31:09AM","October 02, 2026 08:53:49AM",1,1,delivery,Other,Other,-,13200,1320000,0,0,0,0,-,-,0,0,N/A
78893326,001376202727-C8JKAT6VL231JN,GF-145,GrabFood,,"""American Breakfast Club""",Kemang,"""1x Mushroom Omelette - Mushrooms, Spinach, Side Tater Tots, 1x Sandwich - 2 Scrambled Eggs Mock Beef, Cheddar Cheese  on a wavy brioche bun""","""American Breakfast Omelettes,American Breakfast Sandwiches""","""1x Tatter Tots, 1x Chick Nugget, 1x Cutleries""",DELIVERED,191600,19160000,0,0,0,0,0,0,25200,2520000,-,166400,16640000,IDR,"October 02, 2026 08:26:45AM","October 02, 2026 09:14:45AM",2,2,delivery,Other,Other,-,25200,2520000,0,0,0,0,-,-,0,0,N/A
78893282,001219115762-C8JKAT2ADCL2SE,GF-730,GrabFood,,"""American Breakfast Club""",Kemang,"""1x Sandwich - 2 Scrambled Eggs Mock Beef, Cheddar Cheese  on a wavy brioche bun, 1x Burrito - Mock Beef, 2 Scrambled Eggs, Cheddar, Avocado, Tater Tots,, 1x 2 Pancakes - Chocolate Chips, Butter, Maple Syrup""","""American Breakfast Pancakes,American Breakfast Sandwiches,American Breakfast Burritos""","""2x Cutleries""",DELIVERED,185200,18520000,0,0,0,0,0,0,23200,2320000,-,162000,16200000,IDR,"October 02, 2026 08:25:10AM","October 02, 2026 09:05:37AM",3,3,delivery,Other,Other,-,23200,2320000,0,0,0,0,-,-,0,0,N/A
78892962,0010986314-C8JKAPU1RTKFAE,GF-826,GrabFood,,"""People Pasta""",Greenville,"""1x Vegan Fillet-no-Fish""","""Meatless Burgers""","""N/A""",DELIVERED,49000,4900000,0,0,0,0,0,0,13290,1329000,-,35710,3571000,IDR,"October 02, 2026 08:14:09AM","October 02, 2026 09:09:52AM",1,1,delivery,Other,Other,-,13290,1329000,0,0,0,0,-,-,0,0,N/A
78892931,F-3376735133,9125,gofood,,"""American Breakfast Club""",Greenville,"""3x Burrito - 2 Scrambled Eggs, Cheddar, Avocado, Tater Tots""","""American Breakfast Burritos""","""N/A""",DELIVERED,139200,13920000,0,0,0,0,4000,400000,62700,6270000,-,114985,11498500,IDR,"October 02, 2026 08:11:55AM","October 02, 2026 09:17:07AM",3,1,delivery,N/A,N/A,-,28215,2821500,34485,3448500,0,0,-,-,0,0,N/A
78892897,001205971690-C8JKAPEHSAUHWA,GF-807,GrabFood,,"""American Breakfast Club""",Kemang,"""1x Burrito - Mock Beef, 2 Scrambled Eggs, Cheddar, Avocado, Tater Tots,, 1x Tater Tots With Truffle Oil""","""American Breakfast Burritos,Sides""","""N/A""",DELIVERED,116000,11600000,0,0,0,0,0,0,0,0,-,116000,11600000,IDR,"October 02, 2026 08:11:38AM","October 02, 2026 09:08:07AM",2,2,delivery,Other,Other,-,0,0,0,0,0,0,-,-,0,0,N/A
78892784,00166386094-C8JKANUZVKJTG6,GF-387,GrabFood,,"""American Breakfast Club""",Greenville,"""1x Burrito - 2 Scrambled Eggs, Cheddar, Avocado, Tater Tots""","""American Breakfast Burritos""","""1x Cutleries""",DELIVERED,59500,5950000,0,0,0,0,0,0,8700,870000,-,50800,5080000,IDR,"October 02, 2026 08:07:28AM","October 02, 2026 08:52:20AM",1,1,delivery,Other,Other,-,8700,870000,0,0,0,0,-,-,0,0,N/A
78892670,F-3376730011,5977,gofood,,"""American Breakfast Club""",Kemang,"""3x Burrito - Mock Beef, 2 Scrambled Eggs, Cheddar, Avocado, Tater Tots,""","""American Breakfast Burritos""","""3x Cutleries""",DELIVERED,205800,20580000,0,0,0,0,4000,400000,86000,8600000,-,171100,17110000,IDR,"October 02, 2026 08:02:55AM","October 02, 2026 08:49:43AM",3,1,delivery,N/A,N/A,-,38700,3870000,47300,4730000,0,0,-,-,0,0,N/A
78892418,F-3376724809,6182,gofood,,"""American Breakfast Club""",Greenville,"""2x Mushroom Omelette - Mushrooms, Spinach, Side Tater Tots, 4x Burrito - 2 Scrambled Eggs, Cheddar, Avocado, Tater Tots""","""American Breakfast Burritos,American Breakfast Omelettes""","""N/A""",DELIVERED,294400,29440000,0,0,0,0,4000,400000,124000,12400000,-,242600,24260000,IDR,"October 02, 2026 07:51:47AM","October 02, 2026 08:32:53AM",6,2,delivery,N/A,N/A,-,55800,5580000,68200,6820000,0,0,-,-,0,0,N/A
78892317,0010172670-C8JKAJDHJCK2VX,GF-431,GrabFood,,"""American Breakfast Club""",Kemang,"""1x Burrito - Mock Beef, 2 Scrambled Eggs, Cheddar, Avocado, Tater Tots,""","""American Breakfast Burritos""","""1x Cutleries""",DELIVERED,68600,6860000,0,0,0,0,0,0,0,0,-,68600,6860000,IDR,"October 02, 2026 07:47:58AM","October 02, 2026 08:34:11AM",1,1,delivery,Other,Other,-,0,0,0,0,0,0,-,-,0,0,N/A
78892313,F-3376722784,6441,gofood,,"""American Breakfast Club""",Kemang,"""1x 2 Pancakes - Butter, Maple Syrup, 3x Burrito - 2 Scrambled Eggs, Cheddar, Avocado, Tater Tots, 1x 2 Pancakes - Blueberries, Butter, Maple Syrup""","""American Breakfast Burritos,American Breakfast Pancakes""","""N/A""",DELIVERED,280000,28000000,0,0,0,0,4000,400000,98000,9800000,-,245300,24530000,IDR,"October 02, 2026 07:47:16AM","October 02, 2026 08:17:56AM",5,3,delivery,N/A,N/A,-,38700,3870000,59300,5930000,0,0,-,-,0,0,N/A
78892155,F-3376720215,9865,gofood,,"""American Breakfast Club""",Greenville,"""1x Cheese Omelette - Side Tater Tots, 1x 2 Pancakes - Butter, Maple Syrup, 1x Burrito - Mock Beef, 2 Scrambled Eggs, Cheddar, Avocado, Tater Tots,""","""American Breakfast Omelettes,American Breakfast Pancakes,American Breakfast Burritos""","""N/A""",DELIVERED,139200,13920000,0,0,0,0,4000,400000,62700,6270000,-,114985,11498500,IDR,"October 02, 2026 07:41:32AM","October 02, 2026 08:12:12AM",3,3,delivery,N/A,N/A,-,28215,2821500,34485,3448500,0,0,-,-,0,0,N/A
78892005,001715667085-C8JKAE3WG3LYCJ,GF-859,GrabFood,,"""American Breakfast Club""",Kemang,"""1x Burrito - Mock Katsu, 2 Scrambled Eggs, Cheddar, Avocado, Tater Tots, 1x 2 Pancakes - Butter, Maple Syrup""","""American Breakfast Burritos,American Breakfast Pancakes""","""N/A""",DELIVERED,116000,11600000,0,0,0,0,0,0,9600,960000,-,106400,10640000,IDR,"October 02, 2026 07:35:43AM","October 02, 2026 08:23:17AM",2,2,delivery,Other,Other,-,9600,960000,0,0,0,0,-,-,0,0,N/A
78892001,0010579786-C8JKAE2WNAT3LN,GF-977,GrabFood,,"""Herbox""",Greenville,"""1x Beef Mentai Vegan Vegetarian Rice""","""Mentai Vegan""","""1x Sendok, Garpu, Tissue, Tusuk Gigi""",DELIVERED,60500,6050000,0,0,0,0,0,0,14800,1480000,-,45700,4570000,IDR,"October 02, 2026 07:35:23AM","October 02, 2026 08:07:47AM",1,1,delivery,Other,Other,-,14800,1480000,0,0,0,0,-,-,0,0,N/A
78891868,0015936435-C8JKACLAKGDVLE,GF-573,GrabFood,,"""American Breakfast Club""",Kemang,"""1x Burrito - 2 Scrambled Eggs, Cheddar, Avocado, Tater Tots""","""American Breakfast Burritos""","""N/A""",DELIVERED,58000,5800000,0,0,0,0,0,0,11600,1160000,-,46400,4640000,IDR,"October 02, 2026 07:29:13AM","October 02, 2026 07:48:36AM",1,1,delivery,Other,Other,-,11600,1160000,0,0,0,0,-,-,0,0,N/A
78891792,F-3376713261,4627,gofood,,"""American Breakfast Club""",Greenville,"""2x Mushroom Omelette - Mushrooms, Spinach, Side Tater Tots, 2x Cheese Omelette - Side Tater Tots, 1x Home Fries""","""American Breakfast Omelettes,Sides""","""N/A""",DELIVERED,224000,22400000,0,0,0,0,4000,400000,100800,10080000,-,182640,18264000,IDR,"October 02, 2026 07:24:39AM","October 02, 2026 08:11:00AM",5,3,delivery,N/A,N/A,-,45360,4536000,55440,5544000,0,0,-,-,0,0,N/A
78891497,001019554741-C8JJWGEBE7DAA2,GF-100,GrabFood,,"""Herbox""",Greenville,"""1x Kung Paow Chick Vegan Vegetarian Ricebox, 1x Rica Rica Vegan Vegetarian Ricebox""","""Ricebox""","""N/A""",DELIVERED,78000,7800000,0,0,0,0,0,0,18600,1860000,-,59400,5940000,IDR,"October 02, 2026 07:11:32AM","October 02, 2026 07:35:53AM",2,2,delivery,Other,Other,-,18600,1860000,0,0,0,0,-,-,0,0,N/A
78891330,001955731021-C8JJWEX3VEUET6,GF-471,GrabFood,,"""People Pasta""",Greenville,"""1x Vegan Chicken Crispy Burger""","""Meatless Burgers""","""1x Tattert Tots""",DELIVERED,77000,7700000,0,0,0,0,0,0,18170,1817000,-,58830,5883000,IDR,"October 02, 2026 07:02:36AM","October 02, 2026 07:29:00AM",1,1,delivery,Other,Other,-,18170,1817000,0,0,0,0,-,-,0,0,10 min 15 sec
78890943,0014880322-C8JJV8JAWBJWVE,GF-193,GrabFood,,"""American Breakfast Club""",Greenville,"""1x Burrito - 2 Scrambled Eggs, Cheddar, Avocado, Tater Tots""","""American Breakfast Burritos""","""N/A""",DELIVERED,58000,5800000,0,0,0,0,0,0,11700,1170000,-,46300,4630000,IDR,"October 02, 2026 06:39:15AM","October 02, 2026 07:11:17AM",1,1,delivery,Other,Other,-,11700,1170000,0,0,0,0,-,-,0,0,11 min 25 sec
78890661,00132780574-C8JJV35VJU6ENA,GF-541,GrabFood,,"""American Breakfast Club""",Greenville,"""1x Sandwich - 2 Scrambled Eggs Mock Beef, Cheddar Cheese  on a wavy brioche bun""","""American Breakfast Sandwiches""","""N/A""",DELIVERED,58000,5800000,0,0,0,0,0,0,8700,870000,-,49300,4930000,IDR,"October 02, 2026 06:19:42AM","October 02, 2026 07:03:36AM",1,1,delivery,Other,Other,-,8700,870000,0,0,0,0,-,-,0,0,14 min 43 sec
78863276,0013702572-C8JJLZBJG4MKFE,GF-445,GrabFood,,"""Herbox""",Greenville,"""10x Nasi Goreng Sedap Malam Vegan Vegetarian""","""Nasi Goreng Special""","""N/A""",DELIVERED,350000,35000000,0,0,0,0,0,0,73000,7300000,-,277000,27700000,IDR,"October 01, 2026 06:57:18PM","October 01, 2026 08:35:21PM",10,1,delivery,Other,Other,-,73000,7300000,0,0,0,0,-,-,0,0,71 min 10 sec
78863265,00118317929-C8JJLZBDEZDKR2,GF-305,GrabFood,,"""People Pasta""",Greenville,"""1x Bolognese - Vegan Friendly - Vegetarian - Plantbase""","""Signature Pasta""","""1x Spaghetti""",DELIVERED,43000,4300000,0,0,0,0,0,0,0,0,-,43000,4300000,IDR,"October 01, 2026 06:57:13PM","October 01, 2026 08:51:16PM",1,1,delivery,Other,Other,-,0,0,0,0,0,0,-,-,0,0,26 min 11 sec
78861684,0016359784-C8JJLXA2GPCCGT-2,GF-183,GrabFood,,"""Herbox""",Greenville,"""6x Teriyaki Vegan Vegetarian Ricebox""","""Ricebox""","""N/A""",DELIVERED,234000,23400000,0,0,0,0,0,0,48300,4830000,-,185700,18570000,IDR,"October 01, 2026 06:43:48PM","October 01, 2026 07:56:26PM",6,1,delivery,Other,Other,-,48300,4830000,0,0,0,0,-,-,0,0,39 min 13 sec
78861683,0016359784-C8JJLXA2GPCCGT-1,GF-239,GrabFood,,"""Herbox""",Greenville,"""6x Teriyaki Vegan Vegetarian Ricebox""","""Ricebox""","""N/A""",DELIVERED,234000,23400000,0,0,0,0,0,0,48300,4830000,-,185700,18570000,IDR,"October 01, 2026 06:43:48PM","October 01, 2026 07:56:52PM",6,1,delivery,Other,Other,-,48300,4830000,0,0,0,0,-,-,0,0,39 min 29 sec
78861369,00188637899-C8JJLVDFVN5DAN,GF-529,GrabFood,,"""American Breakfast Club""",Greenville,"""1x Burrito - Mock Beef, 2 Scrambled Eggs, Cheddar, Avocado, Tater Tots,""","""American Breakfast Burritos""","""N/A""",DELIVERED,68000,6800000,0,0,0,0,0,0,13200,1320000,-,54800,5480000,IDR,"October 01, 2026 06:41:16PM","October 01, 2026 07:34:58PM",1,1,delivery,Other,Other,-,13200,1320000,0,0,0,0,-,-,0,0,N/A
78861346,F-3376388320,9177,gofood,,"""Herbox""",Greenville,"""1x Beef  wrap Vegan Herbox, 1x Katsu Wrap vegan Herbox, 1x Rica Wrap""","""Wrap Series""","""N/A""",DELIVERED,141600,14160000,0,0,0,0,4000,400000,49600,4960000,-,123280,12328000,IDR,"October 01, 2026 06:39:01PM","October 01, 2026 07:18:31PM",3,3,delivery,N/A,N/A,-,22320,2232000,27280,2728000,0,0,-,-,0,0,N/A
78848726,F-3376205409,5276,gofood,,"""Herbox""",Greenville,"""2x Katsu Chickin Vegan Vegetarian Ricebox, 1x Original Burger Vegan""","""Ricebox,Vegan Burger""","""N/A""",DELIVERED,109600,10960000,0,0,0,0,4000,400000,49400,4940000,-,91370,9137000,IDR,"October 01, 2026 04:33:40PM","October 01, 2026 05:40:53PM",3,2,delivery,N/A,N/A,-,22230,2223000,27170,2717000,0,0,-,-,0,0,N/A
78847508,F-3376203395,2499,gofood,,"""Herbox""",Greenville,"""1x Katsu Chickin Vegan Vegetarian Ricebox, 1x Original Burger Vegan""","""Ricebox,Vegan Burger""","""N/A""",CANCELLED,78400,7840000,0,0,0,0,4000,400000,35300,3530000,-,66515,6651500,IDR,"October 01, 2026 04:31:59PM",,2,2,delivery,N/A,N/A,-,15885,1588500,19415,1941500,0,0,N/A,N/A,0,0,N/A
78842971,F-3376143849,8374,gofood,,"""American Breakfast Club""",Kemang,"""1x Home Fries With Truffle Oil, 1x Burrito - Mock Beef, 2 Scrambled Eggs, Cheddar, Avocado, Tater Tots,""","""Sides,American Breakfast Burritos""","""N/A""",DELIVERED,106000,10600000,0,0,0,0,4000,400000,47700,4770000,-,88535,8853500,IDR,"October 01, 2026 03:36:49PM","October 01, 2026 04:15:34PM",2,2,delivery,N/A,N/A,-,21465,2146500,26235,2623500,0,0,-,-,0,0,N/A
78841629,F-3376128054,2753,gofood,,"""American Breakfast Club""",Greenville,"""1x 2 Pancakes - Blueberries, Butter, Maple Syrup""","""American Breakfast Pancakes""","""1x Cutleries""",DELIVERED,47900,4790000,0,0,0,0,4000,400000,0,0,-,51900,5190000,IDR,"October 01, 2026 03:21:16PM","October 01, 2026 03:55:45PM",1,1,delivery,N/A,N/A,-,0,0,0,0,0,0,-,-,0,0,N/A
78837926,F-3376077976,3296,gofood,,"""American Breakfast Club""",Kemang,"""1x Burrito - Mock Beef, 2 Scrambled Eggs, Cheddar, Avocado, Tater Tots,""","""American Breakfast Burritos""","""N/A""",DELIVERED,68000,6800000,0,0,0,0,4000,400000,30400,3040000,-,62820,6282000,IDR,"October 01, 2026 02:31:25PM","October 01, 2026 02:49:29PM",1,1,delivery,N/A,N/A,-,9180,918000,21220,2122000,0,0,-,-,0,0,N/A
78836587,001250937982-C8JJHB3YHA2EN6,GF-597,GrabFood,,"""American Breakfast Club""",Kemang,"""1x Burrito - 2 Scrambled Eggs, Cheddar, Avocado, Tater Tots, 1x Sandwich - 2 Scrambled Eggs melty cheddar cheese on a wavy brioche bun""","""American Breakfast Burritos,American Breakfast Sandwiches""","""1x Truffle Home Fries""",DELIVERED,143000,14300000,0,0,0,0,0,0,20600,2060000,-,122400,12240000,IDR,"October 01, 2026 02:12:26PM","October 01, 2026 02:38:28PM",2,2,delivery,Other,Other,-,20600,2060000,0,0,0,0,-,-,0,0,N/A
78830332,001316527006-C8JJGP2ABBDWG2,GF-345,GrabFood,,"""People Pasta""",Greenville,"""1x Creamy Mushroom - Vegetarian - Plantbased, 1x Cacio e Pepe - Vegetarian - Plantbased""","""Signature Pasta""","""1x Fettucine, 1x Spaghetti""",DELIVERED,87000,8700000,0,0,0,0,0,0,21270,2127000,-,65730,6573000,IDR,"October 01, 2026 12:48:30PM","October 01, 2026 01:23:24PM",2,2,delivery,Other,Other,-,21270,2127000,0,0,0,0,-,-,0,0,12 min 1 sec
78825730,001410632091-C8JJGBXZEP2KNN,GF-738,GrabFood,,"""People Pasta""",Greenville,"""1x Cacio e Pepe - Vegetarian - Plantbased, 1x Tattert Tots""","""Signature Pasta""","""1x Spaghetti""",DELIVERED,71000,7100000,0,0,0,0,0,0,3000,300000,-,68000,6800000,IDR,"October 01, 2026 11:58:39AM","October 01, 2026 12:20:37PM",2,2,delivery,Other,Other,-,3000,300000,0,0,0,0,-,-,0,0,N/A
78825719,F-3375883236,9547,gofood,,"""Tyfel Coffee""",Kemang,"""1x Breakfast Burrito""","""Breakfast Burritos""","""N/A""",DELIVERED,58000,5800000,0,0,0,0,4000,400000,0,0,-,62000,6200000,IDR,"October 01, 2026 11:57:56AM","October 01, 2026 12:20:06PM",1,1,delivery,N/A,N/A,-,0,0,0,0,0,0,-,-,0,0,3 min 14 sec
78825165,F-3375874535,5155,gofood,,"""Tyfel Coffee""",Kemang,"""1x Breakfast Burrito""","""Breakfast Burritos""","""N/A""",CANCELLED,58000,5800000,0,0,0,0,4000,400000,0,0,-,62000,6200000,IDR,"October 01, 2026 11:52:21AM",,1,1,delivery,N/A,N/A,-,0,0,0,0,0,0,N/A,N/A,0,0,N/A
78821731,F-3375817778,8918,gofood,,"""American Breakfast Club""",Kemang,"""1x Cheese Omelette - Side Tater Tots""","""American Breakfast Omelettes""","""N/A""",DELIVERED,58000,5800000,0,0,0,0,4000,400000,10000,1000000,-,62000,6200000,IDR,"October 01, 2026 11:17:21AM","October 01, 2026 11:54:16AM",1,1,delivery,N/A,N/A,-,0,0,10000,1000000,0,0,-,-,0,0,N/A
78817481,00177615497-C8JJEYJ1JFKWLX,GF-349,GrabFood,,"""American Breakfast Club""",Kemang,"""1x Burrito - 2 Scrambled Eggs, Cheddar, Avocado, Tater Tots""","""American Breakfast Burritos""","""N/A""",DELIVERED,58000,5800000,0,0,0,0,0,0,11600,1160000,-,46400,4640000,IDR,"October 01, 2026 10:32:16AM","October 01, 2026 11:07:03AM",1,1,delivery,Other,Other,-,11600,1160000,0,0,0,0,-,-,0,0,N/A
78816817,001608584086-C8JJEXAKRLD3CE,GF-737,GrabFood,,"""American Breakfast Club""",Kemang,"""1x Mushroom Omelette - Mushrooms, Spinach, Side Tater Tots, 1x Cheese Omelette - Side Tater Tots""","""American Breakfast Omelettes""","""N/A""",DELIVERED,126000,12600000,0,0,0,0,0,0,25200,2520000,-,100800,10080000,IDR,"October 01, 2026 10:23:41AM","October 01, 2026 10:56:43AM",2,2,delivery,Other,Other,-,25200,2520000,0,0,0,0,-,-,0,0,N/A
78816537,F-3375736053,6546,gofood,,"""American Breakfast Club""",Greenville,"""1x Home Fries With Truffle Oil, 1x 2 Pancakes - Butter, Maple Syrup, 1x Burrito - Mock Chicken, 2 Scrambled Eggs, Cheddar, Avocado, Tater Tots, 1x Cheese Omelette - Side Tater Tots""","""American Breakfast Omelettes,Sides,American Breakfast Pancakes,American Breakfast Burritos""","""N/A""",DELIVERED,169600,16960000,0,0,0,0,4000,400000,76400,7640000,-,139220,13922000,IDR,"October 01, 2026 10:19:44AM","October 01, 2026 10:50:51AM",4,4,delivery,N/A,N/A,-,34380,3438000,42020,4202000,0,0,-,-,0,0,N/A
78816373,00163256639-C8JJEUWTVXTETA,GF-285,GrabFood,,"""American Breakfast Club""",Kemang,"""1x Burrito - Mock Chicken, 2 Scrambled Eggs, Cheddar, Avocado, Tater Tots""","""American Breakfast Burritos""","""N/A""",DELIVERED,68000,6800000,0,0,0,0,0,0,0,0,-,68000,6800000,IDR,"October 01, 2026 10:18:00AM","October 01, 2026 10:41:41AM",1,1,delivery,Other,Other,-,0,0,0,0,0,0,-,-,0,0,N/A
78814486,F-3375699547,9219,gofood,,"""American Breakfast Club""",Kemang,"""1x Burrito - 2 Scrambled Eggs, Cheddar, Avocado, Tater Tots""","""American Breakfast Burritos""","""N/A""",DELIVERED,58000,5800000,0,0,0,0,4000,400000,0,0,-,62000,6200000,IDR,"October 01, 2026 09:44:07AM","October 01, 2026 10:16:02AM",1,1,delivery,N/A,N/A,-,0,0,0,0,0,0,-,-,0,0,N/A
78813199,00162972504-C8JJEE2GGLAFEA,GF-355,GrabFood,,"""American Breakfast Club""",Kemang,"""1x Burrito - Mock Beef, 2 Scrambled Eggs, Cheddar, Avocado, Tater Tots,""","""American Breakfast Burritos""","""N/A""",DELIVERED,68000,6800000,0,0,0,0,0,0,0,0,-,68000,6800000,IDR,"October 01, 2026 09:21:58AM","October 01, 2026 09:50:25AM",1,1,delivery,Other,Other,-,0,0,0,0,0,0,-,-,0,0,N/A
78812855,001162931737-C8JJECA1GA4WDA,GF-838,GrabFood,,"""American Breakfast Club""",Greenville,"""1x Cheese Omelette - Side Tater Tots""","""American Breakfast Omelettes""","""N/A""",DELIVERED,58000,5800000,0,0,0,0,0,0,11700,1170000,-,46300,4630000,IDR,"October 01, 2026 09:13:47AM","October 01, 2026 09:43:37AM",1,1,delivery,Other,Other,-,11700,1170000,0,0,0,0,-,-,0,0,N/A
78812585,0018686337-C8JJEBAZTFVYAX,GF-610,GrabFood,,"""American Breakfast Club""",Kemang,"""1x Burrito - Mock Beef, 2 Scrambled Eggs, Cheddar, Avocado, Tater Tots,""","""American Breakfast Burritos""","""N/A""",DELIVERED,68000,6800000,0,0,0,0,0,0,0,0,-,68000,6800000,IDR,"October 01, 2026 09:07:06AM","October 01, 2026 09:28:31AM",1,1,delivery,Other,Other,-,0,0,0,0,0,0,-,-,0,0,N/A
78812172,F-3375652421,9795,gofood,,"""American Breakfast Club""",Kemang,"""1x Burrito - 2 Scrambled Eggs, Cheddar, Avocado, Tater Tots""","""American Breakfast Burritos""","""1x Truffle Home Fries""",DELIVERED,98000,9800000,0,0,0,0,4000,400000,0,0,-,102000,10200000,IDR,"October 01, 2026 08:41:18AM","October 01, 2026 09:51:55AM",1,1,delivery,N/A,N/A,-,0,0,0,0,0,0,-,-,0,0,N/A
78812145,00188833922-C8JJDF22NCKFFA,GF-586,GrabFood,,"""American Breakfast Club""",Kemang,"""1x Mushroom Omelette - Mushrooms, Spinach, Side Tater Tots""","""American Breakfast Omelettes""","""1x Cutleries""",DELIVERED,68600,6860000,0,0,0,0,0,0,13600,1360000,-,55000,5500000,IDR,"October 01, 2026 08:55:29AM","October 01, 2026 09:23:51AM",1,1,delivery,Other,Other,-,13600,1360000,0,0,0,0,-,-,0,0,N/A
78812096,F-3375659835,5136,gofood,,"""American Breakfast Club""",Kemang,"""1x Mushroom Omelette - Mushrooms, Spinach, Side Tater Tots""","""American Breakfast Omelettes""","""N/A""",DELIVERED,68000,6800000,0,0,0,0,4000,400000,30400,3040000,-,62820,6282000,IDR,"October 01, 2026 08:53:17AM","October 01, 2026 09:15:57AM",1,1,delivery,N/A,N/A,-,9180,918000,21220,2122000,0,0,-,-,0,0,N/A
78811729,001751984044-C8JJDCKUG3AXR2,GF-513,GrabFood,,"""American Breakfast Club""",Kemang,"""1x Mushroom Omelette - Mushrooms, Spinach, Side Tater Tots""","""American Breakfast Omelettes""","""1x Tatter Tots""",DELIVERED,98000,9800000,0,0,0,0,0,0,13600,1360000,-,84400,8440000,IDR,"October 01, 2026 08:42:35AM","October 01, 2026 09:11:09AM",1,1,delivery,Other,Other,-,13600,1360000,0,0,0,0,-,-,0,0,N/A
78811623,0019740053-C8JJDB3TCGLKTJ,GF-862,GrabFood,,"""American Breakfast Club""",Kemang,"""1x Mushroom Omelette - Mushrooms, Spinach, Side Tater Tots, 1x Sandwich - 2 Scrambled Eggs melty cheddar cheese on a wavy brioche bun""","""American Breakfast Omelettes,American Breakfast Sandwiches""","""N/A""",DELIVERED,113000,11300000,0,0,0,0,0,0,22600,2260000,-,90400,9040000,IDR,"October 01, 2026 08:38:59AM","October 01, 2026 09:06:55AM",2,2,delivery,Other,Other,-,22600,2260000,0,0,0,0,-,-,0,0,N/A
78811592,00179771920-C8JJDBVZTJNUNX,GF-265,GrabFood,,"""American Breakfast Club""",Greenville,"""1x Mushroom Omelette - Mushrooms, Spinach, Side Tater Tots""","""American Breakfast Omelettes""","""N/A""",DELIVERED,68000,6800000,0,0,0,0,0,0,13200,1320000,-,54800,5480000,IDR,"October 01, 2026 08:37:48AM","October 01, 2026 09:04:50AM",1,1,delivery,Other,Other,-,13200,1320000,0,0,0,0,-,-,0,0,N/A
78811459,0013593454-C8JJDBADPAMGDA,GF-844,GrabFood,,"""American Breakfast Club""",Greenville,"""1x Tater Tots, 1x 2 Pancakes - Blueberries, Butter, Maple Syrup""","""Sides,American Breakfast Pancakes""","""N/A""",DELIVERED,96000,9600000,0,0,0,0,0,0,17400,1740000,-,78600,7860000,IDR,"October 01, 2026 08:33:33AM","October 01, 2026 09:14:37AM",2,2,delivery,Other,Other,-,17400,1740000,0,0,0,0,-,-,0,0,N/A
78811123,001070717745-C8JJC73YEAXXNE,GF-788,GrabFood,,"""American Breakfast Club""",Greenville,"""1x Sandwich - 2 Scrambled Eggs Mock Beef, Cheddar Cheese  on a wavy brioche bun""","""American Breakfast Sandwiches""","""N/A""",DELIVERED,58000,5800000,0,0,0,0,0,0,8700,870000,-,49300,4930000,IDR,"October 01, 2026 08:22:26AM","October 01, 2026 08:58:48AM",1,1,delivery,Other,Other,-,8700,870000,0,0,0,0,-,-,0,0,N/A
78810978,00179072593-C8JJC7ACJEMBRE,GF-814,GrabFood,,"""American Breakfast Club""",Greenville,"""2x Burrito - Mock Chicken, 2 Scrambled Eggs, Cheddar, Avocado, Tater Tots""","""American Breakfast Burritos""","""N/A""",DELIVERED,136000,13600000,0,0,0,0,0,0,23400,2340000,-,112600,11260000,IDR,"October 01, 2026 08:16:54AM","October 01, 2026 08:49:14AM",2,1,delivery,Other,Other,-,23400,2340000,0,0,0,0,-,-,0,0,N/A
78810700,F-3375631806,2497,gofood,,"""American Breakfast Club""",Kemang,"""1x Burrito - Mock Katsu, 2 Scrambled Eggs, Cheddar, Avocado, Tater Tots, 1x Burrito - Mock Beef, 2 Scrambled Eggs, Cheddar, Avocado, Tater Tots,""","""American Breakfast Burritos""","""N/A""",DELIVERED,136000,13600000,0,0,0,0,4000,400000,61200,6120000,-,112460,11246000,IDR,"October 01, 2026 08:04:44AM","October 01, 2026 08:42:01AM",2,2,delivery,N/A,N/A,-,27540,2754000,33660,3366000,0,0,-,-,0,0,N/A
78810389,0017978720-C8JJCZLTE3X1LJ,GF-587,GrabFood,,"""American Breakfast Club""",Greenville,"""1x Sandwich - 2 Scrambled Eggs, Mock Fish, Cheddar Cheese, Mix, Brioche Bun, 1x Cutleries""","""American Breakfast Sandwiches,Cutleries""","""N/A""",DELIVERED,59000,5900000,0,0,0,0,0,0,8700,870000,-,50300,5030000,IDR,"October 01, 2026 07:52:40AM","October 01, 2026 08:06:36AM",2,2,delivery,Other,Other,-,8700,870000,0,0,0,0,-,-,0,0,6 min 59 sec
78809841,0010093269-C8JJCT6GRUTVGA,GF-399,GrabFood,,"""American Breakfast Club""",Greenville,"""2x Burrito - 2 Scrambled Eggs, Cheddar, Avocado, Tater Tots""","""American Breakfast Burritos""","""N/A""",DELIVERED,116000,11600000,0,0,0,0,0,0,20400,2040000,-,95600,9560000,IDR,"October 01, 2026 07:26:38AM","October 01, 2026 07:51:48AM",2,1,delivery,Other,Other,-,20400,2040000,0,0,0,0,-,-,0,0,12 min 9 sec
78809806,0011875429-C8JJCT2UEY5ZGX,GF-217,GrabFood,,"""American Breakfast Club""",Kemang,"""1x Sandwich - 2 Scrambled Eggs melty cheddar cheese on a wavy brioche bun""","""American Breakfast Sandwiches""","""1x Tatter Tots""",DELIVERED,75000,7500000,0,0,0,0,0,0,9000,900000,-,66000,6600000,IDR,"October 01, 2026 07:25:21AM","October 01, 2026 08:06:46AM",1,1,delivery,Other,Other,-,9000,900000,0,0,0,0,-,-,0,0,N/A
78809651,001497816457-C8JJCRBDG4K2J6,GF-871,GrabFood,,"""Herbox""",Greenville,"""1x Nasi Goreng Bintang Kuning Vegan Vegetarian, 1x Beef  wrap Vegan Herbox""","""Nasi Goreng Special,Wrap Series""","""N/A""",DELIVERED,94000,9400000,0,0,0,0,0,0,21800,2180000,-,72200,7220000,IDR,"October 01, 2026 07:17:20AM","October 01, 2026 07:54:57AM",2,2,delivery,Other,Other,-,21800,2180000,0,0,0,0,-,-,0,0,21 min 33 sec
78809630,F-3375606968,7623,gofood,,"""Herbox""",Greenville,"""1x Beef  wrap Vegan Herbox, 2x Hygiene Cutleries, 1x Teriyaki Vegan Vegetarian Ricebox, 1x Kung Paow Chick Vegan Vegetarian Ricebox""","""Wrap Series,Extra,Ricebox""","""N/A""",DELIVERED,113600,11360000,0,0,0,0,4000,400000,51200,5120000,-,94560,9456000,IDR,"October 01, 2026 06:58:42AM","October 01, 2026 08:22:55AM",5,4,delivery,N/A,N/A,-,23040,2304000,28160,2816000,0,0,-,-,0,0,N/A
78809459,00176912489-C8JJCNK1DETGJ6,GF-024,GrabFood,,"""American Breakfast Club""",Greenville,"""1x Mushroom Omelette - Mushrooms, Spinach, Side Tater Tots""","""American Breakfast Omelettes""","""N/A""",DELIVERED,68000,6800000,0,0,0,0,0,0,10200,1020000,-,57800,5780000,IDR,"October 01, 2026 07:07:56AM","October 01, 2026 07:37:22AM",1,1,delivery,Other,Other,-,10200,1020000,0,0,0,0,-,-,0,0,44 sec
78809335,00163148889-C8JJCK4CBA2EEN,GF-935,GrabFood,,"""American Breakfast Club""",Greenville,"""1x Burrito - 2 Scrambled Eggs, Cheddar, Avocado, Tater Tots""","""American Breakfast Burritos""","""N/A""",DELIVERED,58000,5800000,0,0,0,0,0,0,8700,870000,-,49300,4930000,IDR,"October 01, 2026 06:59:39AM","October 01, 2026 07:18:57AM",1,1,delivery,Other,Other,-,8700,870000,0,0,0,0,-,-,0,0,8 min 50 sec
78809069,001089777006-C8JJCFUVVCLKNN,GF-313,GrabFood,,"""American Breakfast Club""",Greenville,"""1x Burrito - Mock Beef, 2 Scrambled Eggs, Cheddar, Avocado, Tater Tots,""","""American Breakfast Burritos""","""1x Tatter Tots""",DELIVERED,98000,9800000,0,0,0,0,0,0,13200,1320000,-,84800,8480000,IDR,"October 01, 2026 06:42:56AM","October 01, 2026 07:13:30AM",1,1,delivery,Other,Other,-,13200,1320000,0,0,0,0,-,-,0,0,10 min 2 sec
78789380,001945932301-C8JHRRMTLYTJRJ,GF-765,GrabFood,,"""American Breakfast Club""",Greenville,"""1x Burrito - Mock Beef, 2 Scrambled Eggs, Cheddar, Avocado, Tater Tots,""","""American Breakfast Burritos""","""N/A""",DELIVERED,68000,6800000,0,0,0,0,0,0,10200,1020000,-,57800,5780000,IDR,"September 30, 2026 08:13:03PM","September 30, 2026 08:56:10PM",1,1,delivery,Other,Other,-,10200,1020000,0,0,0,0,-,-,0,0,N/A
78788520,001839044285-C8JHRPJ2JY2WRN,GF-251,GrabFood,,"""American Breakfast Club""",Greenville,"""1x Burrito - Mock Chicken, 2 Scrambled Eggs, Cheddar, Avocado, Tater Tots""","""American Breakfast Burritos""","""N/A""",DELIVERED,68000,6800000,0,0,0,0,0,0,10200,1020000,-,57800,5780000,IDR,"September 30, 2026 08:05:31PM","September 30, 2026 08:42:38PM",1,1,delivery,Other,Other,-,10200,1020000,0,0,0,0,-,-,0,0,17 min 26 sec
78784620,00183616549-C8JHRFLHLCDDWA,GF-800,GrabFood,,"""Herbox""",Greenville,"""1x Vegan Chickin Nugget, 1x Tater tots""","""Sides""","""N/A""",DELIVERED,70000,7000000,0,0,0,0,0,0,0,0,-,70000,7000000,IDR,"September 30, 2026 07:32:37PM","September 30, 2026 07:52:55PM",2,2,delivery,Other,Other,-,0,0,0,0,0,0,-,-,0,0,N/A
78781848,00131420302-C8JHRANVMB5DSE,GF-410,GrabFood,,"""American Breakfast Club""",Greenville,"""1x Burrito - Mock Chicken, 2 Scrambled Eggs, Cheddar, Avocado, Tater Tots, 1x Sandwich - 2 Scrambled Eggs melty cheddar cheese on a wavy brioche bun, 1x Home Fries""","""American Breakfast Burritos,American Breakfast Sandwiches,Sides""","""N/A""",DELIVERED,151000,15100000,0,0,0,0,0,0,22650,2265000,-,128350,12835000,IDR,"September 30, 2026 07:10:05PM","September 30, 2026 07:58:51PM",3,3,delivery,Other,Other,-,22650,2265000,0,0,0,0,-,-,0,0,N/A
78775998,0014715380-C8JHN663SGACCT,GF-873,GrabFood,,"""American Breakfast Club""",Greenville,"""1x Burrito - Mock Chicken, 2 Scrambled Eggs, Cheddar, Avocado, Tater Tots""","""American Breakfast Burritos""","""N/A""",DELIVERED,68000,6800000,0,0,0,0,0,0,13200,1320000,-,54800,5480000,IDR,"September 30, 2026 06:23:32PM","September 30, 2026 06:38:31PM",1,1,delivery,Other,Other,-,13200,1320000,0,0,0,0,-,-,0,0,N/A
78773166,0019350700-C8JHNZNUNCM1VA,GF-086,GrabFood,,"""Herbox""",Greenville,"""1x Teriyaki Vegan Vegetarian Ricebox""","""Ricebox""","""N/A""",DELIVERED,39000,3900000,0,0,0,0,0,0,10800,1080000,-,28200,2820000,IDR,"September 30, 2026 06:00:05PM","September 30, 2026 06:37:12PM",1,1,delivery,Other,Other,-,10800,1080000,0,0,0,0,-,-,0,0,N/A
78770846,00198623569-C8JHNU5VA33AJA,GF-370,GrabFood,,"""Herbox""",Greenville,"""1x Beef  wrap Vegan Herbox""","""Wrap Series""","""N/A""",DELIVERED,59000,5900000,0,0,0,0,0,0,14800,1480000,-,44200,4420000,IDR,"September 30, 2026 05:39:41PM","September 30, 2026 06:08:49PM",1,1,delivery,Other,Other,-,14800,1480000,0,0,0,0,-,-,0,0,6 min 58 sec
78761764,F-3375033353,4581,gofood,,"""Tyfel Coffee""",Greenville,"""1x Fettucini Mushroom, 1x Tater Tots, 1x Tyfel Burritos - Vegan, 1x Quesadilla""","""Lite Bites,Main Course,Sides""","""N/A""",DELIVERED,168000,16800000,0,0,0,0,4000,400000,87600,8760000,-,137980,13798000,IDR,"September 30, 2026 04:08:35PM","September 30, 2026 04:43:54PM",4,4,delivery,N/A,N/A,-,34020,3402000,53580,5358000,0,0,-,-,0,0,N/A
78758778,001694635848-C8JHL6LDWGAVET,GF-619,GrabFood,,"""American Breakfast Club""",Kemang,"""1x Burrito - Mock Beef, 2 Scrambled Eggs, Cheddar, Avocado, Tater Tots,""","""American Breakfast Burritos""","""1x Chick Nugget""",DELIVERED,103000,10300000,0,0,0,0,0,0,20400,2040000,-,82600,8260000,IDR,"September 30, 2026 03:32:35PM","September 30, 2026 04:00:16PM",1,1,delivery,Other,Other,-,20400,2040000,0,0,0,0,-,-,0,0,N/A
78749796,00140850127-C8JHKGNXDF2YJ2,GF-774,GrabFood,,"""American Breakfast Club""",Kemang,"""1x Burrito - Mock Beef, 2 Scrambled Eggs, Cheddar, Avocado, Tater Tots,""","""American Breakfast Burritos""","""1x Truffle Home Fries""",DELIVERED,108000,10800000,0,0,0,0,0,0,0,0,-,108000,10800000,IDR,"September 30, 2026 01:33:26PM","September 30, 2026 02:02:02PM",1,1,delivery,Other,Other,-,0,0,0,0,0,0,-,-,0,0,N/A
78749756,00165639493-C8JHKGMCRXWXTN,GF-651,GrabFood,,"""People Pasta""",Greenville,"""1x Bolognese - Vegan Friendly - Vegetarian - Plantbase""","""Signature Pasta""","""N/A""",DELIVERED,43000,4300000,0,0,0,0,0,0,9030,903000,-,33970,3397000,IDR,"September 30, 2026 01:32:54PM","September 30, 2026 01:58:57PM",1,1,delivery,Other,Other,-,9030,903000,0,0,0,0,-,-,0,0,8 min 58 sec
78743561,00194903580-C8JHJYD1EEVFFE,GF-516,GrabFood,,"""People Pasta""",Greenville,"""1x Meat-less Burger - Vegan, 1x Chicken Nugget - Vegan""","""Meatless Burgers""","""N/A""",DELIVERED,84000,8400000,0,0,0,0,0,0,20640,2064000,-,63360,6336000,IDR,"September 30, 2026 12:18:08PM","September 30, 2026 01:17:05PM",2,2,delivery,Other,Other,-,20640,2064000,0,0,0,0,-,-,0,0,11 min 41 sec
78739705,F-3374710301,3474,gofood,,"""American Breakfast Club""",Kemang,"""1x Original Egg burger - Patties, 2 Scrambled Eggs, Cheddar Cheese, Secret Sauce, 1x Burrito - 2 Scrambled Eggs, Cheddar, Avocado, Tater Tots""","""American Breakfast Burger,American Breakfast Burritos""","""N/A""",DELIVERED,116000,11600000,0,0,0,0,4000,400000,10000,1000000,-,120000,12000000,IDR,"September 30, 2026 11:35:55AM","September 30, 2026 12:02:59PM",2,2,delivery,N/A,N/A,-,0,0,10000,1000000,0,0,-,-,0,0,N/A
78739166,00115703165-C8JHJLLTSFXWJT,GF-405,GrabFood,,"""American Breakfast Club""",Greenville,"""1x Burrito - 2 Scrambled Eggs, Cheddar, Avocado, Tater Tots, 1x Cutleries""","""American Breakfast Burritos,Cutleries""","""N/A""",DELIVERED,59000,5900000,0,0,0,0,0,0,8700,870000,-,50300,5030000,IDR,"September 30, 2026 11:36:00AM","September 30, 2026 12:03:03PM",2,2,delivery,Other,Other,-,8700,870000,0,0,0,0,-,-,0,0,N/A
78737837,001489450802-C8JHJGEXNXE1BE,GF-901,GrabFood,,"""Herbox""",Greenville,"""1x Kung Paow Chick Vegan Vegetarian Ricebox, 1x Rica Rica Vegan Vegetarian Ricebox""","""Ricebox""","""N/A""",DELIVERED,78000,7800000,0,0,0,0,0,0,18600,1860000,-,59400,5940000,IDR,"September 30, 2026 11:23:15AM","September 30, 2026 11:56:32AM",2,2,delivery,Other,Other,-,18600,1860000,0,0,0,0,-,-,0,0,16 min 22 sec
78735912,00158125695-C8JHJEKGFGEJGA,GF-862,GrabFood,,"""American Breakfast Club""",Kemang,"""1x Burrito - 2 Scrambled Eggs, Cheddar, Avocado, Tater Tots""","""American Breakfast Burritos""","""N/A""",DELIVERED,58000,5800000,0,0,0,0,0,0,11600,1160000,-,46400,4640000,IDR,"September 30, 2026 11:05:39AM","September 30, 2026 12:03:29PM",1,1,delivery,Other,Other,-,11600,1160000,0,0,0,0,-,-,0,0,N/A
78733674,001401665766-C8JHHE4ACLN2E2,GF-868,GrabFood,,"""Herbox""",Greenville,"""1x Pesmol Vegan Vegetarian Ricebox, 1x Lada Hitam Blackpepper Vegan Vegetarian Ricebox""","""Ricebox""","""N/A""",DELIVERED,78000,7800000,0,0,0,0,0,0,15600,1560000,-,62400,6240000,IDR,"September 30, 2026 10:42:02AM","September 30, 2026 11:16:39AM",2,2,delivery,Other,Other,-,15600,1560000,0,0,0,0,-,-,0,0,N/A
78731634,0010868055-C8JHHAECNYKGTN,GF-318,GrabFood,,"""LA Breakfast Club""",Greenville,"""1x Cheese Omelette - Side of Tater Tots""","""LA Breakfast Omelettes""","""N/A""",DELIVERED,70000,7000000,0,0,0,0,0,0,17500,1750000,-,52500,5250000,IDR,"September 30, 2026 10:17:07AM","September 30, 2026 10:48:09AM",1,1,delivery,Other,Other,-,17500,1750000,0,0,0,0,-,-,0,0,5 min 9 sec
78729559,F-3374548574,7662,gofood,,"""American Breakfast Club""",Kemang,"""1x Burrito - 2 Scrambled Eggs, Cheddar, Avocado, Tater Tots""","""American Breakfast Burritos""","""N/A""",DELIVERED,58000,5800000,0,0,0,0,4000,400000,27400,2740000,-,54170,5417000,IDR,"September 30, 2026 09:29:12AM","September 30, 2026 10:18:16AM",1,1,delivery,N/A,N/A,-,7830,783000,19570,1957000,0,0,-,-,0,0,N/A
78729026,F-3374554200,9576,gofood,,"""Herbox""",Greenville,"""1x Kung Paow Chick Vegan Vegetarian Ricebox, 1x Original Burger Vegan""","""Ricebox,Vegan Burger""","""1x Tattertots with Truffle""",DELIVERED,113400,11340000,0,0,0,0,4000,400000,51100,5110000,-,94405,9440500,IDR,"September 30, 2026 09:35:49AM","September 30, 2026 09:59:24AM",2,2,delivery,N/A,N/A,-,22995,2299500,28105,2810500,0,0,-,-,0,0,N/A
78728601,F-3374547460,9296,gofood,,"""American Breakfast Club""",Kemang,"""2x Burrito - 2 Scrambled Eggs, Cheddar, Avocado, Tater Tots""","""American Breakfast Burritos""","""2x Tatter Tots""",DELIVERED,176000,17600000,0,0,0,0,4000,400000,0,0,-,180000,18000000,IDR,"September 30, 2026 09:27:50AM","September 30, 2026 10:11:13AM",2,1,delivery,N/A,N/A,-,0,0,0,0,0,0,-,-,0,0,N/A
78728019,001763295435-C8JHGUL2HEXELN,GF-464,GrabFood,,"""American Breakfast Club""",Kemang,"""1x Cheese Omelette - Side Tater Tots""","""American Breakfast Omelettes""","""N/A""",DELIVERED,58000,5800000,0,0,0,0,0,0,11600,1160000,-,46400,4640000,IDR,"September 30, 2026 09:16:09AM","September 30, 2026 09:53:24AM",1,1,delivery,Other,Other,-,11600,1160000,0,0,0,0,-,-,0,0,N/A
78726908,0010430559-C8JHGK5GPGJKUE,GF-029,GrabFood,,"""American Breakfast Club""",Greenville,"""1x Burrito - 2 Scrambled Eggs, Cheddar, Avocado, Tater Tots""","""American Breakfast Burritos""","""1x Coke""",DELIVERED,73000,7300000,0,0,0,0,0,0,8700,870000,-,64300,6430000,IDR,"September 30, 2026 08:46:16AM","September 30, 2026 09:17:03AM",1,1,delivery,Other,Other,-,8700,870000,0,0,0,0,-,-,0,0,9 min 36 sec
78726725,00189384411-C8JHGKAWAPJ2DA,GF-323,GrabFood,,"""American Breakfast Club""",Greenville,"""1x Burrito - Mock Chicken, 2 Scrambled Eggs, Cheddar, Avocado, Tater Tots, 1x Sandwich - 2 Scrambled Eggs, Mock Chicken, Cheddar Cheese Mix, Brioche Bun, 1x 2 Pancakes - Blueberries, Butter, Maple Syrup""","""American Breakfast Sandwiches,American Breakfast Pancakes,American Breakfast Burritos""","""3x Cutleries""",DELIVERED,188500,18850000,0,0,0,0,0,0,27600,2760000,-,160900,16090000,IDR,"September 30, 2026 08:40:25AM","September 30, 2026 09:12:24AM",3,3,delivery,Other,Other,-,27600,2760000,0,0,0,0,-,-,0,0,N/A
78726560,0010067125-C8JHGJE3GKAZRT,GF-934,GrabFood,,"""American Breakfast Club""",Kemang,"""1x Burrito - 2 Scrambled Eggs, Cheddar, Avocado, Tater Tots""","""American Breakfast Burritos""","""N/A""",DELIVERED,58000,5800000,0,0,0,0,0,0,11600,1160000,-,46400,4640000,IDR,"September 30, 2026 08:35:11AM","September 30, 2026 09:02:19AM",1,1,delivery,Other,Other,-,11600,1160000,0,0,0,0,-,-,0,0,N/A
78726501,0018576172-C8JHGGNDDEDJVX,GF-798,GrabFood,,"""American Breakfast Club""",Kemang,"""1x Burrito - Mock Chicken, 2 Scrambled Eggs, Cheddar, Avocado, Tater Tots""","""American Breakfast Burritos""","""1x Home Fries""",DELIVERED,98000,9800000,0,0,0,0,0,0,0,0,-,98000,9800000,IDR,"September 30, 2026 08:33:13AM","September 30, 2026 09:07:02AM",1,1,delivery,Other,Other,-,0,0,0,0,0,0,-,-,0,0,N/A
78726249,001200938883-C8JHGATBLJBEBE,GF-289,GrabFood,,"""LA Breakfast Club""",Greenville,"""2x Cheese Omelette - Side of Tater Tots""","""LA Breakfast Omelettes""","""N/A""",DELIVERED,140000,14000000,0,0,0,0,0,0,38000,3800000,-,102000,10200000,IDR,"September 30, 2026 08:24:37AM","September 30, 2026 08:52:56AM",2,1,delivery,Other,Other,-,38000,3800000,0,0,0,0,-,-,0,0,N/A
78726106,00186608783-C8JHGETEUELHTA,GF-969,GrabFood,,"""People Pasta""",Greenville,"""1x Cacio e Pepe - Vegetarian - Plantbased""","""Signature Pasta""","""1x Spaghetti""",DELIVERED,43000,4300000,0,0,0,0,0,0,12030,1203000,-,30970,3097000,IDR,"September 30, 2026 08:20:14AM","September 30, 2026 08:50:32AM",1,1,delivery,Other,Other,-,12030,1203000,0,0,0,0,-,-,0,0,15 min 56 sec
78726104,00126652466-C8JHGEN3NVEKV6,GF-759,GrabFood,,"""American Breakfast Club""",Greenville,"""1x Burrito - 2 Scrambled Eggs, Cheddar, Avocado, Tater Tots""","""American Breakfast Burritos""","""1x Cutleries""",DELIVERED,59500,5950000,0,0,0,0,0,0,11700,1170000,-,47800,4780000,IDR,"September 30, 2026 08:20:11AM","September 30, 2026 08:59:16AM",1,1,delivery,Other,Other,-,11700,1170000,0,0,0,0,-,-,0,0,16 min 4 sec
78726047,00174078528-C8JHGECZC6WTC6,GF-043,GrabFood,,"""American Breakfast Club""",Kemang,"""1x Burrito - Mock Chicken, 2 Scrambled Eggs, Cheddar, Avocado, Tater Tots""","""American Breakfast Burritos""","""N/A""",DELIVERED,68000,6800000,0,0,0,0,0,0,0,0,-,68000,6800000,IDR,"September 30, 2026 08:17:46AM","September 30, 2026 08:53:46AM",1,1,delivery,Other,Other,-,0,0,0,0,0,0,-,-,0,0,N/A
78726044,001862889737-C8JHGECHG2KGKE,GF-395,GrabFood,,"""American Breakfast Club""",Greenville,"""1x Sandwich - 2 Scrambled Eggs, Mock Fish, Cheddar Cheese, Mix, Brioche Bun""","""American Breakfast Sandwiches""","""1x Cutleries""",DELIVERED,59500,5950000,0,0,0,0,0,0,8700,870000,-,50800,5080000,IDR,"September 30, 2026 08:17:39AM","September 30, 2026 08:41:45AM",1,1,delivery,Other,Other,-,8700,870000,0,0,0,0,-,-,0,0,N/A
78725978,F-3374497004,3938,gofood,,"""American Breakfast Club""",Kemang,"""1x Burrito - Mock Katsu, 2 Scrambled Eggs, Cheddar, Avocado, Tater Tots""","""American Breakfast Burritos""","""N/A""",DELIVERED,68000,6800000,0,0,0,0,4000,400000,30400,3040000,-,62820,6282000,IDR,"September 30, 2026 08:14:00AM","September 30, 2026 08:34:23AM",1,1,delivery,N/A,N/A,-,9180,918000,21220,2122000,0,0,-,-,0,0,N/A
78725871,0015480252-C8JHGBVFC6N2MA,GF-871,GrabFood,,"""American Breakfast Club""",Greenville,"""1x Sandwich - 2 Scrambled Eggs Mock Beef, Cheddar Cheese  on a wavy brioche bun""","""American Breakfast Sandwiches""","""1x Cutleries""",DELIVERED,59500,5950000,0,0,0,0,0,0,8700,870000,-,50800,5080000,IDR,"September 30, 2026 08:10:55AM","September 30, 2026 08:27:23AM",1,1,delivery,Other,Other,-,8700,870000,0,0,0,0,-,-,0,0,N/A
78725637,00139917529-C8JHGAE2KCLVTA,GF-475,GrabFood,,"""American Breakfast Club""",Kemang,"""1x Burrito - 2 Scrambled Eggs, Cheddar, Avocado, Tater Tots""","""American Breakfast Burritos""","""N/A""",DELIVERED,58000,5800000,0,0,0,0,0,0,11600,1160000,-,46400,4640000,IDR,"September 30, 2026 08:01:49AM","September 30, 2026 08:28:17AM",1,1,delivery,Other,Other,-,11600,1160000,0,0,0,0,-,-,0,0,N/A
78725515,0016337892-C8JHFF5WAY6EE6,GF-551,GrabFood,,"""American Breakfast Club""",Kemang,"""1x Burrito - 2 Scrambled Eggs, Cheddar, Avocado, Tater Tots""","""American Breakfast Burritos""","""N/A""",DELIVERED,58000,5800000,0,0,0,0,0,0,11600,1160000,-,46400,4640000,IDR,"September 30, 2026 07:56:22AM","September 30, 2026 08:33:18AM",1,1,delivery,Other,Other,-,11600,1160000,0,0,0,0,-,-,0,0,N/A
78724858,001258983473-C8JHE8BYGY3XCA,GF-649F,GrabFood,,"""American Breakfast Club""",Kemang,"""1x Burrito - 2 Scrambled Eggs, Cheddar, Avocado, Tater Tots""","""American Breakfast Burritos""","""N/A""",DELIVERED,58000,5800000,0,0,0,0,0,0,11600,1160000,-,46400,4640000,IDR,"September 30, 2026 08:00:04AM","September 30, 2026 08:48:45AM",1,1,delivery,Other,Other,-,11600,1160000,0,0,0,0,-,-,0,0,N/A
78724836,001743835679-C8JHE2JXE7W2EN,GF-209,GrabFood,,"""American Breakfast Club""",Greenville,"""1x Cheese Omelette - Side Tater Tots""","""American Breakfast Omelettes""","""N/A""",DELIVERED,58000,5800000,0,0,0,0,0,0,8700,870000,-,49300,4930000,IDR,"September 30, 2026 07:22:56AM","September 30, 2026 08:14:24AM",1,1,delivery,Other,Other,-,8700,870000,0,0,0,0,-,-,0,0,N/A
78724727,F-3374472562,4319,gofood,,"""American Breakfast Club""",Greenville,"""1x Mushroom Omelette - Mushrooms, Spinach, Side Tater Tots, 1x 2 Pancakes - Blueberries, Butter, Maple Syrup""","""American Breakfast Omelettes,American Breakfast Pancakes""","""N/A""",DELIVERED,100800,10080000,0,0,0,0,4000,400000,40300,4030000,-,91165,9116500,IDR,"September 30, 2026 07:16:45AM","September 30, 2026 07:44:03AM",2,2,delivery,N/A,N/A,-,13635,1363500,26665,2666500,0,0,-,-,0,0,N/A
78724712,001933014970-C8JHE66ZRJ6GLX,GF-661,GrabFood,,"""American Breakfast Club""",Greenville,"""1x Sandwich - 2 Scrambled Eggs, Mock Chicken, Cheddar Cheese Mix, Brioche Bun, 1x Cutleries""","""American Breakfast Sandwiches,Cutleries""","""N/A""",DELIVERED,59000,5900000,0,0,0,0,0,0,8700,870000,-,50300,5030000,IDR,"September 30, 2026 07:16:48AM","September 30, 2026 07:55:12AM",2,2,delivery,Other,Other,-,8700,870000,0,0,0,0,-,-,0,0,17 min 55 sec
78724099,001404557182-C8JHEXWJPFBUNX,GF-024,GrabFood,,"""American Breakfast Club""",Greenville,"""1x Sandwich - 2 Scrambled Eggs, Mock Chicken, Cheddar Cheese Mix, Brioche Bun""","""American Breakfast Sandwiches""","""N/A""",DELIVERED,58000,5800000,0,0,0,0,0,0,11700,1170000,-,46300,4630000,IDR,"September 30, 2026 06:41:18AM","September 30, 2026 07:26:26AM",1,1,delivery,Other,Other,-,11700,1170000,0,0,0,0,-,-,0,0,12 min 47 sec
78723992,F-3374460072,9532,gofood,,"""Tyfel Coffee""",Greenville,"""1x Original Pancake, 1x Omelette Toast, 1x Tyfel Rice""","""Breakfast Pancakes,Brunch,Main Course""","""N/A""",DELIVERED,141000,14100000,0,0,0,0,4000,400000,63500,6350000,-,116425,11642500,IDR,"September 30, 2026 06:32:46AM","September 30, 2026 07:35:35AM",3,3,delivery,N/A,N/A,-,28575,2857500,34925,3492500,0,0,-,-,0,0,N/A
78723969,F-3374459593,5732,gofood,,"""American Breakfast Club""",Greenville,"""1x Cheese Omelette - Side Tater Tots, 1x Mushroom Omelette - Mushrooms, Spinach, Side Tater Tots""","""American Breakfast Omelettes""","""N/A""",DELIVERED,100800,10080000,0,0,0,0,4000,400000,40300,4030000,-,91165,9116500,IDR,"September 30, 2026 06:30:43AM","September 30, 2026 06:56:52AM",2,2,delivery,N/A,N/A,-,13635,1363500,26665,2666500,0,0,-,-,0,0,N/A
78707553,00194198761-C8JGUBX3AJXWRE,GF-968,GrabFood,,"""American Breakfast Club""",Greenville,"""1x Cheese Omelette - Side Tater Tots""","""American Breakfast Omelettes""","""N/A""",DELIVERED,58000,5800000,0,0,0,0,0,0,11700,1170000,-,46300,4630000,IDR,"September 29, 2026 08:31:51PM","September 29, 2026 09:01:22PM",1,1,delivery,Other,Other,-,11700,1170000,0,0,0,0,-,-,0,0,10 min 30 sec
78700041,0012089994-C8JGTUXAPAECVX,GF-150,GrabFood,,"""People Pasta""",Greenville,"""1x Creamy Mushroom - Vegetarian - Plantbased""","""Signature Pasta""","""1x Spaghetti""",DELIVERED,43000,4300000,0,0,0,0,0,0,0,0,-,43000,4300000,IDR,"September 29, 2026 07:24:52PM","September 29, 2026 08:06:38PM",1,1,delivery,Other,Other,-,0,0,0,0,0,0,-,-,0,0,6 min 49 sec
78689698,001033393137-C8JGR8EUVCJUDE,GF-326,GrabFood,,"""Tyfel Coffee""",Greenville,"""1x Tyfel Burritos - Vegan, 1x Potato Nugget - Truffle Vegan Plantbased""","""Lite Bites""","""N/A""",DELIVERED,83000,8300000,0,0,0,0,0,0,33544,3354400,-,49456,4945600,IDR,"September 29, 2026 06:01:04PM","September 29, 2026 07:04:44PM",2,2,delivery,Other,Other,-,33544,3354400,0,0,0,0,-,-,0,0,N/A
78689408,001347485688-C8JGSFDXKEXGTE,GF-428,GrabFood,,"""People Pasta""",Greenville,"""1x Creamy Mushroom - Vegetarian - Plantbased""","""Signature Pasta""","""1x Spaghetti""",DELIVERED,43000,4300000,0,0,0,0,0,0,9030,903000,-,33970,3397000,IDR,"September 29, 2026 05:58:04PM","September 29, 2026 06:22:23PM",1,1,delivery,Other,Other,-,9030,903000,0,0,0,0,-,-,0,0,6 min 34 sec
78673756,F-3373862302,8213,gofood,,"""Tyfel Coffee""",Kemang,"""1x Mock Katsu Sandwich""","""Breakfast Sandwiches""","""N/A""",DELIVERED,58000,5800000,0,0,0,0,4000,400000,10000,1000000,-,62000,6200000,IDR,"September 29, 2026 03:08:37PM","September 29, 2026 03:51:09PM",1,1,delivery,N/A,N/A,-,0,0,10000,1000000,0,0,-,-,0,0,N/A
78672455,001912508639-C8JGN65HLGMVGX,GF-838,GrabFood,,"""LA Breakfast Club""",Greenville,"""1x Mushroom Omelette - Mushrooms, Spinach, Side of Tater Tots""","""LA Breakfast Omelettes""","""N/A""",DELIVERED,82000,8200000,0,0,0,0,0,0,23500,2350000,-,58500,5850000,IDR,"September 29, 2026 02:51:46PM","September 29, 2026 03:14:59PM",1,1,delivery,Other,Other,-,23500,2350000,0,0,0,0,-,-,0,0,N/A
78671377,00119143294-C8JGN65CT25ZJ6,GF-838,GrabFood,,"""Herbox""",Greenville,"""1x Teriyaki Vegan Vegetarian Ricebox""","""Ricebox""","""N/A""",DELIVERED,39000,3900000,0,0,0,0,0,0,9800,980000,-,29200,2920000,IDR,"September 29, 2026 02:36:12PM","September 29, 2026 03:05:13PM",1,1,delivery,Other,Other,-,9800,980000,0,0,0,0,-,-,0,0,7 min 43 sec
78671283,0016908431-C8JGN6XXGT4CTE,GF-264,GrabFood,,"""American Breakfast Club""",Kemang,"""1x Burrito - 2 Scrambled Eggs, Cheddar, Avocado, Tater Tots""","""American Breakfast Burritos""","""1x Mineral Water""",DELIVERED,68000,6800000,0,0,0,0,0,0,11600,1160000,-,56400,5640000,IDR,"September 29, 2026 02:35:06PM","September 29, 2026 03:02:24PM",1,1,delivery,Other,Other,-,11600,1160000,0,0,0,0,-,-,0,0,N/A
78668889,001892482571-C8JGNXU1AFUWRJ,GF-126,GrabFood,,"""American Breakfast Club""",Kemang,"""1x Burrito - Mock Beef, 2 Scrambled Eggs, Cheddar, Avocado, Tater Tots,""","""American Breakfast Burritos""","""N/A""",DELIVERED,68000,6800000,0,0,0,0,0,0,20400,2040000,-,47600,4760000,IDR,"September 29, 2026 02:00:48PM","September 29, 2026 02:16:51PM",1,1,delivery,Other,Other,-,20400,2040000,0,0,0,0,-,-,0,0,N/A
78667310,0017436205-C8JGNRJZUFM1UE,GF-749,GrabFood,,"""People Pasta""",Greenville,"""1x Chicken Nugget - Vegan, 1x Truffle Tatter Tots, 1x Bolognese - Vegan Friendly - Vegetarian - Plantbase""","""Signature Pasta""","""1x Spaghetti""",DELIVERED,110000,11000000,0,0,0,0,0,0,23100,2310000,-,86900,8690000,IDR,"September 29, 2026 01:38:47PM","September 29, 2026 02:30:00PM",3,3,delivery,Other,Other,-,23100,2310000,0,0,0,0,-,-,0,0,N/A
78667155,F-3373757901,2589,gofood,,"""People Pasta""",Greenville,"""1x Cacio e Pepe - Vegetarian - Plantbased, 1x Creamy Mushroom - Vegetarian - Plantbased""","""Signature Pasta""","""1x Fusili, 2x Hygine Cutleries, 1x Fettucine""",DELIVERED,91000,9100000,0,0,0,0,4000,400000,43000,4300000,-,76550,7655000,IDR,"September 29, 2026 01:29:01PM","September 29, 2026 02:25:40PM",2,2,delivery,N/A,N/A,-,18450,1845000,24550,2455000,0,0,-,-,0,0,N/A
78667099,001918168186-C8JGNP3TRN5GJ2,GF-703,GrabFood,,"""American Breakfast Club""",Kemang,"""1x Burrito - Mock Beef, 2 Scrambled Eggs, Cheddar, Avocado, Tater Tots,, 1x Burrito - Mock Chicken, 2 Scrambled Eggs, Cheddar, Avocado, Tater Tots""","""American Breakfast Burritos""","""N/A""",DELIVERED,136000,13600000,0,0,0,0,0,0,0,0,-,136000,13600000,IDR,"September 29, 2026 01:35:45PM","September 29, 2026 02:04:53PM",2,2,delivery,Other,Other,-,0,0,0,0,0,0,-,-,0,0,N/A
78656995,F-3373606363,5866,gofood,,"""American Breakfast Club""",Kemang,"""1x Burrito - Mock Beef, 2 Scrambled Eggs, Cheddar, Avocado, Tater Tots,""","""American Breakfast Burritos""","""N/A""",DELIVERED,68000,6800000,0,0,0,0,4000,400000,30400,3040000,-,62820,6282000,IDR,"September 29, 2026 11:38:50AM","September 29, 2026 12:03:46PM",1,1,delivery,N/A,N/A,-,9180,918000,21220,2122000,0,0,-,-,0,0,N/A
78656301,F-3373595125,9167,gofood,,"""American Breakfast Club""",Kemang,"""1x Burrito - 2 Scrambled Eggs, Cheddar, Avocado, Tater Tots""","""American Breakfast Burritos""","""N/A""",DELIVERED,58000,5800000,0,0,0,0,4000,400000,10000,1000000,-,62000,6200000,IDR,"September 29, 2026 11:31:39AM","September 29, 2026 12:00:37PM",1,1,delivery,N/A,N/A,-,0,0,10000,1000000,0,0,-,-,0,0,N/A
78655403,001786745414-C8JGLY6ZGTDTAA,GF-343,GrabFood,,"""American Breakfast Club""",Greenville,"""1x Cheese Omelette - Side Tater Tots""","""American Breakfast Omelettes""","""N/A""",DELIVERED,58000,5800000,0,0,0,0,0,0,11700,1170000,-,46300,4630000,IDR,"September 29, 2026 11:23:26AM","September 29, 2026 11:49:59AM",1,1,delivery,Other,Other,-,11700,1170000,0,0,0,0,-,-,0,0,N/A
78649995,F-3373501152,2212,gofood,,"""American Breakfast Club""",Kemang,"""1x Cheese Omelette - Side Tater Tots""","""American Breakfast Omelettes""","""N/A""",DELIVERED,58000,5800000,0,0,0,0,4000,400000,10000,1000000,-,62000,6200000,IDR,"September 29, 2026 10:27:09AM","September 29, 2026 10:46:06AM",1,1,delivery,N/A,N/A,-,0,0,10000,1000000,0,0,-,-,0,0,N/A
78649568,F-3373493690,1287,gofood,,"""American Breakfast Club""",Kemang,"""1x Burrito - 2 Scrambled Eggs, Cheddar, Avocado, Tater Tots, 1x Water (Bottle)""","""American Breakfast Burritos,Drinks""","""1x Mineral Water, 1x Tatter Tots""",DELIVERED,113000,11300000,0,0,0,0,4000,400000,60900,6090000,-,94095,9409500,IDR,"September 29, 2026 10:21:05AM","September 29, 2026 10:47:08AM",2,2,delivery,N/A,N/A,-,22905,2290500,37995,3799500,0,0,-,-,0,0,N/A
78648698,00136708941-C8JGLFB2JXKJCE,GF-708,GrabFood,,"""American Breakfast Club""",Kemang,"""1x Burrito - Mock Beef, 2 Scrambled Eggs, Cheddar, Avocado, Tater Tots,""","""American Breakfast Burritos""","""N/A""",DELIVERED,68000,6800000,0,0,0,0,0,0,0,0,-,68000,6800000,IDR,"September 29, 2026 10:10:48AM","September 29, 2026 10:40:58AM",1,1,delivery,Other,Other,-,0,0,0,0,0,0,-,-,0,0,N/A
78648480,001621906013-C8JGLEV3T8DTJE,GF-684,GrabFood,,"""Herbox""",Greenville,"""1x Pesmol Vegan Vegetarian Ricebox, 1x Vegan Chickin Nugget, 1x Lada Hitam Blackpepper Vegan Vegetarian Ricebox""","""Ricebox,Sides""","""1x Tattertots, 1x Sendok, Garpu, Tissue, Tusuk Gigi""",DELIVERED,144500,14450000,0,0,0,0,0,0,18600,1860000,-,125900,12590000,IDR,"September 29, 2026 10:07:50AM","September 29, 2026 11:21:59AM",3,3,delivery,Other,Other,-,18600,1860000,0,0,0,0,-,-,0,0,21 min 45 sec
78647759,00159057398-C8JGLBT3KAM1G2,GF-617,GrabFood,,"""American Breakfast Club""",Kemang,"""1x Burrito - Mock Fish, 2 Scrambled Eggs, Cheddar, Avocado, Tater Tots,""","""American Breakfast Burritos""","""N/A""",DELIVERED,68000,6800000,0,0,0,0,0,0,13600,1360000,-,54400,5440000,IDR,"September 29, 2026 09:57:09AM","September 29, 2026 10:36:23AM",1,1,delivery,Other,Other,-,13600,1360000,0,0,0,0,-,-,0,0,N/A
78647431,0011317839-C8JGLAVHLCMHTN,GF-233,GrabFood,,"""American Breakfast Club""",Kemang,"""1x Burrito - Mock Chicken, 2 Scrambled Eggs, Cheddar, Avocado, Tater Tots""","""American Breakfast Burritos""","""N/A""",DELIVERED,68000,6800000,0,0,0,0,0,0,0,0,-,68000,6800000,IDR,"September 29, 2026 09:50:57AM","September 29, 2026 10:44:10AM",1,1,delivery,Other,Other,-,0,0,0,0,0,0,-,-,0,0,N/A
78646816,00159683590-C8JGKFLAGB2ASE,GF-389,GrabFood,,"""American Breakfast Club""",Kemang,"""1x Mushroom Omelette - Mushrooms, Spinach, Side Tater Tots, 1x Water (Bottle)""","""American Breakfast Omelettes,Drinks""","""1x Cutleries""",DELIVERED,83600,8360000,0,0,0,0,0,0,13600,1360000,-,70000,7000000,IDR,"September 29, 2026 09:39:11AM","September 29, 2026 10:05:16AM",2,2,delivery,Other,Other,-,13600,1360000,0,0,0,0,-,-,0,0,N/A
78646581,001036041882-C8JGKEVXHAAFCN,GF-089,GrabFood,,"""American Breakfast Club""",Kemang,"""1x Burrito - Mock Chicken, 2 Scrambled Eggs, Cheddar, Avocado, Tater Tots""","""American Breakfast Burritos""","""N/A""",DELIVERED,68000,6800000,0,0,0,0,0,0,0,0,-,68000,6800000,IDR,"September 29, 2026 09:34:24AM","September 29, 2026 10:19:59AM",1,1,delivery,Other,Other,-,0,0,0,0,0,0,-,-,0,0,N/A
78646429,001285981-C8JGKEDAEU6ZGJ,GF-720,GrabFood,,"""American Breakfast Club""",Kemang,"""1x Mushroom Omelette - Mushrooms, Spinach, Side Tater Tots""","""American Breakfast Omelettes""","""N/A""",DELIVERED,68000,6800000,0,0,0,0,0,0,13600,1360000,-,54400,5440000,IDR,"September 29, 2026 09:31:10AM","September 29, 2026 10:01:50AM",1,1,delivery,Other,Other,-,13600,1360000,0,0,0,0,-,-,0,0,N/A
78645996,F-3373437626,4546,gofood,,"""American Breakfast Club""",Greenville,"""1x Cheese Omelette - Side Tater Tots, 1x 2 Pancakes - Blueberries, Butter, Maple Syrup""","""American Breakfast Omelettes,American Breakfast Pancakes""","""1x Truffle Tater Tots""",DELIVERED,132800,13280000,0,0,0,0,4000,400000,0,0,-,136800,13680000,IDR,"September 29, 2026 09:21:21AM","September 29, 2026 10:09:53AM",2,2,delivery,N/A,N/A,-,0,0,0,0,0,0,-,-,0,0,N/A
78645480,001043647945-C8JGJ8AUVLD1MA,GF-165,GrabFood,,"""American Breakfast Club""",Kemang,"""1x Burrito - 2 Scrambled Eggs, Cheddar, Avocado, Tater Tots, 1x Burrito - Mock Chicken, 2 Scrambled Eggs, Cheddar, Avocado, Tater Tots""","""American Breakfast Burritos""","""1x Tatter Tots""",DELIVERED,156000,15600000,0,0,0,0,0,0,11600,1160000,-,144400,14440000,IDR,"September 29, 2026 09:10:22AM","September 29, 2026 10:04:36AM",2,2,delivery,Other,Other,-,11600,1160000,0,0,0,0,-,-,0,0,N/A
78645189,F-3373411850,7929,gofood,,"""American Breakfast Club""",Greenville,"""3x Cheese Omelette - Side Tater Tots, 1x 2 Pancakes - Blueberries, Butter, Maple Syrup""","""American Breakfast Omelettes,American Breakfast Pancakes""","""N/A""",DELIVERED,185600,18560000,0,0,0,0,4000,400000,85600,8560000,-,151980,15198000,IDR,"September 29, 2026 08:44:11AM","September 29, 2026 09:17:43AM",4,2,delivery,N/A,N/A,-,37620,3762000,47980,4798000,0,0,-,-,0,0,N/A
78645103,00138284538-C8JGJ6VWFEXTFE,GF-660,GrabFood,,"""American Breakfast Club""",Greenville,"""1x Mushroom Omelette - Mushrooms, Spinach, Side Tater Tots""","""American Breakfast Omelettes""","""N/A""",DELIVERED,68000,6800000,0,0,0,0,0,0,10200,1020000,-,57800,5780000,IDR,"September 29, 2026 09:01:05AM","September 29, 2026 09:32:06AM",1,1,delivery,Other,Other,-,10200,1020000,0,0,0,0,-,-,0,0,7 min 41 sec
78644703,0011734837-C8JGJ3NCNA5UG2,GF-895,GrabFood,,"""American Breakfast Club""",Kemang,"""1x Burrito - Mock Fish, 2 Scrambled Eggs, Cheddar, Avocado, Tater Tots,""","""American Breakfast Burritos""","""1x Cutleries""",DELIVERED,68600,6860000,0,0,0,0,0,0,13600,1360000,-,55000,5500000,IDR,"September 29, 2026 08:49:54AM","September 29, 2026 09:19:07AM",1,1,delivery,Other,Other,-,13600,1360000,0,0,0,0,-,-,0,0,N/A
78644581,001216930109-C8JGJ23UNFBGTX,GF-305,GrabFood,,"""American Breakfast Club""",Greenville,"""1x Sandwich - 2 Scrambled Eggs, Mock Chicken, Cheddar Cheese Mix, Brioche Bun""","""American Breakfast Sandwiches""","""N/A""",DELIVERED,58000,5800000,0,0,0,0,0,0,8700,870000,-,49300,4930000,IDR,"September 29, 2026 08:45:42AM","September 29, 2026 09:24:54AM",1,1,delivery,Other,Other,-,8700,870000,0,0,0,0,-,-,0,0,N/A
78644137,F-3373403839,4257,gofood,,"""American Breakfast Club""",Kemang,"""2x Burrito - 2 Scrambled Eggs, Cheddar, Avocado, Tater Tots""","""American Breakfast Burritos""","""2x Tatter Tots""",DELIVERED,176000,17600000,0,0,0,0,4000,400000,0,0,-,180000,18000000,IDR,"September 29, 2026 08:30:13AM","September 29, 2026 09:07:26AM",2,1,delivery,N/A,N/A,-,0,0,0,0,0,0,-,-,0,0,N/A
78644012,0014241394-C8JGJXNTVLC3LJ,GF-853,GrabFood,,"""American Breakfast Club""",Greenville,"""1x Sandwich - 2 Scrambled Eggs Mock Beef, Cheddar Cheese  on a wavy brioche bun""","""American Breakfast Sandwiches""","""N/A""",DELIVERED,58000,5800000,0,0,0,0,0,0,11700,1170000,-,46300,4630000,IDR,"September 29, 2026 08:26:41AM","September 29, 2026 08:55:46AM",1,1,delivery,Other,Other,-,11700,1170000,0,0,0,0,-,-,0,0,9 min 17 sec
78643682,0016007024-C8JGJUA1AJLBCX,GF-934,GrabFood,,"""American Breakfast Club""",Greenville,"""1x Cheese Omelette - Side Tater Tots""","""American Breakfast Omelettes""","""N/A""",DELIVERED,58000,5800000,0,0,0,0,0,0,8700,870000,-,49300,4930000,IDR,"September 29, 2026 08:13:47AM","September 29, 2026 08:45:25AM",1,1,delivery,Other,Other,-,8700,870000,0,0,0,0,-,-,0,0,N/A
78643646,00130070889-C8JGJT4AJNLJAJ,GF-948,GrabFood,,"""American Breakfast Club""",Greenville,"""1x Mushroom Omelette - Mushrooms, Spinach, Side Tater Tots, 1x Cutleries""","""American Breakfast Omelettes,Cutleries""","""1x Cutleries""",DELIVERED,70500,7050000,0,0,0,0,0,0,10200,1020000,-,60300,6030000,IDR,"September 29, 2026 08:12:33AM","September 29, 2026 08:48:48AM",2,2,delivery,Other,Other,-,10200,1020000,0,0,0,0,-,-,0,0,N/A
78643441,0016745718-C8JGJREFCXVBME,GF-245,GrabFood,,"""American Breakfast Club""",Kemang,"""1x Burrito - Mock Chicken, 2 Scrambled Eggs, Cheddar, Avocado, Tater Tots""","""American Breakfast Burritos""","""N/A""",DELIVERED,68000,6800000,0,0,0,0,0,0,0,0,-,68000,6800000,IDR,"September 29, 2026 08:04:56AM","September 29, 2026 08:43:49AM",1,1,delivery,Other,Other,-,0,0,0,0,0,0,-,-,0,0,N/A
78643086,F-3373378608,6427,gofood,,"""American Breakfast Club""",Kemang,"""1x Burrito - 2 Scrambled Eggs, Cheddar, Avocado, Tater Tots""","""American Breakfast Burritos""","""1x Tatter Tots""",DELIVERED,88000,8800000,0,0,0,0,4000,400000,39600,3960000,-,74180,7418000,IDR,"September 29, 2026 07:37:10AM","September 29, 2026 08:36:26AM",1,1,delivery,N/A,N/A,-,17820,1782000,21780,2178000,0,0,-,-,0,0,N/A
78643046,001260649985-C8JGJLBJCBWJUA,GF-599,GrabFood,,"""American Breakfast Club""",Kemang,"""1x Cheese Omelette - Side Tater Tots, 1x Sandwich - 2 Scrambled Eggs melty cheddar cheese on a wavy brioche bun""","""American Breakfast Omelettes,American Breakfast Sandwiches""","""N/A""",DELIVERED,103000,10300000,0,0,0,0,0,0,20600,2060000,-,82400,8240000,IDR,"September 29, 2026 07:47:17AM","September 29, 2026 08:49:37AM",2,2,delivery,Other,Other,-,20600,2060000,0,0,0,0,-,-,0,0,N/A
78642903,F-3373379564,4378,gofood,,"""American Breakfast Club""",Kemang,"""2x Burrito - 2 Scrambled Eggs, Cheddar, Avocado, Tater Tots, 1x Sandwich - 2 Scrambled Eggs melty cheddar cheese on a wavy brioche bun""","""American Breakfast Burritos,American Breakfast Sandwiches""","""N/A""",DELIVERED,161000,16100000,0,0,0,0,4000,400000,72500,7250000,-,132375,13237500,IDR,"September 29, 2026 07:39:44AM","September 29, 2026 08:18:37AM",3,2,delivery,N/A,N/A,-,32625,3262500,39875,3987500,0,0,-,-,0,0,N/A
78642873,0014879240-C8JGJJXUGAX3JX,GF-842,GrabFood,,"""American Breakfast Club""",Kemang,"""1x Burrito - 2 Scrambled Eggs, Cheddar, Avocado, Tater Tots""","""American Breakfast Burritos""","""1x Cutleries""",DELIVERED,58600,5860000,0,0,0,0,0,0,11600,1160000,-,47000,4700000,IDR,"September 29, 2026 07:38:23AM","September 29, 2026 08:42:20AM",1,1,delivery,Other,Other,-,11600,1160000,0,0,0,0,-,-,0,0,N/A
78642815,0010199980-C8JGJJJDN4MEV6,GF-343,GrabFood,,"""American Breakfast Club""",Kemang,"""2x Sandwich - 2 Scrambled Eggs Mock Beef, Cheddar Cheese  on a wavy brioche bun""","""American Breakfast Sandwiches""","""N/A""",DELIVERED,116000,11600000,0,0,0,0,0,0,23200,2320000,-,92800,9280000,IDR,"September 29, 2026 07:35:13AM","September 29, 2026 08:30:38AM",2,1,delivery,Other,Other,-,23200,2320000,0,0,0,0,-,-,0,0,N/A
78642643,F-3373374927,1883,gofood,,"""American Breakfast Club""",Kemang,"""1x Sandwich - 2 Scrambled Eggs, Mock Fish, Cheddar Cheese, Mix, Brioche Bun, 1x Cheese Omelette - Side Tater Tots""","""American Breakfast Omelettes,American Breakfast Sandwiches""","""1x Mineral Water""",DELIVERED,126000,12600000,0,0,0,0,4000,400000,56700,5670000,-,104485,10448500,IDR,"September 29, 2026 07:27:19AM","September 29, 2026 08:12:19AM",2,2,delivery,N/A,N/A,-,25515,2551500,31185,3118500,0,0,-,-,0,0,N/A
78642048,F-3373364504,4457,gofood,,"""LA Breakfast Club""",Greenville,"""1x Mushroom Omelette - Mushrooms, Spinach, Side of Tater Tots""","""LA Breakfast Omelettes""","""N/A""",DELIVERED,82000,8200000,0,0,0,0,0,0,0,0,-,82000,8200000,IDR,"September 29, 2026 06:55:48AM","September 29, 2026 07:35:12AM",1,1,delivery,N/A,N/A,-,0,0,0,0,0,0,-,-,0,0,1 min 8 sec
78612683,F-3373030465,1136,gofood,,"""American Breakfast Club""",Greenville,"""1x Cheese Omelette - Side Tater Tots, 1x 2 Pancakes - Butter, Maple Syrup""","""American Breakfast Omelettes,American Breakfast Pancakes""","""N/A""",DELIVERED,84800,8480000,0,0,0,0,4000,400000,35500,3550000,-,77325,7732500,IDR,"September 28, 2026 06:38:44PM","September 28, 2026 07:05:31PM",2,2,delivery,N/A,N/A,-,11475,1147500,24025,2402500,0,0,-,-,0,0,N/A
78603713,00197520985-C8JFVCLHJTXDLE,GF-983,GrabFood,,"""People Pasta""",Greenville,"""1x Creamy Mushroom - Vegetarian - Plantbased""","""Signature Pasta""","""1x Fettucine""",DELIVERED,44000,4400000,0,0,0,0,0,0,0,0,-,44000,4400000,IDR,"September 28, 2026 05:22:37PM","September 28, 2026 06:14:51PM",1,1,delivery,Other,Other,-,0,0,0,0,0,0,-,-,0,0,21 min 49 sec
78601877,00106247473-C8JFUGJYNXLZPE,GF-536,GrabFood,,"""American Breakfast Club""",Greenville,"""1x 2 Pancakes - Blueberries, Butter, Maple Syrup""","""American Breakfast Pancakes""","""1x Cutleries""",DELIVERED,59500,5950000,0,0,0,0,0,0,8700,870000,-,50800,5080000,IDR,"September 28, 2026 05:05:27PM","September 28, 2026 05:39:18PM",1,1,delivery,Other,Other,-,8700,870000,0,0,0,0,-,-,0,0,12 min 17 sec
78598965,00131274530-C8JFUABKPEEUVE,GF-057,GrabFood,,"""Tyfel Coffee""",Greenville,"""1x Fettucini Mushroom""","""Main Course""","""N/A""",DELIVERED,50000,5000000,0,0,0,0,0,0,13000,1300000,-,37000,3700000,IDR,"September 28, 2026 04:36:44PM","September 28, 2026 05:05:11PM",1,1,delivery,Other,Other,-,13000,1300000,0,0,0,0,-,-,0,0,N/A
78588504,0015509821-C8JFTAXKE6UTG2,GF-782,GrabFood,,"""Herbox""",Greenville,"""1x Kung Paow Chick Vegan Vegetarian Ricebox""","""Ricebox""","""N/A""",DELIVERED,39000,3900000,0,0,0,0,0,0,10800,1080000,-,28200,2820000,IDR,"September 28, 2026 02:24:59PM","September 28, 2026 02:43:55PM",1,1,delivery,Other,Other,-,10800,1080000,0,0,0,0,-,-,0,0,4 min 33 sec
78584380,001841717041-C8JFR4BKN4CDJJ,GF-632,GrabFood,,"""American Breakfast Club""",Greenville,"""1x 2 Pancakes - Butter, Maple Syrup""","""American Breakfast Pancakes""","""1x Cutleries""",DELIVERED,49500,4950000,0,0,0,0,0,0,10200,1020000,-,39300,3930000,IDR,"September 28, 2026 01:27:20PM","September 28, 2026 02:07:44PM",1,1,delivery,Other,Other,-,10200,1020000,0,0,0,0,-,-,0,0,N/A
78575469,00120410273-C8JFRB5UCKUDTT,GF-960,GrabFood,,"""People Pasta""",Greenville,"""1x Vegan Chicken Crispy Burger, 1x Creamy Mushroom - Vegetarian - Plantbased""","""Meatless Burgers,Signature Pasta""","""1x Spaghetti""",DELIVERED,92000,9200000,0,0,0,0,0,0,19320,1932000,-,72680,7268000,IDR,"September 28, 2026 11:46:20AM","September 28, 2026 12:25:26PM",2,2,delivery,Other,Other,-,19320,1932000,0,0,0,0,-,-,0,0,12 min 30 sec
78574798,001238458609-C8JFRA5JCUJZVN,GF-388,GrabFood,,"""People Pasta""",Greenville,"""1x Creamy Mushroom - Vegetarian - Plantbased, 1x Meat-less Burger - Vegan""","""Signature Pasta,Meatless Burgers""","""1x Spaghetti""",DELIVERED,92000,9200000,0,0,0,0,0,0,22320,2232000,-,69680,6968000,IDR,"September 28, 2026 11:39:38AM","September 28, 2026 12:07:10PM",2,2,delivery,Other,Other,-,22320,2232000,0,0,0,0,-,-,0,0,N/A
78574339,00196393714-C8JFPGLTNP3CCT,GF-521,GrabFood,,"""Herbox""",Greenville,"""1x Nasi Goreng Bintang Kuning Vegan Vegetarian""","""Nasi Goreng Special""","""N/A""",DELIVERED,35000,3500000,0,0,3000,300000,0,0,17000,1700000,-,25000,2500000,IDR,"September 28, 2026 11:34:44AM","September 28, 2026 12:15:18PM",1,1,delivery,Cash,Cash,-,10000,1000000,7000,700000,0,0,-,-,0,0,18 min 28 sec
78573069,001575762070-C8JFPALGLPVGFE,GF-956,GrabFood,,"""Herbox""",Greenville,"""1x Beef Mentai Vegan Vegetarian Rice, 1x Hygiene Cutleries""","""Mentai Vegan,Extra""","""1x Sendok, Garpu, Tissue, Tusuk Gigi""",DELIVERED,62500,6250000,0,0,0,0,0,0,11800,1180000,-,50700,5070000,IDR,"September 28, 2026 11:21:54AM","September 28, 2026 12:15:25PM",2,2,delivery,Other,Other,-,11800,1180000,0,0,0,0,-,-,0,0,N/A
78569484,001462691814-C8JFN6LYAECUV6,GF-123,GrabFood,,"""American Breakfast Club""",Greenville,"""1x Cheese Omelette - Side Tater Tots""","""American Breakfast Omelettes""","""N/A""",DELIVERED,58000,5800000,0,0,0,0,0,0,11700,1170000,-,46300,4630000,IDR,"September 28, 2026 10:46:04AM","September 28, 2026 11:29:48AM",1,1,delivery,Other,Other,-,11700,1170000,0,0,0,0,-,-,0,0,N/A
78569449,001335046823-C8JFN6JZGB4FEJ,GF-115,GrabFood,,"""People Pasta""",Greenville,"""1x Truffle Fries, 1x Creamy Mushroom - Vegetarian - Plantbased""","""Signature Pasta""","""1x Spaghetti""",DELIVERED,73000,7300000,0,0,0,0,0,0,18330,1833000,-,54670,5467000,IDR,"September 28, 2026 10:45:28AM","September 28, 2026 11:09:11AM",2,2,delivery,Other,Other,-,18330,1833000,0,0,0,0,-,-,0,0,N/A
78568364,F-3372415581,8435,gofood,,"""American Breakfast Club""",Greenville,"""2x Cheese Omelette - Side Tater Tots""","""American Breakfast Omelettes""","""N/A""",DELIVERED,92800,9280000,0,0,0,0,4000,400000,0,0,-,96800,9680000,IDR,"September 28, 2026 10:31:34AM","September 28, 2026 11:02:14AM",2,1,delivery,N/A,N/A,-,0,0,0,0,0,0,-,-,0,0,N/A
78566727,001376739187-C8JFNXB2CK2AAE,GF-921,GrabFood,,"""American Breakfast Club""",Greenville,"""1x Sandwich - 2 Scrambled Eggs, Mock Fish, Cheddar Cheese, Mix, Brioche Bun, 1x Home Fries With Truffle Oil""","""American Breakfast Sandwiches,Sides""","""N/A""",DELIVERED,106000,10600000,0,0,0,0,0,0,18900,1890000,-,87100,8710000,IDR,"September 28, 2026 10:10:47AM","September 28, 2026 11:04:56AM",2,2,delivery,Other,Other,-,18900,1890000,0,0,0,0,-,-,0,0,9 min 28 sec
78565227,00155272438-C8JFNPLBVYDGET,GF-967,GrabFood,,"""American Breakfast Club""",Greenville,"""1x Mushroom Omelette - Mushrooms, Spinach, Side Tater Tots""","""American Breakfast Omelettes""","""1x Cutleries""",DELIVERED,69500,6950000,0,0,0,0,0,0,10200,1020000,-,59300,5930000,IDR,"September 28, 2026 09:45:51AM","September 28, 2026 10:05:08AM",1,1,delivery,Other,Other,-,10200,1020000,0,0,0,0,-,-,0,0,4 min 46 sec
78564823,001216900173-C8JFNNDUWA5CRN,GF-662,GrabFood,,"""American Breakfast Club""",Greenville,"""1x 2 Pancakes - Blueberries, Butter, Maple Syrup, 1x Sandwich - 2 Scrambled Eggs Mock Beef, Cheddar Cheese  on a wavy brioche bun""","""American Breakfast Pancakes,American Breakfast Sandwiches""","""N/A""",DELIVERED,116000,11600000,0,0,42000,4200000,0,0,51910,5191000,-,98600,9860000,IDR,"September 28, 2026 09:38:01AM","September 28, 2026 10:27:28AM",2,2,delivery,Cash,Cash,-,17400,1740000,34510,3451000,0,0,-,-,0,0,12 min 33 sec
78563250,F-3372333618,8316,gofood,,"""American Breakfast Club""",Greenville,"""1x Cheese Omelette - Side Tater Tots, 1x Tater Tots""","""American Breakfast Omelettes,Sides""","""N/A""",DELIVERED,68800,6880000,0,0,0,0,4000,400000,0,0,-,72800,7280000,IDR,"September 28, 2026 08:59:16AM","September 28, 2026 09:19:16AM",2,2,delivery,N/A,N/A,-,0,0,0,0,0,0,-,-,0,0,N/A
78562542,00104189354-C8JFME4GCEWWGA,GF-278,GrabFood,,"""Herbox""",Greenville,"""1x Teriyaki Vegan Vegetarian Ricebox, 1x Lada Hitam Blackpepper Vegan Vegetarian Ricebox""","""Ricebox""","""2x Sendok, Garpu, Tissue, Tusuk Gigi""",DELIVERED,81000,8100000,0,0,0,0,0,0,15600,1560000,-,65400,6540000,IDR,"September 28, 2026 08:35:58AM","September 28, 2026 09:08:49AM",2,2,delivery,Other,Other,-,15600,1560000,0,0,0,0,-,-,0,0,N/A
78562079,F-3372307888,9391,gofood,,"""American Breakfast Club""",Greenville,"""1x 2 Pancakes - Blueberries, Butter, Maple Syrup, 2x Mushroom Omelette - Mushrooms, Spinach, Side Tater Tots""","""American Breakfast Omelettes,American Breakfast Pancakes""","""N/A""",DELIVERED,155200,15520000,0,0,0,0,4000,400000,71900,7190000,-,127745,12774500,IDR,"September 28, 2026 08:11:19AM","September 28, 2026 08:41:34AM",3,2,delivery,N/A,N/A,-,31455,3145500,40445,4044500,0,0,-,-,0,0,N/A
78561965,00102282113-C8JFMAJ3BFEJET,GF-478,GrabFood,,"""American Breakfast Club""",Greenville,"""1x Sandwich - 2 Scrambled Eggs Mock Beef, Cheddar Cheese  on a wavy brioche bun""","""American Breakfast Sandwiches""","""1x Cutleries, 1x Tatter Tots""",DELIVERED,89500,8950000,0,0,0,0,0,0,8700,870000,-,80800,8080000,IDR,"September 28, 2026 08:15:29AM","September 28, 2026 08:50:06AM",1,1,delivery,Other,Other,-,8700,870000,0,0,0,0,-,-,0,0,N/A
78561562,001570213444-C8JFL3EVE3AYME,GF-253,GrabFood,,"""LA Breakfast Club""",Greenville,"""1x Mushroom Omelette - Mushrooms, Spinach, Side of Tater Tots""","""LA Breakfast Omelettes""","""N/A""",DELIVERED,82000,8200000,0,0,0,0,0,0,23500,2350000,-,58500,5850000,IDR,"September 28, 2026 07:58:48AM","September 28, 2026 08:29:24AM",1,1,delivery,Other,Other,-,23500,2350000,0,0,0,0,-,-,0,0,10 min 5 sec
78561526,001764338892-C8JFL4NHTJN2VT,GF-629,GrabFood,,"""American Breakfast Club""",Greenville,"""1x Sandwich - 2 Scrambled Eggs melty cheddar cheese on a wavy brioche bun""","""American Breakfast Sandwiches""","""N/A""",DELIVERED,45000,4500000,0,0,0,0,0,0,9750,975000,-,35250,3525000,IDR,"September 28, 2026 07:56:39AM","September 28, 2026 08:22:34AM",1,1,delivery,Other,Other,-,9750,975000,0,0,0,0,-,-,0,0,12 min 27 sec
78561515,0012705975-C8JFL4MWRY3KGT,GF-072,GrabFood,,"""American Breakfast Club""",Greenville,"""1x Cheese Omelette - Side Tater Tots""","""American Breakfast Omelettes""","""N/A""",DELIVERED,58000,5800000,0,0,0,0,0,0,8700,870000,-,49300,4930000,IDR,"September 28, 2026 07:56:23AM","September 28, 2026 08:53:43AM",1,1,delivery,Other,Other,-,8700,870000,0,0,0,0,-,-,0,0,12 min 37 sec
78561386,F-3372298480,5257,gofood,,"""American Breakfast Club""",Greenville,"""2x Cheese Omelette - Side Tater Tots, 1x Tater Tots""","""American Breakfast Omelettes,Sides""","""N/A""",DELIVERED,115200,11520000,0,0,0,0,4000,400000,51900,5190000,-,95845,9584500,IDR,"September 28, 2026 07:49:09AM","September 28, 2026 08:30:27AM",3,2,delivery,N/A,N/A,-,23355,2335500,28545,2854500,0,0,-,-,0,0,N/A
78561052,001703511689-C8JFLYNFN4DHUA,GF-334,GrabFood,,"""LA Breakfast Club""",Greenville,"""1x Original Pancakes (2 Pcs), 1x Cheese Omelette - Side of Tater Tots""","""LA Breakfast Pancakes,LA Breakfast Omelettes""","""N/A""",DELIVERED,134000,13400000,0,0,0,0,0,0,33500,3350000,-,100500,10050000,IDR,"September 28, 2026 07:33:26AM","September 28, 2026 08:22:28AM",2,2,delivery,Other,Other,-,33500,3350000,0,0,0,0,-,-,0,0,N/A
78539833,00166718425-C8JFCREULJWGAX,GF-415,GrabFood,,"""American Breakfast Club""",Greenville,"""1x Mushroom Omelette - Mushrooms, Spinach, Side Tater Tots""","""American Breakfast Omelettes""","""N/A""",DELIVERED,68000,6800000,0,0,0,0,0,0,10200,1020000,-,57800,5780000,IDR,"September 27, 2026 07:58:21PM","September 27, 2026 08:17:58PM",1,1,delivery,Other,Other,-,10200,1020000,0,0,0,0,-,-,0,0,N/A
78518758,001965446526-C8JFATBWRUWBAA,GF-819,GrabFood,,"""American Breakfast Club""",Greenville,"""1x Home Fries, 1x Sandwich - 2 Scrambled Eggs melty cheddar cheese on a wavy brioche bun, 1x Coke (Can)""","""American Breakfast Sandwiches,Drinks,Sides""","""N/A""",DELIVERED,98000,9800000,0,0,0,0,0,0,14700,1470000,-,83300,8330000,IDR,"September 27, 2026 05:14:05PM","September 27, 2026 05:41:41PM",3,3,delivery,Other,Other,-,14700,1470000,0,0,0,0,-,-,0,0,11 min 41 sec
78504774,00116225202-C8JEVY6VC4ABAX,GF-238,GrabFood,,"""Herbox""",Greenville,"""1x Beef  wrap Vegan Herbox, 1x Tater tots, 1x Lauk size Regular Vegan Vegetarian""","""Lauk Only,Wrap Series,Sides""","""N/A""",DELIVERED,149000,14900000,0,0,0,0,0,0,11800,1180000,-,137200,13720000,IDR,"September 27, 2026 02:56:42PM","September 27, 2026 03:26:42PM",3,3,delivery,Other,Other,-,11800,1180000,0,0,0,0,-,-,0,0,N/A
78504205,00108275177-C8JEVYCHCBDXC6,GF-193,GrabFood,,"""American Breakfast Club""",Kemang,"""1x Burrito - Mock Beef, 2 Scrambled Eggs, Cheddar, Avocado, Tater Tots,, 1x Home Fries""","""Sides,American Breakfast Burritos""","""N/A""",DELIVERED,106000,10600000,0,0,0,0,0,0,20400,2040000,-,85600,8560000,IDR,"September 27, 2026 02:50:59PM","September 27, 2026 03:21:07PM",2,2,delivery,Other,Other,-,20400,2040000,0,0,0,0,-,-,0,0,N/A
78503953,0015751563-C8JEVX2AVU2UJ6,GF-219,GrabFood,,"""American Breakfast Club""",Kemang,"""1x Sandwich - 2 Scrambled Eggs, Mock Fish, Cheddar Cheese, Mix, Brioche Bun""","""American Breakfast Sandwiches""","""N/A""",DELIVERED,58000,5800000,0,0,0,0,0,0,11600,1160000,-,46400,4640000,IDR,"September 27, 2026 02:48:31PM","September 27, 2026 03:17:53PM",1,1,delivery,Other,Other,-,11600,1160000,0,0,0,0,-,-,0,0,N/A
78501610,001598104125-C8JEVRDHFFTBRX,GF-673,GrabFood,,"""American Breakfast Club""",Kemang,"""1x Burrito - Mock Beef, 2 Scrambled Eggs, Cheddar, Avocado, Tater Tots,""","""American Breakfast Burritos""","""N/A""",DELIVERED,68000,6800000,0,0,0,0,0,0,20400,2040000,-,47600,4760000,IDR,"September 27, 2026 02:24:39PM","September 27, 2026 02:51:44PM",1,1,delivery,Other,Other,-,20400,2040000,0,0,0,0,-,-,0,0,N/A
78498571,001694044359-C8JEVJLEUE4VJT,GF-584,GrabFood,,"""People Pasta""",Greenville,"""1x Creamy Mushroom - Vegetarian - Plantbased, 1x Cacio e Pepe - Vegetarian - Plantbased""","""Signature Pasta""","""2x Spaghetti""",DELIVERED,86000,8600000,0,0,0,0,0,0,30100,3010000,-,55900,5590000,IDR,"September 27, 2026 01:55:54PM","September 27, 2026 02:18:44PM",2,2,delivery,Other,Other,-,30100,3010000,0,0,0,0,-,-,0,0,N/A
78495736,001060450953-C8JEVBN1ERD1AA,GF-694,GrabFood,,"""American Breakfast Club""",Kemang,"""1x Burrito - 2 Scrambled Eggs, Cheddar, Avocado, Tater Tots""","""American Breakfast Burritos""","""N/A""",DELIVERED,58000,5800000,0,0,0,0,0,0,11600,1160000,-,46400,4640000,IDR,"September 27, 2026 01:30:08PM","September 27, 2026 01:57:02PM",1,1,delivery,Other,Other,-,11600,1160000,0,0,0,0,-,-,0,0,N/A
78495073,001470293832-C8JEVAVCGN5ECX,GF-994,GrabFood,,"""American Breakfast Club""",Greenville,"""1x Burrito - 2 Scrambled Eggs, Cheddar, Avocado, Tater Tots""","""American Breakfast Burritos""","""N/A""",DELIVERED,58000,5800000,0,0,0,0,0,0,8700,870000,-,49300,4930000,IDR,"September 27, 2026 01:24:11PM","September 27, 2026 03:31:56PM",1,1,delivery,Other,Other,-,8700,870000,0,0,0,0,-,-,0,0,8 min 35 sec
78492496,F-3371451142,6986,gofood,,"""American Breakfast Club""",Greenville,"""1x 2 Pancakes - Butter, Maple Syrup, 1x Mushroom Omelette - Mushrooms, Spinach, Side Tater Tots""","""American Breakfast Pancakes,American Breakfast Omelettes""","""N/A""",DELIVERED,92800,9280000,0,0,0,0,4000,400000,24000,2400000,-,96800,9680000,IDR,"September 27, 2026 01:00:43PM","September 27, 2026 01:45:53PM",2,2,delivery,N/A,N/A,-,0,0,24000,2400000,0,0,-,-,0,0,N/A
78487857,001007892885-C8JET3ABJ2UBAE,GF-998,GrabFood,,"""American Breakfast Club""",Kemang,"""1x Cheese Omelette - Side Tater Tots""","""American Breakfast Omelettes""","""1x Chick Nugget""",DELIVERED,93000,9300000,0,0,0,0,0,0,11600,1160000,-,81400,8140000,IDR,"September 27, 2026 12:20:11PM","September 27, 2026 01:38:44PM",1,1,delivery,Other,Other,-,11600,1160000,0,0,0,0,-,-,0,0,17 min 3 sec
78487686,001960965741-C8JET22HWFCACA,GF-258,GrabFood,,"""American Breakfast Club""",Kemang,"""1x Burrito - Mock Katsu, 2 Scrambled Eggs, Cheddar, Avocado, Tater Tots""","""American Breakfast Burritos""","""N/A""",DELIVERED,68000,6800000,0,0,0,0,0,0,0,0,-,68000,6800000,IDR,"September 27, 2026 12:18:38PM","September 27, 2026 12:48:39PM",1,1,delivery,Other,Other,-,0,0,0,0,0,0,-,-,0,0,18 min 37 sec
78487339,0016678985-C8JET2LEE8E2R2,GF-249,GrabFood,,"""American Breakfast Club""",Kemang,"""1x Mushroom Omelette - Mushrooms, Spinach, Side Tater Tots""","""American Breakfast Omelettes""","""N/A""",DELIVERED,68000,6800000,0,0,0,0,0,0,13600,1360000,-,54400,5440000,IDR,"September 27, 2026 12:15:54PM","September 27, 2026 12:40:42PM",1,1,delivery,Other,Other,-,13600,1360000,0,0,0,0,-,-,0,0,N/A
78483549,F-3371315103,4825,gofood,,"""American Breakfast Club""",Kemang,"""1x Sandwich - 2 Scrambled Eggs melty cheddar cheese on a wavy brioche bun, 1x Cheese Omelette - Side Tater Tots""","""American Breakfast Omelettes,American Breakfast Sandwiches""","""N/A""",DELIVERED,103000,10300000,0,0,0,0,4000,400000,56400,5640000,-,86120,8612000,IDR,"September 27, 2026 11:43:56AM","September 27, 2026 12:09:38PM",2,2,delivery,N/A,N/A,-,20880,2088000,35520,3552000,0,0,-,-,0,0,N/A
78482116,001450278315-C8JETPKBVRMVT2,GF-923,GrabFood,,"""People Pasta""",Greenville,"""1x Vegan Chicken Crispy Burger, 1x Cacio e Pepe - Vegetarian - Plantbased, 1x Bolognese - Vegan Friendly - Vegetarian - Plantbase""","""Meatless Burgers,Signature Pasta""","""2x Spaghetti""",DELIVERED,135000,13500000,0,0,0,0,0,0,38000,3800000,-,97000,9700000,IDR,"September 27, 2026 11:32:14AM","September 27, 2026 12:09:39PM",3,3,delivery,Other,Other,-,38000,3800000,0,0,0,0,-,-,0,0,12 min 51 sec
78480161,001341090390-C8JETKD2AEM3GT,GF-369,GrabFood,,"""American Breakfast Club""",Kemang,"""1x Burrito - Mock Beef, 2 Scrambled Eggs, Cheddar, Avocado, Tater Tots,""","""American Breakfast Burritos""","""N/A""",DELIVERED,68000,6800000,0,0,0,0,0,0,0,0,-,68000,6800000,IDR,"September 27, 2026 11:14:49AM","September 27, 2026 12:22:25PM",1,1,delivery,Other,Other,-,0,0,0,0,0,0,-,-,0,0,14 min 13 sec
78479721,F-3371254178,5256,gofood,,"""American Breakfast Club""",Kemang,"""1x Egg burger - 2 Scrambled Eggs, Cheddar Cheese, Secret Sauce, 1x Cheese Omelette - Side Tater Tots""","""American Breakfast Omelettes,American Breakfast Burger""","""N/A""",DELIVERED,103000,10300000,0,0,0,0,4000,400000,56400,5640000,-,86120,8612000,IDR,"September 27, 2026 11:10:01AM","September 27, 2026 11:28:58AM",2,2,delivery,N/A,N/A,-,20880,2088000,35520,3552000,0,0,-,-,0,0,N/A
78479577,001131374251-C8JETJM2ERBVGE,GF-450,GrabFood,,"""American Breakfast Club""",Greenville,"""1x Burrito - 2 Scrambled Eggs, Cheddar, Avocado, Tater Tots""","""American Breakfast Burritos""","""N/A""",DELIVERED,58000,5800000,0,0,0,0,0,0,8700,870000,-,49300,4930000,IDR,"September 27, 2026 11:09:50AM","September 27, 2026 12:03:28PM",1,1,delivery,Other,Other,-,8700,870000,0,0,0,0,-,-,0,0,8 min 55 sec
78479541,F-3371251581,7761,gofood,,"""American Breakfast Club""",Kemang,"""1x Egg burger - 2 Scrambled Eggs, Cheddar Cheese, Secret Sauce, 1x Tater Tots With Truffle Oil""","""American Breakfast Burger,Sides""","""N/A""",DELIVERED,83000,8300000,0,0,0,0,4000,400000,10000,1000000,-,87000,8700000,IDR,"September 27, 2026 11:08:33AM","September 27, 2026 11:42:04AM",2,2,delivery,N/A,N/A,-,0,0,10000,1000000,0,0,-,-,0,0,N/A
78479397,F-3371250858,7793,gofood,,"""American Breakfast Club""",Kemang,"""1x Egg burger - 2 Scrambled Eggs, Cheddar Cheese, Secret Sauce, 1x Tater Tots With Truffle Oil""","""American Breakfast Burger,Sides""","""N/A""",CANCELLED,83000,8300000,0,0,0,0,4000,400000,10000,1000000,-,87000,8700000,IDR,"September 27, 2026 11:08:07AM",,2,2,delivery,N/A,N/A,-,0,0,10000,1000000,0,0,N/A,N/A,0,0,N/A
78479379,001210467491-C8JETJAXVFVKFE,GF-861,GrabFood,,"""American Breakfast Club""",Greenville,"""1x 2 Pancakes - Blueberries, Butter, Maple Syrup, 1x Sandwich - 2 Scrambled Eggs Mock Beef, Cheddar Cheese  on a wavy brioche bun""","""American Breakfast Pancakes,American Breakfast Sandwiches""","""1x Cutleries""",DELIVERED,117500,11750000,0,0,0,0,0,0,17400,1740000,-,100100,10010000,IDR,"September 27, 2026 11:07:56AM","September 27, 2026 11:43:35AM",2,2,delivery,Other,Other,-,17400,1740000,0,0,0,0,-,-,0,0,N/A
78478974,001875799171-C8JETGB3NJEZFE,GF-079,GrabFood,,"""American Breakfast Club""",Greenville,"""1x 2 Pancakes - Chocolate Chips, Butter, Maple Syrup, 2x 2 Pancakes - Butter, Maple Syrup""","""American Breakfast Pancakes""","""N/A""",DELIVERED,154000,15400000,0,0,38000,3800000,0,0,23100,2310000,-,130900,13090000,IDR,"September 27, 2026 11:04:09AM","September 27, 2026 11:49:00AM",3,2,delivery,Cash,Cash,-,23100,2310000,0,0,0,0,-,-,0,0,14 min 32 sec
78478443,001123336409-C8JETFJFCXNZT2,GF-043,GrabFood,,"""American Breakfast Club""",Kemang,"""1x Burrito - Mock Chicken, 2 Scrambled Eggs, Cheddar, Avocado, Tater Tots""","""American Breakfast Burritos""","""1x Tatter Tots""",DELIVERED,98000,9800000,0,0,0,0,0,0,0,0,-,98000,9800000,IDR,"September 27, 2026 10:59:01AM","September 27, 2026 11:32:46AM",1,1,delivery,Other,Other,-,0,0,0,0,0,0,-,-,0,0,N/A
78478161,001341670661-C8JETE4BVPKAWE,GF-674,GrabFood,,"""American Breakfast Club""",Kemang,"""1x Mushroom Omelette - Mushrooms, Spinach, Side Tater Tots""","""American Breakfast Omelettes""","""N/A""",DELIVERED,68000,6800000,0,0,0,0,0,0,13600,1360000,-,54400,5440000,IDR,"September 27, 2026 10:55:53AM","September 27, 2026 11:41:02AM",1,1,delivery,Other,Other,-,13600,1360000,0,0,0,0,-,-,0,0,N/A
78477262,00134326101-C8JETCAWTTWTDE,GF-104,GrabFood,,"""Tyfel Coffee""",Greenville,"""1x Spicy Olio, 1x Tyfel Rice""","""Main Course""","""N/A""",DELIVERED,105000,10500000,0,0,0,0,0,0,21000,2100000,-,84000,8400000,IDR,"September 27, 2026 10:47:06AM",,2,2,delivery,Other,Other,-,21000,2100000,0,0,0,0,-,-,0,0,11 min 14 sec
78477259,00134326101-C8JETCAWTTWTDE,GF-521,GrabFood,,"""American Breakfast Club""",Greenville,"""1x Burrito - 2 Scrambled Eggs, Cheddar, Avocado, Tater Tots""","""American Breakfast Burritos""","""N/A""",DELIVERED,58000,5800000,0,0,0,0,0,0,8700,870000,-,49300,4930000,IDR,"September 27, 2026 10:47:06AM","September 27, 2026 11:35:17AM",1,1,delivery,Other,Other,-,8700,870000,0,0,0,0,-,-,0,0,11 min 18 sec
78475284,F-3371182668,1466,gofood,,"""American Breakfast Club""",Kemang,"""1x Cheese Omelette - Side Tater Tots, 1x Sandwich - 2 Scrambled Eggs, Mock Fish, Cheddar Cheese, Mix, Brioche Bun""","""American Breakfast Omelettes,American Breakfast Sandwiches""","""N/A""",DELIVERED,116000,11600000,0,0,0,0,4000,400000,62200,6220000,-,96510,9651000,IDR,"September 27, 2026 10:25:12AM","September 27, 2026 10:49:41AM",2,2,delivery,N/A,N/A,-,23490,2349000,38710,3871000,0,0,-,-,0,0,N/A
78473870,001028055675-C8JESBTHNZNBCA,GF-080,GrabFood,,"""American Breakfast Club""",Greenville,"""1x Burrito - 2 Scrambled Eggs, Cheddar, Avocado, Tater Tots, 1x Cutleries""","""American Breakfast Burritos,Cutleries""","""N/A""",DELIVERED,59000,5900000,0,0,0,0,0,0,11700,1170000,-,47300,4730000,IDR,"September 27, 2026 10:10:19AM","September 27, 2026 10:49:23AM",2,2,delivery,Other,Other,-,11700,1170000,0,0,0,0,-,-,0,0,N/A
78473303,0010924536-C8JESANXNVNKTE,GF-749,GrabFood,,"""Tyfel Coffee""",Greenville,"""1x Hydro Coco, 1x Quesadilla, 1x Tyfel Burritos - Vegan""","""Drinks,Lite Bites""","""N/A""",DELIVERED,100000,10000000,0,0,0,0,0,0,46700,4670000,-,53300,5330000,IDR,"September 27, 2026 10:03:53AM","September 27, 2026 10:29:59AM",3,3,delivery,Other,Other,-,46700,4670000,0,0,0,0,-,-,0,0,N/A
78472954,001480083082-C8JESAAFUE6TN6,GF-282,GrabFood,,"""American Breakfast Club""",Kemang,"""1x Burrito - Mock Beef, 2 Scrambled Eggs, Cheddar, Avocado, Tater Tots,""","""American Breakfast Burritos""","""1x Home Fries""",DELIVERED,98000,9800000,0,0,0,0,0,0,0,0,-,98000,9800000,IDR,"September 27, 2026 10:00:15AM","September 27, 2026 10:36:26AM",1,1,delivery,Other,Other,-,0,0,0,0,0,0,-,-,0,0,N/A
78472204,F-3371135720,4647,gofood,,"""Herbox""",Greenville,"""1x Paket 3 Rice Box Favorite (rica+lada hitam+kungpao)""","""Combo Hemat Vegan""","""N/A""",DELIVERED,93600,9360000,0,0,0,0,4000,400000,32800,3280000,-,82840,8284000,IDR,"September 27, 2026 09:48:48AM","September 27, 2026 10:25:22AM",1,1,delivery,N/A,N/A,-,14760,1476000,18040,1804000,0,0,-,-,0,0,N/A
78471938,F-3371118229,7287,gofood,,"""American Breakfast Club""",Greenville,"""1x Burrito - Mock Beef, 2 Scrambled Eggs, Cheddar, Avocado, Tater Tots,""","""American Breakfast Burritos""","""N/A""",DELIVERED,54400,5440000,0,0,0,0,4000,400000,12500,1250000,-,58400,5840000,IDR,"September 27, 2026 09:31:58AM","September 27, 2026 10:32:35AM",1,1,delivery,N/A,N/A,-,0,0,12500,1250000,0,0,-,-,0,0,N/A
78471800,0015496577-C8JER4NKAATXWA,GF-375,GrabFood,,"""American Breakfast Club""",Kemang,"""2x Burrito - 2 Scrambled Eggs, Cheddar, Avocado, Tater Tots, 1x Home Fries, 1x Mushroom Omelette - Mushrooms, Spinach, Side Tater Tots""","""Sides,American Breakfast Omelettes,American Breakfast Burritos""","""1x Chick Nugget, 1x Cutleries""",DELIVERED,257600,25760000,0,0,0,0,0,0,36800,3680000,-,220800,22080000,IDR,"September 27, 2026 09:43:24AM","September 27, 2026 10:36:36AM",4,4,delivery,Other,Other,-,36800,3680000,0,0,0,0,-,-,0,0,N/A
78469511,F-3371081093,2471,gofood,,"""American Breakfast Club""",Greenville,"""1x 2 Pancakes - Blueberries, Butter, Maple Syrup, 2x Cheese Omelette - Side Tater Tots""","""American Breakfast Omelettes,American Breakfast Pancakes""","""N/A""",DELIVERED,139200,13920000,0,0,0,0,4000,400000,64700,6470000,-,114985,11498500,IDR,"September 27, 2026 08:52:43AM","September 27, 2026 09:27:14AM",3,2,delivery,N/A,N/A,-,28215,2821500,36485,3648500,0,0,-,-,0,0,N/A
78469374,001941316051-C8JERUT3G653R6,GF-382,GrabFood,,"""American Breakfast Club""",Greenville,"""1x Burrito - Mock Chicken, 2 Scrambled Eggs, Cheddar, Avocado, Tater Tots""","""American Breakfast Burritos""","""N/A""",DELIVERED,68000,6800000,0,0,0,0,0,0,13200,1320000,-,54800,5480000,IDR,"September 27, 2026 09:03:49AM","September 27, 2026 09:36:13AM",1,1,delivery,Other,Other,-,13200,1320000,0,0,0,0,-,-,0,0,N/A
78468868,001388546503-C8JERTBDLRLDJ2,GF-116,GrabFood,,"""American Breakfast Club""",Kemang,"""1x Cheese Omelette - Side Tater Tots""","""American Breakfast Omelettes""","""1x Tatter Tots""",DELIVERED,88000,8800000,0,0,0,0,0,0,11600,1160000,-,76400,7640000,IDR,"September 27, 2026 08:53:55AM","September 27, 2026 09:53:34AM",1,1,delivery,Other,Other,-,11600,1160000,0,0,0,0,-,-,0,0,N/A
78468748,00198668635-C8JERRCJAFAZFE,GF-984,GrabFood,,"""American Breakfast Club""",Kemang,"""1x Mushroom Omelette - Mushrooms, Spinach, Side Tater Tots""","""American Breakfast Omelettes""","""N/A""",DELIVERED,68000,6800000,0,0,0,0,0,0,13600,1360000,-,54400,5440000,IDR,"September 27, 2026 08:50:57AM","September 27, 2026 09:56:00AM",1,1,delivery,Other,Other,-,13600,1360000,0,0,0,0,-,-,0,0,N/A
78468665,F-3371076644,5175,gofood,,"""American Breakfast Club""",Kemang,"""1x Sandwich - 2 Scrambled Eggs melty cheddar cheese on a wavy brioche bun""","""American Breakfast Sandwiches""","""N/A""",DELIVERED,45000,4500000,0,0,0,0,4000,400000,10000,1000000,-,49000,4900000,IDR,"September 27, 2026 08:46:52AM","September 27, 2026 09:10:43AM",1,1,delivery,N/A,N/A,-,0,0,10000,1000000,0,0,-,-,0,0,N/A
78468512,001743050474-C8JERPJCR8LEL6,GF-301,GrabFood,,"""American Breakfast Club""",Greenville,"""1x Burrito - Mock Chicken, 2 Scrambled Eggs, Cheddar, Avocado, Tater Tots""","""American Breakfast Burritos""","""N/A""",DELIVERED,68000,6800000,0,0,0,0,0,0,10200,1020000,-,57800,5780000,IDR,"September 27, 2026 08:45:12AM","September 27, 2026 09:07:40AM",1,1,delivery,Other,Other,-,10200,1020000,0,0,0,0,-,-,0,0,N/A
78468185,F-3371069399,4495,gofood,,"""American Breakfast Club""",Kemang,"""1x Burrito - 2 Scrambled Eggs, Cheddar, Avocado, Tater Tots, 1x Burrito - Mock Chicken, 2 Scrambled Eggs, Cheddar, Avocado, Tater Tots""","""American Breakfast Burritos""","""1x Home Fries""",DELIVERED,156000,15600000,0,0,0,0,4000,400000,70200,7020000,-,128410,12841000,IDR,"September 27, 2026 08:37:15AM","September 27, 2026 09:24:05AM",2,2,delivery,N/A,N/A,-,31590,3159000,38610,3861000,0,0,-,-,0,0,N/A
78468016,F-3371066252,2373,gofood,,"""LA Breakfast Club""",Greenville,"""1x Chocolate Chip Pancakes (2 Pcs), 1x Blueberry Pancakes (2 Pcs)""","""LA Breakfast Pancakes""","""N/A""",DELIVERED,148000,14800000,0,0,0,0,0,0,0,0,-,148000,14800000,IDR,"September 27, 2026 08:33:06AM","September 27, 2026 09:13:01AM",2,2,delivery,N/A,N/A,-,0,0,0,0,0,0,-,-,0,0,N/A
78467942,F-3371064907,2349,gofood,,"""American Breakfast Club""",Greenville,"""1x Burrito - Mock Fish, 2 Scrambled Eggs, Cheddar, Avocado, Tater Tots,""","""American Breakfast Burritos""","""N/A""",DELIVERED,54400,5440000,0,0,0,0,4000,400000,0,0,-,58400,5840000,IDR,"September 27, 2026 08:31:11AM","September 27, 2026 09:08:32AM",1,1,delivery,N/A,N/A,-,0,0,0,0,0,0,-,-,0,0,N/A
78467773,001653526185-C8JERKB3G7UAC2,GF-318,GrabFood,,"""American Breakfast Club""",Greenville,"""1x Burrito - Mock Chicken, 2 Scrambled Eggs, Cheddar, Avocado, Tater Tots""","""American Breakfast Burritos""","""N/A""",DELIVERED,68000,6800000,0,0,0,0,0,0,10200,1020000,-,57800,5780000,IDR,"September 27, 2026 08:27:29AM","September 27, 2026 09:07:02AM",1,1,delivery,Other,Other,-,10200,1020000,0,0,0,0,-,-,0,0,N/A
78467766,F-3371061756,5158,gofood,,"""American Breakfast Club""",Kemang,"""1x Sandwich - 2 Scrambled Eggs melty cheddar cheese on a wavy brioche bun""","""American Breakfast Sandwiches""","""N/A""",DELIVERED,45000,4500000,0,0,0,0,4000,400000,0,0,-,49000,4900000,IDR,"September 27, 2026 08:26:49AM","September 27, 2026 09:13:04AM",1,1,delivery,N/A,N/A,-,0,0,0,0,0,0,-,-,0,0,N/A
78467676,001709232843-C8JERJXJG8JJEJ,GF-491,GrabFood,,"""American Breakfast Club""",Kemang,"""1x Burrito - 2 Scrambled Eggs, Cheddar, Avocado, Tater Tots""","""American Breakfast Burritos""","""N/A""",DELIVERED,58000,5800000,0,0,0,0,0,0,11600,1160000,-,46400,4640000,IDR,"September 27, 2026 08:24:58AM","September 27, 2026 09:04:48AM",1,1,delivery,Other,Other,-,11600,1160000,0,0,0,0,-,-,0,0,N/A
78467497,001644333056-C8JERGM3VNXBLX,GF-715,GrabFood,,"""American Breakfast Club""",Kemang,"""1x Burrito - Mock Chicken, 2 Scrambled Eggs, Cheddar, Avocado, Tater Tots, 1x Sandwich - 2 Scrambled Eggs, Mock Chicken, Cheddar Cheese Mix, Brioche Bun, 1x Burrito - 2 Scrambled Eggs, Cheddar, Avocado, Tater Tots, 1x Sandwich - 2 Scrambled Eggs melty cheddar cheese on a wavy brioche bun, 2x Tater Tots""","""American Breakfast Burritos,American Breakfast Sandwiches,Sides""","""N/A""",DELIVERED,305000,30500000,0,0,0,0,0,0,32200,3220000,-,272800,27280000,IDR,"September 27, 2026 08:19:52AM","September 27, 2026 09:03:52AM",6,5,delivery,Other,Other,-,32200,3220000,0,0,0,0,-,-,0,0,N/A
78466786,00136311568-C8JERBWDT6JDJE,GF-925,GrabFood,,"""American Breakfast Club""",Greenville,"""1x Burrito - Mock Chicken, 2 Scrambled Eggs, Cheddar, Avocado, Tater Tots""","""American Breakfast Burritos""","""N/A""",DELIVERED,68000,6800000,0,0,0,0,0,0,10200,1020000,-,57800,5780000,IDR,"September 27, 2026 07:57:54AM","September 27, 2026 08:48:58AM",1,1,delivery,Other,Other,-,10200,1020000,0,0,0,0,-,-,0,0,N/A
78466493,F-3371036092,1518,gofood,,"""Tyfel Coffee""",Kemang,"""1x Breakfast Burrito""","""Breakfast Burritos""","""N/A""",DELIVERED,58000,5800000,0,0,0,0,4000,400000,0,0,-,62000,6200000,IDR,"September 27, 2026 07:47:20AM","September 27, 2026 08:17:47AM",1,1,delivery,N/A,N/A,-,0,0,0,0,0,0,-,-,0,0,N/A
78466419,0017493634-C8JEPGJYHEWTJE,GF-424,GrabFood,,"""American Breakfast Club""",Kemang,"""1x Mushroom Omelette - Mushrooms, Spinach, Side Tater Tots""","""American Breakfast Omelettes""","""1x Cutleries, 1x Mineral Water, 1x Truffle Tater Tots""",DELIVERED,118600,11860000,0,0,0,0,0,0,13600,1360000,-,105000,10500000,IDR,"September 27, 2026 07:45:27AM","September 27, 2026 08:29:48AM",1,1,delivery,Other,Other,-,13600,1360000,0,0,0,0,-,-,0,0,N/A
78466378,F-3371028118,6127,gofood,,"""American Breakfast Club""",Kemang,"""4x Original Egg burger - Patties, 2 Scrambled Eggs, Cheddar Cheese, Secret Sauce""","""American Breakfast Burger""","""N/A""",DELIVERED,232000,23200000,0,0,0,0,4000,400000,12500,1250000,-,236000,23600000,IDR,"September 27, 2026 07:32:50AM","September 27, 2026 08:27:47AM",4,1,delivery,N/A,N/A,-,0,0,12500,1250000,0,0,-,-,0,0,N/A
78466369,001720560803-C8JEPF6HEEBTJ2,GF-910,GrabFood,,"""American Breakfast Club""",Kemang,"""4x Burrito - 2 Scrambled Eggs, Cheddar, Avocado, Tater Tots, 1x Mushroom Omelette - Mushrooms, Spinach, Side Tater Tots""","""American Breakfast Burritos,American Breakfast Omelettes""","""N/A""",DELIVERED,300000,30000000,0,0,0,0,0,0,60000,6000000,-,240000,24000000,IDR,"September 27, 2026 07:43:17AM","September 27, 2026 08:56:03AM",5,2,delivery,Other,Other,-,60000,6000000,0,0,0,0,-,-,0,0,N/A
78466347,001332826477-C8JEPF23VTVJV6,GF-826,GrabFood,,"""American Breakfast Club""",Greenville,"""1x Burrito - 2 Scrambled Eggs, Cheddar, Avocado, Tater Tots""","""American Breakfast Burritos""","""N/A""",DELIVERED,58000,5800000,0,0,0,0,0,0,8700,870000,-,49300,4930000,IDR,"September 27, 2026 07:42:15AM","September 27, 2026 08:12:18AM",1,1,delivery,Other,Other,-,8700,870000,0,0,0,0,-,-,0,0,11 min 42 sec
78466115,001484741589-C8JEPEMKVBCGLE,GF-694,GrabFood,,"""American Breakfast Club""",Greenville,"""1x Burrito - 2 Scrambled Eggs, Cheddar, Avocado, Tater Tots, 1x 2 Pancakes - Blueberries, Butter, Maple Syrup""","""American Breakfast Burritos,American Breakfast Pancakes""","""N/A""",DELIVERED,116000,11600000,0,0,31000,3100000,0,0,64910,6491000,-,95600,9560000,IDR,"September 27, 2026 07:32:59AM","September 27, 2026 08:07:40AM",2,2,delivery,Cash,Cash,-,20400,2040000,44510,4451000,0,0,-,-,0,0,N/A
78465993,F-3371025508,6634,gofood,,"""American Breakfast Club""",Kemang,"""1x Egg burger - 2 Scrambled Eggs, Cheddar Cheese, Secret Sauce""","""American Breakfast Burger""","""1x Tatter Tots""",DELIVERED,75000,7500000,0,0,0,0,4000,400000,0,0,-,79000,7900000,IDR,"September 27, 2026 07:27:54AM","September 27, 2026 08:09:58AM",1,1,delivery,N/A,N/A,-,0,0,0,0,0,0,-,-,0,0,N/A
78465867,00106154192-C8JEPBNYTNCXGT,GF-691,GrabFood,,"""American Breakfast Club""",Greenville,"""1x Burrito - 2 Scrambled Eggs, Cheddar, Avocado, Tater Tots""","""American Breakfast Burritos""","""1x Cutleries""",DELIVERED,59500,5950000,0,0,0,0,0,0,8700,870000,-,50800,5080000,IDR,"September 27, 2026 07:23:27AM","September 27, 2026 07:51:38AM",1,1,delivery,Other,Other,-,8700,870000,0,0,0,0,-,-,0,0,14 min 26 sec
78465142,001911653709-C8JEN26UETEZV2,GF-627,GrabFood,,"""American Breakfast Club""",Greenville,"""1x Burrito - Mock Beef, 2 Scrambled Eggs, Cheddar, Avocado, Tater Tots,""","""American Breakfast Burritos""","""1x Tatter Tots""",DELIVERED,98000,9800000,0,0,0,0,0,0,10200,1020000,-,87800,8780000,IDR,"September 27, 2026 06:46:42AM","September 27, 2026 07:22:35AM",1,1,delivery,Other,Other,-,10200,1020000,0,0,0,0,-,-,0,0,19 min 6 sec
78465009,00148737329-C8JENZCACLKGSE,GF-474,GrabFood,,"""American Breakfast Club""",Greenville,"""1x Sandwich - 2 Scrambled Eggs melty cheddar cheese on a wavy brioche bun, 2x Sandwich - 2 Scrambled Eggs Mock Beef, Cheddar Cheese  on a wavy brioche bun""","""American Breakfast Sandwiches""","""N/A""",DELIVERED,161000,16100000,0,0,0,0,0,0,24150,2415000,-,136850,13685000,IDR,"September 27, 2026 06:37:47AM","September 27, 2026 07:02:15AM",3,2,delivery,Other,Other,-,24150,2415000,0,0,0,0,-,-,0,0,N/A
78464939,001904321944-C8JENYTVGVEFAA,GF-568,GrabFood,,"""Herbox""",Greenville,"""1x Original Burger Vegan, 1x Tater tots""","""Vegan Burger,Sides""","""N/A""",DELIVERED,89000,8900000,0,0,0,0,0,0,14800,1480000,-,74200,7420000,IDR,"September 27, 2026 06:33:42AM","September 27, 2026 06:57:03AM",2,2,delivery,Other,Other,-,14800,1480000,0,0,0,0,-,-,0,0,N/A
78464761,001506060041-C8JENVDKRXWJCX,GF-961,GrabFood,,"""Herbox""",Greenville,"""1x Original Burger Vegan, 1x Tater tots""","""Vegan Burger,Sides""","""N/A""",CANCELLED,89000,8900000,0,0,0,0,0,0,14800,1480000,-,74200,7420000,IDR,"September 27, 2026 06:21:19AM",,2,2,delivery,Other,Other,-,14800,1480000,0,0,0,0,RESTAURANT_CLOSED,provider,0,0,N/A
78443924,F-3370776449,1468,gofood,,"""People Pasta""",Greenville,"""1x Bolognese - Vegan Friendly - Vegetarian - Plantbase, 2x Vegan Chicken Crispy Burger, 1x Truffle Fries""","""Signature Pasta,Meatless Burgers,Side Dish""","""1x Spaghetti""",DELIVERED,171000,17100000,0,0,0,0,4000,400000,77000,7700000,-,140350,14035000,IDR,"September 26, 2026 08:11:58PM","September 26, 2026 08:47:16PM",4,3,delivery,N/A,N/A,-,34650,3465000,42350,4235000,0,0,-,-,0,0,N/A
78441956,F-3370737271,9732,gofood,,"""American Breakfast Club""",Greenville,"""1x Burrito - Mock Fish, 2 Scrambled Eggs, Cheddar, Avocado, Tater Tots,""","""American Breakfast Burritos""","""N/A""",DELIVERED,54400,5440000,0,0,0,0,4000,400000,12500,1250000,-,58400,5840000,IDR,"September 26, 2026 07:45:53PM","September 26, 2026 08:31:53PM",1,1,delivery,N/A,N/A,-,0,0,12500,1250000,0,0,-,-,0,0,3 min 14 sec
78439819,001121342425-C8JEE22GBE2JGA,GF-363,GrabFood,,"""American Breakfast Club""",Greenville,"""1x Sandwich - 2 Scrambled Eggs Mock Beef, Cheddar Cheese  on a wavy brioche bun""","""American Breakfast Sandwiches""","""N/A""",DELIVERED,58000,5800000,0,0,0,0,0,0,8700,870000,-,49300,4930000,IDR,"September 26, 2026 07:38:37PM","September 26, 2026 08:02:07PM",1,1,delivery,Other,Other,-,8700,870000,0,0,0,0,-,-,0,0,7 min 9 sec
78438348,F-3370681724,3136,gofood,,"""American Breakfast Club""",Greenville,"""1x Burrito - Mock Fish, 2 Scrambled Eggs, Cheddar, Avocado, Tater Tots,, 1x Burrito - Mock Chicken, 2 Scrambled Eggs, Cheddar, Avocado, Tater Tots""","""American Breakfast Burritos""","""1x Truffle Tater Tots""",DELIVERED,148800,14880000,0,0,0,0,4000,400000,67000,6700000,-,122650,12265000,IDR,"September 26, 2026 07:12:05PM","September 26, 2026 08:13:27PM",2,2,delivery,N/A,N/A,-,30150,3015000,36850,3685000,0,0,-,-,0,0,3 sec
78431449,001308555261-C8JEEJ23FEC1GJ,GF-346,GrabFood,,"""People Pasta""",Greenville,"""3x Tattert Tots""","""N/A""","""N/A""",DELIVERED,84000,8400000,0,0,0,0,0,0,31400,3140000,-,52600,5260000,IDR,"September 26, 2026 06:32:11PM","September 26, 2026 06:49:48PM",3,1,delivery,Other,Other,-,31400,3140000,0,0,0,0,-,-,0,0,N/A
78429098,001918644564-C8JEEEMDAFCAG2,GF-570,GrabFood,,"""People Pasta""",Greenville,"""2x Meat-less Burger - Vegan, 1x Home Fries""","""Meatless Burgers""","""1x Tattert Tots""",DELIVERED,151000,15100000,0,0,0,0,0,0,0,0,-,151000,15100000,IDR,"September 26, 2026 06:12:54PM","September 26, 2026 06:58:35PM",3,3,delivery,Other,Other,-,0,0,0,0,0,0,-,-,0,0,17 min 20 sec
78422284,001695430697-C8JEC7LXFAAKLX,GF-236,GrabFood,,"""American Breakfast Club""",Greenville,"""1x Sandwich - 2 Scrambled Eggs, Mock Chicken, Cheddar Cheese Mix, Brioche Bun, 1x Cheese Omelette - Side Tater Tots""","""American Breakfast Omelettes,American Breakfast Sandwiches""","""N/A""",DELIVERED,116000,11600000,0,0,0,0,0,0,17400,1740000,-,98600,9860000,IDR,"September 26, 2026 05:12:45PM","September 26, 2026 05:36:31PM",2,2,delivery,Other,Other,-,17400,1740000,0,0,0,0,-,-,0,0,11 min 48 sec
78420003,00199828979-C8JEC2UDAPT1CE,GF-066,GrabFood,,"""American Breakfast Club""",Greenville,"""1x 2 Pancakes - Chocolate Chips, Butter, Maple Syrup""","""American Breakfast Pancakes""","""N/A""",DELIVERED,58000,5800000,0,0,0,0,0,0,11700,1170000,-,46300,4630000,IDR,"September 26, 2026 04:50:33PM","September 26, 2026 05:45:20PM",1,1,delivery,Other,Other,-,11700,1170000,0,0,0,0,-,-,0,0,9 min 28 sec
78416201,00113494209-C8JECRDABA4BSA,GF-529,GrabFood,,"""Herbox""",Greenville,"""1x Nasi Goreng Bintang Kuning Vegan Vegetarian, 1x Lada Hitam Blackpepper Vegan Vegetarian Ricebox, 1x Kung Paow Chick Vegan Vegetarian Ricebox""","""Nasi Goreng Special,Ricebox""","""N/A""",DELIVERED,113000,11300000,0,0,0,0,0,0,22600,2260000,-,90400,9040000,IDR,"September 26, 2026 04:11:10PM","September 26, 2026 04:48:43PM",3,3,delivery,Other,Other,-,22600,2260000,0,0,0,0,-,-,0,0,N/A
78410497,00132926662-C8JEBGJXGU3DV6,GF-488,GrabFood,,"""American Breakfast Club""",Greenville,"""1x Burrito - Mock Chicken, 2 Scrambled Eggs, Cheddar, Avocado, Tater Tots""","""American Breakfast Burritos""","""1x Cutleries, 1x Truffle Tater Tots""",DELIVERED,109500,10950000,0,0,0,0,0,0,10200,1020000,-,99300,9930000,IDR,"September 26, 2026 03:05:27PM","September 26, 2026 03:36:46PM",1,1,delivery,Other,Other,-,10200,1020000,0,0,0,0,-,-,0,0,N/A
78399739,00125570760-C8JEANAJGVLHV2,GF-667,GrabFood,,"""American Breakfast Club""",Greenville,"""2x 2 Pancakes - Butter, Maple Syrup""","""American Breakfast Pancakes""","""N/A""",DELIVERED,96000,9600000,0,0,0,0,0,0,14400,1440000,-,81600,8160000,IDR,"September 26, 2026 01:10:19PM","September 26, 2026 02:08:05PM",2,1,delivery,Other,Other,-,14400,1440000,0,0,0,0,-,-,0,0,N/A
78398200,F-3370171547,2227,gofood,,"""American Breakfast Club""",Greenville,"""1x Burrito - 2 Scrambled Eggs, Cheddar, Avocado, Tater Tots""","""American Breakfast Burritos""","""1x Truffle Tater Tots""",DELIVERED,86400,8640000,0,0,0,0,4000,400000,10000,1000000,-,90400,9040000,IDR,"September 26, 2026 12:54:08PM","September 26, 2026 01:14:19PM",1,1,delivery,N/A,N/A,-,0,0,10000,1000000,0,0,-,-,0,0,N/A
78394913,F-3370119358,7967,gofood,,"""American Breakfast Club""",Kemang,"""1x Egg burger - 2 Scrambled Eggs, Cheddar Cheese, Secret Sauce""","""American Breakfast Burger""","""1x Home Fries""",DELIVERED,75000,7500000,0,0,0,0,4000,400000,0,0,-,79000,7900000,IDR,"September 26, 2026 12:21:50PM","September 26, 2026 12:47:26PM",1,1,delivery,N/A,N/A,-,0,0,0,0,0,0,-,-,0,0,N/A
78392142,00145895292-C8JDWBLTJPVYJ6,GF-505,GrabFood,,"""Herbox""",Greenville,"""1x Nasi Goreng Bulan Merah Vegan Vegetarian, 1x Beef Mentai Vegan Vegetarian Rice, 1x Tater tots""","""Nasi Goreng Special,Mentai Vegan,Sides""","""N/A""",DELIVERED,124000,12400000,0,0,0,0,0,0,21800,2180000,-,102200,10220000,IDR,"September 26, 2026 11:56:57AM","September 26, 2026 12:34:59PM",3,3,delivery,Other,Other,-,21800,2180000,0,0,0,0,-,-,0,0,24 min 59 sec
78390216,001077695306-C8JDV7LJTZDGVT,GF-752,GrabFood,,"""American Breakfast Club""",Greenville,"""1x Cheese Omelette - Side Tater Tots, 1x 2 Pancakes - Chocolate Chips, Butter, Maple Syrup""","""American Breakfast Omelettes,American Breakfast Pancakes""","""N/A""",DELIVERED,116000,11600000,0,0,13000,1300000,0,0,51910,5191000,-,98600,9860000,IDR,"September 26, 2026 11:39:18AM","September 26, 2026 12:32:22PM",2,2,delivery,Cash,Cash,-,17400,1740000,34510,3451000,0,0,-,-,0,0,9 min 0 sec
78388826,F-3370023673,1362,gofood,,"""American Breakfast Club""",Kemang,"""1x Burrito - Mock Beef, 2 Scrambled Eggs, Cheddar, Avocado, Tater Tots,""","""American Breakfast Burritos""","""N/A""",DELIVERED,68000,6800000,0,0,0,0,4000,400000,30400,3040000,-,62820,6282000,IDR,"September 26, 2026 11:26:13AM","September 26, 2026 11:52:23AM",1,1,delivery,N/A,N/A,-,9180,918000,21220,2122000,0,0,-,-,0,0,N/A
78388602,F-3370019033,1112,gofood,,"""Herbox""",Greenville,"""1x Katsu Chickin Vegan Vegetarian Ricebox""","""Ricebox""","""N/A""",DELIVERED,31200,3120000,0,0,0,0,4000,400000,2000,200000,-,35200,3520000,IDR,"September 26, 2026 11:23:33AM","September 26, 2026 12:04:46PM",1,1,delivery,N/A,N/A,-,0,0,2000,200000,0,0,-,-,0,0,N/A
78386627,001857146282-C8JDVYLXJ6KCTN,GF-162,GrabFood,,"""American Breakfast Club""",Greenville,"""1x 2 Pancakes - Blueberries, Butter, Maple Syrup, 1x 2 Pancakes - Butter, Maple Syrup, 1x Burrito - Mock Chicken, 2 Scrambled Eggs, Cheddar, Avocado, Tater Tots""","""American Breakfast Pancakes,American Breakfast Burritos""","""1x Tatter Tots""",DELIVERED,204000,20400000,0,0,13000,1300000,0,0,26100,2610000,-,177900,17790000,IDR,"September 26, 2026 11:06:03AM","September 26, 2026 11:57:03AM",3,3,delivery,Cash,Cash,-,26100,2610000,0,0,0,0,-,-,0,0,13 min 17 sec
78385002,001011122769-C8JDVUKJR63CJN,GF-379,GrabFood,,"""American Breakfast Club""",Kemang,"""1x 2 Pancakes - Blueberries, Butter, Maple Syrup, 1x 2 Pancakes - Chocolate Chips, Butter, Maple Syrup, 1x Burrito - Mock Chicken, 2 Scrambled Eggs, Cheddar, Avocado, Tater Tots""","""American Breakfast Pancakes,American Breakfast Burritos""","""N/A""",DELIVERED,184000,18400000,0,0,0,0,0,0,23200,2320000,-,160800,16080000,IDR,"September 26, 2026 10:49:00AM","September 26, 2026 11:25:37AM",3,3,delivery,Other,Other,-,23200,2320000,0,0,0,0,-,-,0,0,16 min 48 sec
78384929,00141669759-C8JDVUEBLTUEME,GF-375,GrabFood,,"""American Breakfast Club""",Greenville,"""1x Burrito - Mock Chicken, 2 Scrambled Eggs, Cheddar, Avocado, Tater Tots""","""American Breakfast Burritos""","""N/A""",DELIVERED,68000,6800000,0,0,0,0,0,0,10200,1020000,-,57800,5780000,IDR,"September 26, 2026 10:48:11AM","September 26, 2026 11:13:53AM",1,1,delivery,Other,Other,-,10200,1020000,0,0,0,0,-,-,0,0,11 min 18 sec
78382800,001682064066-C8JDVNCJRNL3KE,GF-338,GrabFood,,"""American Breakfast Club""",Greenville,"""1x Sandwich - 2 Scrambled Eggs, Mock Fish, Cheddar Cheese, Mix, Brioche Bun, 1x Home Fries With Truffle Oil""","""American Breakfast Sandwiches,Sides""","""N/A""",DELIVERED,106000,10600000,0,0,0,0,0,0,18900,1890000,-,87100,8710000,IDR,"September 26, 2026 10:24:18AM","September 26, 2026 11:06:29AM",2,2,delivery,Other,Other,-,18900,1890000,0,0,0,0,-,-,0,0,19 min 52 sec
78382461,00151576961-C8JDVLAWLGBUHE,GF-225,GrabFood,,"""People Pasta""",Greenville,"""1x Creamy Mushroom - Vegetarian - Plantbased""","""Signature Pasta""","""1x Fettucine, 1x Home Fries""",DELIVERED,69000,6900000,0,0,0,0,0,0,27150,2715000,-,41850,4185000,IDR,"September 26, 2026 10:20:23AM","September 26, 2026 11:29:54AM",1,1,delivery,Other,Other,-,27150,2715000,0,0,0,0,-,-,0,0,23 min 51 sec
78382391,001798744104-C8JDVK5EEJEFAT,GF-867,GrabFood,,"""People Pasta""",Greenville,"""1x Tattert Tots, 1x Creamy Mushroom - Vegetarian - Plantbased, 1x Cacio e Pepe - Vegetarian - Plantbased""","""Signature Pasta""","""1x Fusili, 1x Fettucine""",DELIVERED,116000,11600000,0,0,0,0,0,0,35000,3500000,-,81000,8100000,IDR,"September 26, 2026 10:19:34AM","September 26, 2026 11:07:23AM",3,3,delivery,Other,Other,-,35000,3500000,0,0,0,0,-,-,0,0,24 min 44 sec
78382299,001744890999-C8JDVK2UGA2ETX,GF-893,GrabFood,,"""American Breakfast Club""",Kemang,"""1x Sandwich - 2 Scrambled Eggs Mock Beef, Cheddar Cheese  on a wavy brioche bun""","""American Breakfast Sandwiches""","""1x Cutleries, 1x Tatter Tots""",DELIVERED,88600,8860000,0,0,0,0,0,0,11600,1160000,-,77000,7700000,IDR,"September 26, 2026 10:18:42AM","September 26, 2026 11:03:13AM",1,1,delivery,Other,Other,-,11600,1160000,0,0,0,0,-,-,0,0,N/A
78382188,0011953732-C8JDVKTVJUTTL2,GF-533,GrabFood,,"""American Breakfast Club""",Kemang,"""3x Burrito - 2 Scrambled Eggs, Cheddar, Avocado, Tater Tots, 3x Sandwich - 2 Scrambled Eggs melty cheddar cheese on a wavy brioche bun""","""American Breakfast Burritos,American Breakfast Sandwiches""","""N/A""",DELIVERED,309000,30900000,0,0,0,0,0,0,61800,6180000,-,247200,24720000,IDR,"September 26, 2026 10:17:03AM","September 26, 2026 11:21:05AM",6,2,delivery,Other,Other,-,61800,6180000,0,0,0,0,-,-,0,0,N/A
78381700,F-3369908286,4982,gofood,,"""American Breakfast Club""",Greenville,"""2x Burrito - Mock Chicken, 2 Scrambled Eggs, Cheddar, Avocado, Tater Tots""","""American Breakfast Burritos""","""N/A""",DELIVERED,108800,10880000,0,0,0,0,4000,400000,0,0,-,112800,11280000,IDR,"September 26, 2026 10:10:45AM","September 26, 2026 10:58:22AM",2,1,delivery,N/A,N/A,-,0,0,0,0,0,0,-,-,0,0,N/A
78381601,0014965248-C8JDVJNZEVJBV6,GF-758,GrabFood,,"""American Breakfast Club""",Kemang,"""1x Burrito - 2 Scrambled Eggs, Cheddar, Avocado, Tater Tots, 1x Cheese Omelette - Side Tater Tots""","""American Breakfast Burritos,American Breakfast Omelettes""","""N/A""",DELIVERED,116000,11600000,0,0,0,0,0,0,23200,2320000,-,92800,9280000,IDR,"September 26, 2026 10:10:09AM","September 26, 2026 10:52:06AM",2,2,delivery,Other,Other,-,23200,2320000,0,0,0,0,-,-,0,0,N/A
78381577,F-3369906311,7214,gofood,,"""American Breakfast Club""",Greenville,"""1x Burrito - 2 Scrambled Eggs, Cheddar, Avocado, Tater Tots""","""American Breakfast Burritos""","""N/A""",DELIVERED,46400,4640000,0,0,0,0,4000,400000,10000,1000000,-,50400,5040000,IDR,"September 26, 2026 10:09:18AM","September 26, 2026 10:35:52AM",1,1,delivery,N/A,N/A,-,0,0,10000,1000000,0,0,-,-,0,0,N/A
78380500,F-3369889744,1722,gofood,,"""American Breakfast Club""",Kemang,"""1x 2 Pancakes - Chocolate Chips, Butter, Maple Syrup""","""American Breakfast Pancakes""","""N/A""",DELIVERED,58000,5800000,0,0,0,0,4000,400000,0,0,-,62000,6200000,IDR,"September 26, 2026 09:55:14AM","September 26, 2026 10:24:17AM",1,1,delivery,N/A,N/A,-,0,0,0,0,0,0,-,-,0,0,N/A
78379456,F-3369872992,2225,gofood,,"""American Breakfast Club""",Kemang,"""1x Burrito - 2 Scrambled Eggs, Cheddar, Avocado, Tater Tots, 1x Original Egg burger - Patties, 2 Scrambled Eggs, Cheddar Cheese, Secret Sauce""","""American Breakfast Burger,American Breakfast Burritos""","""1x Cutleries, 1x Tatter Tots""",DELIVERED,146600,14660000,0,0,0,0,4000,400000,78000,7800000,-,120900,12090000,IDR,"September 26, 2026 09:38:28AM","September 26, 2026 10:17:29AM",2,2,delivery,N/A,N/A,-,29700,2970000,48300,4830000,0,0,-,-,0,0,N/A
78379350,00137236594-C8JDVAU2T6B2HE,GF-068,GrabFood,,"""American Breakfast Club""",Kemang,"""1x Burrito - Mock Chicken, 2 Scrambled Eggs, Cheddar, Avocado, Tater Tots""","""American Breakfast Burritos""","""N/A""",DELIVERED,68000,6800000,0,0,0,0,0,0,0,0,-,68000,6800000,IDR,"September 26, 2026 09:37:28AM","September 26, 2026 10:35:29AM",1,1,delivery,Other,Other,-,0,0,0,0,0,0,-,-,0,0,N/A
78379199,F-3369869136,2487,gofood,,"""American Breakfast Club""",Kemang,"""1x Sandwich - 2 Scrambled Eggs, Mock Chicken, Cheddar Cheese Mix, Brioche Bun, 1x Burrito - 2 Scrambled Eggs, Cheddar, Avocado, Tater Tots""","""American Breakfast Burritos,American Breakfast Sandwiches""","""N/A""",DELIVERED,116000,11600000,0,0,0,0,4000,400000,52200,5220000,-,96510,9651000,IDR,"September 26, 2026 09:34:31AM","September 26, 2026 10:30:18AM",2,2,delivery,N/A,N/A,-,23490,2349000,28710,2871000,0,0,-,-,0,0,N/A
78378852,0019683057-C8JDUF2VLJ42N6,GF-713,GrabFood,,"""American Breakfast Club""",Kemang,"""1x Sandwich - 2 Scrambled Eggs melty cheddar cheese on a wavy brioche bun, 2x 2 Pancakes - Butter, Maple Syrup, 1x Burrito - 2 Scrambled Eggs, Cheddar, Avocado, Tater Tots""","""American Breakfast Pancakes,American Breakfast Burritos,American Breakfast Sandwiches""","""N/A""",DELIVERED,199000,19900000,0,0,0,0,0,0,39800,3980000,-,159200,15920000,IDR,"September 26, 2026 09:28:43AM","September 26, 2026 10:32:08AM",4,3,delivery,Other,Other,-,39800,3980000,0,0,0,0,-,-,0,0,N/A
78378603,F-3369858844,7236,gofood,,"""American Breakfast Club""",Greenville,"""1x 2 Pancakes - Blueberries, Butter, Maple Syrup, 2x 2 Pancakes - Butter, Maple Syrup, 1x Home Fries With Truffle Oil""","""American Breakfast Pancakes,Sides""","""N/A""",DELIVERED,153600,15360000,0,0,0,0,4000,400000,0,0,-,157600,15760000,IDR,"September 26, 2026 09:23:36AM","September 26, 2026 10:13:02AM",4,3,delivery,N/A,N/A,-,0,0,0,0,0,0,-,-,0,0,N/A
78378475,00173587037-C8JDUE2ETNEHRJ,GF-875,GrabFood,,"""American Breakfast Club""",Greenville,"""2x Tater Tots, 1x Burrito - 2 Scrambled Eggs, Cheddar, Avocado, Tater Tots, 1x Burrito - Mock Beef, 2 Scrambled Eggs, Cheddar, Avocado, Tater Tots,, 1x Sandwich - 2 Scrambled Eggs melty cheddar cheese on a wavy brioche bun""","""American Breakfast Sandwiches,Sides,American Breakfast Burritos""","""N/A""",DELIVERED,247000,24700000,0,0,0,0,0,0,37050,3705000,-,209950,20995000,IDR,"September 26, 2026 09:21:54AM","September 26, 2026 10:01:45AM",5,4,delivery,Other,Other,-,37050,3705000,0,0,0,0,-,-,0,0,17 min 29 sec
78377555,F-3369840926,5382,gofood,,"""American Breakfast Club""",Kemang,"""1x Burrito - 2 Scrambled Eggs, Cheddar, Avocado, Tater Tots""","""American Breakfast Burritos""","""N/A""",DELIVERED,58000,5800000,0,0,0,0,4000,400000,0,0,-,62000,6200000,IDR,"September 26, 2026 09:04:03AM","September 26, 2026 09:33:31AM",1,1,delivery,N/A,N/A,-,0,0,0,0,0,0,-,-,0,0,N/A
78377259,0017822853-C8JDT8JCETNGNJ,GF-900,GrabFood,,"""American Breakfast Club""",Greenville,"""1x Burrito - Mock Beef, 2 Scrambled Eggs, Cheddar, Avocado, Tater Tots,""","""American Breakfast Burritos""","""N/A""",DELIVERED,68000,6800000,0,0,0,0,0,0,10200,1020000,-,57800,5780000,IDR,"September 26, 2026 08:58:32AM","September 26, 2026 09:17:24AM",1,1,delivery,Other,Other,-,10200,1020000,0,0,0,0,-,-,0,0,7 min 31 sec
78376817,001463451703-C8JDT6VBEYXJNN,GF-820,GrabFood,,"""American Breakfast Club""",Kemang,"""1x Cheese Omelette - Side Tater Tots""","""American Breakfast Omelettes""","""N/A""",DELIVERED,58000,5800000,0,0,0,0,0,0,11600,1160000,-,46400,4640000,IDR,"September 26, 2026 08:47:31AM","September 26, 2026 09:22:06AM",1,1,delivery,Other,Other,-,11600,1160000,0,0,0,0,-,-,0,0,N/A
78376456,F-3369821457,7568,gofood,,"""American Breakfast Club""",Greenville,"""2x Burrito - Mock Katsu, 2 Scrambled Eggs, Cheddar, Avocado, Tater Tots""","""American Breakfast Burritos""","""N/A""",DELIVERED,108800,10880000,0,0,0,0,4000,400000,42700,4270000,-,98085,9808500,IDR,"September 26, 2026 08:37:56AM","September 26, 2026 09:02:32AM",2,1,delivery,N/A,N/A,-,14715,1471500,27985,2798500,0,0,-,-,0,0,N/A
78376258,00187080952-C8JDT25BTPKKTJ,GF-350,GrabFood,,"""American Breakfast Club""",Kemang,"""1x Burrito - Mock Beef, 2 Scrambled Eggs, Cheddar, Avocado, Tater Tots,""","""American Breakfast Burritos""","""N/A""",DELIVERED,68000,6800000,0,0,0,0,0,0,0,0,-,68000,6800000,IDR,"September 26, 2026 08:32:54AM","September 26, 2026 08:56:43AM",1,1,delivery,Other,Other,-,0,0,0,0,0,0,-,-,0,0,N/A
78376211,F-3369813571,1828,gofood,,"""American Breakfast Club""",Kemang,"""1x Home Fries With Truffle Oil, 1x Cheese Omelette - Side Tater Tots""","""Sides,American Breakfast Omelettes""","""N/A""",DELIVERED,96000,9600000,0,0,0,0,4000,400000,33600,3360000,-,84880,8488000,IDR,"September 26, 2026 08:26:45AM","September 26, 2026 09:14:32AM",2,2,delivery,N/A,N/A,-,15120,1512000,18480,1848000,0,0,-,-,0,0,N/A
78376098,0015241108-C8JDT2JASB6CDA,GF-938,GrabFood,,"""People Pasta""",Greenville,"""1x Cacio e Pepe - Vegetarian - Plantbased""","""Signature Pasta""","""1x Fusili""",DELIVERED,44000,4400000,0,0,0,0,0,0,12240,1224000,-,31760,3176000,IDR,"September 26, 2026 08:28:32AM","September 26, 2026 08:51:53AM",1,1,delivery,Other,Other,-,12240,1224000,0,0,0,0,-,-,0,0,8 min 3 sec
78376085,00186869157-C8JDT2D2V7X1GN,GF-013,GrabFood,,"""American Breakfast Club""",Kemang,"""1x Burrito - Mock Beef, 2 Scrambled Eggs, Cheddar, Avocado, Tater Tots,""","""American Breakfast Burritos""","""N/A""",DELIVERED,68000,6800000,0,0,0,0,0,0,0,0,-,68000,6800000,IDR,"September 26, 2026 08:28:08AM","September 26, 2026 09:07:16AM",1,1,delivery,Other,Other,-,0,0,0,0,0,0,-,-,0,0,N/A
78375955,00140652102-C8JDTZCJSFV3WE,GF-736,GrabFood,,"""American Breakfast Club""",Kemang,"""1x Mushroom Omelette - Mushrooms, Spinach, Side Tater Tots, 1x Burrito - 2 Scrambled Eggs, Cheddar, Avocado, Tater Tots""","""American Breakfast Burritos,American Breakfast Omelettes""","""N/A""",DELIVERED,126000,12600000,0,0,0,0,0,0,25200,2520000,-,100800,10080000,IDR,"September 26, 2026 08:24:20AM","September 26, 2026 08:52:27AM",2,2,delivery,Other,Other,-,25200,2520000,0,0,0,0,-,-,0,0,N/A
78375726,00198119395-C8JDTYCZE8KVLA,GF-091,GrabFood,,"""American Breakfast Club""",Kemang,"""1x Burrito - Mock Beef, 2 Scrambled Eggs, Cheddar, Avocado, Tater Tots,""","""American Breakfast Burritos""","""N/A""",DELIVERED,68000,6800000,0,0,0,0,0,0,0,0,-,68000,6800000,IDR,"September 26, 2026 08:17:46AM","September 26, 2026 08:54:08AM",1,1,delivery,Other,Other,-,0,0,0,0,0,0,-,-,0,0,N/A
78375518,00121224184-C8JDTXEDR8LUR6,GF-697,GrabFood,,"""American Breakfast Club""",Greenville,"""2x Burrito - 2 Scrambled Eggs, Cheddar, Avocado, Tater Tots""","""American Breakfast Burritos""","""N/A""",DELIVERED,116000,11600000,0,0,0,0,0,0,17400,1740000,-,98600,9860000,IDR,"September 26, 2026 08:11:34AM","September 26, 2026 08:57:31AM",2,1,delivery,Other,Other,-,17400,1740000,0,0,0,0,-,-,0,0,23 min 36 sec
78375420,0014275103-C8JDTVDAAJUGBE,GF-552,GrabFood,,"""American Breakfast Club""",Greenville,"""1x Mushroom Omelette - Mushrooms, Spinach, Side Tater Tots, 1x Cheese Omelette - Side Tater Tots""","""American Breakfast Omelettes""","""N/A""",DELIVERED,126000,12600000,0,0,0,0,0,0,21900,2190000,-,104100,10410000,IDR,"September 26, 2026 08:07:51AM","September 26, 2026 09:02:09AM",2,2,delivery,Other,Other,-,21900,2190000,0,0,0,0,-,-,0,0,27 min 12 sec
78375102,F-3369793930,1285,gofood,,"""Tyfel Coffee""",Greenville,"""1x Tater Tots With Truffle Oil, 1x Bolognese  - Vegan Plantbased, 1x Fettucini Mushroom""","""Sides,Main Course""","""N/A""",DELIVERED,138000,13800000,0,0,0,0,4000,400000,74100,7410000,-,114055,11405500,IDR,"September 26, 2026 07:56:18AM","September 26, 2026 08:17:25AM",3,3,delivery,N/A,N/A,-,27945,2794500,46155,4615500,0,0,-,-,0,0,N/A
78375096,F-3369793732,9363,gofood,,"""American Breakfast Club""",Kemang,"""1x Tater Tots With Truffle Oil, 1x Egg burger - 2 Scrambled Eggs, Cheddar Cheese, Secret Sauce, 1x Burrito - 2 Scrambled Eggs, Cheddar, Avocado, Tater Tots""","""Sides,American Breakfast Burger,American Breakfast Burritos""","""N/A""",DELIVERED,141000,14100000,0,0,0,0,4000,400000,0,0,-,145000,14500000,IDR,"September 26, 2026 07:55:54AM","September 26, 2026 08:42:11AM",3,3,delivery,N/A,N/A,-,0,0,0,0,0,0,-,-,0,0,N/A
78375067,0010174907-C8JDTTKJEFDVVX,GF-020,GrabFood,,"""American Breakfast Club""",Kemang,"""2x Burrito - 2 Scrambled Eggs, Cheddar, Avocado, Tater Tots, 2x 2 Pancakes - Blueberries, Butter, Maple Syrup""","""American Breakfast Burritos,American Breakfast Pancakes""","""N/A""",DELIVERED,232000,23200000,0,0,0,0,0,0,46400,4640000,-,185600,18560000,IDR,"September 26, 2026 07:55:39AM","September 26, 2026 08:49:22AM",4,2,delivery,Other,Other,-,46400,4640000,0,0,0,0,-,-,0,0,N/A
78375049,001469379548-C8JDTTEDGEXZRA,GF-813,GrabFood,,"""American Breakfast Club""",Kemang,"""2x Burrito - Mock Beef, 2 Scrambled Eggs, Cheddar, Avocado, Tater Tots,, 1x Tater Tots""","""American Breakfast Burritos,Sides""","""N/A""",DELIVERED,174000,17400000,0,0,0,0,0,0,0,0,-,174000,17400000,IDR,"September 26, 2026 07:54:54AM","September 26, 2026 08:45:28AM",3,2,delivery,Other,Other,-,0,0,0,0,0,0,-,-,0,0,N/A
78374907,001963340386-C8JDTP6JDE2JWE,GF-024,GrabFood,,"""American Breakfast Club""",Kemang,"""1x Sandwich - 2 Scrambled Eggs melty cheddar cheese on a wavy brioche bun""","""American Breakfast Sandwiches""","""N/A""",DELIVERED,45000,4500000,0,0,0,0,0,0,9000,900000,-,36000,3600000,IDR,"September 26, 2026 07:49:58AM","September 26, 2026 08:20:50AM",1,1,delivery,Other,Other,-,9000,900000,0,0,0,0,-,-,0,0,N/A
78374844,0015291682-C8JDTPVHLK5BME,GF-777,GrabFood,,"""American Breakfast Club""",Greenville,"""1x Burrito - 2 Scrambled Eggs, Cheddar, Avocado, Tater Tots""","""American Breakfast Burritos""","""1x Cutleries""",DELIVERED,59500,5950000,0,0,0,0,0,0,8700,870000,-,50800,5080000,IDR,"September 26, 2026 07:47:39AM","September 26, 2026 08:03:13AM",1,1,delivery,Other,Other,-,8700,870000,0,0,0,0,-,-,0,0,N/A
78373801,F-3369766748,5998,gofood,,"""American Breakfast Club""",Greenville,"""2x Burrito - 2 Scrambled Eggs, Cheddar, Avocado, Tater Tots, 1x Tater Tots With Truffle Oil""","""American Breakfast Burritos,Sides""","""N/A""",DELIVERED,123200,12320000,0,0,0,0,4000,400000,67500,6750000,-,102225,10222500,IDR,"September 26, 2026 07:01:24AM","September 26, 2026 07:37:48AM",3,2,delivery,N/A,N/A,-,24975,2497500,42525,4252500,0,0,-,-,0,0,17 min 5 sec
78373458,F-3369760562,8799,gofood,,"""American Breakfast Club""",Greenville,"""1x Cheese Omelette - Side Tater Tots, 1x 2 Pancakes - Blueberries, Butter, Maple Syrup""","""American Breakfast Omelettes,American Breakfast Pancakes""","""1x Cutleries""",DELIVERED,94300,9430000,0,0,0,0,4000,400000,33100,3310000,-,83405,8340500,IDR,"September 26, 2026 06:43:13AM","September 26, 2026 07:09:15AM",2,2,delivery,N/A,N/A,-,14895,1489500,18205,1820500,0,0,-,-,0,0,N/A
