Order ID,External ID,Short ID,Provider,Order Source,Brand,Branch,Menu Items,Menu Categories,Menu Modifiers,Status,Gross Order Value,Gross Order Value In Cents,Vat,Vat In Cents,Delivery Fee,Delivery Fee In Cents,Additional Fee,Additional Fee In Cents,Discount,Discount In Cents,Promo Code,Net Order Value,Net Order Value In Cents,Currency,Created At,Delivered At,Items Ordered,Unique Items Ordered,Order Type,Payment Method,Payment Channel,Payment Reference ID,Merchant Discount,Merchant Discount In Cents,Provider Discount,Provider Discount In Cents,Delivery Fee Discount,Delivery Fee Discount In Cents,Cancellation Reason,Cancelled By,Restaurant Service Fee,Restaurant Service Fee In Cents,Meal Preparation Time
78333380,00188309229-C8JDGE41AJEFE2,GF-874,GrabFood,,"""Tyfel Coffee""",Greenville,"""1x Tyfel Burritos - Vegan, 1x Spicy Olio""","""Main Course,Lite Bites""","""N/A""",PICKED UP,95000,9500000,0,0,0,0,0,0,45600,4560000,-,49400,4940000,IDR,"September 25, 2026 05:21:22PM",,2,2,delivery,Other,Other,-,45600,4560000,0,0,0,0,-,-,0,0,11 min 12 sec
78332881,F-3369284756,8626,gofood,,"""American Breakfast Club""",Greenville,"""1x Burrito - Mock Chicken, 2 Scrambled Eggs, Cheddar, Avocado, Tater Tots, 1x Burrito - Mock Katsu, 2 Scrambled Eggs, Cheddar, Avocado, Tater Tots, 1x Home Fries""","""Sides,American Breakfast Burritos""","""N/A""",DELIVERED,131200,13120000,0,0,0,0,4000,400000,71100,7110000,-,108605,10860500,IDR,"September 25, 2026 05:16:02PM","September 25, 2026 05:38:35PM",3,3,delivery,N/A,N/A,-,26595,2659500,44505,4450500,0,0,-,-,0,0,N/A
78332849,001715622579-C8JDGE5CLNXTCE,GF-211,GrabFood,,"""Herbox""",Greenville,"""1x Nasi Goreng Sedap Malam Vegan Vegetarian""","""Nasi Goreng Special""","""N/A""",DELIVERED,35000,3500000,0,0,0,0,0,0,10000,1000000,-,25000,2500000,IDR,"September 25, 2026 05:16:12PM","September 25, 2026 05:56:11PM",1,1,delivery,Other,Other,-,10000,1000000,0,0,0,0,-,-,0,0,9 min 47 sec
78332750,F-3369283688,5513,gofood,,"""American Breakfast Club""",Greenville,"""1x Burrito - Mock Chicken, 2 Scrambled Eggs, Cheddar, Avocado, Tater Tots, 1x Burrito - Mock Katsu, 2 Scrambled Eggs, Cheddar, Avocado, Tater Tots, 1x Home Fries""","""American Breakfast Burritos,Sides""","""N/A""",CANCELLED,131200,13120000,0,0,0,0,4000,400000,71100,7110000,-,108605,10860500,IDR,"September 25, 2026 05:15:10PM",,3,3,delivery,N/A,N/A,-,26595,2659500,44505,4450500,0,0,N/A,N/A,0,0,N/A
78332464,001895245013-C8JDGEKGSE6YKE,GF-038,GrabFood,,"""American Breakfast Club""",Greenville,"""1x Cheese Omelette - Side Tater Tots, 1x Cutleries""","""American Breakfast Omelettes,Cutleries""","""N/A""",DELIVERED,59000,5900000,0,0,0,0,0,0,8700,870000,-,50300,5030000,IDR,"September 25, 2026 05:12:17PM","September 25, 2026 05:53:19PM",2,2,delivery,Other,Other,-,8700,870000,0,0,0,0,-,-,0,0,4 min 32 sec
78315323,001251393358-C8JDDBAABE2JRJ,GF-238,GrabFood,,"""People Pasta""",Greenville,"""1x Tattert Tots, 1x Creamy Mushroom - Vegetarian - Plantbased""","""Signature Pasta""","""1x Fettucine""",DELIVERED,72000,7200000,0,0,0,0,0,0,25200,2520000,-,46800,4680000,IDR,"September 25, 2026 01:40:10PM","September 25, 2026 02:04:06PM",2,2,delivery,Other,Other,-,25200,2520000,0,0,0,0,-,-,0,0,N/A
78313686,00147012855-C8JDC6MHAXVCEE,GF-260,GrabFood,,"""People Pasta""",Greenville,"""1x Creamy Mushroom - Vegetarian - Plantbased, 1x Vegan Chicken Crispy Burger""","""Signature Pasta,Meatless Burgers""","""1x Spaghetti""",DELIVERED,92000,9200000,0,0,0,0,0,0,32200,3220000,-,59800,5980000,IDR,"September 25, 2026 01:19:38PM","September 25, 2026 01:53:03PM",2,2,delivery,Other,Other,-,32200,3220000,0,0,0,0,-,-,0,0,19 min 9 sec
78310938,F-3368987107,7815,gofood,,"""American Breakfast Club""",Kemang,"""1x Burrito - Mock Beef, 2 Scrambled Eggs, Cheddar, Avocado, Tater Tots,""","""American Breakfast Burritos""","""N/A""",DELIVERED,68000,6800000,0,0,0,0,4000,400000,30400,3040000,-,62820,6282000,IDR,"September 25, 2026 12:49:31PM","September 25, 2026 01:12:52PM",1,1,delivery,N/A,N/A,-,9180,918000,21220,2122000,0,0,-,-,0,0,N/A
78310422,00109573427-C8JDCN5ZVXNYL2,GF-604,GrabFood,,"""Herbox""",Greenville,"""1x Kung Paow Chick Vegan Vegetarian Ricebox""","""Ricebox""","""N/A""",DELIVERED,39000,3900000,0,0,0,0,0,0,10800,1080000,-,28200,2820000,IDR,"September 25, 2026 12:44:58PM","September 25, 2026 01:18:20PM",1,1,delivery,Other,Other,-,10800,1080000,0,0,0,0,-,-,0,0,8 min 5 sec
78303563,00131656033-C8JDCB43EXUZJA,GF-044,GrabFood,,"""American Breakfast Club""",Kemang,"""1x Burrito - Mock Beef, 2 Scrambled Eggs, Cheddar, Avocado, Tater Tots,""","""American Breakfast Burritos""","""1x Mineral Water""",DELIVERED,78000,7800000,0,0,0,0,0,0,0,0,-,78000,7800000,IDR,"September 25, 2026 11:32:50AM","September 25, 2026 12:40:56PM",1,1,delivery,Other,Other,-,0,0,0,0,0,0,-,-,0,0,20 min 23 sec
78302015,00172580583-C8JDBGBUJY63DE,GF-663,GrabFood,,"""People Pasta""",Greenville,"""1x Creamy Mushroom - Vegetarian - Plantbased, 1x Tattert Tots""","""Signature Pasta""","""1x Spaghetti""",DELIVERED,71000,7100000,0,0,0,0,0,0,24850,2485000,-,46150,4615000,IDR,"September 25, 2026 11:17:33AM","September 25, 2026 12:10:54PM",2,2,delivery,Other,Other,-,24850,2485000,0,0,0,0,-,-,0,0,13 min 20 sec
78301989,00104500849-C8JDBGBHNEWTTE,GF-134,GrabFood,,"""Herbox""",Greenville,"""1x Kung Paow Chick Vegan Vegetarian Ricebox, 1x Teriyaki Vegan Vegetarian Ricebox""","""Ricebox""","""N/A""",DELIVERED,78000,7800000,0,0,0,0,0,0,15600,1560000,-,62400,6240000,IDR,"September 25, 2026 11:17:17AM","September 25, 2026 12:46:53PM",2,2,delivery,Other,Other,-,15600,1560000,0,0,0,0,-,-,0,0,13 min 32 sec
78298059,00147820494-C8JDA7AULVDHG2,GF-693,GrabFood,,"""American Breakfast Club""",Greenville,"""1x Sandwich - 2 Scrambled Eggs melty cheddar cheese on a wavy brioche bun, 1x Burrito - Mock Chicken, 2 Scrambled Eggs, Cheddar, Avocado, Tater Tots, 3x 2 Pancakes - Butter, Maple Syrup, 2x 2 Pancakes - Blueberries, Butter, Maple Syrup""","""American Breakfast Pancakes,American Breakfast Sandwiches,American Breakfast Burritos""","""1x Mineral Water, 1x Home Fries, 1x Truffle Home Fries, 1x Cutleries""",DELIVERED,459500,45950000,0,0,0,0,0,0,58950,5895000,-,400550,40055000,IDR,"September 25, 2026 10:37:08AM","September 25, 2026 11:28:35AM",7,5,delivery,Other,Other,-,58950,5895000,0,0,0,0,-,-,0,0,N/A
78294070,001332347097-C8JDATWDNUAGJN,GF-715,GrabFood,,"""American Breakfast Club""",Greenville,"""1x Burrito - 2 Scrambled Eggs, Cheddar, Avocado, Tater Tots""","""American Breakfast Burritos""","""N/A""",DELIVERED,58000,5800000,0,0,0,0,0,0,11700,1170000,-,46300,4630000,IDR,"September 25, 2026 09:44:34AM","September 25, 2026 10:20:02AM",1,1,delivery,Other,Other,-,11700,1170000,0,0,0,0,-,-,0,0,14 min 27 sec
78294026,F-3368732411,5822,gofood,,"""Tyfel Coffee""",Greenville,"""2x Breakfast Burrito""","""Breakfast Burritos""","""N/A""",DELIVERED,116000,11600000,0,0,0,0,4000,400000,34800,3480000,-,104340,10434000,IDR,"September 25, 2026 09:43:22AM","September 25, 2026 10:26:10AM",2,1,delivery,N/A,N/A,-,15660,1566000,19140,1914000,0,0,-,-,0,0,N/A
78294015,F-3368732139,6529,gofood,,"""American Breakfast Club""",Greenville,"""1x Cheese Omelette - Side Tater Tots, 1x Burrito - Mock Beef, 2 Scrambled Eggs, Cheddar, Avocado, Tater Tots,, 2x Tater Tots""","""American Breakfast Omelettes,American Breakfast Burritos,Sides""","""N/A""",DELIVERED,145600,14560000,0,0,0,0,4000,400000,65600,6560000,-,120080,12008000,IDR,"September 25, 2026 09:43:03AM","September 25, 2026 10:28:42AM",4,3,delivery,N/A,N/A,-,29520,2952000,36080,3608000,0,0,-,-,0,0,N/A
78293719,0017655118-C8JDAREFJ6VDEJ,GF-980,GrabFood,,"""People Pasta""",Greenville,"""1x Meat-less Burger - Vegan""","""Meatless Burgers""","""N/A""",DELIVERED,49000,4900000,0,0,0,0,0,0,0,0,-,49000,4900000,IDR,"September 25, 2026 09:38:15AM","September 25, 2026 10:16:50AM",1,1,delivery,Other,Other,-,0,0,0,0,0,0,-,-,0,0,N/A
78293081,001909354735-C8JDANMBNFD1VA,GF-060,GrabFood,,"""American Breakfast Club""",Kemang,"""1x Cheese Omelette - Side Tater Tots, 1x Mushroom Omelette - Mushrooms, Spinach, Side Tater Tots""","""American Breakfast Omelettes""","""1x Chick Nugget""",DELIVERED,161000,16100000,0,0,0,0,0,0,25200,2520000,-,135800,13580000,IDR,"September 25, 2026 09:26:12AM","September 25, 2026 10:01:53AM",2,2,delivery,Other,Other,-,25200,2520000,0,0,0,0,-,-,0,0,N/A
78293037,00139577610-C8JDANJBRLCTTJ,GF-228,GrabFood,,"""Herbox""",Greenville,"""1x Kung Paow Chick Vegan Vegetarian Ricebox, 1x Nasi Goreng Sedap Malam Vegan Vegetarian, 1x Nasi Goreng Bintang Kuning Vegan Vegetarian""","""Nasi Goreng Special,Ricebox""","""2x Ganti Shirataki Rice, 1x Vegan Chicken Nugget""",DELIVERED,184000,18400000,0,0,0,0,0,0,21800,2180000,-,162200,16220000,IDR,"September 25, 2026 09:25:13AM","September 25, 2026 10:20:11AM",3,3,delivery,Other,Other,-,21800,2180000,0,0,0,0,-,-,0,0,N/A
78292599,001865010417-C8JDAKEDVCEWEX,GF-939,GrabFood,,"""American Breakfast Club""",Greenville,"""1x 2 Pancakes - Chocolate Chips, Butter, Maple Syrup, 1x Burrito - Mock Chicken, 2 Scrambled Eggs, Cheddar, Avocado, Tater Tots""","""American Breakfast Pancakes,American Breakfast Burritos""","""1x Cutleries""",DELIVERED,127500,12750000,0,0,42000,4200000,0,0,65340,6534000,-,105600,10560000,IDR,"September 25, 2026 09:14:53AM","September 25, 2026 10:08:42AM",2,2,delivery,Cash,Cash,-,21900,2190000,43440,4344000,0,0,-,-,0,0,10 min 33 sec
78291719,001080756563-C8JDAELDC64DVE,GF-413,GrabFood,,"""People Pasta""",Greenville,"""1x Tattert Tots, 1x Creamy Mushroom - Vegetarian - Plantbased""","""Signature Pasta""","""1x Fettucine""",DELIVERED,72000,7200000,0,0,0,0,0,0,18120,1812000,-,53880,5388000,IDR,"September 25, 2026 08:52:33AM","September 25, 2026 09:32:46AM",2,2,delivery,Other,Other,-,18120,1812000,0,0,0,0,-,-,0,0,10 min 41 sec
78291637,001656618264-C8JDAEAXC7DEVE,GF-181,GrabFood,,"""Herbox""",Greenville,"""1x Nasi Goreng Sedap Malam Vegan Vegetarian""","""Nasi Goreng Special""","""1x Ganti Shirataki Rice""",DELIVERED,55000,5500000,0,0,0,0,0,0,10000,1000000,-,45000,4500000,IDR,"September 25, 2026 08:50:24AM","September 25, 2026 09:42:41AM",1,1,delivery,Other,Other,-,10000,1000000,0,0,0,0,-,-,0,0,13 min 21 sec
78291179,001703622730-C8JDAAKYEVJ3CE,GF-215,GrabFood,,"""American Breakfast Club""",Greenville,"""1x Burrito - Mock Beef, 2 Scrambled Eggs, Cheddar, Avocado, Tater Tots,""","""American Breakfast Burritos""","""N/A""",DELIVERED,68000,6800000,0,0,0,0,0,0,10200,1020000,-,57800,5780000,IDR,"September 25, 2026 08:35:45AM","September 25, 2026 09:09:19AM",1,1,delivery,Other,Other,-,10200,1020000,0,0,0,0,-,-,0,0,N/A
78291136,001600614602-C8JDAADAGCEZG2,GF-732,GrabFood,,"""American Breakfast Club""",Greenville,"""1x Burrito - Mock Beef, 2 Scrambled Eggs, Cheddar, Avocado, Tater Tots,""","""American Breakfast Burritos""","""1x Tatter Tots""",DELIVERED,98000,9800000,0,0,0,0,0,0,10200,1020000,-,87800,8780000,IDR,"September 25, 2026 08:34:30AM","September 25, 2026 09:19:03AM",1,1,delivery,Other,Other,-,10200,1020000,0,0,0,0,-,-,0,0,N/A
78291124,F-3368680877,2254,gofood,,"""Tyfel Coffee""",Greenville,"""1x Burger, 1x Tater Tots, 1x Meatless Burger - Vegan Plantbased""","""Brunch,Sides""","""N/A""",DELIVERED,108000,10800000,0,0,0,0,4000,400000,42400,4240000,-,97420,9742000,IDR,"September 25, 2026 08:33:28AM","September 25, 2026 09:03:12AM",3,3,delivery,N/A,N/A,-,14580,1458000,27820,2782000,0,0,-,-,0,0,N/A
78291000,0018309074-C8JCWF5CDFDXCA,GF-343,GrabFood,,"""American Breakfast Club""",Kemang,"""1x Burrito - Mock Beef, 2 Scrambled Eggs, Cheddar, Avocado, Tater Tots,""","""American Breakfast Burritos""","""N/A""",DELIVERED,68000,6800000,0,0,0,0,0,0,0,0,-,68000,6800000,IDR,"September 25, 2026 08:29:39AM","September 25, 2026 08:59:48AM",1,1,delivery,Other,Other,-,0,0,0,0,0,0,-,-,0,0,N/A
78290442,001910165747-C8JCWBVTMCA3LX,GF-469,GrabFood,,"""American Breakfast Club""",Kemang,"""1x Burrito - Mock Chicken, 2 Scrambled Eggs, Cheddar, Avocado, Tater Tots, 1x 2 Pancakes - Blueberries, Butter, Maple Syrup, 1x 2 Pancakes - Butter, Maple Syrup""","""American Breakfast Burritos,American Breakfast Pancakes""","""2x Cutleries, 1x Truffle Home Fries""",DELIVERED,215200,21520000,0,0,0,0,0,0,21200,2120000,-,194000,19400000,IDR,"September 25, 2026 08:11:02AM","September 25, 2026 09:09:47AM",3,3,delivery,Other,Other,-,21200,2120000,0,0,0,0,-,-,0,0,N/A
78290245,F-3368663133,5274,gofood,,"""Herbox""",Greenville,"""1x Tater tots, 1x Katsu Chickin Vegan Vegetarian Ricebox, 1x Vegan Chickin Nugget""","""Sides,Ricebox""","""N/A""",DELIVERED,87200,8720000,0,0,0,0,4000,400000,49300,4930000,-,73515,7351500,IDR,"September 25, 2026 08:02:40AM","September 25, 2026 08:24:59AM",3,3,delivery,N/A,N/A,-,17685,1768500,31615,3161500,0,0,-,-,0,0,N/A
78290204,F-3368660819,4874,gofood,,"""American Breakfast Club""",Kemang,"""1x Burrito - Mock Beef, 2 Scrambled Eggs, Cheddar, Avocado, Tater Tots,""","""American Breakfast Burritos""","""N/A""",DELIVERED,68000,6800000,0,0,0,0,4000,400000,30400,3040000,-,62820,6282000,IDR,"September 25, 2026 07:57:41AM","September 25, 2026 08:27:18AM",1,1,delivery,N/A,N/A,-,9180,918000,21220,2122000,0,0,-,-,0,0,N/A
78290076,F-3368660070,6382,gofood,,"""American Breakfast Club""",Kemang,"""3x Burrito - Mock Chicken, 2 Scrambled Eggs, Cheddar, Avocado, Tater Tots""","""American Breakfast Burritos""","""N/A""",DELIVERED,204000,20400000,0,0,0,0,4000,400000,0,0,-,208000,20800000,IDR,"September 25, 2026 07:55:58AM","September 25, 2026 08:44:09AM",3,1,delivery,N/A,N/A,-,0,0,0,0,0,0,-,-,0,0,N/A
78290060,001738268729-C8JCV74UWA6ATN,GF-932,GrabFood,,"""People Pasta""",Greenville,"""1x Creamy Mushroom - Vegetarian - Plantbased""","""Signature Pasta""","""1x Spaghetti, 1x Home Fries""",DELIVERED,68000,6800000,0,0,0,0,0,0,14280,1428000,-,53720,5372000,IDR,"September 25, 2026 07:56:03AM","September 25, 2026 08:34:16AM",1,1,delivery,Other,Other,-,14280,1428000,0,0,0,0,-,-,0,0,N/A
78289987,00170921659-C8JCV7MVWBKAR6,GF-800,GrabFood,,"""People Pasta""",Greenville,"""1x Meat-less Burger - Vegan, 1x Tattert Tots, 1x Lada Hitam  - Vegan Friendly - Vegetarian - Plantbased, 1x Chicken Nugget - Vegan""","""Meatless Burgers,Signature Pasta""","""1x Fettucine""",DELIVERED,156000,15600000,0,0,0,0,0,0,0,0,-,156000,15600000,IDR,"September 25, 2026 07:53:03AM","September 25, 2026 08:40:10AM",4,4,delivery,Other,Other,-,0,0,0,0,0,0,-,-,0,0,N/A
78289855,00106754194-C8JCV6VJKBLUAE,GF-696,GrabFood,,"""American Breakfast Club""",Kemang,"""1x Sandwich - 2 Scrambled Eggs melty cheddar cheese on a wavy brioche bun""","""American Breakfast Sandwiches""","""N/A""",DELIVERED,45000,4500000,0,0,0,0,0,0,9000,900000,-,36000,3600000,IDR,"September 25, 2026 07:47:40AM","September 25, 2026 08:28:16AM",1,1,delivery,Other,Other,-,9000,900000,0,0,0,0,-,-,0,0,N/A
78289716,0016629215-C8JCV4BGVKJCAA,GF-520,GrabFood,,"""American Breakfast Club""",Greenville,"""1x Burrito - 2 Scrambled Eggs, Cheddar, Avocado, Tater Tots""","""American Breakfast Burritos""","""N/A""",DELIVERED,58000,5800000,0,0,0,0,0,0,11700,1170000,-,46300,4630000,IDR,"September 25, 2026 07:40:36AM","September 25, 2026 08:15:21AM",1,1,delivery,Other,Other,-,11700,1170000,0,0,0,0,-,-,0,0,N/A
78289554,00160601285-C8JCV26DR8AECX,GF-464,GrabFood,,"""American Breakfast Club""",Greenville,"""1x Burrito - Mock Fish, 2 Scrambled Eggs, Cheddar, Avocado, Tater Tots,""","""American Breakfast Burritos""","""N/A""",DELIVERED,68000,6800000,0,0,0,0,0,0,10200,1020000,-,57800,5780000,IDR,"September 25, 2026 07:33:13AM","September 25, 2026 07:54:17AM",1,1,delivery,Other,Other,-,10200,1020000,0,0,0,0,-,-,0,0,N/A
78289397,F-3368647423,7458,gofood,,"""American Breakfast Club""",Greenville,"""2x Burrito - 2 Scrambled Eggs, Cheddar, Avocado, Tater Tots, 1x Tater Tots""","""American Breakfast Burritos,Sides""","""N/A""",DELIVERED,115200,11520000,0,0,0,0,4000,400000,0,0,-,119200,11920000,IDR,"September 25, 2026 07:25:17AM","September 25, 2026 08:01:45AM",3,2,delivery,N/A,N/A,-,0,0,0,0,0,0,-,-,0,0,N/A
78289339,F-3368646518,7241,gofood,,"""American Breakfast Club""",Greenville,"""1x Burrito - 2 Scrambled Eggs, Cheddar, Avocado, Tater Tots""","""American Breakfast Burritos""","""N/A""",CANCELLED,46400,4640000,0,0,0,0,4000,400000,0,0,-,50400,5040000,IDR,"September 25, 2026 07:22:50AM",,1,1,delivery,N/A,N/A,-,0,0,0,0,0,0,N/A,N/A,0,0,N/A
78288405,F-3368629548,8666,gofood,,"""American Breakfast Club""",Greenville,"""2x Burrito - 2 Scrambled Eggs, Cheddar, Avocado, Tater Tots, 1x Tater Tots With Truffle Oil""","""American Breakfast Burritos,Sides""","""N/A""",DELIVERED,123200,12320000,0,0,0,0,4000,400000,67500,6750000,-,102225,10222500,IDR,"September 25, 2026 06:24:30AM","September 25, 2026 06:52:42AM",3,2,delivery,N/A,N/A,-,24975,2497500,42525,4252500,0,0,-,-,0,0,N/A
78288272,00159842127-C8JCVE43N3DFPA,GF-259,GrabFood,,"""American Breakfast Club""",Greenville,"""2x Burrito - 2 Scrambled Eggs, Cheddar, Avocado, Tater Tots""","""American Breakfast Burritos""","""N/A""",DELIVERED,116000,11600000,0,0,0,0,0,0,17400,1740000,-,98600,9860000,IDR,"September 25, 2026 06:16:31AM","September 25, 2026 06:45:17AM",2,1,delivery,Other,Other,-,17400,1740000,0,0,0,0,-,-,0,0,N/A
78270604,F-3368445460,5638,gofood,,"""Tyfel Coffee""",Greenville,"""1x Mock Beef Sandwich, 1x Tater Tots, 1x Mock Chicken Burrito""","""Sides,Breakfast Burritos,Breakfast Sandwiches""","""N/A""",DELIVERED,154000,15400000,0,0,0,0,4000,400000,69300,6930000,-,126815,12681500,IDR,"September 24, 2026 08:10:25PM","September 24, 2026 08:53:29PM",3,3,delivery,N/A,N/A,-,31185,3118500,38115,3811500,0,0,-,-,0,0,N/A
78260986,001303546491-C8JCLBTHR4NTCE,GF-365,GrabFood,,"""American Breakfast Club""",Greenville,"""1x Burrito - Mock Beef, 2 Scrambled Eggs, Cheddar, Avocado, Tater Tots,""","""American Breakfast Burritos""","""N/A""",DELIVERED,68000,6800000,0,0,0,0,0,0,10200,1020000,-,57800,5780000,IDR,"September 24, 2026 06:50:20PM","September 24, 2026 07:27:09PM",1,1,delivery,Other,Other,-,10200,1020000,0,0,0,0,-,-,0,0,7 min 46 sec
78259208,001025770770-C8JCKFE3EUV2G6,GF-285,GrabFood,,"""People Pasta""",Greenville,"""1x Chicken Nugget - Vegan""","""N/A""","""N/A""",DELIVERED,35000,3500000,0,0,0,0,0,0,0,0,-,35000,3500000,IDR,"September 24, 2026 06:35:44PM","September 24, 2026 07:21:36PM",1,1,delivery,Other,Other,-,0,0,0,0,0,0,-,-,0,0,N/A
78251861,00137376862-C8JCJZC1GTUDRX,GF-769,GrabFood,,"""Herbox""",Greenville,"""3x Pesmol Vegan Vegetarian Ricebox""","""Ricebox""","""N/A""",DELIVERED,117000,11700000,0,0,0,0,0,0,23400,2340000,-,93600,9360000,IDR,"September 24, 2026 05:31:09PM","September 24, 2026 06:14:09PM",3,1,delivery,Other,Other,-,23400,2340000,0,0,0,0,-,-,0,0,N/A
78242281,00115333029-C8JCHFTYRT2YT2,GF-235,GrabFood,,"""People Pasta""",Greenville,"""1x Cacio e Pepe - Vegetarian - Plantbased, 1x Chicken Nugget - Vegan, 1x Vegan Chicken Crispy Burger""","""Signature Pasta,Meatless Burgers""","""1x Fettucine""",DELIVERED,128000,12800000,0,0,0,0,0,0,27000,2700000,-,101000,10100000,IDR,"September 24, 2026 03:47:07PM","September 24, 2026 04:31:30PM",3,3,delivery,Other,Other,-,27000,2700000,0,0,0,0,-,-,0,0,N/A
78233421,00150711208-C8JCGJNXE6DKNA,GF-103,GrabFood,,"""American Breakfast Club""",Greenville,"""1x Burrito - Mock Chicken, 2 Scrambled Eggs, Cheddar, Avocado, Tater Tots""","""American Breakfast Burritos""","""N/A""",DELIVERED,68000,6800000,0,0,0,0,0,0,10200,1020000,-,57800,5780000,IDR,"September 24, 2026 01:43:25PM","September 24, 2026 01:55:22PM",1,1,delivery,Other,Other,-,10200,1020000,0,0,0,0,-,-,0,0,N/A
78232322,F-3367922689,6768,gofood,,"""American Breakfast Club""",Greenville,"""1x Burrito - Mock Fish, 2 Scrambled Eggs, Cheddar, Avocado, Tater Tots,, 1x Burrito - 2 Scrambled Eggs, Cheddar, Avocado, Tater Tots""","""American Breakfast Burritos""","""1x Cutleries""",DELIVERED,102300,10230000,0,0,0,0,4000,400000,32700,3270000,-,92485,9248500,IDR,"September 24, 2026 01:12:55PM","September 24, 2026 01:54:19PM",2,2,delivery,N/A,N/A,-,13815,1381500,18885,1888500,0,0,-,-,0,0,N/A
78229125,001104789396-C8JCFCC3E7TYTT,GF-184,GrabFood,,"""People Pasta""",Greenville,"""1x Creamy Mushroom - Vegetarian - Plantbased""","""Signature Pasta""","""1x Spaghetti""",DELIVERED,43000,4300000,0,0,0,0,0,0,3000,300000,-,40000,4000000,IDR,"September 24, 2026 12:47:51PM","September 24, 2026 01:34:10PM",1,1,delivery,Other,Other,-,3000,300000,0,0,0,0,-,-,0,0,N/A
78228659,F-3367885302,1133,gofood,,"""Herbox""",Greenville,"""1x Fysh Mentai, 1x Beef Mentai Vegan Vegetarian Rice""","""Mentai Vegan""","""N/A""",DELIVERED,94400,9440000,0,0,0,0,4000,400000,52500,5250000,-,79275,7927500,IDR,"September 24, 2026 12:41:47PM","September 24, 2026 01:14:22PM",2,2,delivery,N/A,N/A,-,19125,1912500,33375,3337500,0,0,-,-,0,0,N/A
78222572,0019305440-C8JCEP5WRGLETJ,GF-992,GrabFood,,"""American Breakfast Club""",Greenville,"""1x Burrito - Mock Beef, 2 Scrambled Eggs, Cheddar, Avocado, Tater Tots,""","""American Breakfast Burritos""","""N/A""",DELIVERED,68000,6800000,0,0,0,0,0,0,13200,1320000,-,54800,5480000,IDR,"September 24, 2026 11:37:23AM","September 24, 2026 12:13:33PM",1,1,delivery,Other,Other,-,13200,1320000,0,0,0,0,-,-,0,0,17 min 29 sec
78222353,F-3367788773,6683,gofood,,"""American Breakfast Club""",Kemang,"""1x Katsu Egg burger - Patties, 2 Scrambled Eggs, Cheddar Cheese, Secret Sauce""","""American Breakfast Burger""","""1x Chick Nugget""",DELIVERED,93000,9300000,0,0,0,0,4000,400000,0,0,-,97000,9700000,IDR,"September 24, 2026 11:34:19AM","September 24, 2026 12:11:09PM",1,1,delivery,N/A,N/A,-,0,0,0,0,0,0,-,-,0,0,N/A
78221881,001759523578-C8JCETTEG33KLT,GF-006,GrabFood,,"""American Breakfast Club""",Kemang,"""1x Burrito - Mock Beef, 2 Scrambled Eggs, Cheddar, Avocado, Tater Tots,""","""American Breakfast Burritos""","""1x Mineral Water""",DELIVERED,78000,7800000,0,0,0,0,0,0,0,0,-,78000,7800000,IDR,"September 24, 2026 11:30:17AM","September 24, 2026 02:30:21PM",1,1,delivery,Other,Other,-,0,0,0,0,0,0,-,-,0,0,21 min 8 sec
78220912,001270143990-C8JCEPUWABWKN2,GF-514,GrabFood,,"""American Breakfast Club""",Kemang,"""1x Sandwich - 2 Scrambled Eggs, Mock Chicken, Cheddar Cheese Mix, Brioche Bun, 1x 2 Pancakes - Blueberries, Butter, Maple Syrup""","""American Breakfast Sandwiches,American Breakfast Pancakes""","""N/A""",DELIVERED,116000,11600000,0,0,0,0,0,0,23200,2320000,-,92800,9280000,IDR,"September 24, 2026 11:20:45AM","September 24, 2026 12:00:47PM",2,2,delivery,Other,Other,-,23200,2320000,0,0,0,0,-,-,0,0,N/A
78219548,00177928955-C8JCEK2DPAECN2,GF-823,GrabFood,,"""Herbox""",Greenville,"""1x Rica Rica Vegan Vegetarian Ricebox, 1x Pesmol Vegan Vegetarian Ricebox""","""Ricebox""","""N/A""",DELIVERED,78000,7800000,0,0,0,0,0,0,15600,1560000,-,62400,6240000,IDR,"September 24, 2026 11:07:34AM","September 24, 2026 11:46:49AM",2,2,delivery,Other,Other,-,15600,1560000,0,0,0,0,-,-,0,0,N/A
78218828,001507432490-C8JCEJMUUGDZSA,GF-998,GrabFood,,"""Herbox""",Greenville,"""1x Kung Paow Chick Vegan Vegetarian Ricebox""","""Ricebox""","""1x Sendok, Garpu, Tissue, Tusuk Gigi""",DELIVERED,40500,4050000,0,0,0,0,0,0,10800,1080000,-,29700,2970000,IDR,"September 24, 2026 10:59:33AM","September 24, 2026 11:35:38AM",1,1,delivery,Other,Other,-,10800,1080000,0,0,0,0,-,-,0,0,7 min 40 sec
78217832,00145171719-C8JCEF2GDBU1PA,GF-539,GrabFood,,"""American Breakfast Club""",Kemang,"""1x Mushroom Omelette - Mushrooms, Spinach, Side Tater Tots, 1x Cheese Omelette - Side Tater Tots, 1x Cutleries""","""American Breakfast Omelettes""","""N/A""",DELIVERED,126600,12660000,0,0,0,0,0,0,25200,2520000,-,101400,10140000,IDR,"September 24, 2026 10:48:37AM","September 24, 2026 11:33:09AM",3,3,delivery,Other,Other,-,25200,2520000,0,0,0,0,-,-,0,0,N/A
78216530,00107124133-C8JCECACC4MGGX,GF-622,GrabFood,,"""American Breakfast Club""",Kemang,"""1x Burrito - Mock Beef, 2 Scrambled Eggs, Cheddar, Avocado, Tater Tots,""","""American Breakfast Burritos""","""1x Truffle Home Fries""",DELIVERED,108000,10800000,0,0,0,0,0,0,0,0,-,108000,10800000,IDR,"September 24, 2026 10:33:31AM","September 24, 2026 11:14:26AM",1,1,delivery,Other,Other,-,0,0,0,0,0,0,-,-,0,0,N/A
78215151,00148916440-C8JCDGAGT222C6,GF-729,GrabFood,,"""American Breakfast Club""",Kemang,"""1x Burrito - Mock Beef, 2 Scrambled Eggs, Cheddar, Avocado, Tater Tots,""","""American Breakfast Burritos""","""N/A""",DELIVERED,68000,6800000,0,0,0,0,0,0,0,0,-,68000,6800000,IDR,"September 24, 2026 10:16:58AM","September 24, 2026 11:10:06AM",1,1,delivery,Other,Other,-,0,0,0,0,0,0,-,-,0,0,N/A
78214663,001715350352-C8JCDE51PCKCNX,GF-665,GrabFood,,"""People Pasta""",Greenville,"""1x Cacio e Pepe - Vegetarian - Plantbased, 1x Creamy Mushroom - Vegetarian - Plantbased, 1x Vegan Chicken Crispy Burger""","""Signature Pasta,Meatless Burgers""","""1x Fusili, 1x Spaghetti""",DELIVERED,136000,13600000,0,0,0,0,0,0,0,0,-,136000,13600000,IDR,"September 24, 2026 10:09:47AM","September 24, 2026 11:02:47AM",3,3,delivery,Other,Other,-,0,0,0,0,0,0,-,-,0,0,N/A
78214351,F-3367668903,2317,gofood,,"""American Breakfast Club""",Kemang,"""1x Cheese Omelette - Side Tater Tots, 1x Sandwich - 2 Scrambled Eggs, Mock Chicken, Cheddar Cheese Mix, Brioche Bun""","""American Breakfast Omelettes,American Breakfast Sandwiches""","""N/A""",DELIVERED,116000,11600000,0,0,0,0,4000,400000,52200,5220000,-,96510,9651000,IDR,"September 24, 2026 10:04:42AM","September 24, 2026 10:47:05AM",2,2,delivery,N/A,N/A,-,23490,2349000,28710,2871000,0,0,-,-,0,0,N/A
78212606,F-3367642549,8537,gofood,,"""American Breakfast Club""",Kemang,"""1x Burrito - Mock Chicken, 2 Scrambled Eggs, Cheddar, Avocado, Tater Tots""","""American Breakfast Burritos""","""N/A""",DELIVERED,68000,6800000,0,0,0,0,4000,400000,0,0,-,72000,7200000,IDR,"September 24, 2026 09:33:27AM","September 24, 2026 10:06:22AM",1,1,delivery,N/A,N/A,-,0,0,0,0,0,0,-,-,0,0,N/A
78212540,F-3367641457,8115,gofood,,"""American Breakfast Club""",Kemang,"""1x Burrito - 2 Scrambled Eggs, Cheddar, Avocado, Tater Tots""","""American Breakfast Burritos""","""1x Chick Nugget""",DELIVERED,93000,9300000,0,0,0,0,4000,400000,41900,4190000,-,78145,7814500,IDR,"September 24, 2026 09:32:05AM","September 24, 2026 10:46:00AM",1,1,delivery,N/A,N/A,-,18855,1885500,23045,2304500,0,0,-,-,0,0,N/A
78212112,001352134719-C8JCC3N3EU5VKA,GF-544,GrabFood,,"""LA Breakfast Club""",Greenville,"""1x Blueberry Pancakes (2 Pcs), 1x Cheese Omelette - Side of Tater Tots""","""LA Breakfast Pancakes,LA Breakfast Omelettes""","""N/A""",DELIVERED,144000,14400000,0,0,0,0,0,0,39000,3900000,-,105000,10500000,IDR,"September 24, 2026 09:24:05AM","September 24, 2026 09:58:04AM",2,2,delivery,Other,Other,-,39000,3900000,0,0,0,0,-,-,0,0,N/A
78211140,0019831227-C8JCCXMAUE2DR2,GF-910,GrabFood,,"""People Pasta""",Greenville,"""1x Creamy Mushroom - Vegetarian - Plantbased""","""Signature Pasta""","""1x Fusili""",DELIVERED,44000,4400000,0,0,0,0,0,0,0,0,-,44000,4400000,IDR,"September 24, 2026 08:59:30AM","September 24, 2026 09:28:23AM",1,1,delivery,Other,Other,-,0,0,0,0,0,0,-,-,0,0,N/A
78211136,00122966337-C8JCCXL2TF42LN,GF-744,GrabFood,,"""People Pasta""",Greenville,"""1x Meat-less Burger - Vegan, 1x Vegan Chicken Crispy Burger, 1x Chicken Nugget - Vegan, 1x Creamy Mushroom - Vegetarian - Plantbased""","""Signature Pasta,Meatless Burgers""","""1x Spaghetti""",DELIVERED,176000,17600000,0,0,0,0,0,0,0,0,-,176000,17600000,IDR,"September 24, 2026 08:59:28AM","September 24, 2026 09:25:23AM",4,4,delivery,Other,Other,-,0,0,0,0,0,0,-,-,0,0,N/A
78211032,00161948946-C8JCCVL1VA3EGN,GF-381,GrabFood,,"""American Breakfast Club""",Greenville,"""1x Burrito - Mock Chicken, 2 Scrambled Eggs, Cheddar, Avocado, Tater Tots""","""American Breakfast Burritos""","""N/A""",DELIVERED,68000,6800000,0,0,0,0,0,0,10200,1020000,-,57800,5780000,IDR,"September 24, 2026 08:56:09AM","September 24, 2026 09:39:16AM",1,1,delivery,Other,Other,-,10200,1020000,0,0,0,0,-,-,0,0,11 min 7 sec
78210856,0013613963-C8JCCUVVABM1L6,GF-345,GrabFood,,"""American Breakfast Club""",Greenville,"""1x Burrito - Mock Beef, 2 Scrambled Eggs, Cheddar, Avocado, Tater Tots,, 1x Burrito - Mock Chicken, 2 Scrambled Eggs, Cheddar, Avocado, Tater Tots""","""American Breakfast Burritos""","""N/A""",DELIVERED,136000,13600000,0,0,0,0,0,0,22400,2240000,-,113600,11360000,IDR,"September 24, 2026 08:51:04AM","September 24, 2026 09:10:37AM",2,2,delivery,Other,Other,-,22400,2240000,0,0,0,0,-,-,0,0,10 min 58 sec
78210355,001834168743-C8JCCPUGJECDJE,GF-829,GrabFood,,"""American Breakfast Club""",Greenville,"""1x Burrito - 2 Scrambled Eggs, Cheddar, Avocado, Tater Tots""","""American Breakfast Burritos""","""N/A""",DELIVERED,58000,5800000,0,0,0,0,0,0,11700,1170000,-,46300,4630000,IDR,"September 24, 2026 08:33:56AM","September 24, 2026 09:01:03AM",1,1,delivery,Other,Other,-,11700,1170000,0,0,0,0,-,-,0,0,N/A
78210290,00157043195-C8JCCPJTFFUWLX,GF-235,GrabFood,,"""American Breakfast Club""",Kemang,"""1x Burrito - 2 Scrambled Eggs, Cheddar, Avocado, Tater Tots""","""American Breakfast Burritos""","""N/A""",DELIVERED,58000,5800000,0,0,0,0,0,0,11600,1160000,-,46400,4640000,IDR,"September 24, 2026 08:32:03AM","September 24, 2026 09:11:57AM",1,1,delivery,Other,Other,-,11600,1160000,0,0,0,0,-,-,0,0,N/A
78210250,F-3367600457,7673,gofood,,"""American Breakfast Club""",Kemang,"""1x Burrito - Mock Beef, 2 Scrambled Eggs, Cheddar, Avocado, Tater Tots,""","""American Breakfast Burritos""","""N/A""",DELIVERED,68000,6800000,0,0,0,0,4000,400000,30400,3040000,-,62820,6282000,IDR,"September 24, 2026 08:29:59AM","September 24, 2026 09:00:14AM",1,1,delivery,N/A,N/A,-,9180,918000,21220,2122000,0,0,-,-,0,0,N/A
78210040,F-3367596503,9888,gofood,,"""LA Breakfast Club""",Greenville,"""1x Mock Beef Sandwich""","""LA Breakfast Sandwiches""","""1x Mayo""",DELIVERED,74000,7400000,0,0,0,0,0,0,0,0,-,74000,7400000,IDR,"September 24, 2026 08:22:50AM","September 24, 2026 08:45:55AM",1,1,delivery,N/A,N/A,-,0,0,0,0,0,0,-,-,0,0,N/A
78209861,0017276058-C8JCCKNDEZEBRJ,GF-617,GrabFood,,"""American Breakfast Club""",Greenville,"""1x Cheese Omelette - Side Tater Tots, 1x Sandwich - 2 Scrambled Eggs, Mock Chicken, Cheddar Cheese Mix, Brioche Bun""","""American Breakfast Omelettes,American Breakfast Sandwiches""","""N/A""",DELIVERED,116000,11600000,0,0,0,0,0,0,17400,1740000,-,98600,9860000,IDR,"September 24, 2026 08:16:33AM","September 24, 2026 08:42:19AM",2,2,delivery,Other,Other,-,17400,1740000,0,0,0,0,-,-,0,0,N/A
78209367,0013492968-C8JCCFKWVPLZDE,GF-276,GrabFood,,"""American Breakfast Club""",Kemang,"""1x Burrito - 2 Scrambled Eggs, Cheddar, Avocado, Tater Tots""","""American Breakfast Burritos""","""1x Cutleries""",DELIVERED,58600,5860000,0,0,0,0,0,0,11600,1160000,-,47000,4700000,IDR,"September 24, 2026 07:59:03AM","September 24, 2026 08:27:29AM",1,1,delivery,Other,Other,-,11600,1160000,0,0,0,0,-,-,0,0,N/A
78209188,0015109385-C8JCCCNWJXVDRJ,GF-032,GrabFood,,"""American Breakfast Club""",Kemang,"""1x Burrito - 2 Scrambled Eggs, Cheddar, Avocado, Tater Tots""","""American Breakfast Burritos""","""N/A""",DELIVERED,58000,5800000,0,0,0,0,0,0,11600,1160000,-,46400,4640000,IDR,"September 24, 2026 07:50:03AM","September 24, 2026 08:28:39AM",1,1,delivery,Other,Other,-,11600,1160000,0,0,0,0,-,-,0,0,N/A
78208957,001086388672-C8JCCA3CVBWFNX,GF-327,GrabFood,,"""American Breakfast Club""",Kemang,"""1x 2 Pancakes - Butter, Maple Syrup, 1x Cheese Omelette - Side Tater Tots, 1x Burrito - 2 Scrambled Eggs, Cheddar, Avocado, Tater Tots""","""American Breakfast Pancakes,American Breakfast Omelettes,American Breakfast Burritos""","""N/A""",DELIVERED,164000,16400000,0,0,0,0,0,0,32800,3280000,-,131200,13120000,IDR,"September 24, 2026 07:38:54AM","September 24, 2026 08:14:29AM",3,3,delivery,Other,Other,-,32800,3280000,0,0,0,0,-,-,0,0,N/A
78208806,00167479973-C8JCBGD3TY6WE2,GF-105,GrabFood,,"""American Breakfast Club""",Greenville,"""1x Burrito - Mock Chicken, 2 Scrambled Eggs, Cheddar, Avocado, Tater Tots""","""American Breakfast Burritos""","""N/A""",DELIVERED,68000,6800000,0,0,0,0,0,0,13200,1320000,-,54800,5480000,IDR,"September 24, 2026 07:31:30AM","September 24, 2026 08:05:58AM",1,1,delivery,Other,Other,-,13200,1320000,0,0,0,0,-,-,0,0,N/A
78208785,F-3367573561,4595,gofood,,"""American Breakfast Club""",Greenville,"""1x Burrito - Mock Katsu, 2 Scrambled Eggs, Cheddar, Avocado, Tater Tots, 1x Cheese Omelette - Side Tater Tots""","""American Breakfast Burritos,American Breakfast Omelettes""","""1x Chick Nugget""",DELIVERED,135800,13580000,0,0,0,0,4000,400000,61200,6120000,-,112260,11226000,IDR,"September 24, 2026 07:29:42AM","September 24, 2026 08:06:04AM",2,2,delivery,N/A,N/A,-,27540,2754000,33660,3366000,0,0,-,-,0,0,N/A
78208733,0019571670-C8JCBFTYVKNGA2,GF-849,GrabFood,,"""American Breakfast Club""",Kemang,"""1x Mushroom Omelette - Mushrooms, Spinach, Side Tater Tots""","""American Breakfast Omelettes""","""N/A""",DELIVERED,68000,6800000,0,0,0,0,0,0,13600,1360000,-,54400,5440000,IDR,"September 24, 2026 07:27:07AM","September 24, 2026 08:24:19AM",1,1,delivery,Other,Other,-,13600,1360000,0,0,0,0,-,-,0,0,N/A
78208629,00118638164-C8JCBEWKMBAZDA,GF-380,GrabFood,,"""American Breakfast Club""",Kemang,"""1x Burrito - 2 Scrambled Eggs, Cheddar, Avocado, Tater Tots""","""American Breakfast Burritos""","""1x Cutleries""",DELIVERED,58600,5860000,0,0,0,0,0,0,11600,1160000,-,47000,4700000,IDR,"September 24, 2026 07:21:20AM","September 24, 2026 07:41:57AM",1,1,delivery,Other,Other,-,11600,1160000,0,0,0,0,-,-,0,0,N/A
78208470,F-3367567598,8138,gofood,,"""American Breakfast Club""",Kemang,"""1x Cheese Omelette - Side Tater Tots, 1x Burrito - 2 Scrambled Eggs, Cheddar, Avocado, Tater Tots""","""American Breakfast Omelettes,American Breakfast Burritos""","""N/A""",DELIVERED,116000,11600000,0,0,0,0,4000,400000,62200,6220000,-,96510,9651000,IDR,"September 24, 2026 07:12:17AM","September 24, 2026 07:38:19AM",2,2,delivery,N/A,N/A,-,23490,2349000,38710,3871000,0,0,-,-,0,0,N/A
78208276,00109862275-C8JCBADFKF6KVE,GF-605,GrabFood,,"""American Breakfast Club""",Greenville,"""2x Burrito - 2 Scrambled Eggs, Cheddar, Avocado, Tater Tots""","""American Breakfast Burritos""","""2x Cutleries""",DELIVERED,119000,11900000,0,0,0,0,0,0,17400,1740000,-,101600,10160000,IDR,"September 24, 2026 07:01:15AM","September 24, 2026 07:37:48AM",2,1,delivery,Other,Other,-,17400,1740000,0,0,0,0,-,-,0,0,N/A
78207997,001964365622-C8JCA3JGRBCWAT,GF-315,GrabFood,,"""LA Breakfast Club""",Greenville,"""2x Cheese Omelette - Side of Tater Tots""","""LA Breakfast Omelettes""","""N/A""",DELIVERED,140000,14000000,0,0,0,0,0,0,38000,3800000,-,102000,10200000,IDR,"September 24, 2026 06:40:30AM","September 24, 2026 07:13:21AM",2,1,delivery,Other,Other,-,38000,3800000,0,0,0,0,-,-,0,0,N/A
78207989,00103817808-C8JCA3VUHFDHEX,GF-719,GrabFood,,"""LA Breakfast Club""",Greenville,"""1x Mushroom Omelette - Mushrooms, Spinach, Side of Tater Tots""","""LA Breakfast Omelettes""","""N/A""",DELIVERED,82000,8200000,0,0,0,0,0,0,20500,2050000,-,61500,6150000,IDR,"September 24, 2026 06:39:56AM","September 24, 2026 07:10:12AM",1,1,delivery,Other,Other,-,20500,2050000,0,0,0,0,-,-,0,0,N/A
78191650,001082751894-C8JBPF4WNY6HNA,GF-915,GrabFood,,"""American Breakfast Club""",Greenville,"""1x Burrito - Mock Beef, 2 Scrambled Eggs, Cheddar, Avocado, Tater Tots,""","""American Breakfast Burritos""","""N/A""",DELIVERED,68000,6800000,0,0,0,0,0,0,10200,1020000,-,57800,5780000,IDR,"September 23, 2026 08:22:45PM","September 23, 2026 09:16:11PM",1,1,delivery,Other,Other,-,10200,1020000,0,0,0,0,-,-,0,0,16 min 39 sec
78189861,F-3367368556,5164,gofood,,"""Herbox""",Greenville,"""1x Beef Mentai Vegan Vegetarian Rice, 1x Katsu Wrap vegan Herbox""","""Mentai Vegan,Wrap Series""","""2x French Fries""",DELIVERED,144400,14440000,0,0,0,0,4000,400000,67000,6700000,-,119150,11915000,IDR,"September 23, 2026 08:04:51PM","September 23, 2026 08:35:33PM",2,2,delivery,N/A,N/A,-,29250,2925000,37750,3775000,0,0,-,-,0,0,N/A
78185445,0011745453-C8JBN2XVBEWUVJ,GF-542,GrabFood,,"""People Pasta""",Greenville,"""1x Truffle Fries, 1x Meat-less Burger - Vegan, 1x Creamy Mushroom - Vegetarian - Plantbased""","""Meatless Burgers,Signature Pasta""","""1x Spaghetti""",DELIVERED,122000,12200000,0,0,0,0,0,0,24000,2400000,-,98000,9800000,IDR,"September 23, 2026 07:25:02PM","September 23, 2026 07:54:01PM",3,3,delivery,Other,Other,-,24000,2400000,0,0,0,0,-,-,0,0,17 min 29 sec
78181709,F-3367259196,4723,gofood,,"""Tyfel Coffee""",Greenville,"""1x Original Pancake""","""Breakfast Pancakes""","""N/A""",DELIVERED,48000,4800000,0,0,0,0,4000,400000,0,0,-,52000,5200000,IDR,"September 23, 2026 06:52:17PM","September 23, 2026 07:23:16PM",1,1,delivery,N/A,N/A,-,0,0,0,0,0,0,-,-,0,0,N/A
78177359,001683495715-C8JBNJWFTTEYAE,GF-288,GrabFood,,"""Herbox""",Greenville,"""1x Nasi Goreng Sedap Malam Vegan Vegetarian""","""Nasi Goreng Special""","""N/A""",DELIVERED,35000,3500000,0,0,0,0,0,0,7000,700000,-,28000,2800000,IDR,"September 23, 2026 06:17:55PM","September 23, 2026 06:56:46PM",1,1,delivery,Other,Other,-,7000,700000,0,0,0,0,-,-,0,0,8 min 57 sec
78175959,001531023937-C8JBNFKTEUT3N2,GF-643,GrabFood,,"""People Pasta""",Greenville,"""1x Creamy Mushroom - Vegetarian - Plantbased""","""Signature Pasta""","""1x Spaghetti""",DELIVERED,43000,4300000,0,0,0,0,0,0,3000,300000,-,40000,4000000,IDR,"September 23, 2026 06:05:43PM","September 23, 2026 06:48:54PM",1,1,delivery,Other,Other,-,3000,300000,0,0,0,0,-,-,0,0,11 min 25 sec
78175366,F-3367173630,3248,gofood,,"""American Breakfast Club""",Greenville,"""2x Burrito - Mock Katsu, 2 Scrambled Eggs, Cheddar, Avocado, Tater Tots, 2x Burrito - Mock Chicken, 2 Scrambled Eggs, Cheddar, Avocado, Tater Tots, 1x Home Fries""","""American Breakfast Burritos,Sides""","""N/A""",DELIVERED,240000,24000000,0,0,0,0,4000,400000,120000,12000000,-,195400,19540000,IDR,"September 23, 2026 05:59:45PM","September 23, 2026 06:39:59PM",5,3,delivery,N/A,N/A,-,48600,4860000,71400,7140000,0,0,-,-,0,0,N/A
78168370,0012437278-C8JBL6JWDEEHCJ,GF-954,GrabFood,,"""People Pasta""",Greenville,"""1x Cacio e Pepe - Vegetarian - Plantbased""","""Signature Pasta""","""1x Fettucine""",DELIVERED,44000,4400000,0,0,0,0,0,0,9240,924000,-,34760,3476000,IDR,"September 23, 2026 04:52:03PM","September 23, 2026 05:40:10PM",1,1,delivery,Other,Other,-,9240,924000,0,0,0,0,-,-,0,0,10 min 34 sec
78155029,F-3366912188,4342,gofood,,"""American Breakfast Club""",Kemang,"""1x Burrito - Mock Katsu, 2 Scrambled Eggs, Cheddar, Avocado, Tater Tots, 1x Sandwich - 2 Scrambled Eggs Mock Beef, Cheddar Cheese  on a wavy brioche bun""","""American Breakfast Burritos,American Breakfast Sandwiches""","""N/A""",DELIVERED,126000,12600000,0,0,0,0,4000,400000,0,0,-,130000,13000000,IDR,"September 23, 2026 01:55:42PM","September 23, 2026 02:28:50PM",2,2,delivery,N/A,N/A,-,0,0,0,0,0,0,-,-,0,0,N/A
78152420,001686525699-C8JBJUAYLXEVRN,GF-371,GrabFood,,"""American Breakfast Club""",Kemang,"""2x Burrito - Mock Beef, 2 Scrambled Eggs, Cheddar, Avocado, Tater Tots,""","""American Breakfast Burritos""","""N/A""",DELIVERED,136000,13600000,0,0,0,0,0,0,0,0,-,136000,13600000,IDR,"September 23, 2026 01:20:28PM","September 23, 2026 02:13:00PM",2,1,delivery,Other,Other,-,0,0,0,0,0,0,-,-,0,0,28 min 56 sec
78151599,00118218468-C8JBJP4DGUD3NE,GF-539,GrabFood,,"""American Breakfast Club""",Kemang,"""1x Burrito - 2 Scrambled Eggs, Cheddar, Avocado, Tater Tots, 1x Mushroom Omelette - Mushrooms, Spinach, Side Tater Tots""","""American Breakfast Burritos,American Breakfast Omelettes""","""N/A""",DELIVERED,126000,12600000,0,0,13000,1300000,0,0,135200,13520000,-,100800,10080000,IDR,"September 23, 2026 01:09:12PM","September 23, 2026 01:45:18PM",2,2,delivery,Cash,Cash,-,25200,2520000,110000,11000000,0,0,-,-,0,0,N/A
78143618,F-3366736063,2832,gofood,,"""American Breakfast Club""",Kemang,"""1x Burrito - Mock Beef, 2 Scrambled Eggs, Cheddar, Avocado, Tater Tots,""","""American Breakfast Burritos""","""N/A""",DELIVERED,68000,6800000,0,0,0,0,4000,400000,30400,3040000,-,62820,6282000,IDR,"September 23, 2026 11:36:44AM","September 23, 2026 11:58:59AM",1,1,delivery,N/A,N/A,-,9180,918000,21220,2122000,0,0,-,-,0,0,N/A
78142576,F-3366719914,5572,gofood,,"""American Breakfast Club""",Kemang,"""1x Burrito - 2 Scrambled Eggs, Cheddar, Avocado, Tater Tots""","""American Breakfast Burritos""","""1x Tatter Tots""",DELIVERED,88000,8800000,0,0,0,0,4000,400000,49600,4960000,-,74180,7418000,IDR,"September 23, 2026 11:26:08AM","September 23, 2026 11:52:08AM",1,1,delivery,N/A,N/A,-,17820,1782000,31780,3178000,0,0,-,-,0,0,N/A
78142198,001409973858-C8JBG66BUAUDT2,GF-691,GrabFood,,"""American Breakfast Club""",Kemang,"""1x Burrito - Mock Chicken, 2 Scrambled Eggs, Cheddar, Avocado, Tater Tots""","""American Breakfast Burritos""","""N/A""",DELIVERED,68000,6800000,0,0,0,0,0,0,0,0,-,68000,6800000,IDR,"September 23, 2026 11:23:11AM","September 23, 2026 11:54:47AM",1,1,delivery,Other,Other,-,0,0,0,0,0,0,-,-,0,0,N/A
78141704,00100391194-C8JBG6JVBF4XMA,GF-260,GrabFood,,"""American Breakfast Club""",Kemang,"""1x Burrito - 2 Scrambled Eggs, Cheddar, Avocado, Tater Tots""","""American Breakfast Burritos""","""N/A""",DELIVERED,58000,5800000,0,0,0,0,0,0,11600,1160000,-,46400,4640000,IDR,"September 23, 2026 11:18:43AM","September 23, 2026 12:13:29PM",1,1,delivery,Other,Other,-,11600,1160000,0,0,0,0,-,-,0,0,N/A
78140573,00104921953-C8JBG2XALKXZLX,GF-698,GrabFood,,"""Tyfel Coffee""",Greenville,"""1x Nachos - Vegan-option, 1x Meatless Burger - Vegan Plantbased""","""Lite Bites,Brunch""","""N/A""",DELIVERED,85000,8500000,0,0,0,0,0,0,31280,3128000,-,53720,5372000,IDR,"September 23, 2026 11:07:50AM","September 23, 2026 11:41:00AM",2,2,delivery,Other,Other,-,31280,3128000,0,0,0,0,-,-,0,0,10 min 22 sec
78138164,F-3366656378,4781,gofood,,"""Herbox""",Greenville,"""1x Kung Paow Chick Vegan Vegetarian Ricebox""","""Ricebox""","""N/A""",DELIVERED,31200,3120000,0,0,0,0,4000,400000,2000,200000,-,35200,3520000,IDR,"September 23, 2026 10:41:44AM","September 23, 2026 11:18:01AM",1,1,delivery,N/A,N/A,-,0,0,2000,200000,0,0,-,-,0,0,9 min 36 sec
78137826,001286098163-C8JBGUX1LU4HJX,GF-175,GrabFood,,"""American Breakfast Club""",Kemang,"""1x Burrito - 2 Scrambled Eggs, Cheddar, Avocado, Tater Tots, 1x Cheese Omelette - Side Tater Tots""","""American Breakfast Burritos,American Breakfast Omelettes""","""2x Cutleries""",DELIVERED,117200,11720000,0,0,0,0,0,0,23200,2320000,-,94000,9400000,IDR,"September 23, 2026 10:38:27AM","September 23, 2026 01:38:31PM",2,2,delivery,Other,Other,-,23200,2320000,0,0,0,0,-,-,0,0,N/A
78136358,F-3366629732,4296,gofood,,"""American Breakfast Club""",Kemang,"""1x Burrito - Mock Beef, 2 Scrambled Eggs, Cheddar, Avocado, Tater Tots,""","""American Breakfast Burritos""","""N/A""",DELIVERED,68000,6800000,0,0,0,0,4000,400000,30400,3040000,-,62820,6282000,IDR,"September 23, 2026 10:19:02AM","September 23, 2026 10:53:40AM",1,1,delivery,N/A,N/A,-,9180,918000,21220,2122000,0,0,-,-,0,0,N/A
78134628,00137938990-C8JBGGJBGVMGHA,GF-119,GrabFood,,"""American Breakfast Club""",Kemang,"""1x Burrito - 2 Scrambled Eggs, Cheddar, Avocado, Tater Tots""","""American Breakfast Burritos""","""N/A""",DELIVERED,58000,5800000,0,0,0,0,0,0,11600,1160000,-,46400,4640000,IDR,"September 23, 2026 09:51:51AM","September 23, 2026 10:36:43AM",1,1,delivery,Other,Other,-,11600,1160000,0,0,0,0,-,-,0,0,N/A
78134389,00112155259-C8JBGFN3JFB2DA,GF-865,GrabFood,,"""American Breakfast Club""",Kemang,"""1x Sandwich - 2 Scrambled Eggs melty cheddar cheese on a wavy brioche bun""","""American Breakfast Sandwiches""","""1x Cutleries, 1x Home Fries""",DELIVERED,75600,7560000,0,0,0,0,0,0,9000,900000,-,66600,6660000,IDR,"September 23, 2026 09:46:51AM","September 23, 2026 10:50:17AM",1,1,delivery,Other,Other,-,9000,900000,0,0,0,0,-,-,0,0,N/A
78134359,0018431562-C8JBGFMGJKUKC2,GF-907,GrabFood,,"""American Breakfast Club""",Kemang,"""5x Sandwich - 2 Scrambled Eggs melty cheddar cheese on a wavy brioche bun""","""American Breakfast Sandwiches""","""N/A""",DELIVERED,225000,22500000,0,0,0,0,0,0,45000,4500000,-,180000,18000000,IDR,"September 23, 2026 09:46:17AM","September 23, 2026 11:16:57AM",5,1,delivery,Other,Other,-,45000,4500000,0,0,0,0,-,-,0,0,N/A
78134171,001311977773-C8JBGE6DUGDXFA,GF-077,GrabFood,,"""American Breakfast Club""",Kemang,"""1x Burrito - 2 Scrambled Eggs, Cheddar, Avocado, Tater Tots""","""American Breakfast Burritos""","""N/A""",DELIVERED,58000,5800000,0,0,0,0,0,0,11600,1160000,-,46400,4640000,IDR,"September 23, 2026 09:43:15AM","September 23, 2026 10:09:17AM",1,1,delivery,Other,Other,-,11600,1160000,0,0,0,0,-,-,0,0,N/A
78133801,0011463984-C8JBGCNBG6T1A2,GF-991,GrabFood,,"""American Breakfast Club""",Kemang,"""1x Burrito - 2 Scrambled Eggs, Cheddar, Avocado, Tater Tots""","""American Breakfast Burritos""","""1x Cutleries""",DELIVERED,58600,5860000,0,0,0,0,0,0,11600,1160000,-,47000,4700000,IDR,"September 23, 2026 09:36:33AM","September 23, 2026 10:18:26AM",1,1,delivery,Other,Other,-,11600,1160000,0,0,0,0,-,-,0,0,N/A
78133797,F-3366590177,7593,gofood,,"""American Breakfast Club""",Kemang,"""1x Cheese Omelette - Side Tater Tots, 1x Burrito - Mock Fish, 2 Scrambled Eggs, Cheddar, Avocado, Tater Tots,""","""American Breakfast Omelettes,American Breakfast Burritos""","""N/A""",DELIVERED,126000,12600000,0,0,0,0,4000,400000,56700,5670000,-,104485,10448500,IDR,"September 23, 2026 09:35:51AM","September 23, 2026 10:08:08AM",2,2,delivery,N/A,N/A,-,25515,2551500,31185,3118500,0,0,-,-,0,0,N/A
78133572,001730054738-C8JBGBX1PFKFJJ,GF-716,GrabFood,,"""People Pasta""",Greenville,"""1x Creamy Mushroom - Vegetarian - Plantbased""","""Signature Pasta""","""1x Fusili""",DELIVERED,44000,4400000,0,0,0,0,0,0,3000,300000,-,41000,4100000,IDR,"September 23, 2026 09:31:47AM","September 23, 2026 09:49:30AM",1,1,delivery,Other,Other,-,3000,300000,0,0,0,0,-,-,0,0,6 min 0 sec
78133502,00108981798-C8JBGBTVLT5XG2,GF-653,GrabFood,,"""American Breakfast Club""",Kemang,"""1x Burrito - Mock Beef, 2 Scrambled Eggs, Cheddar, Avocado, Tater Tots,""","""American Breakfast Burritos""","""N/A""",DELIVERED,68000,6800000,0,0,0,0,0,0,0,0,-,68000,6800000,IDR,"September 23, 2026 09:30:24AM","September 23, 2026 10:14:58AM",1,1,delivery,Other,Other,-,0,0,0,0,0,0,-,-,0,0,N/A
78132807,001344835704-C8JBFF2WEUNJRX,GF-514,GrabFood,,"""American Breakfast Club""",Kemang,"""1x Burrito - 2 Scrambled Eggs, Cheddar, Avocado, Tater Tots""","""American Breakfast Burritos""","""1x Mineral Water""",DELIVERED,68000,6800000,0,0,0,0,0,0,11600,1160000,-,56400,5640000,IDR,"September 23, 2026 09:15:24AM","September 23, 2026 09:36:54AM",1,1,delivery,Other,Other,-,11600,1160000,0,0,0,0,-,-,0,0,N/A
78132286,F-3366564023,9244,gofood,,"""American Breakfast Club""",Greenville,"""3x Burrito - Mock Beef, 2 Scrambled Eggs, Cheddar, Avocado, Tater Tots,, 3x 2 Pancakes - Chocolate Chips, Butter, Maple Syrup, 2x Tater Tots""","""Sides,American Breakfast Burritos,American Breakfast Pancakes""","""N/A""",DELIVERED,347200,34720000,0,0,0,0,4000,400000,136000,13600000,-,295400,29540000,IDR,"September 23, 2026 09:00:40AM","September 23, 2026 09:26:22AM",8,3,delivery,N/A,N/A,-,55800,5580000,80200,8020000,0,0,-,-,0,0,N/A
78132044,001933802476-C8JBFBBKA4NTMA,GF-948,GrabFood,,"""American Breakfast Club""",Kemang,"""2x Sandwich - 2 Scrambled Eggs Mock Beef, Cheddar Cheese  on a wavy brioche bun""","""American Breakfast Sandwiches""","""2x Cutleries, 2x Home Fries""",DELIVERED,177200,17720000,0,0,0,0,0,0,23200,2320000,-,154000,15400000,IDR,"September 23, 2026 08:53:59AM","September 23, 2026 10:23:29AM",2,1,delivery,Other,Other,-,23200,2320000,0,0,0,0,-,-,0,0,N/A
78131531,F-3366550259,4251,gofood,,"""American Breakfast Club""",Kemang,"""1x Cheese Omelette - Side Tater Tots""","""American Breakfast Omelettes""","""N/A""",DELIVERED,58000,5800000,0,0,0,0,4000,400000,10000,1000000,-,62000,6200000,IDR,"September 23, 2026 08:37:07AM","September 23, 2026 08:50:39AM",1,1,delivery,N/A,N/A,-,0,0,10000,1000000,0,0,-,-,0,0,N/A
78131286,001616033102-C8JBE4JAEA5CLE,GF-190,GrabFood,,"""American Breakfast Club""",Kemang,"""1x Sandwich - 2 Scrambled Eggs Mock Beef, Cheddar Cheese  on a wavy brioche bun""","""American Breakfast Sandwiches""","""1x Cutleries""",DELIVERED,58600,5860000,0,0,0,0,0,0,11600,1160000,-,47000,4700000,IDR,"September 23, 2026 08:28:30AM","September 23, 2026 08:47:03AM",1,1,delivery,Other,Other,-,11600,1160000,0,0,0,0,-,-,0,0,N/A
78131169,00186200610-C8JBE3UVEVAZAE,GF-958,GrabFood,,"""American Breakfast Club""",Kemang,"""1x Mushroom Omelette - Mushrooms, Spinach, Side Tater Tots, 1x Cheese Omelette - Side Tater Tots""","""American Breakfast Omelettes""","""2x Cutleries""",DELIVERED,127200,12720000,0,0,0,0,0,0,25200,2520000,-,102000,10200000,IDR,"September 23, 2026 08:24:02AM","September 23, 2026 08:49:15AM",2,2,delivery,Other,Other,-,25200,2520000,0,0,0,0,-,-,0,0,N/A
78131129,F-3366542174,3414,gofood,,"""American Breakfast Club""",Greenville,"""1x Burrito - 2 Scrambled Eggs, Cheddar, Avocado, Tater Tots""","""American Breakfast Burritos""","""1x Cutleries""",DELIVERED,47900,4790000,0,0,0,0,4000,400000,0,0,-,51900,5190000,IDR,"September 23, 2026 08:22:23AM","September 23, 2026 08:53:01AM",1,1,delivery,N/A,N/A,-,0,0,0,0,0,0,-,-,0,0,N/A
78131115,001395788910-C8JBE3LWAN6EA6,GF-540,GrabFood,,"""American Breakfast Club""",Kemang,"""1x Cheese Omelette - Side Tater Tots""","""American Breakfast Omelettes""","""N/A""",DELIVERED,58000,5800000,0,0,0,0,0,0,11600,1160000,-,46400,4640000,IDR,"September 23, 2026 08:22:44AM","September 23, 2026 09:08:43AM",1,1,delivery,Other,Other,-,11600,1160000,0,0,0,0,-,-,0,0,N/A
78131027,00113105542-C8JBE253KGBTAE,GF-271,GrabFood,,"""American Breakfast Club""",Greenville,"""1x Burrito - Mock Beef, 2 Scrambled Eggs, Cheddar, Avocado, Tater Tots,""","""American Breakfast Burritos""","""N/A""",DELIVERED,68000,6800000,0,0,0,0,0,0,10200,1020000,-,57800,5780000,IDR,"September 23, 2026 08:19:51AM","September 23, 2026 08:43:02AM",1,1,delivery,Other,Other,-,10200,1020000,0,0,0,0,-,-,0,0,N/A
78129129,0019230759-C8JBEAXGLVBYT2,GF-464,GrabFood,,"""Tyfel Coffee""",Greenville,"""1x Tyfel Burritos - Vegan, 1x Meatless Burger - Vegan Plantbased, 2x Fettucini Mushroom""","""Lite Bites,Brunch,Main Course""","""N/A""",DELIVERED,190000,19000000,0,0,0,0,0,0,65000,6500000,-,125000,12500000,IDR,"September 23, 2026 06:38:46AM","September 23, 2026 07:08:19AM",4,3,delivery,Other,Other,-,65000,6500000,0,0,0,0,-,-,0,0,N/A
78129099,001842438161-C8JBEAKECFJKG6,GF-603,GrabFood,,"""American Breakfast Club""",Greenville,"""1x Cheese Omelette - Side Tater Tots, 1x Burrito - 2 Scrambled Eggs, Cheddar, Avocado, Tater Tots""","""American Breakfast Burritos,American Breakfast Omelettes""","""N/A""",DELIVERED,116000,11600000,0,0,0,0,0,0,19400,1940000,-,96600,9660000,IDR,"September 23, 2026 06:35:59AM","September 23, 2026 07:00:47AM",2,2,delivery,Other,Other,-,19400,1940000,0,0,0,0,-,-,0,0,N/A
78111770,00115344887-C8JATPAKTREYV6,GF-432,GrabFood,,"""American Breakfast Club""",Greenville,"""1x Burrito - Mock Chicken, 2 Scrambled Eggs, Cheddar, Avocado, Tater Tots, 1x Sandwich - 2 Scrambled Eggs melty cheddar cheese on a wavy brioche bun""","""American Breakfast Sandwiches,American Breakfast Burritos""","""N/A""",DELIVERED,113000,11300000,0,0,0,0,0,0,16950,1695000,-,96050,9605000,IDR,"September 22, 2026 08:23:41PM","September 22, 2026 09:44:47PM",2,2,delivery,Other,Other,-,16950,1695000,0,0,0,0,-,-,0,0,9 min 14 sec
78105079,00139962953-C8JASGBVAKJ2UA,GF-580,GrabFood,,"""People Pasta""",Greenville,"""1x Vegan Chicken Crispy Burger""","""Meatless Burgers""","""N/A""",DELIVERED,49000,4900000,0,0,0,0,0,0,10290,1029000,-,38710,3871000,IDR,"September 22, 2026 07:24:02PM","September 22, 2026 07:44:15PM",1,1,delivery,Other,Other,-,10290,1029000,0,0,0,0,-,-,0,0,11 min 31 sec
78100144,001028200154-C8JAR64YNFD1NA,GF-727,GrabFood,,"""People Pasta""",Greenville,"""1x Creamy Mushroom - Vegetarian - Plantbased""","""Signature Pasta""","""1x Spaghetti""",DELIVERED,43000,4300000,0,0,0,0,0,0,9030,903000,-,33970,3397000,IDR,"September 22, 2026 06:42:45PM","September 22, 2026 07:10:07PM",1,1,delivery,Other,Other,-,9030,903000,0,0,0,0,-,-,0,0,N/A
78094522,F-3366110606,6845,gofood,,"""American Breakfast Club""",Greenville,"""1x Cheese Omelette - Side Tater Tots, 1x Mushroom Omelette - Mushrooms, Spinach, Side Tater Tots, 1x Tater Tots""","""American Breakfast Omelettes,Sides""","""N/A""",DELIVERED,123200,12320000,0,0,0,0,4000,400000,67500,6750000,-,102225,10222500,IDR,"September 22, 2026 05:52:13PM","September 22, 2026 06:13:48PM",3,3,delivery,N/A,N/A,-,24975,2497500,42525,4252500,0,0,-,-,0,0,N/A
78087201,001016397156-C8JAPF6KE2MBAA,GF-369,GrabFood,,"""Herbox""",Greenville,"""1x Rica Wrap""","""Wrap Series""","""1x Vegan Chicken Nugget""",DELIVERED,94000,9400000,0,0,0,0,0,0,14800,1480000,-,79200,7920000,IDR,"September 22, 2026 04:36:39PM","September 22, 2026 05:16:06PM",1,1,delivery,Other,Other,-,14800,1480000,0,0,0,0,-,-,0,0,17 min 20 sec
78081887,F-3365933414,6673,gofood,,"""American Breakfast Club""",Kemang,"""1x Burrito - Mock Beef, 2 Scrambled Eggs, Cheddar, Avocado, Tater Tots,""","""American Breakfast Burritos""","""1x Home Fries""",DELIVERED,98000,9800000,0,0,0,0,4000,400000,44100,4410000,-,82155,8215500,IDR,"September 22, 2026 03:10:12PM","September 22, 2026 03:49:06PM",1,1,delivery,N/A,N/A,-,19845,1984500,24255,2425500,0,0,-,-,0,0,45 sec
78081128,00185199192-C8JANVNUNZBWLT,GF-409,GrabFood,,"""American Breakfast Club""",Kemang,"""1x Burrito - 2 Scrambled Eggs, Cheddar, Avocado, Tater Tots, 1x Cheese Omelette - Side Tater Tots""","""American Breakfast Burritos,American Breakfast Omelettes""","""N/A""",DELIVERED,116000,11600000,0,0,0,0,0,0,23200,2320000,-,92800,9280000,IDR,"September 22, 2026 03:16:42PM","September 22, 2026 03:52:34PM",2,2,delivery,Other,Other,-,23200,2320000,0,0,0,0,-,-,0,0,11 min 37 sec
78079506,00178472656-C8JANPTWDGL3L6,GF-513,GrabFood,,"""American Breakfast Club""",Greenville,"""1x Burrito - Mock Chicken, 2 Scrambled Eggs, Cheddar, Avocado, Tater Tots""","""American Breakfast Burritos""","""N/A""",DELIVERED,68000,6800000,0,0,0,0,0,0,13200,1320000,-,54800,5480000,IDR,"September 22, 2026 02:53:43PM","September 22, 2026 03:15:05PM",1,1,delivery,Other,Other,-,13200,1320000,0,0,0,0,-,-,0,0,N/A
78073367,F-3365823043,6292,gofood,,"""American Breakfast Club""",Kemang,"""2x Tater Tots, 1x 2 Pancakes - Butter, Maple Syrup""","""Sides,American Breakfast Pancakes""","""N/A""",DELIVERED,104000,10400000,0,0,0,0,4000,400000,56800,5680000,-,86940,8694000,IDR,"September 22, 2026 01:19:03PM","September 22, 2026 01:40:36PM",3,2,delivery,N/A,N/A,-,21060,2106000,35740,3574000,0,0,-,-,0,0,N/A
78073083,001756275779-C8JAL8NEHBMJCA,GF-789,GrabFood,,"""American Breakfast Club""",Greenville,"""1x Sandwich - 2 Scrambled Eggs melty cheddar cheese on a wavy brioche bun, 1x 2 Pancakes - Chocolate Chips, Butter, Maple Syrup""","""American Breakfast Sandwiches,American Breakfast Pancakes""","""1x Cutleries, 1x Truffle Home Fries""",DELIVERED,144500,14450000,0,0,0,0,0,0,15450,1545000,-,129050,12905000,IDR,"September 22, 2026 01:19:57PM","September 22, 2026 03:00:02PM",2,2,delivery,Other,Other,-,15450,1545000,0,0,0,0,-,-,0,0,N/A
78067793,F-3365739062,6921,gofood,,"""American Breakfast Club""",Kemang,"""1x Burrito - 2 Scrambled Eggs, Cheddar, Avocado, Tater Tots""","""American Breakfast Burritos""","""1x Home Fries""",DELIVERED,88000,8800000,0,0,0,0,4000,400000,49600,4960000,-,74180,7418000,IDR,"September 22, 2026 12:12:04PM","September 22, 2026 12:29:52PM",1,1,delivery,N/A,N/A,-,17820,1782000,31780,3178000,0,0,-,-,0,0,N/A
78067687,001933659711-C8JALRDXANWYHE,GF-183,GrabFood,,"""American Breakfast Club""",Greenville,"""2x Burrito - 2 Scrambled Eggs, Cheddar, Avocado, Tater Tots""","""American Breakfast Burritos""","""N/A""",DELIVERED,116000,11600000,0,0,0,0,0,0,17400,1740000,-,98600,9860000,IDR,"September 22, 2026 12:11:24PM","September 22, 2026 12:54:04PM",2,1,delivery,Other,Other,-,17400,1740000,0,0,0,0,-,-,0,0,N/A
78064583,F-3365689083,6114,gofood,,"""American Breakfast Club""",Kemang,"""1x 2 Pancakes - Blueberries, Butter, Maple Syrup""","""American Breakfast Pancakes""","""1x Truffle Tater Tots""",DELIVERED,98000,9800000,0,0,0,0,4000,400000,54100,5410000,-,82155,8215500,IDR,"September 22, 2026 11:36:55AM","September 22, 2026 12:03:16PM",1,1,delivery,N/A,N/A,-,19845,1984500,34255,3425500,0,0,-,-,0,0,N/A
78064299,001924157574-C8JALFW2AEJ1N2,GF-914,GrabFood,,"""People Pasta""",Greenville,"""1x Chicken Nugget - Vegan, 1x Cacio e Pepe - Vegetarian - Plantbased, 1x Vegan Chicken Crispy Burger""","""Signature Pasta,Meatless Burgers""","""N/A""",DELIVERED,127000,12700000,0,0,0,0,0,0,0,0,-,127000,12700000,IDR,"September 22, 2026 11:34:55AM","September 22, 2026 12:01:56PM",3,3,delivery,Other,Other,-,0,0,0,0,0,0,-,-,0,0,N/A
78062567,F-3365658584,1484,gofood,,"""American Breakfast Club""",Kemang,"""1x Burrito - 2 Scrambled Eggs, Cheddar, Avocado, Tater Tots""","""American Breakfast Burritos""","""N/A""",DELIVERED,58000,5800000,0,0,0,0,4000,400000,10000,1000000,-,62000,6200000,IDR,"September 22, 2026 11:16:47AM","September 22, 2026 11:35:37AM",1,1,delivery,N/A,N/A,-,0,0,10000,1000000,0,0,-,-,0,0,N/A
78062563,0018589717-C8JALBUUBBJTTN,GF-631,GrabFood,,"""American Breakfast Club""",Greenville,"""1x Burrito - Mock Beef, 2 Scrambled Eggs, Cheddar, Avocado, Tater Tots,""","""American Breakfast Burritos""","""N/A""",DELIVERED,68000,6800000,0,0,0,0,0,0,10200,1020000,-,57800,5780000,IDR,"September 22, 2026 11:17:24AM","September 22, 2026 11:55:49AM",1,1,delivery,Other,Other,-,10200,1020000,0,0,0,0,-,-,0,0,N/A
78062375,00196460375-C8JAKF3CWBA3CN,GF-600,GrabFood,,"""Herbox""",Greenville,"""1x Teriyaki Vegan Vegetarian Ricebox""","""Ricebox""","""1x Vegan Chicken Nugget""",DELIVERED,74000,7400000,0,0,0,0,0,0,7800,780000,-,66200,6620000,IDR,"September 22, 2026 11:15:21AM","September 22, 2026 11:38:44AM",1,1,delivery,Other,Other,-,7800,780000,0,0,0,0,-,-,0,0,14 min 14 sec
78062269,F-3365654219,3731,gofood,,"""American Breakfast Club""",Kemang,"""1x Burrito - Mock Beef, 2 Scrambled Eggs, Cheddar, Avocado, Tater Tots,""","""American Breakfast Burritos""","""N/A""",DELIVERED,68000,6800000,0,0,0,0,4000,400000,30400,3040000,-,62820,6282000,IDR,"September 22, 2026 11:13:59AM","September 22, 2026 12:08:31PM",1,1,delivery,N/A,N/A,-,9180,918000,21220,2122000,0,0,-,-,0,0,N/A
78061070,0011271954-C8JAKF2YAKBVHE,GF-685,GrabFood,,"""American Breakfast Club""",Kemang,"""1x Burrito - 2 Scrambled Eggs, Cheddar, Avocado, Tater Tots""","""American Breakfast Burritos""","""1x Cutleries""",DELIVERED,58600,5860000,0,0,0,0,0,0,11600,1160000,-,47000,4700000,IDR,"September 22, 2026 11:02:06AM","September 22, 2026 11:39:11AM",1,1,delivery,Other,Other,-,11600,1160000,0,0,0,0,-,-,0,0,N/A
78059859,F-3365617410,5741,gofood,,"""American Breakfast Club""",Greenville,"""1x Burrito - Mock Chicken, 2 Scrambled Eggs, Cheddar, Avocado, Tater Tots, 1x 2 Pancakes - Butter, Maple Syrup""","""American Breakfast Burritos,American Breakfast Pancakes""","""N/A""",DELIVERED,92800,9280000,0,0,0,0,4000,400000,0,0,-,96800,9680000,IDR,"September 22, 2026 10:47:31AM","September 22, 2026 11:23:13AM",2,2,delivery,N/A,N/A,-,0,0,0,0,0,0,-,-,0,0,N/A
78058615,F-3365599114,3638,gofood,,"""American Breakfast Club""",Kemang,"""1x Burrito - 2 Scrambled Eggs, Cheddar, Avocado, Tater Tots""","""American Breakfast Burritos""","""N/A""",DELIVERED,58000,5800000,0,0,0,0,4000,400000,10000,1000000,-,62000,6200000,IDR,"September 22, 2026 10:32:37AM","September 22, 2026 10:54:22AM",1,1,delivery,N/A,N/A,-,0,0,10000,1000000,0,0,-,-,0,0,N/A
78057963,F-3365589289,4161,gofood,,"""American Breakfast Club""",Kemang,"""1x Burrito - Mock Beef, 2 Scrambled Eggs, Cheddar, Avocado, Tater Tots,""","""American Breakfast Burritos""","""N/A""",DELIVERED,68000,6800000,0,0,0,0,4000,400000,30400,3040000,-,62820,6282000,IDR,"September 22, 2026 10:24:12AM","September 22, 2026 10:53:51AM",1,1,delivery,N/A,N/A,-,9180,918000,21220,2122000,0,0,-,-,0,0,N/A
78057597,001177980011-C8JAJ6MJTREVJX,GF-427,GrabFood,,"""American Breakfast Club""",Kemang,"""1x Burrito - 2 Scrambled Eggs, Cheddar, Avocado, Tater Tots""","""American Breakfast Burritos""","""1x Home Fries""",DELIVERED,88000,8800000,0,0,0,0,0,0,11600,1160000,-,76400,7640000,IDR,"September 22, 2026 10:19:38AM","September 22, 2026 11:00:22AM",1,1,delivery,Other,Other,-,11600,1160000,0,0,0,0,-,-,0,0,N/A
78057410,F-3365580553,1461,gofood,,"""American Breakfast Club""",Kemang,"""1x Burrito - 2 Scrambled Eggs, Cheddar, Avocado, Tater Tots""","""American Breakfast Burritos""","""N/A""",DELIVERED,58000,5800000,0,0,0,0,4000,400000,10000,1000000,-,62000,6200000,IDR,"September 22, 2026 10:16:20AM","September 22, 2026 10:50:32AM",1,1,delivery,N/A,N/A,-,0,0,10000,1000000,0,0,-,-,0,0,N/A
78057288,F-3365579842,5996,gofood,,"""American Breakfast Club""",Kemang,"""1x Burrito - 2 Scrambled Eggs, Cheddar, Avocado, Tater Tots""","""American Breakfast Burritos""","""N/A""",CANCELLED,58000,5800000,0,0,0,0,4000,400000,10000,1000000,-,62000,6200000,IDR,"September 22, 2026 10:15:40AM",,1,1,delivery,N/A,N/A,-,0,0,10000,1000000,0,0,N/A,N/A,0,0,N/A
78055559,0010417762-C8JAJXVTC7D3WE,GF-935,GrabFood,,"""American Breakfast Club""",Kemang,"""2x Sandwich - 2 Scrambled Eggs, Mock Chicken, Cheddar Cheese Mix, Brioche Bun""","""American Breakfast Sandwiches""","""N/A""",DELIVERED,116000,11600000,0,0,0,0,0,0,23200,2320000,-,92800,9280000,IDR,"September 22, 2026 09:47:43AM","September 22, 2026 10:24:27AM",2,1,delivery,Other,Other,-,23200,2320000,0,0,0,0,-,-,0,0,N/A
78054761,001201427372-C8JAJTXZHGLFLT,GF-752,GrabFood,,"""People Pasta""",Greenville,"""2x Cacio e Pepe - Vegetarian - Plantbased, 1x Tattert Tots""","""Signature Pasta""","""1x Fettucine, 1x Fusili""",DELIVERED,116000,11600000,0,0,0,0,0,0,0,0,-,116000,11600000,IDR,"September 22, 2026 09:31:47AM","September 22, 2026 09:50:32AM",3,3,delivery,Other,Other,-,0,0,0,0,0,0,-,-,0,0,N/A
78054699,00141457375-C8JAJTUGVTNKNT,GF-564,GrabFood,,"""American Breakfast Club""",Kemang,"""1x Mushroom Omelette - Mushrooms, Spinach, Side Tater Tots""","""American Breakfast Omelettes""","""1x Cutleries""",DELIVERED,68600,6860000,0,0,0,0,0,0,13600,1360000,-,55000,5500000,IDR,"September 22, 2026 09:30:38AM","September 22, 2026 09:58:41AM",1,1,delivery,Other,Other,-,13600,1360000,0,0,0,0,-,-,0,0,N/A
78054281,F-3365523870,4736,gofood,,"""American Breakfast Club""",Kemang,"""1x Original Egg burger - Patties, 2 Scrambled Eggs, Cheddar Cheese, Secret Sauce, 1x Burrito - 2 Scrambled Eggs, Cheddar, Avocado, Tater Tots""","""American Breakfast Burritos,American Breakfast Burger""","""N/A""",DELIVERED,116000,11600000,0,0,0,0,4000,400000,62200,6220000,-,96510,9651000,IDR,"September 22, 2026 09:07:55AM","September 22, 2026 09:31:26AM",2,2,delivery,N/A,N/A,-,23490,2349000,38710,3871000,0,0,-,-,0,0,N/A
78054164,0012515005-C8JAJPJJARBGJ2,GF-465,GrabFood,,"""People Pasta""",Greenville,"""1x Meat-less Burger - Vegan""","""Meatless Burgers""","""N/A""",DELIVERED,49000,4900000,0,0,0,0,0,0,0,0,-,49000,4900000,IDR,"September 22, 2026 09:18:38AM","September 22, 2026 09:47:43AM",1,1,delivery,Other,Other,-,0,0,0,0,0,0,-,-,0,0,9 min 32 sec
78053698,0014352928-C8JAJLBBFBUATX,GF-419,GrabFood,,"""American Breakfast Club""",Greenville,"""1x Cheese Omelette - Side Tater Tots""","""American Breakfast Omelettes""","""1x Cutleries""",DELIVERED,59500,5950000,0,0,0,0,0,0,8700,870000,-,50800,5080000,IDR,"September 22, 2026 09:07:12AM","September 22, 2026 09:46:55AM",1,1,delivery,Other,Other,-,8700,870000,0,0,0,0,-,-,0,0,N/A
78053608,00116605783-C8JAJKWKNZNXEE,GF-392,GrabFood,,"""American Breakfast Club""",Greenville,"""1x Burrito - Mock Beef, 2 Scrambled Eggs, Cheddar, Avocado, Tater Tots,, 1x 2 Pancakes - Butter, Maple Syrup""","""American Breakfast Burritos,American Breakfast Pancakes""","""N/A""",DELIVERED,116000,11600000,0,0,0,0,0,0,17400,1740000,-,98600,9860000,IDR,"September 22, 2026 09:04:47AM","September 22, 2026 09:40:13AM",2,2,delivery,Other,Other,-,17400,1740000,0,0,0,0,-,-,0,0,24 min 4 sec
78053450,001786631771-C8JAJJ5XMATBGT,GF-562,GrabFood,,"""American Breakfast Club""",Kemang,"""1x Burrito - Mock Katsu, 2 Scrambled Eggs, Cheddar, Avocado, Tater Tots""","""American Breakfast Burritos""","""1x Cutleries""",DELIVERED,68600,6860000,0,0,0,0,0,0,0,0,-,68600,6860000,IDR,"September 22, 2026 08:59:46AM","September 22, 2026 09:36:10AM",1,1,delivery,Other,Other,-,0,0,0,0,0,0,-,-,0,0,N/A
78052970,F-3365497493,1864,gofood,,"""American Breakfast Club""",Greenville,"""7x Burrito - 2 Scrambled Eggs, Cheddar, Avocado, Tater Tots""","""American Breakfast Burritos""","""N/A""",DELIVERED,324800,32480000,0,0,0,0,4000,400000,124000,12400000,-,273000,27300000,IDR,"September 22, 2026 08:21:58AM","September 22, 2026 09:29:39AM",7,1,delivery,N/A,N/A,-,55800,5580000,68200,6820000,0,0,-,-,0,0,4 min 32 sec
78052726,001974209470-C8JAJCKDLJKEAJ,GF-589,GrabFood,,"""American Breakfast Club""",Kemang,"""1x Cutleries, 1x Burrito - Mock Beef, 2 Scrambled Eggs, Cheddar, Avocado, Tater Tots,""","""American Breakfast Burritos""","""N/A""",DELIVERED,68600,6860000,0,0,0,0,0,0,0,0,-,68600,6860000,IDR,"September 22, 2026 08:35:33AM","September 22, 2026 09:10:26AM",2,2,delivery,Other,Other,-,0,0,0,0,0,0,-,-,0,0,N/A
78052655,F-3365503062,6278,gofood,,"""Tyfel Coffee""",Kemang,"""1x Mock Chicken Burrito""","""Breakfast Burritos""","""N/A""",DELIVERED,68000,6800000,0,0,0,0,4000,400000,0,0,-,72000,7200000,IDR,"September 22, 2026 08:32:35AM","September 22, 2026 09:10:21AM",1,1,delivery,N/A,N/A,-,0,0,0,0,0,0,-,-,0,0,N/A
78052301,00167964167-C8JAHGNJSEKBKE,GF-130,GrabFood,,"""American Breakfast Club""",Greenville,"""1x Burrito - Mock Chicken, 2 Scrambled Eggs, Cheddar, Avocado, Tater Tots""","""American Breakfast Burritos""","""N/A""",DELIVERED,68000,6800000,0,0,0,0,0,0,10200,1020000,-,57800,5780000,IDR,"September 22, 2026 08:19:59AM","September 22, 2026 08:43:14AM",1,1,delivery,Other,Other,-,10200,1020000,0,0,0,0,-,-,0,0,9 min 20 sec
78051534,00173006839-C8JAG8E1PF6DGT,GF-145,GrabFood,,"""Herbox""",Greenville,"""1x Beef  wrap Vegan Herbox, 1x Tater tots, 1x Hygiene Cutleries""","""Wrap Series,Sides,Extra""","""N/A""",DELIVERED,91000,9100000,0,0,0,0,0,0,11800,1180000,-,79200,7920000,IDR,"September 22, 2026 07:45:10AM","September 22, 2026 08:09:59AM",3,3,delivery,Other,Other,-,11800,1180000,0,0,0,0,-,-,0,0,9 min 20 sec
78050949,001254526285-C8JAGY4ENXUVLE,GF-852,GrabFood,,"""LA Breakfast Club""",Greenville,"""2x Cheese Omelette - Side of Tater Tots""","""LA Breakfast Omelettes""","""N/A""",DELIVERED,140000,14000000,0,0,0,0,0,0,38000,3800000,-,102000,10200000,IDR,"September 22, 2026 07:14:46AM","September 22, 2026 07:38:27AM",2,1,delivery,Other,Other,-,38000,3800000,0,0,0,0,-,-,0,0,N/A
78050377,F-3365459835,3981,gofood,,"""American Breakfast Club""",Greenville,"""1x Cheese Omelette - Side Tater Tots, 1x Home Fries, 1x Burrito - Mock Beef, 2 Scrambled Eggs, Cheddar, Avocado, Tater Tots,""","""American Breakfast Omelettes,Sides,American Breakfast Burritos""","""N/A""",DELIVERED,123200,12320000,0,0,0,0,4000,400000,55500,5550000,-,102225,10222500,IDR,"September 22, 2026 06:35:13AM","September 22, 2026 07:31:43AM",3,3,delivery,N/A,N/A,-,24975,2497500,30525,3052500,0,0,-,-,0,0,N/A
78033554,F-3365277269,6411,gofood,,"""Tyfel Coffee""",Greenville,"""1x Mock Beef Sandwich, 1x Tater Tots, 1x Chic Chunk - Vegan Plantbased""","""Breakfast Sandwiches,Sides,Lite Bites""","""N/A""",DELIVERED,124000,12400000,0,0,0,0,4000,400000,37200,3720000,-,111260,11126000,IDR,"September 21, 2026 08:09:36PM","September 21, 2026 08:42:04PM",3,3,delivery,N/A,N/A,-,16740,1674000,20460,2046000,0,0,-,-,0,0,N/A
78020606,F-3365105799,4284,gofood,,"""American Breakfast Club""",Greenville,"""1x Burrito - 2 Scrambled Eggs, Cheddar, Avocado, Tater Tots""","""American Breakfast Burritos""","""N/A""",DELIVERED,46400,4640000,0,0,0,0,4000,400000,10000,1000000,-,50400,5040000,IDR,"September 21, 2026 06:17:33PM","September 21, 2026 06:44:37PM",1,1,delivery,N/A,N/A,-,0,0,10000,1000000,0,0,-,-,0,0,17 min 4 sec
78006376,00152451176-C8E3TCLJMACKAJ,GF-966,GrabFood,,"""Herbox""",Greenville,"""1x Kung Paow Chick Vegan Vegetarian Ricebox, 1x Pesmol Vegan Vegetarian Ricebox""","""Ricebox""","""1x Vegan Chicken Nugget""",DELIVERED,113000,11300000,0,0,0,0,0,0,18600,1860000,-,94400,9440000,IDR,"September 21, 2026 03:55:58PM","September 21, 2026 04:51:30PM",2,2,delivery,Other,Other,-,18600,1860000,0,0,0,0,-,-,0,0,13 min 38 sec
78005413,001184511599-C8E3TANJNXBWCE,GF-856,GrabFood,,"""Herbox""",Greenville,"""1x Beef  wrap Vegan Herbox""","""Wrap Series""","""1x Vegan Chicken Nugget""",DELIVERED,94000,9400000,0,0,0,0,0,0,14800,1480000,-,79200,7920000,IDR,"September 21, 2026 03:43:18PM","September 21, 2026 04:28:10PM",1,1,delivery,Other,Other,-,14800,1480000,0,0,0,0,-,-,0,0,10 min 56 sec
77998025,001580731273-C8E3RRLZRFDZV6,GF-916,GrabFood,,"""American Breakfast Club""",Greenville,"""2x Cheese Omelette - Side Tater Tots""","""American Breakfast Omelettes""","""2x Tatter Tots""",DELIVERED,176000,17600000,0,0,0,0,0,0,20400,2040000,-,155600,15560000,IDR,"September 21, 2026 01:59:26PM","September 21, 2026 02:42:22PM",2,1,delivery,Other,Other,-,20400,2040000,0,0,0,0,-,-,0,0,11 min 38 sec
77995082,F-3364753733,2759,gofood,,"""American Breakfast Club""",Greenville,"""1x Burrito - Mock Beef, 2 Scrambled Eggs, Cheddar, Avocado, Tater Tots,""","""American Breakfast Burritos""","""N/A""",DELIVERED,54400,5440000,0,0,0,0,4000,400000,0,0,-,58400,5840000,IDR,"September 21, 2026 01:06:59PM","September 21, 2026 02:14:25PM",1,1,delivery,N/A,N/A,-,0,0,0,0,0,0,-,-,0,0,17 min 10 sec
77993067,F-3364734476,3537,gofood,,"""Herbox""",Greenville,"""1x Original Burger Vegan, 1x Tater tots""","""Vegan Burger,Sides""","""N/A""",DELIVERED,71200,7120000,0,0,0,0,4000,400000,21400,2140000,-,65570,6557000,IDR,"September 21, 2026 12:50:50PM","September 21, 2026 01:22:02PM",2,2,delivery,N/A,N/A,-,9630,963000,11770,1177000,0,0,-,-,0,0,N/A
77992212,001293164926-C8E3PEVDJYEXGT,GF-689,GrabFood,,"""American Breakfast Club""",Greenville,"""1x Sandwich - 2 Scrambled Eggs melty cheddar cheese on a wavy brioche bun, 1x Burrito - 2 Scrambled Eggs, Cheddar, Avocado, Tater Tots, 1x Burrito - Mock Chicken, 2 Scrambled Eggs, Cheddar, Avocado, Tater Tots""","""American Breakfast Burritos,American Breakfast Sandwiches""","""N/A""",DELIVERED,171000,17100000,0,0,0,0,0,0,25650,2565000,-,145350,14535000,IDR,"September 21, 2026 12:40:57PM","September 21, 2026 01:31:04PM",3,3,delivery,Other,Other,-,25650,2565000,0,0,0,0,-,-,0,0,11 min 52 sec
77985903,001295190560-C8E3NXTJEKVZAA,GF-039,GrabFood,,"""American Breakfast Club""",Greenville,"""3x Tater Tots, 1x Sandwich - 2 Scrambled Eggs melty cheddar cheese on a wavy brioche bun""","""Sides,American Breakfast Sandwiches""","""N/A""",DELIVERED,159000,15900000,0,0,0,0,0,0,24850,2485000,-,134150,13415000,IDR,"September 21, 2026 11:33:38AM","September 21, 2026 12:06:50PM",4,2,delivery,Other,Other,-,24850,2485000,0,0,0,0,-,-,0,0,N/A
77984028,0014308959-C8E3NTCWE7EBPE,GF-894,GrabFood,,"""American Breakfast Club""",Kemang,"""1x Burrito - 2 Scrambled Eggs, Cheddar, Avocado, Tater Tots, 1x Cheese Omelette - Side Tater Tots, 1x Cutleries""","""American Breakfast Burritos,American Breakfast Omelettes""","""N/A""",DELIVERED,116600,11660000,0,0,0,0,0,0,23200,2320000,-,93400,9340000,IDR,"September 21, 2026 11:14:25AM","September 21, 2026 12:08:52PM",3,3,delivery,Other,Other,-,23200,2320000,0,0,0,0,-,-,0,0,N/A
77983058,001827385138-C8E3NPDTCBC2RJ,GF-114,GrabFood,,"""American Breakfast Club""",Kemang,"""1x Sandwich - 2 Scrambled Eggs Mock Beef, Cheddar Cheese  on a wavy brioche bun""","""American Breakfast Sandwiches""","""N/A""",DELIVERED,58000,5800000,0,0,0,0,0,0,11600,1160000,-,46400,4640000,IDR,"September 21, 2026 11:04:42AM","September 21, 2026 11:39:19AM",1,1,delivery,Other,Other,-,11600,1160000,0,0,0,0,-,-,0,0,N/A
77979915,00189187563-C8E3NENBRUJAGN,GF-841,GrabFood,,"""American Breakfast Club""",Kemang,"""1x Burrito - Mock Fish, 2 Scrambled Eggs, Cheddar, Avocado, Tater Tots,""","""American Breakfast Burritos""","""1x Cutleries, 1x Chick Nugget""",DELIVERED,103600,10360000,0,0,0,0,0,0,13600,1360000,-,90000,9000000,IDR,"September 21, 2026 10:26:32AM","September 21, 2026 11:00:34AM",1,1,delivery,Other,Other,-,13600,1360000,0,0,0,0,-,-,0,0,N/A
77979468,001233610019-C8E3NCAKJ34XPE,GF-723,GrabFood,,"""American Breakfast Club""",Kemang,"""1x Burrito - Mock Beef, 2 Scrambled Eggs, Cheddar, Avocado, Tater Tots,""","""American Breakfast Burritos""","""N/A""",DELIVERED,68000,6800000,0,0,0,0,0,0,0,0,-,68000,6800000,IDR,"September 21, 2026 10:20:19AM","September 21, 2026 10:41:42AM",1,1,delivery,Other,Other,-,0,0,0,0,0,0,-,-,0,0,N/A
77978843,F-3364517481,4369,gofood,,"""American Breakfast Club""",Kemang,"""1x Burrito - Mock Fish, 2 Scrambled Eggs, Cheddar, Avocado, Tater Tots,""","""American Breakfast Burritos""","""N/A""",DELIVERED,68000,6800000,0,0,0,0,4000,400000,30400,3040000,-,62820,6282000,IDR,"September 21, 2026 10:09:43AM","September 21, 2026 10:28:28AM",1,1,delivery,N/A,N/A,-,9180,918000,21220,2122000,0,0,-,-,0,0,N/A
77978573,001884477889-C8E3MGNUGUACRN,GF-872,GrabFood,,"""American Breakfast Club""",Greenville,"""1x Burrito - 2 Scrambled Eggs, Cheddar, Avocado, Tater Tots, 1x 2 Pancakes - Butter, Maple Syrup, 1x Sandwich - 2 Scrambled Eggs Mock Beef, Cheddar Cheese  on a wavy brioche bun""","""American Breakfast Burritos,American Breakfast Pancakes,American Breakfast Sandwiches""","""N/A""",DELIVERED,164000,16400000,0,0,0,0,0,0,27600,2760000,-,136400,13640000,IDR,"September 21, 2026 10:06:41AM","September 21, 2026 10:33:50AM",3,3,delivery,Other,Other,-,27600,2760000,0,0,0,0,-,-,0,0,N/A
77978365,00185427679-C8E3MF6TV3UFVJ,GF-316,GrabFood,,"""Herbox""",Greenville,"""1x Rica Wrap""","""Wrap Series""","""N/A""",DELIVERED,59000,5900000,0,0,0,0,0,0,14800,1480000,-,44200,4420000,IDR,"September 21, 2026 10:03:20AM","September 21, 2026 10:41:42AM",1,1,delivery,Other,Other,-,14800,1480000,0,0,0,0,-,-,0,0,10 min 9 sec
77977871,F-3364502488,5491,gofood,,"""American Breakfast Club""",Kemang,"""2x Burrito - 2 Scrambled Eggs, Cheddar, Avocado, Tater Tots, 1x Tater Tots""","""Sides,American Breakfast Burritos""","""N/A""",DELIVERED,144000,14400000,0,0,0,0,4000,400000,0,0,-,148000,14800000,IDR,"September 21, 2026 09:53:29AM","September 21, 2026 10:17:27AM",3,2,delivery,N/A,N/A,-,0,0,0,0,0,0,-,-,0,0,N/A
77977252,00174897843-C8E3MBJKLEXTKA,GF-821,GrabFood,,"""American Breakfast Club""",Greenville,"""1x Burrito - Mock Beef, 2 Scrambled Eggs, Cheddar, Avocado, Tater Tots,""","""American Breakfast Burritos""","""N/A""",DELIVERED,68000,6800000,0,0,0,0,0,0,13200,1320000,-,54800,5480000,IDR,"September 21, 2026 09:41:59AM","September 21, 2026 10:09:54AM",1,1,delivery,Other,Other,-,13200,1320000,0,0,0,0,-,-,0,0,11 min 43 sec
77976152,001744681974-C8E3L6AFT2KGAJ,GF-773,GrabFood,,"""American Breakfast Club""",Greenville,"""1x Cheese Omelette - Side Tater Tots""","""American Breakfast Omelettes""","""N/A""",DELIVERED,58000,5800000,0,0,0,0,0,0,11700,1170000,-,46300,4630000,IDR,"September 21, 2026 09:16:55AM","September 21, 2026 09:38:01AM",1,1,delivery,Other,Other,-,11700,1170000,0,0,0,0,-,-,0,0,N/A
77975903,F-3364467822,4122,gofood,,"""American Breakfast Club""",Kemang,"""2x Sandwich - 2 Scrambled Eggs melty cheddar cheese on a wavy brioche bun, 1x Home Fries""","""American Breakfast Sandwiches,Sides""","""N/A""",DELIVERED,118000,11800000,0,0,0,0,4000,400000,63100,6310000,-,98105,9810500,IDR,"September 21, 2026 09:06:30AM","September 21, 2026 09:43:09AM",3,2,delivery,N/A,N/A,-,23895,2389500,39205,3920500,0,0,-,-,0,0,N/A
77975451,001420963546-C8E3LZAXVEWAC6,GF-640,GrabFood,,"""American Breakfast Club""",Kemang,"""1x 2 Pancakes - Butter, Maple Syrup, 1x Sandwich - 2 Scrambled Eggs Mock Beef, Cheddar Cheese  on a wavy brioche bun""","""American Breakfast Sandwiches,American Breakfast Pancakes""","""N/A""",DELIVERED,106000,10600000,0,0,0,0,0,0,21200,2120000,-,84800,8480000,IDR,"September 21, 2026 08:57:04AM","September 21, 2026 09:38:07AM",2,2,delivery,Other,Other,-,21200,2120000,0,0,0,0,-,-,0,0,N/A
77974940,001152184023-C8E3LU3HHABCTN,GF-118,GrabFood,,"""American Breakfast Club""",Greenville,"""1x Burrito - Mock Beef, 2 Scrambled Eggs, Cheddar, Avocado, Tater Tots,, 1x Cheese Omelette - Side Tater Tots""","""American Breakfast Omelettes,American Breakfast Burritos""","""N/A""",DELIVERED,126000,12600000,0,0,0,0,0,0,18900,1890000,-,107100,10710000,IDR,"September 21, 2026 08:38:57AM","September 21, 2026 09:49:08AM",2,2,delivery,Other,Other,-,18900,1890000,0,0,0,0,-,-,0,0,10 min 55 sec
77974699,F-3364446629,7483,gofood,,"""LA Breakfast Club""",Greenville,"""1x Mock Fish Sandwich""","""LA Breakfast Sandwiches""","""1x No Sauce""",DELIVERED,74000,7400000,0,0,0,0,0,0,21000,2100000,-,74000,7400000,IDR,"September 21, 2026 08:29:15AM","September 21, 2026 08:54:33AM",1,1,delivery,N/A,N/A,-,0,0,21000,2100000,0,0,-,-,0,0,N/A
77974581,F-3364444109,7593,gofood,,"""American Breakfast Club""",Kemang,"""1x Burrito - 2 Scrambled Eggs, Cheddar, Avocado, Tater Tots""","""American Breakfast Burritos""","""N/A""",DELIVERED,58000,5800000,0,0,0,0,4000,400000,10000,1000000,-,62000,6200000,IDR,"September 21, 2026 08:24:25AM","September 21, 2026 08:54:16AM",1,1,delivery,N/A,N/A,-,0,0,10000,1000000,0,0,-,-,0,0,N/A
77974468,001551612708-C8E3LPLZGTAJCE,GF-289,GrabFood,,"""American Breakfast Club""",Greenville,"""3x Burrito - 2 Scrambled Eggs, Cheddar, Avocado, Tater Tots""","""American Breakfast Burritos""","""N/A""",DELIVERED,174000,17400000,0,0,0,0,0,0,26100,2610000,-,147900,14790000,IDR,"September 21, 2026 08:19:29AM","September 21, 2026 08:55:48AM",3,1,delivery,Other,Other,-,26100,2610000,0,0,0,0,-,-,0,0,10 min 59 sec
77974430,0015842249-C8E3LPDAMFBARN,GF-358,GrabFood,,"""American Breakfast Club""",Kemang,"""1x Burrito - Mock Chicken, 2 Scrambled Eggs, Cheddar, Avocado, Tater Tots""","""American Breakfast Burritos""","""N/A""",DELIVERED,68000,6800000,0,0,0,0,0,0,0,0,-,68000,6800000,IDR,"September 21, 2026 08:17:50AM","September 21, 2026 08:41:42AM",1,1,delivery,Other,Other,-,0,0,0,0,0,0,-,-,0,0,N/A
77973252,001008344226-C8E3LANGRBEXNJ,GF-568,GrabFood,,"""American Breakfast Club""",Greenville,"""1x Burrito - Mock Beef, 2 Scrambled Eggs, Cheddar, Avocado, Tater Tots,""","""American Breakfast Burritos""","""1x Tatter Tots""",DELIVERED,98000,9800000,0,0,0,0,0,0,13200,1320000,-,84800,8480000,IDR,"September 21, 2026 07:23:16AM","September 21, 2026 07:58:41AM",1,1,delivery,Other,Other,-,13200,1320000,0,0,0,0,-,-,0,0,15 min 9 sec
77972843,001390693341-C8E3KBUXNJBERA,GF-393,GrabFood,,"""American Breakfast Club""",Greenville,"""1x Cheese Omelette - Side Tater Tots""","""American Breakfast Omelettes""","""N/A""",DELIVERED,58000,5800000,0,0,0,0,0,0,8700,870000,-,49300,4930000,IDR,"September 21, 2026 06:57:25AM","September 21, 2026 07:39:59AM",1,1,delivery,Other,Other,-,8700,870000,0,0,0,0,-,-,0,0,N/A
77972717,001110104941-C8E3J3EYN7XJFE,GF-331,GrabFood,,"""American Breakfast Club""",Greenville,"""1x Burrito - Mock Beef, 2 Scrambled Eggs, Cheddar, Avocado, Tater Tots,""","""American Breakfast Burritos""","""1x Cutleries""",DELIVERED,69500,6950000,0,0,0,0,0,0,12200,1220000,-,57300,5730000,IDR,"September 21, 2026 06:48:21AM","September 21, 2026 07:06:43AM",1,1,delivery,Other,Other,-,12200,1220000,0,0,0,0,-,-,0,0,N/A
77956071,00161376665-C8E3CB4AVKNEAT,GF-990,GrabFood,,"""American Breakfast Club""",Greenville,"""1x Burrito - 2 Scrambled Eggs, Cheddar, Avocado, Tater Tots, 1x Cutleries""","""American Breakfast Burritos,Cutleries""","""N/A""",DELIVERED,59000,5900000,0,0,0,0,0,0,8700,870000,-,50300,5030000,IDR,"September 20, 2026 08:25:53PM","September 20, 2026 08:55:04PM",2,2,delivery,Other,Other,-,8700,870000,0,0,0,0,-,-,0,0,11 min 47 sec
77938555,F-3364006335,7686,gofood,,"""Tyfel Coffee""",Greenville,"""1x Mock Chicken Burrito, 1x Mock Beef Sandwich, 1x Tater Tots, 1x Chic Chunk - Vegan Plantbased""","""Breakfast Sandwiches,Sides,Lite Bites,Breakfast Burritos""","""N/A""",DELIVERED,192000,19200000,0,0,0,0,4000,400000,86400,8640000,-,157120,15712000,IDR,"September 20, 2026 06:03:13PM","September 20, 2026 06:39:54PM",4,4,delivery,N/A,N/A,-,38880,3888000,47520,4752000,0,0,-,-,0,0,N/A
77924638,F-3363821111,2379,gofood,,"""Tyfel Coffee""",Greenville,"""1x Breakfast Burrito""","""Breakfast Burritos""","""N/A""",DELIVERED,58000,5800000,0,0,0,0,4000,400000,5000,500000,-,62000,6200000,IDR,"September 20, 2026 03:46:20PM","September 20, 2026 04:25:01PM",1,1,delivery,N/A,N/A,-,0,0,5000,500000,0,0,-,-,0,0,N/A
77922880,F-3363811918,7365,gofood,,"""American Breakfast Club""",Kemang,"""1x Egg burger - 2 Scrambled Eggs, Cheddar Cheese, Secret Sauce""","""American Breakfast Burger""","""N/A""",DELIVERED,45000,4500000,0,0,0,0,4000,400000,0,0,-,49000,4900000,IDR,"September 20, 2026 03:38:38PM","September 20, 2026 03:56:03PM",1,1,delivery,N/A,N/A,-,0,0,0,0,0,0,-,-,0,0,N/A
77922344,00138267340-C8E2VNBJNFEBRX,GF-074,GrabFood,,"""Tyfel Coffee""",Greenville,"""1x Bolognese  - Vegan Plantbased""","""Main Course""","""N/A""",DELIVERED,50000,5000000,0,0,0,0,0,0,21400,2140000,-,28600,2860000,IDR,"September 20, 2026 03:33:47PM","September 20, 2026 04:10:51PM",1,1,delivery,Other,Other,-,21400,2140000,0,0,0,0,-,-,0,0,13 min 45 sec
77917154,001527710819-C8E2UGDWVFMUEJ,GF-154,GrabFood,,"""American Breakfast Club""",Greenville,"""2x Burrito - Mock Chicken, 2 Scrambled Eggs, Cheddar, Avocado, Tater Tots""","""American Breakfast Burritos""","""N/A""",DELIVERED,136000,13600000,0,0,0,0,0,0,22400,2240000,-,113600,11360000,IDR,"September 20, 2026 02:38:03PM","September 20, 2026 02:58:20PM",2,1,delivery,Other,Other,-,22400,2240000,0,0,0,0,-,-,0,0,N/A
77907059,001247260264-C8E2TTKJJ7CHN6,GF-598,GrabFood,,"""American Breakfast Club""",Kemang,"""1x Burrito - Mock Chicken, 2 Scrambled Eggs, Cheddar, Avocado, Tater Tots""","""American Breakfast Burritos""","""N/A""",DELIVERED,68000,6800000,0,0,0,0,0,0,0,0,-,68000,6800000,IDR,"September 20, 2026 01:02:18PM","September 20, 2026 01:23:37PM",1,1,delivery,Other,Other,-,0,0,0,0,0,0,-,-,0,0,N/A
77906089,F-3363577598,6686,gofood,,"""American Breakfast Club""",Kemang,"""1x Burrito - 2 Scrambled Eggs, Cheddar, Avocado, Tater Tots""","""American Breakfast Burritos""","""N/A""",DELIVERED,58000,5800000,0,0,0,0,4000,400000,0,0,-,62000,6200000,IDR,"September 20, 2026 12:52:39PM","September 20, 2026 01:31:16PM",1,1,delivery,N/A,N/A,-,0,0,0,0,0,0,-,-,0,0,N/A
77901808,F-3363512083,4679,gofood,,"""American Breakfast Club""",Kemang,"""2x Sandwich - 2 Scrambled Eggs melty cheddar cheese on a wavy brioche bun, 2x Burrito - 2 Scrambled Eggs, Cheddar, Avocado, Tater Tots""","""American Breakfast Burritos,American Breakfast Sandwiches""","""2x Cutleries""",DELIVERED,207200,20720000,0,0,0,0,4000,400000,86000,8600000,-,172500,17250000,IDR,"September 20, 2026 12:15:15PM","September 20, 2026 12:50:26PM",4,2,delivery,N/A,N/A,-,38700,3870000,47300,4730000,0,0,-,-,0,0,N/A
77900942,F-3363497525,8384,gofood,,"""American Breakfast Club""",Greenville,"""1x Burrito - Mock Beef, 2 Scrambled Eggs, Cheddar, Avocado, Tater Tots,""","""American Breakfast Burritos""","""N/A""",DELIVERED,54400,5440000,0,0,0,0,4000,400000,0,0,-,58400,5840000,IDR,"September 20, 2026 12:07:11PM","September 20, 2026 12:35:59PM",1,1,delivery,N/A,N/A,-,0,0,0,0,0,0,-,-,0,0,N/A
77900492,001777895008-C8E2TBUHFA6BHE,GF-764,GrabFood,,"""Herbox""",Greenville,"""1x Nasi Goreng Bintang Kuning Vegan Vegetarian, 1x Pesmol Vegan Vegetarian Ricebox, 1x Kung Paow Chick Vegan Vegetarian Ricebox""","""Nasi Goreng Special,Ricebox""","""N/A""",DELIVERED,113000,11300000,0,0,0,0,0,0,22600,2260000,-,90400,9040000,IDR,"September 20, 2026 12:03:57PM","September 20, 2026 12:48:34PM",3,3,delivery,Other,Other,-,22600,2260000,0,0,0,0,-,-,0,0,16 min 16 sec
77899839,001450787239-C8E2TAXCGB3KGT,GF-808,GrabFood,,"""American Breakfast Club""",Kemang,"""1x Burrito - Mock Chicken, 2 Scrambled Eggs, Cheddar, Avocado, Tater Tots""","""American Breakfast Burritos""","""N/A""",DELIVERED,68000,6800000,0,0,0,0,0,0,0,0,-,68000,6800000,IDR,"September 20, 2026 11:58:18AM","September 20, 2026 12:26:42PM",1,1,delivery,Other,Other,-,0,0,0,0,0,0,-,-,0,0,N/A
77894271,F-3363390304,1822,gofood,,"""American Breakfast Club""",Kemang,"""1x Burrito - Mock Katsu, 2 Scrambled Eggs, Cheddar, Avocado, Tater Tots""","""American Breakfast Burritos""","""N/A""",DELIVERED,68000,6800000,0,0,0,0,4000,400000,30400,3040000,-,62820,6282000,IDR,"September 20, 2026 11:07:06AM","September 20, 2026 11:24:38AM",1,1,delivery,N/A,N/A,-,9180,918000,21220,2122000,0,0,-,-,0,0,N/A
77894054,00183687203-C8E2R6KDVUEBET,GF-312,GrabFood,,"""American Breakfast Club""",Kemang,"""1x Burrito - 2 Scrambled Eggs, Cheddar, Avocado, Tater Tots""","""American Breakfast Burritos""","""N/A""",DELIVERED,58000,5800000,0,0,0,0,0,0,11600,1160000,-,46400,4640000,IDR,"September 20, 2026 11:05:35AM","September 20, 2026 11:44:00AM",1,1,delivery,Other,Other,-,11600,1160000,0,0,0,0,-,-,0,0,14 min 14 sec
77893635,001857075613-C8E2R4C2AEAFE2,GF-334,GrabFood,,"""American Breakfast Club""",Greenville,"""1x Sandwich - 2 Scrambled Eggs Mock Beef, Cheddar Cheese  on a wavy brioche bun, 1x Cutleries""","""Cutleries,American Breakfast Sandwiches""","""N/A""",DELIVERED,59000,5900000,0,0,0,0,0,0,8700,870000,-,50300,5030000,IDR,"September 20, 2026 11:01:10AM","September 20, 2026 11:47:44AM",2,2,delivery,Other,Other,-,8700,870000,0,0,0,0,-,-,0,0,N/A
77892562,F-3363361460,6681,gofood,,"""American Breakfast Club""",Kemang,"""1x Burrito - 2 Scrambled Eggs, Cheddar, Avocado, Tater Tots""","""American Breakfast Burritos""","""N/A""",DELIVERED,58000,5800000,0,0,0,0,4000,400000,10000,1000000,-,62000,6200000,IDR,"September 20, 2026 10:49:33AM","September 20, 2026 11:20:44AM",1,1,delivery,N/A,N/A,-,0,0,10000,1000000,0,0,-,-,0,0,N/A
77892466,001792675297-C8E2R2K3NYLABA,GF-197,GrabFood,,"""American Breakfast Club""",Kemang,"""1x Burrito - 2 Scrambled Eggs, Cheddar, Avocado, Tater Tots""","""American Breakfast Burritos""","""N/A""",DELIVERED,58000,5800000,0,0,0,0,0,0,11600,1160000,-,46400,4640000,IDR,"September 20, 2026 10:49:11AM","September 20, 2026 11:22:50AM",1,1,delivery,Other,Other,-,11600,1160000,0,0,0,0,-,-,0,0,N/A
77892261,001863489650-C8E2R2ACVUV3JX,GF-926,GrabFood,,"""American Breakfast Club""",Kemang,"""2x Burrito - 2 Scrambled Eggs, Cheddar, Avocado, Tater Tots""","""American Breakfast Burritos""","""N/A""",DELIVERED,116000,11600000,0,0,0,0,0,0,23200,2320000,-,92800,9280000,IDR,"September 20, 2026 10:46:55AM","September 20, 2026 11:26:04AM",2,1,delivery,Other,Other,-,23200,2320000,0,0,0,0,-,-,0,0,N/A
77892182,F-3363355128,1969,gofood,,"""American Breakfast Club""",Greenville,"""2x Burrito - Mock Chicken, 2 Scrambled Eggs, Cheddar, Avocado, Tater Tots""","""American Breakfast Burritos""","""N/A""",DELIVERED,108800,10880000,0,0,0,0,4000,400000,0,0,-,112800,11280000,IDR,"September 20, 2026 10:45:33AM","September 20, 2026 11:33:50AM",2,1,delivery,N/A,N/A,-,0,0,0,0,0,0,-,-,0,0,N/A
77891698,00154257184-C8E2RUMDLKWKLJ,GF-673,GrabFood,,"""Herbox""",Greenville,"""1x Beef  wrap Vegan Herbox, 1x Kung Paow Chick Vegan Vegetarian Ricebox, 1x Lada Hitam Blackpepper Vegan Vegetarian Ricebox, 2x Nasi Goreng Sedap Malam Vegan Vegetarian, 1x Nasi Goreng Bintang Kuning Vegan Vegetarian""","""Wrap Series,Ricebox,Nasi Goreng Special""","""N/A""",DELIVERED,242000,24200000,0,0,0,0,0,0,51400,5140000,-,190600,19060000,IDR,"September 20, 2026 10:40:56AM","September 20, 2026 11:29:24AM",6,5,delivery,Other,Other,-,51400,5140000,0,0,0,0,-,-,0,0,N/A
77889684,00129933562-C8E2RTXDABCJTA,GF-531,GrabFood,,"""American Breakfast Club""",Greenville,"""1x Burrito - Mock Beef, 2 Scrambled Eggs, Cheddar, Avocado, Tater Tots,, 1x Burrito - Mock Katsu, 2 Scrambled Eggs, Cheddar, Avocado, Tater Tots""","""American Breakfast Burritos""","""1x Tatter Tots""",DELIVERED,166000,16600000,0,0,0,0,0,0,20400,2040000,-,145600,14560000,IDR,"September 20, 2026 10:18:13AM","September 20, 2026 10:55:32AM",2,2,delivery,Other,Other,-,20400,2040000,0,0,0,0,-,-,0,0,11 min 36 sec
77889431,F-3363305129,4957,gofood,,"""American Breakfast Club""",Kemang,"""1x Cheese Omelette - Side Tater Tots""","""American Breakfast Omelettes""","""N/A""",DELIVERED,58000,5800000,0,0,0,0,4000,400000,10000,1000000,-,62000,6200000,IDR,"September 20, 2026 10:11:18AM","September 20, 2026 10:45:06AM",1,1,delivery,N/A,N/A,-,0,0,10000,1000000,0,0,-,-,0,0,N/A
77889107,00121274351-C8E2RRDKCE4WEA,GF-392,GrabFood,,"""People Pasta""",Greenville,"""1x Meat-less Burger - Vegan""","""Meatless Burgers""","""N/A""",DELIVERED,49000,4900000,0,0,0,0,0,0,13290,1329000,-,35710,3571000,IDR,"September 20, 2026 10:11:20AM","September 20, 2026 10:29:34AM",1,1,delivery,Other,Other,-,13290,1329000,0,0,0,0,-,-,0,0,N/A
77888919,F-3363294962,5955,gofood,,"""American Breakfast Club""",Kemang,"""1x Burrito - 2 Scrambled Eggs, Cheddar, Avocado, Tater Tots, 1x Burrito - Mock Fish, 2 Scrambled Eggs, Cheddar, Avocado, Tater Tots,""","""American Breakfast Burritos""","""N/A""",DELIVERED,126000,12600000,0,0,0,0,4000,400000,0,0,-,130000,13000000,IDR,"September 20, 2026 10:03:54AM","September 20, 2026 11:03:33AM",2,2,delivery,N/A,N/A,-,0,0,0,0,0,0,-,-,0,0,N/A
77886998,0016674738-C8E2RJTTVXEAJX,GF-781,GrabFood,,"""American Breakfast Club""",Kemang,"""1x Burrito - 2 Scrambled Eggs, Cheddar, Avocado, Tater Tots, 1x Mushroom Omelette - Mushrooms, Spinach, Side Tater Tots""","""American Breakfast Omelettes,American Breakfast Burritos""","""N/A""",DELIVERED,126000,12600000,0,0,0,0,0,0,25200,2520000,-,100800,10080000,IDR,"September 20, 2026 09:43:40AM","September 20, 2026 10:49:50AM",2,2,delivery,Other,Other,-,25200,2520000,0,0,0,0,-,-,0,0,N/A
77886818,F-3363269302,1517,gofood,,"""American Breakfast Club""",Kemang,"""1x Burrito - Mock Katsu, 2 Scrambled Eggs, Cheddar, Avocado, Tater Tots""","""American Breakfast Burritos""","""N/A""",DELIVERED,68000,6800000,0,0,0,0,4000,400000,0,0,-,72000,7200000,IDR,"September 20, 2026 09:40:07AM","September 20, 2026 10:31:33AM",1,1,delivery,N/A,N/A,-,0,0,0,0,0,0,-,-,0,0,N/A
77886528,00106846237-C8E2RF5XABAXEE,GF-921,GrabFood,,"""American Breakfast Club""",Kemang,"""1x Sandwich - 2 Scrambled Eggs, Mock Chicken, Cheddar Cheese Mix, Brioche Bun, 1x Sandwich - 2 Scrambled Eggs melty cheddar cheese on a wavy brioche bun""","""American Breakfast Sandwiches""","""N/A""",DELIVERED,103000,10300000,0,0,0,0,0,0,20600,2060000,-,82400,8240000,IDR,"September 20, 2026 09:36:24AM","September 20, 2026 10:52:53AM",2,2,delivery,Other,Other,-,20600,2060000,0,0,0,0,-,-,0,0,N/A
77885852,0017414282-C8E2REK2GY52ET,GF-892,GrabFood,,"""American Breakfast Club""",Kemang,"""1x Sandwich - 2 Scrambled Eggs melty cheddar cheese on a wavy brioche bun, 1x Cheese Omelette - Side Tater Tots, 1x Mushroom Omelette - Mushrooms, Spinach, Side Tater Tots""","""American Breakfast Omelettes,American Breakfast Sandwiches""","""N/A""",DELIVERED,171000,17100000,0,0,0,0,0,0,34200,3420000,-,136800,13680000,IDR,"September 20, 2026 09:25:48AM","September 20, 2026 10:44:39AM",3,3,delivery,Other,Other,-,34200,3420000,0,0,0,0,-,-,0,0,N/A
77885190,F-3363243085,3597,gofood,,"""American Breakfast Club""",Kemang,"""1x Burrito - 2 Scrambled Eggs, Cheddar, Avocado, Tater Tots""","""American Breakfast Burritos""","""1x Truffle Home Fries""",DELIVERED,98000,9800000,0,0,0,0,4000,400000,54100,5410000,-,82155,8215500,IDR,"September 20, 2026 09:13:46AM","September 20, 2026 10:02:01AM",1,1,delivery,N/A,N/A,-,19845,1984500,34255,3425500,0,0,-,-,0,0,N/A
77884737,00163578993-C8E2PGJENAKFDA,GF-583,GrabFood,,"""American Breakfast Club""",Kemang,"""1x Sandwich - 2 Scrambled Eggs Mock Beef, Cheddar Cheese  on a wavy brioche bun""","""American Breakfast Sandwiches""","""N/A""",DELIVERED,58000,5800000,0,0,0,0,0,0,11600,1160000,-,46400,4640000,IDR,"September 20, 2026 09:05:14AM","September 20, 2026 10:04:45AM",1,1,delivery,Other,Other,-,11600,1160000,0,0,0,0,-,-,0,0,N/A
77884677,0011486054-C8E2PGBTWBWASA,GF-119,GrabFood,,"""American Breakfast Club""",Kemang,"""1x Burrito - Mock Chicken, 2 Scrambled Eggs, Cheddar, Avocado, Tater Tots""","""American Breakfast Burritos""","""N/A""",DELIVERED,68000,6800000,0,0,0,0,0,0,0,0,-,68000,6800000,IDR,"September 20, 2026 09:04:01AM","September 20, 2026 09:47:25AM",1,1,delivery,Other,Other,-,0,0,0,0,0,0,-,-,0,0,N/A
77884648,F-3363232961,5616,gofood,,"""Tyfel Coffee""",Greenville,"""1x Coke, 2x Sandwich-2 Scrambled Eggs, Cheddar Cheese,Secret Sauce,Brioche Bun""","""Drinks,Breakfast Sandwiches""","""N/A""",DELIVERED,106000,10600000,0,0,0,0,4000,400000,0,0,-,110000,11000000,IDR,"September 20, 2026 09:02:59AM","September 20, 2026 09:28:33AM",3,2,delivery,N/A,N/A,-,0,0,0,0,0,0,-,-,0,0,N/A
77884523,0015500179-C8E2PFVGTXWALE-2,GF-857,GrabFood,,"""American Breakfast Club""",Kemang,"""1x Mushroom Omelette - Mushrooms, Spinach, Side Tater Tots, 1x Burrito - Mock Beef, 2 Scrambled Eggs, Cheddar, Avocado, Tater Tots,, 1x 2 Pancakes - Chocolate Chips, Butter, Maple Syrup, 2x Sandwich - 2 Scrambled Eggs Mock Beef, Cheddar Cheese  on a wavy brioche bun, 1x Tater Tots""","""American Breakfast Omelettes,American Breakfast Burritos,American Breakfast Pancakes,American Breakfast Sandwiches,Sides""","""N/A""",DELIVERED,348000,34800000,0,0,0,0,0,0,56868,5686800,-,291132,29113200,IDR,"September 20, 2026 09:00:59AM","September 20, 2026 10:46:49AM",6,5,delivery,Other,Other,-,56868,5686800,0,0,0,0,-,-,0,0,N/A
77884522,0015500179-C8E2PFVGTXWALE-1,GF-827,GrabFood,,"""American Breakfast Club""",Kemang,"""2x Mushroom Omelette - Mushrooms, Spinach, Side Tater Tots, 1x Burrito - Mock Fish, 2 Scrambled Eggs, Cheddar, Avocado, Tater Tots,, 1x Sandwich - 2 Scrambled Eggs Mock Beef, Cheddar Cheese  on a wavy brioche bun, 2x 2 Pancakes - Butter, Maple Syrup""","""American Breakfast Burritos,American Breakfast Sandwiches,American Breakfast Pancakes,American Breakfast Omelettes""","""N/A""",DELIVERED,358000,35800000,0,0,0,0,0,0,63132,6313200,-,294868,29486800,IDR,"September 20, 2026 09:00:59AM","September 20, 2026 10:47:03AM",6,4,delivery,Other,Other,-,63132,6313200,0,0,0,0,-,-,0,0,N/A
77884140,001592952705-C8E2PEDENJ4WG2,GF-546,GrabFood,,"""American Breakfast Club""",Greenville,"""1x Sandwich - 2 Scrambled Eggs, Mock Fish, Cheddar Cheese, Mix, Brioche Bun""","""American Breakfast Sandwiches""","""1x Cutleries""",DELIVERED,59500,5950000,0,0,0,0,0,0,11700,1170000,-,47800,4780000,IDR,"September 20, 2026 08:51:14AM","September 20, 2026 09:20:59AM",1,1,delivery,Other,Other,-,11700,1170000,0,0,0,0,-,-,0,0,N/A
77883933,F-3363217769,9995,gofood,,"""American Breakfast Club""",Kemang,"""1x Burrito - 2 Scrambled Eggs, Cheddar, Avocado, Tater Tots""","""American Breakfast Burritos""","""N/A""",DELIVERED,58000,5800000,0,0,0,0,4000,400000,0,0,-,62000,6200000,IDR,"September 20, 2026 08:43:07AM","September 20, 2026 09:25:16AM",1,1,delivery,N/A,N/A,-,0,0,0,0,0,0,-,-,0,0,N/A
77883756,00160292887-C8E2PBLEMGKGKA,GF-421,GrabFood,,"""American Breakfast Club""",Kemang,"""1x Burrito - Mock Katsu, 2 Scrambled Eggs, Cheddar, Avocado, Tater Tots""","""American Breakfast Burritos""","""1x Chick Nugget""",DELIVERED,103000,10300000,0,0,0,0,0,0,0,0,-,103000,10300000,IDR,"September 20, 2026 08:42:35AM","September 20, 2026 09:06:28AM",1,1,delivery,Other,Other,-,0,0,0,0,0,0,-,-,0,0,N/A
77883666,F-3363214958,9931,gofood,,"""American Breakfast Club""",Greenville,"""1x Cheese Omelette - Side Tater Tots, 1x 2 Pancakes - Butter, Maple Syrup""","""American Breakfast Pancakes,American Breakfast Omelettes""","""N/A""",DELIVERED,84800,8480000,0,0,0,0,4000,400000,0,0,-,88800,8880000,IDR,"September 20, 2026 08:39:22AM","September 20, 2026 09:14:26AM",2,2,delivery,N/A,N/A,-,0,0,0,0,0,0,-,-,0,0,N/A
77883658,00171555855-C8E2PA52E4KAJA,GF-501,GrabFood,,"""American Breakfast Club""",Kemang,"""1x Mushroom Omelette - Mushrooms, Spinach, Side Tater Tots""","""American Breakfast Omelettes""","""1x Chick Nugget""",DELIVERED,103000,10300000,0,0,0,0,0,0,13600,1360000,-,89400,8940000,IDR,"September 20, 2026 08:39:50AM","September 20, 2026 11:39:56AM",1,1,delivery,Other,Other,-,13600,1360000,0,0,0,0,-,-,0,0,N/A
77883130,F-3363204739,1289,gofood,,"""American Breakfast Club""",Kemang,"""1x Burrito - Mock Chicken, 2 Scrambled Eggs, Cheddar, Avocado, Tater Tots, 1x Sandwich - 2 Scrambled Eggs, Mock Chicken, Cheddar Cheese Mix, Brioche Bun, 1x Burrito - Mock Beef, 2 Scrambled Eggs, Cheddar, Avocado, Tater Tots,""","""American Breakfast Sandwiches,American Breakfast Burritos""","""N/A""",DELIVERED,194000,19400000,0,0,0,0,4000,400000,96000,9600000,-,159300,15930000,IDR,"September 20, 2026 08:25:14AM","September 20, 2026 08:52:32AM",3,3,delivery,N/A,N/A,-,38700,3870000,57300,5730000,0,0,-,-,0,0,N/A
77882386,001291110792-C8E2N2BVT7LXV2,GF-839,GrabFood,,"""American Breakfast Club""",Greenville,"""1x Burrito - Mock Chicken, 2 Scrambled Eggs, Cheddar, Avocado, Tater Tots""","""American Breakfast Burritos""","""N/A""",DELIVERED,68000,6800000,0,0,0,0,0,0,13200,1320000,-,54800,5480000,IDR,"September 20, 2026 08:00:44AM","September 20, 2026 08:23:07AM",1,1,delivery,Other,Other,-,13200,1320000,0,0,0,0,-,-,0,0,N/A
77882303,F-3363184239,7928,gofood,,"""American Breakfast Club""",Kemang,"""1x Tater Tots, 1x Cheese Omelette - Side Tater Tots, 1x Egg burger - 2 Scrambled Eggs, Cheddar Cheese, Secret Sauce""","""American Breakfast Omelettes,American Breakfast Burger,Sides""","""N/A""",DELIVERED,131000,13100000,0,0,0,0,4000,400000,59000,5900000,-,108450,10845000,IDR,"September 20, 2026 07:53:44AM","September 20, 2026 08:47:12AM",3,3,delivery,N/A,N/A,-,26550,2655000,32450,3245000,0,0,-,-,0,0,36 min 8 sec
77881743,F-3363175125,5372,gofood,,"""American Breakfast Club""",Greenville,"""1x Burrito - 2 Scrambled Eggs, Cheddar, Avocado, Tater Tots""","""American Breakfast Burritos""","""N/A""",DELIVERED,46400,4640000,0,0,0,0,4000,400000,10000,1000000,-,50400,5040000,IDR,"September 20, 2026 07:37:13AM","September 20, 2026 08:01:44AM",1,1,delivery,N/A,N/A,-,0,0,10000,1000000,0,0,-,-,0,0,N/A
77881438,00185524988-C8E2NRCTGXVBG2,GF-717,GrabFood,,"""American Breakfast Club""",Greenville,"""1x Burrito - Mock Chicken, 2 Scrambled Eggs, Cheddar, Avocado, Tater Tots""","""American Breakfast Burritos""","""N/A""",DELIVERED,68000,6800000,0,0,0,0,0,0,12200,1220000,-,55800,5580000,IDR,"September 20, 2026 07:24:20AM","September 20, 2026 08:06:08AM",1,1,delivery,Other,Other,-,12200,1220000,0,0,0,0,-,-,0,0,N/A
77880756,00140461015-C8E2NGE3NTNEDA,GF-340,GrabFood,,"""American Breakfast Club""",Greenville,"""5x Sandwich - 2 Scrambled Eggs, Mock Chicken, Cheddar Cheese Mix, Brioche Bun""","""American Breakfast Sandwiches""","""N/A""",DELIVERED,290000,29000000,0,0,0,0,0,0,43500,4350000,-,246500,24650000,IDR,"September 20, 2026 06:51:50AM","September 20, 2026 07:42:56AM",5,1,delivery,Other,Other,-,43500,4350000,0,0,0,0,-,-,0,0,N/A
77880731,00189590932-C8E2NGBKGU2BLJ,GF-934,GrabFood,,"""American Breakfast Club""",Greenville,"""1x Cheese Omelette - Side Tater Tots, 1x Burrito - 2 Scrambled Eggs, Cheddar, Avocado, Tater Tots""","""American Breakfast Omelettes,American Breakfast Burritos""","""N/A""",DELIVERED,116000,11600000,0,0,0,0,0,0,20400,2040000,-,95600,9560000,IDR,"September 20, 2026 06:50:41AM","September 20, 2026 07:27:00AM",2,2,delivery,Other,Other,-,20400,2040000,0,0,0,0,-,-,0,0,N/A
77880676,001349593606-C8E2NFDVTZMDSE,GF-026,GrabFood,,"""American Breakfast Club""",Greenville,"""1x Burrito - Mock Chicken, 2 Scrambled Eggs, Cheddar, Avocado, Tater Tots, 1x Burrito - Mock Beef, 2 Scrambled Eggs, Cheddar, Avocado, Tater Tots,""","""American Breakfast Burritos""","""N/A""",DELIVERED,136000,13600000,0,0,0,0,0,0,20400,2040000,-,115600,11560000,IDR,"September 20, 2026 06:46:56AM","September 20, 2026 07:24:48AM",2,2,delivery,Other,Other,-,20400,2040000,0,0,0,0,-,-,0,0,N/A
77880669,00137707629-C8E2NFMEVE6DHE,GF-498,GrabFood,,"""American Breakfast Club""",Greenville,"""1x Burrito - 2 Scrambled Eggs, Cheddar, Avocado, Tater Tots""","""American Breakfast Burritos""","""N/A""",DELIVERED,58000,5800000,0,0,0,0,0,0,10700,1070000,-,47300,4730000,IDR,"September 20, 2026 06:46:15AM","September 20, 2026 07:21:57AM",1,1,delivery,Other,Other,-,10700,1070000,0,0,0,0,-,-,0,0,N/A
77880527,00104972964-C8E2NCD3UANKVN,GF-133,GrabFood,,"""American Breakfast Club""",Greenville,"""3x Burrito - Mock Beef, 2 Scrambled Eggs, Cheddar, Avocado, Tater Tots,""","""American Breakfast Burritos""","""N/A""",DELIVERED,204000,20400000,0,0,0,0,0,0,30600,3060000,-,173400,17340000,IDR,"September 20, 2026 06:36:46AM","September 20, 2026 07:11:08AM",3,1,delivery,Other,Other,-,30600,3060000,0,0,0,0,-,-,0,0,N/A
77880435,F-3363147372,2755,gofood,,"""American Breakfast Club""",Greenville,"""4x Burrito - 2 Scrambled Eggs, Cheddar, Avocado, Tater Tots, 1x Tater Tots With Truffle Oil""","""American Breakfast Burritos,Sides""","""N/A""",DELIVERED,216000,21600000,0,0,0,0,4000,400000,97200,9720000,-,176260,17626000,IDR,"September 20, 2026 06:29:36AM","September 20, 2026 06:58:02AM",5,2,delivery,N/A,N/A,-,43740,4374000,53460,5346000,0,0,-,-,0,0,N/A
77864801,001693004477-C8E2EY6AHA6WRE,GF-766,GrabFood,,"""People Pasta""",Greenville,"""1x Vegan Chicken Crispy Burger""","""Meatless Burgers""","""1x Home Fries""",DELIVERED,74000,7400000,0,0,76000,7600000,0,0,0,0,-,74000,7400000,IDR,"September 19, 2026 08:49:49PM","September 19, 2026 10:01:18PM",1,1,delivery,Cash,Cash,-,0,0,0,0,0,0,-,-,0,0,13 min 48 sec
77861395,F-3362940011,2332,gofood,,"""Herbox""",Greenville,"""1x Original Burger Vegan, 1x Katsu Chickin Vegan Vegetarian Ricebox""","""Vegan Burger,Ricebox""","""1x French Fries""",DELIVERED,103400,10340000,0,0,0,0,4000,400000,56600,5660000,-,86430,8643000,IDR,"September 19, 2026 08:16:43PM","September 19, 2026 08:50:35PM",2,2,delivery,N/A,N/A,-,20970,2097000,35630,3563000,0,0,-,-,0,0,16 sec
77856467,001570163247-C8E2EECBC4NVSA,GF-912,GrabFood,,"""Tyfel Coffee""",Greenville,"""1x Meatless Burger - Vegan Plantbased, 1x Chic Chunk - Vegan Plantbased""","""Lite Bites,Brunch""","""N/A""",DELIVERED,83000,8300000,0,0,0,0,0,0,19600,1960000,-,63400,6340000,IDR,"September 19, 2026 07:37:36PM","September 19, 2026 08:16:32PM",2,2,delivery,Other,Other,-,19600,1960000,0,0,0,0,-,-,0,0,N/A
77855938,F-3362873206,4281,gofood,,"""Herbox""",Greenville,"""1x Original Burger Vegan, 1x Beef  wrap Vegan Herbox""","""Vegan Burger,Wrap Series""","""2x French Fries""",DELIVERED,144400,14440000,0,0,0,0,4000,400000,67000,6700000,-,119150,11915000,IDR,"September 19, 2026 07:32:16PM","September 19, 2026 08:27:04PM",2,2,delivery,N/A,N/A,-,29250,2925000,37750,3775000,0,0,-,-,0,0,18 min 54 sec
77844312,001177994857-C8E2CYDHTTNBR6,GF-800,GrabFood,,"""Herbox""",Greenville,"""1x Lada Hitam Blackpepper Vegan Vegetarian Ricebox""","""Ricebox""","""1x Vegan Chicken Nugget""",DELIVERED,74000,7400000,0,0,0,0,0,0,7800,780000,-,66200,6620000,IDR,"September 19, 2026 05:59:19PM","September 19, 2026 07:38:46PM",1,1,delivery,Other,Other,-,7800,780000,0,0,0,0,-,-,0,0,14 min 11 sec
77841569,00107517381-C8E2CTDFBCNTEA,GF-031,GrabFood,,"""American Breakfast Club""",Greenville,"""1x Burrito - 2 Scrambled Eggs, Cheddar, Avocado, Tater Tots, 1x Sandwich - 2 Scrambled Eggs melty cheddar cheese on a wavy brioche bun""","""American Breakfast Burritos,American Breakfast Sandwiches""","""N/A""",DELIVERED,103000,10300000,0,0,0,0,0,0,18450,1845000,-,84550,8455000,IDR,"September 19, 2026 05:34:35PM","September 19, 2026 06:03:49PM",2,2,delivery,Other,Other,-,18450,1845000,0,0,0,0,-,-,0,0,N/A
77838146,00195720955-C8E2CJJXVNDKG2,GF-303,GrabFood,,"""People Pasta""",Greenville,"""1x Chicken Nugget - Vegan, 1x Cacio e Pepe - Vegetarian - Plantbased, 1x Truffle Tatter Tots""","""Signature Pasta""","""N/A""",DELIVERED,110000,11000000,0,0,0,0,0,0,0,0,-,110000,11000000,IDR,"September 19, 2026 05:02:04PM","September 19, 2026 05:34:07PM",3,3,delivery,Other,Other,-,0,0,0,0,0,0,-,-,0,0,N/A
77828756,F-3362514931,9582,gofood,,"""Tyfel Coffee""",Greenville,"""1x Cheese Omlette-side Of Tater Tots, 1x Mozarella Stick, 1x Mock Katsu Sandwich""","""Lite Bites,Breakfast Sandwiches,Breakfast Omlettes""","""N/A""",DELIVERED,156000,15600000,0,0,0,0,4000,400000,70200,7020000,-,128410,12841000,IDR,"September 19, 2026 03:20:51PM","September 19, 2026 03:45:50PM",3,3,delivery,N/A,N/A,-,31590,3159000,38610,3861000,0,0,-,-,0,0,N/A
77826022,001314572968-C8E2ATMYNJ4UCX,GF-664,GrabFood,,"""American Breakfast Club""",Greenville,"""2x Cheese Omelette - Side Tater Tots""","""American Breakfast Omelettes""","""2x Tatter Tots""",DELIVERED,176000,17600000,0,0,0,0,0,0,20400,2040000,-,155600,15560000,IDR,"September 19, 2026 02:49:45PM","September 19, 2026 03:43:27PM",2,1,delivery,Other,Other,-,20400,2040000,0,0,0,0,-,-,0,0,13 min 56 sec
77824986,001875476577-C8E2APAKGY2TDE,GF-868,GrabFood,,"""American Breakfast Club""",Kemang,"""1x Burrito - 2 Scrambled Eggs, Cheddar, Avocado, Tater Tots, 1x Burrito - Mock Fish, 2 Scrambled Eggs, Cheddar, Avocado, Tater Tots,""","""American Breakfast Burritos""","""N/A""",DELIVERED,126000,12600000,0,0,0,0,0,0,25200,2520000,-,100800,10080000,IDR,"September 19, 2026 02:37:00PM","September 19, 2026 03:16:54PM",2,2,delivery,Other,Other,-,25200,2520000,0,0,0,0,-,-,0,0,N/A
77823514,F-3362445494,6367,gofood,,"""American Breakfast Club""",Kemang,"""2x Tater Tots""","""Sides""","""N/A""",DELIVERED,56000,5600000,0,0,0,0,4000,400000,0,0,-,60000,6000000,IDR,"September 19, 2026 02:19:59PM","September 19, 2026 02:50:10PM",2,1,delivery,N/A,N/A,-,0,0,0,0,0,0,-,-,0,0,N/A
77822114,001927553323-C8E2AFECJAWBGN,GF-635,GrabFood,,"""American Breakfast Club""",Greenville,"""1x Mushroom Omelette - Mushrooms, Spinach, Side Tater Tots""","""American Breakfast Omelettes""","""N/A""",DELIVERED,68000,6800000,0,0,0,0,0,0,10200,1020000,-,57800,5780000,IDR,"September 19, 2026 02:04:53PM","September 19, 2026 02:36:01PM",1,1,delivery,Other,Other,-,10200,1020000,0,0,0,0,-,-,0,0,N/A
77821953,F-3362423557,2742,gofood,,"""American Breakfast Club""",Kemang,"""1x Burrito - 2 Scrambled Eggs, Cheddar, Avocado, Tater Tots, 1x Tater Tots""","""Sides,American Breakfast Burritos""","""N/A""",DELIVERED,86000,8600000,0,0,0,0,4000,400000,48700,4870000,-,72585,7258500,IDR,"September 19, 2026 02:02:31PM","September 19, 2026 02:22:00PM",2,2,delivery,N/A,N/A,-,17415,1741500,31285,3128500,0,0,-,-,0,0,N/A
77817328,001261061045-C8E1WBCJNUN3EA,GF-288,GrabFood,,"""American Breakfast Club""",Greenville,"""1x 2 Pancakes - Butter, Maple Syrup""","""American Breakfast Pancakes""","""N/A""",DELIVERED,48000,4800000,0,0,0,0,0,0,7200,720000,-,40800,4080000,IDR,"September 19, 2026 01:14:18PM","September 19, 2026 01:55:51PM",1,1,delivery,Other,Other,-,7200,720000,0,0,0,0,-,-,0,0,10 min 16 sec
77814517,00175460636-C8E1V3MJGKDZA2,GF-739,GrabFood,,"""American Breakfast Club""",Greenville,"""1x Burrito - Mock Katsu, 2 Scrambled Eggs, Cheddar, Avocado, Tater Tots""","""American Breakfast Burritos""","""1x Home Fries, 1x Chick Nugget""",DELIVERED,133000,13300000,0,0,0,0,0,0,13200,1320000,-,119800,11980000,IDR,"September 19, 2026 12:45:10PM","September 19, 2026 01:22:15PM",1,1,delivery,Other,Other,-,13200,1320000,0,0,0,0,-,-,0,0,N/A
77813947,00192397034-C8E1V23XT24GTJ,GF-830,GrabFood,,"""American Breakfast Club""",Kemang,"""1x Burrito - 2 Scrambled Eggs, Cheddar, Avocado, Tater Tots""","""American Breakfast Burritos""","""N/A""",DELIVERED,58000,5800000,0,0,0,0,0,0,11600,1160000,-,46400,4640000,IDR,"September 19, 2026 12:39:05PM","September 19, 2026 01:11:31PM",1,1,delivery,Other,Other,-,11600,1160000,0,0,0,0,-,-,0,0,N/A
77809051,F-3362221949,4979,gofood,,"""American Breakfast Club""",Kemang,"""1x Burrito - Mock Beef, 2 Scrambled Eggs, Cheddar, Avocado, Tater Tots,""","""American Breakfast Burritos""","""N/A""",DELIVERED,68000,6800000,0,0,0,0,4000,400000,30400,3040000,-,62820,6282000,IDR,"September 19, 2026 11:50:54AM","September 19, 2026 12:16:34PM",1,1,delivery,N/A,N/A,-,9180,918000,21220,2122000,0,0,-,-,0,0,N/A
77808590,00186828514-C8E1VNN1AJVFEN,GF-464,GrabFood,,"""American Breakfast Club""",Kemang,"""1x Burrito - 2 Scrambled Eggs, Cheddar, Avocado, Tater Tots""","""American Breakfast Burritos""","""N/A""",DELIVERED,58000,5800000,0,0,0,0,0,0,11600,1160000,-,46400,4640000,IDR,"September 19, 2026 11:46:58AM","September 19, 2026 12:11:49PM",1,1,delivery,Other,Other,-,11600,1160000,0,0,0,0,-,-,0,0,N/A
77808429,00164982518-C8E1VNJKWE5JNT,GF-769,GrabFood,,"""American Breakfast Club""",Kemang,"""1x Burrito - Mock Chicken, 2 Scrambled Eggs, Cheddar, Avocado, Tater Tots""","""American Breakfast Burritos""","""1x Truffle Home Fries""",DELIVERED,108000,10800000,0,0,0,0,0,0,0,0,-,108000,10800000,IDR,"September 19, 2026 11:45:20AM","September 19, 2026 12:09:57PM",1,1,delivery,Other,Other,-,0,0,0,0,0,0,-,-,0,0,N/A
77804257,001364929689-C8E1VB3XHA6DUA,GF-978,GrabFood,,"""American Breakfast Club""",Kemang,"""1x Burrito - Mock Chicken, 2 Scrambled Eggs, Cheddar, Avocado, Tater Tots""","""American Breakfast Burritos""","""N/A""",DELIVERED,68000,6800000,0,0,0,0,0,0,0,0,-,68000,6800000,IDR,"September 19, 2026 11:05:44AM","September 19, 2026 11:29:00AM",1,1,delivery,Other,Other,-,0,0,0,0,0,0,-,-,0,0,N/A
77802311,00102313951-C8E1UFDEVUVAGX,GF-445,GrabFood,,"""People Pasta""",Greenville,"""1x Creamy Mushroom - Vegetarian - Plantbased""","""Signature Pasta""","""1x Fettucine""",DELIVERED,44000,4400000,0,0,0,0,0,0,9240,924000,-,34760,3476000,IDR,"September 19, 2026 10:44:34AM","September 19, 2026 12:05:30PM",1,1,delivery,Other,Other,-,9240,924000,0,0,0,0,-,-,0,0,7 min 46 sec
77802057,001934828668-C8E1UEWVBBLVWE,GF-781,GrabFood,,"""American Breakfast Club""",Kemang,"""1x Burrito - 2 Scrambled Eggs, Cheddar, Avocado, Tater Tots""","""American Breakfast Burritos""","""N/A""",DELIVERED,58000,5800000,0,0,0,0,0,0,11600,1160000,-,46400,4640000,IDR,"September 19, 2026 10:41:24AM","September 19, 2026 11:36:34AM",1,1,delivery,Other,Other,-,11600,1160000,0,0,0,0,-,-,0,0,N/A
77799820,00137501093-C8E1T7NUFALDDE,GF-086,GrabFood,,"""American Breakfast Club""",Kemang,"""1x Burrito - Mock Fish, 2 Scrambled Eggs, Cheddar, Avocado, Tater Tots,""","""American Breakfast Burritos""","""N/A""",DELIVERED,68000,6800000,0,0,0,0,0,0,13600,1360000,-,54400,5440000,IDR,"September 19, 2026 10:13:21AM","September 19, 2026 10:49:02AM",1,1,delivery,Other,Other,-,13600,1360000,0,0,0,0,-,-,0,0,N/A
77797931,001777976621-C8E1T2CGGXKUN6,GF-726,GrabFood,,"""American Breakfast Club""",Greenville,"""2x Burrito - 2 Scrambled Eggs, Cheddar, Avocado, Tater Tots""","""American Breakfast Burritos""","""N/A""",DELIVERED,116000,11600000,0,0,0,0,0,0,17400,1740000,-,98600,9860000,IDR,"September 19, 2026 09:47:37AM","September 19, 2026 10:17:21AM",2,1,delivery,Other,Other,-,17400,1740000,0,0,0,0,-,-,0,0,N/A
77797044,F-3362024500,3586,gofood,,"""American Breakfast Club""",Greenville,"""1x Burrito - 2 Scrambled Eggs, Cheddar, Avocado, Tater Tots, 1x Home Fries, 1x Mushroom Omelette - Mushrooms, Spinach, Side Tater Tots""","""American Breakfast Burritos,Sides,American Breakfast Omelettes""","""1x Cutleries, 1x Truffle Tater Tots""",DELIVERED,164700,16470000,0,0,0,0,4000,400000,84200,8420000,-,135310,13531000,IDR,"September 19, 2026 09:31:35AM","September 19, 2026 09:50:06AM",3,3,delivery,N/A,N/A,-,33390,3339000,50810,5081000,0,0,-,-,0,0,N/A
77796917,0019674426-C8E1TVMXVNMKEN,GF-967,GrabFood,,"""American Breakfast Club""",Greenville,"""1x Burrito - Mock Chicken, 2 Scrambled Eggs, Cheddar, Avocado, Tater Tots""","""American Breakfast Burritos""","""N/A""",DELIVERED,68000,6800000,0,0,0,0,0,0,11200,1120000,-,56800,5680000,IDR,"September 19, 2026 09:29:46AM","September 19, 2026 09:53:44AM",1,1,delivery,Other,Other,-,11200,1120000,0,0,0,0,-,-,0,0,N/A
77796480,00147214307-C8E1TUKUVT2HG6,GF-205,GrabFood,,"""American Breakfast Club""",Kemang,"""1x Cheese Omelette - Side Tater Tots""","""American Breakfast Omelettes""","""N/A""",DELIVERED,58000,5800000,0,0,0,0,0,0,11600,1160000,-,46400,4640000,IDR,"September 19, 2026 09:22:22AM","September 19, 2026 10:00:03AM",1,1,delivery,Other,Other,-,11600,1160000,0,0,0,0,-,-,0,0,N/A
77796459,0011379364-C8E1TUJKUB23UA,GF-739,GrabFood,,"""American Breakfast Club""",Kemang,"""1x Mushroom Omelette - Mushrooms, Spinach, Side Tater Tots""","""American Breakfast Omelettes""","""N/A""",DELIVERED,68000,6800000,0,0,0,0,0,0,13600,1360000,-,54400,5440000,IDR,"September 19, 2026 09:22:01AM","September 19, 2026 10:09:30AM",1,1,delivery,Other,Other,-,13600,1360000,0,0,0,0,-,-,0,0,N/A
77795993,00122934585-C8E1TRKZAGLBTJ,GF-686,GrabFood,,"""American Breakfast Club""",Kemang,"""1x Sandwich - 2 Scrambled Eggs, Mock Chicken, Cheddar Cheese Mix, Brioche Bun""","""American Breakfast Sandwiches""","""N/A""",DELIVERED,58000,5800000,0,0,0,0,0,0,11600,1160000,-,46400,4640000,IDR,"September 19, 2026 09:12:27AM","September 19, 2026 09:49:54AM",1,1,delivery,Other,Other,-,11600,1160000,0,0,0,0,-,-,0,0,N/A
77795886,00145224088-C8E1TRA1KFXTPE,GF-626,GrabFood,,"""American Breakfast Club""",Greenville,"""1x 2 Pancakes - Butter, Maple Syrup, 1x Cutleries, 1x Cheese Omelette - Side Tater Tots""","""American Breakfast Pancakes,Cutleries,American Breakfast Omelettes""","""1x Home Fries, 1x Cutleries""",DELIVERED,138500,13850000,0,0,0,0,0,0,18900,1890000,-,119600,11960000,IDR,"September 19, 2026 09:10:27AM","September 19, 2026 09:49:43AM",3,3,delivery,Other,Other,-,18900,1890000,0,0,0,0,-,-,0,0,N/A
77795611,001300517521-C8E1TPEDV4K2UE,GF-277,GrabFood,,"""American Breakfast Club""",Kemang,"""2x Burrito - Mock Chicken, 2 Scrambled Eggs, Cheddar, Avocado, Tater Tots""","""American Breakfast Burritos""","""1x Chick Nugget, 1x Truffle Tater Tots""",DELIVERED,211000,21100000,0,0,0,0,0,0,0,0,-,211000,21100000,IDR,"September 19, 2026 09:04:54AM","September 19, 2026 09:35:39AM",2,2,delivery,Other,Other,-,0,0,0,0,0,0,-,-,0,0,N/A
77795485,F-3361997800,4839,gofood,,"""American Breakfast Club""",Kemang,"""1x Burrito - 2 Scrambled Eggs, Cheddar, Avocado, Tater Tots""","""American Breakfast Burritos""","""N/A""",DELIVERED,58000,5800000,0,0,0,0,4000,400000,10000,1000000,-,62000,6200000,IDR,"September 19, 2026 09:01:49AM","September 19, 2026 09:20:23AM",1,1,delivery,N/A,N/A,-,0,0,10000,1000000,0,0,-,-,0,0,N/A
77795343,0014738791-C8E1TNM3N2CEJ6,GF-960,GrabFood,,"""American Breakfast Club""",Greenville,"""1x Burrito - 2 Scrambled Eggs, Cheddar, Avocado, Tater Tots""","""American Breakfast Burritos""","""N/A""",DELIVERED,58000,5800000,0,0,0,0,0,0,8700,870000,-,49300,4930000,IDR,"September 19, 2026 08:59:50AM","September 19, 2026 09:16:41AM",1,1,delivery,Other,Other,-,8700,870000,0,0,0,0,-,-,0,0,N/A
77795321,001142869216-C8E1TNLJDAUCCJ,GF-890,GrabFood,,"""American Breakfast Club""",Kemang,"""1x Sandwich - 2 Scrambled Eggs melty cheddar cheese on a wavy brioche bun""","""American Breakfast Sandwiches""","""N/A""",DELIVERED,45000,4500000,0,0,0,0,0,0,9000,900000,-,36000,3600000,IDR,"September 19, 2026 08:59:18AM","September 19, 2026 09:31:49AM",1,1,delivery,Other,Other,-,9000,900000,0,0,0,0,-,-,0,0,N/A
77795315,0019500766-C8E1TNKYR4DVL2,GF-623,GrabFood,,"""American Breakfast Club""",Greenville,"""1x Burrito - Mock Beef, 2 Scrambled Eggs, Cheddar, Avocado, Tater Tots,""","""American Breakfast Burritos""","""1x Home Fries""",DELIVERED,98000,9800000,0,0,0,0,0,0,10200,1020000,-,87800,8780000,IDR,"September 19, 2026 08:59:07AM","September 19, 2026 09:30:54AM",1,1,delivery,Other,Other,-,10200,1020000,0,0,0,0,-,-,0,0,N/A
77794853,F-3361986771,8341,gofood,,"""American Breakfast Club""",Greenville,"""1x Burrito - Mock Fish, 2 Scrambled Eggs, Cheddar, Avocado, Tater Tots,, 1x 2 Pancakes - Butter, Maple Syrup""","""American Breakfast Burritos,American Breakfast Pancakes""","""N/A""",DELIVERED,92800,9280000,0,0,0,0,4000,400000,0,0,-,96800,9680000,IDR,"September 19, 2026 08:46:43AM","September 19, 2026 09:29:14AM",2,2,delivery,N/A,N/A,-,0,0,0,0,0,0,-,-,0,0,N/A
77794831,F-3361986129,6912,gofood,,"""American Breakfast Club""",Greenville,"""1x Tater Tots With Truffle Oil, 1x Burrito - Mock Chicken, 2 Scrambled Eggs, Cheddar, Avocado, Tater Tots, 1x Burrito - Mock Beef, 2 Scrambled Eggs, Cheddar, Avocado, Tater Tots,""","""American Breakfast Burritos,Sides""","""N/A""",DELIVERED,139200,13920000,0,0,0,0,4000,400000,72700,7270000,-,114985,11498500,IDR,"September 19, 2026 08:45:50AM","September 19, 2026 09:06:49AM",3,3,delivery,N/A,N/A,-,28215,2821500,44485,4448500,0,0,-,-,0,0,N/A
77794666,F-3361983381,7941,gofood,,"""American Breakfast Club""",Kemang,"""1x Burrito - 2 Scrambled Eggs, Cheddar, Avocado, Tater Tots""","""American Breakfast Burritos""","""N/A""",DELIVERED,58000,5800000,0,0,0,0,4000,400000,10000,1000000,-,62000,6200000,IDR,"September 19, 2026 08:41:47AM","September 19, 2026 09:02:36AM",1,1,delivery,N/A,N/A,-,0,0,10000,1000000,0,0,-,-,0,0,N/A
77794488,0017017299-C8E1TGB2CADYRA,GF-179,GrabFood,,"""American Breakfast Club""",Greenville,"""1x Cheese Omelette - Side Tater Tots""","""American Breakfast Omelettes""","""N/A""",DELIVERED,58000,5800000,0,0,0,0,0,0,8700,870000,-,49300,4930000,IDR,"September 19, 2026 08:37:27AM","September 19, 2026 09:02:18AM",1,1,delivery,Other,Other,-,8700,870000,0,0,0,0,-,-,0,0,5 min 1 sec
77794372,001918677159-C8E1TFUGABB2CX,GF-053,GrabFood,,"""American Breakfast Club""",Greenville,"""1x 2 Pancakes - Butter, Maple Syrup, 1x Burrito - 2 Scrambled Eggs, Cheddar, Avocado, Tater Tots""","""American Breakfast Burritos,American Breakfast Pancakes""","""N/A""",DELIVERED,106000,10600000,0,0,0,0,0,0,15900,1590000,-,90100,9010000,IDR,"September 19, 2026 08:33:56AM","September 19, 2026 08:55:53AM",2,2,delivery,Other,Other,-,15900,1590000,0,0,0,0,-,-,0,0,11 min 52 sec
77794230,001447130735-C8E1TE3GPGA1FE,GF-580,GrabFood,,"""American Breakfast Club""",Kemang,"""1x Burrito - Mock Fish, 2 Scrambled Eggs, Cheddar, Avocado, Tater Tots,, 1x Sandwich - 2 Scrambled Eggs Mock Beef, Cheddar Cheese  on a wavy brioche bun""","""American Breakfast Burritos,American Breakfast Sandwiches""","""N/A""",DELIVERED,126000,12600000,0,0,0,0,0,0,25200,2520000,-,100800,10080000,IDR,"September 19, 2026 08:29:08AM","September 19, 2026 09:05:37AM",2,2,delivery,Other,Other,-,25200,2520000,0,0,0,0,-,-,0,0,N/A
77794142,00109171781-C8E1TENEJTL3C2,GF-077,GrabFood,,"""Tyfel Coffee""",Greenville,"""1x Tyfel Burritos - Vegan, 1x Potato Nugget - Truffle Vegan Plantbased, 1x Nachos - Vegan-option""","""Lite Bites""","""N/A""",DELIVERED,123000,12300000,0,0,0,0,0,0,45264,4526400,-,77736,7773600,IDR,"September 19, 2026 08:26:47AM","September 19, 2026 08:45:01AM",3,3,delivery,Other,Other,-,45264,4526400,0,0,0,0,-,-,0,0,N/A
77793918,00100670645-C8E1TB4FL6KZLE,GF-370,GrabFood,,"""American Breakfast Club""",Greenville,"""1x Burrito - Mock Beef, 2 Scrambled Eggs, Cheddar, Avocado, Tater Tots,""","""American Breakfast Burritos""","""N/A""",DELIVERED,68000,6800000,0,0,0,0,0,0,10200,1020000,-,57800,5780000,IDR,"September 19, 2026 08:19:15AM","September 19, 2026 08:48:22AM",1,1,delivery,Other,Other,-,10200,1020000,0,0,0,0,-,-,0,0,6 min 28 sec
77793750,F-3361960662,3499,gofood,,"""American Breakfast Club""",Kemang,"""1x Original Egg burger - Patties, 2 Scrambled Eggs, Cheddar Cheese, Secret Sauce, 1x Home Fries With Truffle Oil, 1x Burrito - Mock Beef, 2 Scrambled Eggs, Cheddar, Avocado, Tater Tots,""","""American Breakfast Burger,Sides,American Breakfast Burritos""","""N/A""",DELIVERED,164000,16400000,0,0,0,0,4000,400000,83800,8380000,-,134790,13479000,IDR,"September 19, 2026 08:07:52AM","September 19, 2026 08:33:01AM",3,3,delivery,N/A,N/A,-,33210,3321000,50590,5059000,0,0,-,-,0,0,N/A
77793719,001395688298-C8E1TA42TTBATE,GF-360,GrabFood,,"""American Breakfast Club""",Greenville,"""1x Mushroom Omelette - Mushrooms, Spinach, Side Tater Tots""","""American Breakfast Omelettes""","""N/A""",DELIVERED,68000,6800000,0,0,0,0,0,0,10200,1020000,-,57800,5780000,IDR,"September 19, 2026 08:12:50AM","September 19, 2026 08:32:37AM",1,1,delivery,Other,Other,-,10200,1020000,0,0,0,0,-,-,0,0,N/A
77793678,0013169143-C8E1TAWUFE6KV6,GF-960,GrabFood,,"""People Pasta""",Greenville,"""1x Meat-less Burger - Vegan""","""Meatless Burgers""","""N/A""",DELIVERED,49000,4900000,0,0,0,0,0,0,0,0,-,49000,4900000,IDR,"September 19, 2026 08:11:21AM","September 19, 2026 08:35:11AM",1,1,delivery,Other,Other,-,0,0,0,0,0,0,-,-,0,0,N/A
