Order ID,External ID,Short ID,Provider,Order Source,Brand,Branch,Menu Items,Menu Categories,Menu Modifiers,Status,Gross Order Value,Gross Order Value In Cents,Vat,Vat In Cents,Delivery Fee,Delivery Fee In Cents,Additional Fee,Additional Fee In Cents,Discount,Discount In Cents,Promo Code,Net Order Value,Net Order Value In Cents,Currency,Created At,Delivered At,Items Ordered,Unique Items Ordered,Order Type,Payment Method,Payment Channel,Payment Reference ID,Merchant Discount,Merchant Discount In Cents,Provider Discount,Provider Discount In Cents,Delivery Fee Discount,Delivery Fee Discount In Cents,Cancellation Reason,Cancelled By,Restaurant Service Fee,Restaurant Service Fee In Cents,Meal Preparation Time
77864801,001693004477-C8E2EY6AHA6WRE,GF-766,GrabFood,,"""People Pasta""",Greenville,"""1x Vegan Chicken Crispy Burger""","""Meatless Burgers""","""1x Home Fries""",DELIVERED,74000,7400000,0,0,76000,7600000,0,0,0,0,-,74000,7400000,IDR,"September 19, 2026 08:49:49PM","September 19, 2026 10:01:18PM",1,1,delivery,Cash,Cash,-,0,0,0,0,0,0,-,-,0,0,13 min 48 sec
77861395,F-3362940011,2332,gofood,,"""Herbox""",Greenville,"""1x Katsu Chickin Vegan Vegetarian Ricebox, 1x Original Burger Vegan""","""Ricebox,Vegan Burger""","""1x French Fries""",DELIVERED,103400,10340000,0,0,0,0,4000,400000,56600,5660000,-,86430,8643000,IDR,"September 19, 2026 08:16:43PM","September 19, 2026 08:50:35PM",2,2,delivery,N/A,N/A,-,20970,2097000,35630,3563000,0,0,-,-,0,0,16 sec
77856467,001570163247-C8E2EECBC4NVSA,GF-912,GrabFood,,"""Tyfel Coffee""",Greenville,"""1x Chic Chunk - Vegan Plantbased, 1x Meatless Burger - Vegan Plantbased""","""Lite Bites,Brunch""","""N/A""",DELIVERED,83000,8300000,0,0,0,0,0,0,19600,1960000,-,63400,6340000,IDR,"September 19, 2026 07:37:36PM","September 19, 2026 08:16:32PM",2,2,delivery,Other,Other,-,19600,1960000,0,0,0,0,-,-,0,0,N/A
77855938,F-3362873206,4281,gofood,,"""Herbox""",Greenville,"""1x Original Burger Vegan, 1x Beef  wrap Vegan Herbox""","""Vegan Burger,Wrap Series""","""2x French Fries""",DELIVERED,144400,14440000,0,0,0,0,4000,400000,67000,6700000,-,119150,11915000,IDR,"September 19, 2026 07:32:16PM","September 19, 2026 08:27:04PM",2,2,delivery,N/A,N/A,-,29250,2925000,37750,3775000,0,0,-,-,0,0,18 min 54 sec
77844312,001177994857-C8E2CYDHTTNBR6,GF-800,GrabFood,,"""Herbox""",Greenville,"""1x Lada Hitam Blackpepper Vegan Vegetarian Ricebox""","""Ricebox""","""1x Vegan Chicken Nugget""",DELIVERED,74000,7400000,0,0,0,0,0,0,7800,780000,-,66200,6620000,IDR,"September 19, 2026 05:59:19PM","September 19, 2026 07:38:46PM",1,1,delivery,Other,Other,-,7800,780000,0,0,0,0,-,-,0,0,14 min 11 sec
77841569,00107517381-C8E2CTDFBCNTEA,GF-031,GrabFood,,"""American Breakfast Club""",Greenville,"""1x Burrito - 2 Scrambled Eggs, Cheddar, Avocado, Tater Tots, 1x Sandwich - 2 Scrambled Eggs melty cheddar cheese on a wavy brioche bun""","""American Breakfast Burritos,American Breakfast Sandwiches""","""N/A""",DELIVERED,103000,10300000,0,0,0,0,0,0,18450,1845000,-,84550,8455000,IDR,"September 19, 2026 05:34:35PM","September 19, 2026 06:03:49PM",2,2,delivery,Other,Other,-,18450,1845000,0,0,0,0,-,-,0,0,N/A
77838146,00195720955-C8E2CJJXVNDKG2,GF-303,GrabFood,,"""People Pasta""",Greenville,"""1x Chicken Nugget - Vegan, 1x Cacio e Pepe - Vegetarian - Plantbased, 1x Truffle Tatter Tots""","""Signature Pasta""","""N/A""",DELIVERED,110000,11000000,0,0,0,0,0,0,0,0,-,110000,11000000,IDR,"September 19, 2026 05:02:04PM","September 19, 2026 05:34:07PM",3,3,delivery,Other,Other,-,0,0,0,0,0,0,-,-,0,0,N/A
77828756,F-3362514931,9582,gofood,,"""Tyfel Coffee""",Greenville,"""1x Mock Katsu Sandwich, 1x Cheese Omlette-side Of Tater Tots, 1x Mozarella Stick""","""Lite Bites,Breakfast Sandwiches,Breakfast Omlettes""","""N/A""",DELIVERED,156000,15600000,0,0,0,0,4000,400000,70200,7020000,-,128410,12841000,IDR,"September 19, 2026 03:20:51PM","September 19, 2026 03:45:50PM",3,3,delivery,N/A,N/A,-,31590,3159000,38610,3861000,0,0,-,-,0,0,N/A
77826022,001314572968-C8E2ATMYNJ4UCX,GF-664,GrabFood,,"""American Breakfast Club""",Greenville,"""2x Cheese Omelette - Side Tater Tots""","""American Breakfast Omelettes""","""2x Tatter Tots""",DELIVERED,176000,17600000,0,0,0,0,0,0,20400,2040000,-,155600,15560000,IDR,"September 19, 2026 02:49:45PM","September 19, 2026 03:43:27PM",2,1,delivery,Other,Other,-,20400,2040000,0,0,0,0,-,-,0,0,13 min 56 sec
77824986,001875476577-C8E2APAKGY2TDE,GF-868,GrabFood,,"""American Breakfast Club""",Kemang,"""1x Burrito - 2 Scrambled Eggs, Cheddar, Avocado, Tater Tots, 1x Burrito - Mock Fish, 2 Scrambled Eggs, Cheddar, Avocado, Tater Tots,""","""American Breakfast Burritos""","""N/A""",DELIVERED,126000,12600000,0,0,0,0,0,0,25200,2520000,-,100800,10080000,IDR,"September 19, 2026 02:37:00PM","September 19, 2026 03:16:54PM",2,2,delivery,Other,Other,-,25200,2520000,0,0,0,0,-,-,0,0,N/A
77823514,F-3362445494,6367,gofood,,"""American Breakfast Club""",Kemang,"""2x Tater Tots""","""Sides""","""N/A""",DELIVERED,56000,5600000,0,0,0,0,4000,400000,0,0,-,60000,6000000,IDR,"September 19, 2026 02:19:59PM","September 19, 2026 02:50:10PM",2,1,delivery,N/A,N/A,-,0,0,0,0,0,0,-,-,0,0,N/A
77822114,001927553323-C8E2AFECJAWBGN,GF-635,GrabFood,,"""American Breakfast Club""",Greenville,"""1x Mushroom Omelette - Mushrooms, Spinach, Side Tater Tots""","""American Breakfast Omelettes""","""N/A""",DELIVERED,68000,6800000,0,0,0,0,0,0,10200,1020000,-,57800,5780000,IDR,"September 19, 2026 02:04:53PM","September 19, 2026 02:36:01PM",1,1,delivery,Other,Other,-,10200,1020000,0,0,0,0,-,-,0,0,N/A
77821953,F-3362423557,2742,gofood,,"""American Breakfast Club""",Kemang,"""1x Burrito - 2 Scrambled Eggs, Cheddar, Avocado, Tater Tots, 1x Tater Tots""","""American Breakfast Burritos,Sides""","""N/A""",DELIVERED,86000,8600000,0,0,0,0,4000,400000,48700,4870000,-,72585,7258500,IDR,"September 19, 2026 02:02:31PM","September 19, 2026 02:22:00PM",2,2,delivery,N/A,N/A,-,17415,1741500,31285,3128500,0,0,-,-,0,0,N/A
77817328,001261061045-C8E1WBCJNUN3EA,GF-288,GrabFood,,"""American Breakfast Club""",Greenville,"""1x 2 Pancakes - Butter, Maple Syrup""","""American Breakfast Pancakes""","""N/A""",DELIVERED,48000,4800000,0,0,0,0,0,0,7200,720000,-,40800,4080000,IDR,"September 19, 2026 01:14:18PM","September 19, 2026 01:55:51PM",1,1,delivery,Other,Other,-,7200,720000,0,0,0,0,-,-,0,0,10 min 16 sec
77814517,00175460636-C8E1V3MJGKDZA2,GF-739,GrabFood,,"""American Breakfast Club""",Greenville,"""1x Burrito - Mock Katsu, 2 Scrambled Eggs, Cheddar, Avocado, Tater Tots""","""American Breakfast Burritos""","""1x Home Fries, 1x Chick Nugget""",DELIVERED,133000,13300000,0,0,0,0,0,0,13200,1320000,-,119800,11980000,IDR,"September 19, 2026 12:45:10PM","September 19, 2026 01:22:15PM",1,1,delivery,Other,Other,-,13200,1320000,0,0,0,0,-,-,0,0,N/A
77813947,00192397034-C8E1V23XT24GTJ,GF-830,GrabFood,,"""American Breakfast Club""",Kemang,"""1x Burrito - 2 Scrambled Eggs, Cheddar, Avocado, Tater Tots""","""American Breakfast Burritos""","""N/A""",DELIVERED,58000,5800000,0,0,0,0,0,0,11600,1160000,-,46400,4640000,IDR,"September 19, 2026 12:39:05PM","September 19, 2026 01:11:31PM",1,1,delivery,Other,Other,-,11600,1160000,0,0,0,0,-,-,0,0,N/A
77809051,F-3362221949,4979,gofood,,"""American Breakfast Club""",Kemang,"""1x Burrito - Mock Beef, 2 Scrambled Eggs, Cheddar, Avocado, Tater Tots,""","""American Breakfast Burritos""","""N/A""",DELIVERED,68000,6800000,0,0,0,0,4000,400000,30400,3040000,-,62820,6282000,IDR,"September 19, 2026 11:50:54AM","September 19, 2026 12:16:34PM",1,1,delivery,N/A,N/A,-,9180,918000,21220,2122000,0,0,-,-,0,0,N/A
77808590,00186828514-C8E1VNN1AJVFEN,GF-464,GrabFood,,"""American Breakfast Club""",Kemang,"""1x Burrito - 2 Scrambled Eggs, Cheddar, Avocado, Tater Tots""","""American Breakfast Burritos""","""N/A""",DELIVERED,58000,5800000,0,0,0,0,0,0,11600,1160000,-,46400,4640000,IDR,"September 19, 2026 11:46:58AM","September 19, 2026 12:11:49PM",1,1,delivery,Other,Other,-,11600,1160000,0,0,0,0,-,-,0,0,N/A
77808429,00164982518-C8E1VNJKWE5JNT,GF-769,GrabFood,,"""American Breakfast Club""",Kemang,"""1x Burrito - Mock Chicken, 2 Scrambled Eggs, Cheddar, Avocado, Tater Tots""","""American Breakfast Burritos""","""1x Truffle Home Fries""",DELIVERED,108000,10800000,0,0,0,0,0,0,0,0,-,108000,10800000,IDR,"September 19, 2026 11:45:20AM","September 19, 2026 12:09:57PM",1,1,delivery,Other,Other,-,0,0,0,0,0,0,-,-,0,0,N/A
77804257,001364929689-C8E1VB3XHA6DUA,GF-978,GrabFood,,"""American Breakfast Club""",Kemang,"""1x Burrito - Mock Chicken, 2 Scrambled Eggs, Cheddar, Avocado, Tater Tots""","""American Breakfast Burritos""","""N/A""",DELIVERED,68000,6800000,0,0,0,0,0,0,0,0,-,68000,6800000,IDR,"September 19, 2026 11:05:44AM","September 19, 2026 11:29:00AM",1,1,delivery,Other,Other,-,0,0,0,0,0,0,-,-,0,0,N/A
77802311,00102313951-C8E1UFDEVUVAGX,GF-445,GrabFood,,"""People Pasta""",Greenville,"""1x Creamy Mushroom - Vegetarian - Plantbased""","""Signature Pasta""","""1x Fettucine""",DELIVERED,44000,4400000,0,0,0,0,0,0,9240,924000,-,34760,3476000,IDR,"September 19, 2026 10:44:34AM","September 19, 2026 12:05:30PM",1,1,delivery,Other,Other,-,9240,924000,0,0,0,0,-,-,0,0,7 min 46 sec
77802057,001934828668-C8E1UEWVBBLVWE,GF-781,GrabFood,,"""American Breakfast Club""",Kemang,"""1x Burrito - 2 Scrambled Eggs, Cheddar, Avocado, Tater Tots""","""American Breakfast Burritos""","""N/A""",DELIVERED,58000,5800000,0,0,0,0,0,0,11600,1160000,-,46400,4640000,IDR,"September 19, 2026 10:41:24AM","September 19, 2026 11:36:34AM",1,1,delivery,Other,Other,-,11600,1160000,0,0,0,0,-,-,0,0,N/A
77799820,00137501093-C8E1T7NUFALDDE,GF-086,GrabFood,,"""American Breakfast Club""",Kemang,"""1x Burrito - Mock Fish, 2 Scrambled Eggs, Cheddar, Avocado, Tater Tots,""","""American Breakfast Burritos""","""N/A""",DELIVERED,68000,6800000,0,0,0,0,0,0,13600,1360000,-,54400,5440000,IDR,"September 19, 2026 10:13:21AM","September 19, 2026 10:49:02AM",1,1,delivery,Other,Other,-,13600,1360000,0,0,0,0,-,-,0,0,N/A
77797931,001777976621-C8E1T2CGGXKUN6,GF-726,GrabFood,,"""American Breakfast Club""",Greenville,"""2x Burrito - 2 Scrambled Eggs, Cheddar, Avocado, Tater Tots""","""American Breakfast Burritos""","""N/A""",DELIVERED,116000,11600000,0,0,0,0,0,0,17400,1740000,-,98600,9860000,IDR,"September 19, 2026 09:47:37AM","September 19, 2026 10:17:21AM",2,1,delivery,Other,Other,-,17400,1740000,0,0,0,0,-,-,0,0,N/A
77797044,F-3362024500,3586,gofood,,"""American Breakfast Club""",Greenville,"""1x Burrito - 2 Scrambled Eggs, Cheddar, Avocado, Tater Tots, 1x Home Fries, 1x Mushroom Omelette - Mushrooms, Spinach, Side Tater Tots""","""American Breakfast Omelettes,American Breakfast Burritos,Sides""","""1x Cutleries, 1x Truffle Tater Tots""",DELIVERED,164700,16470000,0,0,0,0,4000,400000,84200,8420000,-,135310,13531000,IDR,"September 19, 2026 09:31:35AM","September 19, 2026 09:50:06AM",3,3,delivery,N/A,N/A,-,33390,3339000,50810,5081000,0,0,-,-,0,0,N/A
77796917,0019674426-C8E1TVMXVNMKEN,GF-967,GrabFood,,"""American Breakfast Club""",Greenville,"""1x Burrito - Mock Chicken, 2 Scrambled Eggs, Cheddar, Avocado, Tater Tots""","""American Breakfast Burritos""","""N/A""",DELIVERED,68000,6800000,0,0,0,0,0,0,11200,1120000,-,56800,5680000,IDR,"September 19, 2026 09:29:46AM","September 19, 2026 09:53:44AM",1,1,delivery,Other,Other,-,11200,1120000,0,0,0,0,-,-,0,0,N/A
77796480,00147214307-C8E1TUKUVT2HG6,GF-205,GrabFood,,"""American Breakfast Club""",Kemang,"""1x Cheese Omelette - Side Tater Tots""","""American Breakfast Omelettes""","""N/A""",DELIVERED,58000,5800000,0,0,0,0,0,0,11600,1160000,-,46400,4640000,IDR,"September 19, 2026 09:22:22AM","September 19, 2026 10:00:03AM",1,1,delivery,Other,Other,-,11600,1160000,0,0,0,0,-,-,0,0,N/A
77796459,0011379364-C8E1TUJKUB23UA,GF-739,GrabFood,,"""American Breakfast Club""",Kemang,"""1x Mushroom Omelette - Mushrooms, Spinach, Side Tater Tots""","""American Breakfast Omelettes""","""N/A""",DELIVERED,68000,6800000,0,0,0,0,0,0,13600,1360000,-,54400,5440000,IDR,"September 19, 2026 09:22:01AM","September 19, 2026 10:09:30AM",1,1,delivery,Other,Other,-,13600,1360000,0,0,0,0,-,-,0,0,N/A
77795993,00122934585-C8E1TRKZAGLBTJ,GF-686,GrabFood,,"""American Breakfast Club""",Kemang,"""1x Sandwich - 2 Scrambled Eggs, Mock Chicken, Cheddar Cheese Mix, Brioche Bun""","""American Breakfast Sandwiches""","""N/A""",DELIVERED,58000,5800000,0,0,0,0,0,0,11600,1160000,-,46400,4640000,IDR,"September 19, 2026 09:12:27AM","September 19, 2026 09:49:54AM",1,1,delivery,Other,Other,-,11600,1160000,0,0,0,0,-,-,0,0,N/A
77795886,00145224088-C8E1TRA1KFXTPE,GF-626,GrabFood,,"""American Breakfast Club""",Greenville,"""1x 2 Pancakes - Butter, Maple Syrup, 1x Cutleries, 1x Cheese Omelette - Side Tater Tots""","""American Breakfast Pancakes,Cutleries,American Breakfast Omelettes""","""1x Home Fries, 1x Cutleries""",DELIVERED,138500,13850000,0,0,0,0,0,0,18900,1890000,-,119600,11960000,IDR,"September 19, 2026 09:10:27AM","September 19, 2026 09:49:43AM",3,3,delivery,Other,Other,-,18900,1890000,0,0,0,0,-,-,0,0,N/A
77795611,001300517521-C8E1TPEDV4K2UE,GF-277,GrabFood,,"""American Breakfast Club""",Kemang,"""2x Burrito - Mock Chicken, 2 Scrambled Eggs, Cheddar, Avocado, Tater Tots""","""American Breakfast Burritos""","""1x Chick Nugget, 1x Truffle Tater Tots""",DELIVERED,211000,21100000,0,0,0,0,0,0,0,0,-,211000,21100000,IDR,"September 19, 2026 09:04:54AM","September 19, 2026 09:35:39AM",2,2,delivery,Other,Other,-,0,0,0,0,0,0,-,-,0,0,N/A
77795485,F-3361997800,4839,gofood,,"""American Breakfast Club""",Kemang,"""1x Burrito - 2 Scrambled Eggs, Cheddar, Avocado, Tater Tots""","""American Breakfast Burritos""","""N/A""",DELIVERED,58000,5800000,0,0,0,0,4000,400000,10000,1000000,-,62000,6200000,IDR,"September 19, 2026 09:01:49AM","September 19, 2026 09:20:23AM",1,1,delivery,N/A,N/A,-,0,0,10000,1000000,0,0,-,-,0,0,N/A
77795343,0014738791-C8E1TNM3N2CEJ6,GF-960,GrabFood,,"""American Breakfast Club""",Greenville,"""1x Burrito - 2 Scrambled Eggs, Cheddar, Avocado, Tater Tots""","""American Breakfast Burritos""","""N/A""",DELIVERED,58000,5800000,0,0,0,0,0,0,8700,870000,-,49300,4930000,IDR,"September 19, 2026 08:59:50AM","September 19, 2026 09:16:41AM",1,1,delivery,Other,Other,-,8700,870000,0,0,0,0,-,-,0,0,N/A
77795321,001142869216-C8E1TNLJDAUCCJ,GF-890,GrabFood,,"""American Breakfast Club""",Kemang,"""1x Sandwich - 2 Scrambled Eggs melty cheddar cheese on a wavy brioche bun""","""American Breakfast Sandwiches""","""N/A""",DELIVERED,45000,4500000,0,0,0,0,0,0,9000,900000,-,36000,3600000,IDR,"September 19, 2026 08:59:18AM","September 19, 2026 09:31:49AM",1,1,delivery,Other,Other,-,9000,900000,0,0,0,0,-,-,0,0,N/A
77795315,0019500766-C8E1TNKYR4DVL2,GF-623,GrabFood,,"""American Breakfast Club""",Greenville,"""1x Burrito - Mock Beef, 2 Scrambled Eggs, Cheddar, Avocado, Tater Tots,""","""American Breakfast Burritos""","""1x Home Fries""",DELIVERED,98000,9800000,0,0,0,0,0,0,10200,1020000,-,87800,8780000,IDR,"September 19, 2026 08:59:07AM","September 19, 2026 09:30:54AM",1,1,delivery,Other,Other,-,10200,1020000,0,0,0,0,-,-,0,0,N/A
77794853,F-3361986771,8341,gofood,,"""American Breakfast Club""",Greenville,"""1x Burrito - Mock Fish, 2 Scrambled Eggs, Cheddar, Avocado, Tater Tots,, 1x 2 Pancakes - Butter, Maple Syrup""","""American Breakfast Burritos,American Breakfast Pancakes""","""N/A""",DELIVERED,92800,9280000,0,0,0,0,4000,400000,0,0,-,96800,9680000,IDR,"September 19, 2026 08:46:43AM","September 19, 2026 09:29:14AM",2,2,delivery,N/A,N/A,-,0,0,0,0,0,0,-,-,0,0,N/A
77794831,F-3361986129,6912,gofood,,"""American Breakfast Club""",Greenville,"""1x Tater Tots With Truffle Oil, 1x Burrito - Mock Chicken, 2 Scrambled Eggs, Cheddar, Avocado, Tater Tots, 1x Burrito - Mock Beef, 2 Scrambled Eggs, Cheddar, Avocado, Tater Tots,""","""American Breakfast Burritos,Sides""","""N/A""",DELIVERED,139200,13920000,0,0,0,0,4000,400000,72700,7270000,-,114985,11498500,IDR,"September 19, 2026 08:45:50AM","September 19, 2026 09:06:49AM",3,3,delivery,N/A,N/A,-,28215,2821500,44485,4448500,0,0,-,-,0,0,N/A
77794666,F-3361983381,7941,gofood,,"""American Breakfast Club""",Kemang,"""1x Burrito - 2 Scrambled Eggs, Cheddar, Avocado, Tater Tots""","""American Breakfast Burritos""","""N/A""",DELIVERED,58000,5800000,0,0,0,0,4000,400000,10000,1000000,-,62000,6200000,IDR,"September 19, 2026 08:41:47AM","September 19, 2026 09:02:36AM",1,1,delivery,N/A,N/A,-,0,0,10000,1000000,0,0,-,-,0,0,N/A
77794488,0017017299-C8E1TGB2CADYRA,GF-179,GrabFood,,"""American Breakfast Club""",Greenville,"""1x Cheese Omelette - Side Tater Tots""","""American Breakfast Omelettes""","""N/A""",DELIVERED,58000,5800000,0,0,0,0,0,0,8700,870000,-,49300,4930000,IDR,"September 19, 2026 08:37:27AM","September 19, 2026 09:02:18AM",1,1,delivery,Other,Other,-,8700,870000,0,0,0,0,-,-,0,0,5 min 1 sec
77794372,001918677159-C8E1TFUGABB2CX,GF-053,GrabFood,,"""American Breakfast Club""",Greenville,"""1x 2 Pancakes - Butter, Maple Syrup, 1x Burrito - 2 Scrambled Eggs, Cheddar, Avocado, Tater Tots""","""American Breakfast Pancakes,American Breakfast Burritos""","""N/A""",DELIVERED,106000,10600000,0,0,0,0,0,0,15900,1590000,-,90100,9010000,IDR,"September 19, 2026 08:33:56AM","September 19, 2026 08:55:53AM",2,2,delivery,Other,Other,-,15900,1590000,0,0,0,0,-,-,0,0,11 min 52 sec
77794230,001447130735-C8E1TE3GPGA1FE,GF-580,GrabFood,,"""American Breakfast Club""",Kemang,"""1x Burrito - Mock Fish, 2 Scrambled Eggs, Cheddar, Avocado, Tater Tots,, 1x Sandwich - 2 Scrambled Eggs Mock Beef, Cheddar Cheese  on a wavy brioche bun""","""American Breakfast Burritos,American Breakfast Sandwiches""","""N/A""",DELIVERED,126000,12600000,0,0,0,0,0,0,25200,2520000,-,100800,10080000,IDR,"September 19, 2026 08:29:08AM","September 19, 2026 09:05:37AM",2,2,delivery,Other,Other,-,25200,2520000,0,0,0,0,-,-,0,0,N/A
77794142,00109171781-C8E1TENEJTL3C2,GF-077,GrabFood,,"""Tyfel Coffee""",Greenville,"""1x Tyfel Burritos - Vegan, 1x Potato Nugget - Truffle Vegan Plantbased, 1x Nachos - Vegan-option""","""Lite Bites""","""N/A""",DELIVERED,123000,12300000,0,0,0,0,0,0,45264,4526400,-,77736,7773600,IDR,"September 19, 2026 08:26:47AM","September 19, 2026 08:45:01AM",3,3,delivery,Other,Other,-,45264,4526400,0,0,0,0,-,-,0,0,N/A
77793918,00100670645-C8E1TB4FL6KZLE,GF-370,GrabFood,,"""American Breakfast Club""",Greenville,"""1x Burrito - Mock Beef, 2 Scrambled Eggs, Cheddar, Avocado, Tater Tots,""","""American Breakfast Burritos""","""N/A""",DELIVERED,68000,6800000,0,0,0,0,0,0,10200,1020000,-,57800,5780000,IDR,"September 19, 2026 08:19:15AM","September 19, 2026 08:48:22AM",1,1,delivery,Other,Other,-,10200,1020000,0,0,0,0,-,-,0,0,6 min 28 sec
77793750,F-3361960662,3499,gofood,,"""American Breakfast Club""",Kemang,"""1x Original Egg burger - Patties, 2 Scrambled Eggs, Cheddar Cheese, Secret Sauce, 1x Home Fries With Truffle Oil, 1x Burrito - Mock Beef, 2 Scrambled Eggs, Cheddar, Avocado, Tater Tots,""","""American Breakfast Burger,Sides,American Breakfast Burritos""","""N/A""",DELIVERED,164000,16400000,0,0,0,0,4000,400000,83800,8380000,-,134790,13479000,IDR,"September 19, 2026 08:07:52AM","September 19, 2026 08:33:01AM",3,3,delivery,N/A,N/A,-,33210,3321000,50590,5059000,0,0,-,-,0,0,N/A
77793719,001395688298-C8E1TA42TTBATE,GF-360,GrabFood,,"""American Breakfast Club""",Greenville,"""1x Mushroom Omelette - Mushrooms, Spinach, Side Tater Tots""","""American Breakfast Omelettes""","""N/A""",DELIVERED,68000,6800000,0,0,0,0,0,0,10200,1020000,-,57800,5780000,IDR,"September 19, 2026 08:12:50AM","September 19, 2026 08:32:37AM",1,1,delivery,Other,Other,-,10200,1020000,0,0,0,0,-,-,0,0,N/A
77793678,0013169143-C8E1TAWUFE6KV6,GF-960,GrabFood,,"""People Pasta""",Greenville,"""1x Meat-less Burger - Vegan""","""Meatless Burgers""","""N/A""",DELIVERED,49000,4900000,0,0,0,0,0,0,0,0,-,49000,4900000,IDR,"September 19, 2026 08:11:21AM","September 19, 2026 08:35:11AM",1,1,delivery,Other,Other,-,0,0,0,0,0,0,-,-,0,0,N/A
77777627,001644702834-C8E1HFXZAFUWVX,GF-204,GrabFood,,"""People Pasta""",Greenville,"""1x Chicken Nugget - Vegan""","""N/A""","""N/A""",DELIVERED,35000,3500000,0,0,0,0,0,0,3000,300000,-,32000,3200000,IDR,"September 18, 2026 08:57:47PM","September 18, 2026 09:30:27PM",1,1,delivery,Other,Other,-,3000,300000,0,0,0,0,-,-,0,0,7 min 31 sec
77774682,F-3361717674,9317,gofood,,"""American Breakfast Club""",Greenville,"""1x Burrito - 2 Scrambled Eggs, Cheddar, Avocado, Tater Tots""","""American Breakfast Burritos""","""N/A""",DELIVERED,46400,4640000,0,0,0,0,4000,400000,2000,200000,-,50400,5040000,IDR,"September 18, 2026 08:16:14PM","September 18, 2026 08:49:41PM",1,1,delivery,N/A,N/A,-,0,0,2000,200000,0,0,-,-,0,0,9 min 45 sec
77770754,F-3361674246,3723,gofood,,"""Tyfel Coffee""",Greenville,"""1x Chic Chunk - Vegan Plantbased, 1x Mock Chicken Burrito, 1x Tater Tots, 1x Mock Beef Sandwich""","""Breakfast Burritos,Sides,Breakfast Sandwiches,Lite Bites""","""N/A""",DELIVERED,192000,19200000,0,0,0,0,4000,400000,86400,8640000,-,157120,15712000,IDR,"September 18, 2026 07:45:02PM","September 18, 2026 08:34:16PM",4,4,delivery,N/A,N/A,-,38880,3888000,47520,4752000,0,0,-,-,0,0,N/A
77764959,F-3361591821,3313,gofood,,"""Herbox""",Greenville,"""1x Nasi Goreng Bulan Merah Vegan Vegetarian, 1x Lada Hitam Blackpepper Vegan Vegetarian Ricebox""","""Nasi Goreng Special,Ricebox""","""1x French Fries with Truffle""",DELIVERED,94200,9420000,0,0,0,0,4000,400000,52400,5240000,-,79120,7912000,IDR,"September 18, 2026 06:53:01PM","September 18, 2026 07:19:02PM",2,2,delivery,N/A,N/A,-,19080,1908000,33320,3332000,0,0,-,-,0,0,N/A
77762256,001462162288-C8E1GCM3TJMVV2,GF-854,GrabFood,,"""American Breakfast Club""",Greenville,"""1x Cheese Omelette - Side Tater Tots""","""American Breakfast Omelettes""","""N/A""",DELIVERED,58000,5800000,0,0,0,0,0,0,11700,1170000,-,46300,4630000,IDR,"September 18, 2026 06:29:49PM","September 18, 2026 07:10:26PM",1,1,delivery,Other,Other,-,11700,1170000,0,0,0,0,-,-,0,0,4 min 54 sec
77755925,F-3361462306,9474,gofood,,"""Herbox""",Greenville,"""1x Lada Hitam Blackpepper Vegan Vegetarian Ricebox, 1x Aku dan Kamu selamanya (katsu vegan + 1 teriyaki), 1x Beef  wrap Vegan Herbox, 1x Fish Burger Vegan""","""Ricebox,Combo Hemat Vegan,Wrap Series,Vegan Burger""","""1x Tattertots with Truffle, 1x French Fries with Truffle""",DELIVERED,258000,25800000,0,0,0,0,4000,400000,86000,8600000,-,223300,22330000,IDR,"September 18, 2026 05:28:37PM","September 18, 2026 06:21:08PM",4,4,delivery,N/A,N/A,-,38700,3870000,47300,4730000,0,0,-,-,0,0,N/A
77753917,F-3361434404,9371,gofood,,"""Herbox""",Greenville,"""1x Katsu Chickin Vegan Vegetarian Ricebox, 1x Original Burger Vegan""","""Vegan Burger,Ricebox""","""N/A""",DELIVERED,78400,7840000,0,0,0,0,4000,400000,35300,3530000,-,66515,6651500,IDR,"September 18, 2026 05:06:08PM","September 18, 2026 05:53:37PM",2,2,delivery,N/A,N/A,-,15885,1588500,19415,1941500,0,0,-,-,0,0,N/A
77751327,001635403904-C8E1ETTHDFXBNX,GF-122,GrabFood,,"""American Breakfast Club""",Greenville,"""1x Burrito - Mock Beef, 2 Scrambled Eggs, Cheddar, Avocado, Tater Tots,""","""American Breakfast Burritos""","""N/A""",DELIVERED,68000,6800000,0,0,0,0,0,0,10200,1020000,-,57800,5780000,IDR,"September 18, 2026 04:36:59PM","September 18, 2026 05:15:45PM",1,1,delivery,Other,Other,-,10200,1020000,0,0,0,0,-,-,0,0,N/A
77740106,001924436153-C8E1CU4KRKBGV2,GF-010,GrabFood,,"""Herbox""",Greenville,"""1x Nasi Goreng Sedap Malam Vegan Vegetarian""","""Nasi Goreng Special""","""1x Es Teh Manis, 1x Sendok, Garpu, Tissue, Tusuk Gigi""",DELIVERED,46500,4650000,0,0,0,0,0,0,10000,1000000,-,36500,3650000,IDR,"September 18, 2026 01:59:19PM","September 18, 2026 02:43:17PM",1,1,delivery,Other,Other,-,10000,1000000,0,0,0,0,-,-,0,0,13 min 31 sec
77740085,001120614514-C8E1CU3VDFWJCT,GF-984,GrabFood,,"""American Breakfast Club""",Kemang,"""6x Sandwich - 2 Scrambled Eggs Mock Beef, Cheddar Cheese  on a wavy brioche bun, 2x Sandwich - 2 Scrambled Eggs, Mock Chicken, Cheddar Cheese Mix, Brioche Bun, 2x Mushroom Omelette - Mushrooms, Spinach, Side Tater Tots""","""American Breakfast Sandwiches,American Breakfast Omelettes""","""N/A""",DELIVERED,600000,60000000,0,0,0,0,0,0,120000,12000000,-,480000,48000000,IDR,"September 18, 2026 01:59:02PM","September 18, 2026 02:55:38PM",10,3,delivery,Other,Other,-,120000,12000000,0,0,0,0,-,-,0,0,N/A
77739798,F-3361236445,1844,gofood,,"""Tyfel Coffee""",Greenville,"""1x Burger, 1x Signature Sandwich, 1x Tater Tots""","""Brunch,Sides""","""N/A""",DELIVERED,105000,10500000,0,0,0,0,4000,400000,41500,4150000,-,94825,9482500,IDR,"September 18, 2026 01:54:01PM","September 18, 2026 02:19:38PM",3,3,delivery,N/A,N/A,-,14175,1417500,27325,2732500,0,0,-,-,0,0,N/A
77732252,00114028971-C8E1BEDXGF6KBE,GF-104,GrabFood,,"""Herbox""",Greenville,"""1x Rica Rica Vegan Vegetarian Ricebox""","""Ricebox""","""N/A""",DELIVERED,39000,3900000,0,0,0,0,0,0,10800,1080000,-,28200,2820000,IDR,"September 18, 2026 12:24:44PM","September 18, 2026 12:54:03PM",1,1,delivery,Other,Other,-,10800,1080000,0,0,0,0,-,-,0,0,13 min 30 sec
77730274,F-3361081635,5268,gofood,,"""American Breakfast Club""",Kemang,"""2x Burrito - 2 Scrambled Eggs, Cheddar, Avocado, Tater Tots""","""American Breakfast Burritos""","""N/A""",DELIVERED,116000,11600000,0,0,0,0,4000,400000,52200,5220000,-,96510,9651000,IDR,"September 18, 2026 11:58:23AM","September 18, 2026 12:51:12PM",2,1,delivery,N/A,N/A,-,23490,2349000,28710,2871000,0,0,-,-,0,0,N/A
77728237,00193745401-C8E1A23HNF6JEN,GF-333,GrabFood,,"""American Breakfast Club""",Kemang,"""1x Sandwich - 2 Scrambled Eggs Mock Beef, Cheddar Cheese  on a wavy brioche bun""","""American Breakfast Sandwiches""","""N/A""",DELIVERED,58000,5800000,0,0,0,0,0,0,11600,1160000,-,46400,4640000,IDR,"September 18, 2026 11:38:59AM","September 18, 2026 12:21:01PM",1,1,delivery,Other,Other,-,11600,1160000,0,0,0,0,-,-,0,0,N/A
77727369,001841298358-C8E1AY5DJB6KWE,GF-051,GrabFood,,"""American Breakfast Club""",Kemang,"""1x Burrito - 2 Scrambled Eggs, Cheddar, Avocado, Tater Tots""","""American Breakfast Burritos""","""N/A""",DELIVERED,58000,5800000,0,0,0,0,0,0,11600,1160000,-,46400,4640000,IDR,"September 18, 2026 11:29:38AM","September 18, 2026 12:16:08PM",1,1,delivery,Other,Other,-,11600,1160000,0,0,0,0,-,-,0,0,N/A
77725982,F-3361014455,4562,gofood,,"""Herbox""",Greenville,"""1x Kung Paow Chick Vegan Vegetarian Ricebox, 1x Teriyaki Vegan Vegetarian Ricebox, 1x Bareng Si Dia ( pesmol+ katsu vegan)""","""Combo Hemat Vegan,Ricebox""","""N/A""",DELIVERED,124800,12480000,0,0,0,0,4000,400000,0,0,-,128800,12880000,IDR,"September 18, 2026 11:12:17AM","September 18, 2026 12:03:27PM",3,3,delivery,N/A,N/A,-,0,0,0,0,0,0,-,-,0,0,N/A
77725752,F-3361013691,8552,gofood,,"""American Breakfast Club""",Kemang,"""1x Burrito - Mock Beef, 2 Scrambled Eggs, Cheddar, Avocado, Tater Tots,""","""American Breakfast Burritos""","""N/A""",DELIVERED,68000,6800000,0,0,0,0,4000,400000,30400,3040000,-,62820,6282000,IDR,"September 18, 2026 11:11:47AM","September 18, 2026 11:29:36AM",1,1,delivery,N/A,N/A,-,9180,918000,21220,2122000,0,0,-,-,0,0,N/A
77723929,00173989890-C8E1APK1E3N1C6,GF-561,GrabFood,,"""American Breakfast Club""",Kemang,"""1x Burrito - Mock Beef, 2 Scrambled Eggs, Cheddar, Avocado, Tater Tots,""","""American Breakfast Burritos""","""N/A""",DELIVERED,68000,6800000,0,0,0,0,0,0,0,0,-,68000,6800000,IDR,"September 18, 2026 10:52:29AM","September 18, 2026 11:23:34AM",1,1,delivery,Other,Other,-,0,0,0,0,0,0,-,-,0,0,N/A
77720066,F-3360916776,2757,gofood,,"""American Breakfast Club""",Kemang,"""1x Burrito - 2 Scrambled Eggs, Cheddar, Avocado, Tater Tots, 1x Home Fries With Truffle Oil""","""American Breakfast Burritos,Sides""","""N/A""",DELIVERED,96000,9600000,0,0,0,0,4000,400000,43200,4320000,-,80560,8056000,IDR,"September 18, 2026 09:58:40AM","September 18, 2026 10:40:38AM",2,2,delivery,N/A,N/A,-,19440,1944000,23760,2376000,0,0,-,-,0,0,N/A
77719250,001855746350-C8E1AACVGF6HL6,GF-606,GrabFood,,"""American Breakfast Club""",Kemang,"""1x Burrito - Mock Chicken, 2 Scrambled Eggs, Cheddar, Avocado, Tater Tots""","""American Breakfast Burritos""","""1x Truffle Tater Tots""",DELIVERED,108000,10800000,0,0,0,0,0,0,0,0,-,108000,10800000,IDR,"September 18, 2026 09:54:23AM","September 18, 2026 10:46:35AM",1,1,delivery,Other,Other,-,0,0,0,0,0,0,-,-,0,0,N/A
77719142,00105295212-C8EZWGKJCFEZVE-2,GF-415,GrabFood,,"""Herbox""",Greenville,"""3x Kung Paow Chick Vegan Vegetarian Ricebox, 3x Teriyaki Vegan Vegetarian Ricebox""","""Ricebox""","""6x Sendok, Garpu, Tissue, Tusuk Gigi""",DELIVERED,243000,24300000,0,0,0,0,0,0,46800,4680000,-,196200,19620000,IDR,"September 18, 2026 09:52:19AM","September 18, 2026 11:00:34AM",6,2,delivery,Other,Other,-,46800,4680000,0,0,0,0,-,-,0,0,18 min 35 sec
77719141,00105295212-C8EZWGKJCFEZVE-1,GF-789,GrabFood,,"""Herbox""",Greenville,"""3x Kung Paow Chick Vegan Vegetarian Ricebox, 3x Teriyaki Vegan Vegetarian Ricebox""","""Ricebox""","""6x Sendok, Garpu, Tissue, Tusuk Gigi""",DELIVERED,243000,24300000,0,0,0,0,0,0,46800,4680000,-,196200,19620000,IDR,"September 18, 2026 09:52:19AM","September 18, 2026 11:01:08AM",6,2,delivery,Other,Other,-,46800,4680000,0,0,0,0,-,-,0,0,18 min 31 sec
77718695,00147876715-C8EZWFAJPBC3EA,GF-498,GrabFood,,"""People Pasta""",Greenville,"""1x Lada Hitam  - Vegan Friendly - Vegetarian - Plantbased, 1x Vegan Chicken Crispy Burger""","""Signature Pasta,Meatless Burgers""","""1x Fettucine""",DELIVERED,93000,9300000,0,0,0,0,0,0,19530,1953000,-,73470,7347000,IDR,"September 18, 2026 09:43:40AM","September 18, 2026 10:09:00AM",2,2,delivery,Other,Other,-,19530,1953000,0,0,0,0,-,-,0,0,N/A
77718317,0018567347-C8EZWCLXATVDKE,GF-322,GrabFood,,"""American Breakfast Club""",Greenville,"""1x Sandwich - 2 Scrambled Eggs Mock Beef, Cheddar Cheese  on a wavy brioche bun""","""American Breakfast Sandwiches""","""N/A""",DELIVERED,58000,5800000,0,0,0,0,0,0,11700,1170000,-,46300,4630000,IDR,"September 18, 2026 09:36:05AM","September 18, 2026 10:16:33AM",1,1,delivery,Other,Other,-,11700,1170000,0,0,0,0,-,-,0,0,N/A
77717282,001435826781-C8EZV7WDJTECBE,GF-782,GrabFood,,"""LA Breakfast Club""",Greenville,"""2x Cheese Omelette - Side of Tater Tots""","""LA Breakfast Omelettes""","""N/A""",DELIVERED,140000,14000000,0,0,0,0,0,0,38000,3800000,-,102000,10200000,IDR,"September 18, 2026 09:14:33AM","September 18, 2026 09:50:09AM",2,1,delivery,Other,Other,-,38000,3800000,0,0,0,0,-,-,0,0,7 min 16 sec
77716840,F-3360870909,9997,gofood,,"""American Breakfast Club""",Kemang,"""1x Burrito - 2 Scrambled Eggs, Cheddar, Avocado, Tater Tots, 1x Cheese Omelette - Side Tater Tots""","""American Breakfast Burritos,American Breakfast Omelettes""","""N/A""",DELIVERED,116000,11600000,0,0,0,0,4000,400000,62200,6220000,-,96510,9651000,IDR,"September 18, 2026 09:03:52AM","September 18, 2026 09:30:44AM",2,2,delivery,N/A,N/A,-,23490,2349000,38710,3871000,0,0,-,-,0,0,N/A
77716434,00192184471-C8EZV22DA3AUE2,GF-525,GrabFood,,"""American Breakfast Club""",Kemang,"""2x Burrito - 2 Scrambled Eggs, Cheddar, Avocado, Tater Tots, 2x Sandwich - 2 Scrambled Eggs, Mock Chicken, Cheddar Cheese Mix, Brioche Bun""","""American Breakfast Sandwiches,American Breakfast Burritos""","""2x Cutleries""",DELIVERED,233200,23320000,0,0,0,0,0,0,46400,4640000,-,186800,18680000,IDR,"September 18, 2026 08:51:54AM","September 18, 2026 09:31:26AM",4,2,delivery,Other,Other,-,46400,4640000,0,0,0,0,-,-,0,0,N/A
77715802,0011212042-C8EZVVJXTTWTEJ,GF-548,GrabFood,,"""American Breakfast Club""",Kemang,"""1x Burrito - 2 Scrambled Eggs, Cheddar, Avocado, Tater Tots""","""American Breakfast Burritos""","""N/A""",DELIVERED,58000,5800000,0,0,0,0,0,0,11600,1160000,-,46400,4640000,IDR,"September 18, 2026 08:28:51AM","September 18, 2026 09:06:51AM",1,1,delivery,Other,Other,-,11600,1160000,0,0,0,0,-,-,0,0,N/A
77715675,F-3360845753,8916,gofood,,"""Herbox""",Greenville,"""1x Rica Wrap""","""Wrap Series""","""N/A""",DELIVERED,47200,4720000,0,0,0,0,4000,400000,0,0,-,51200,5120000,IDR,"September 18, 2026 08:23:01AM","September 18, 2026 08:42:06AM",1,1,delivery,N/A,N/A,-,0,0,0,0,0,0,-,-,0,0,N/A
77715558,001717434224-C8EZVT3XAA5VG2,GF-336,GrabFood,,"""American Breakfast Club""",Kemang,"""1x Cheese Omelette - Side Tater Tots""","""American Breakfast Omelettes""","""N/A""",DELIVERED,58000,5800000,0,0,0,0,0,0,11600,1160000,-,46400,4640000,IDR,"September 18, 2026 08:19:04AM","September 18, 2026 08:41:28AM",1,1,delivery,Other,Other,-,11600,1160000,0,0,0,0,-,-,0,0,N/A
77715557,001852352834-C8EZVT3ERJAAGT,GF-667,GrabFood,,"""American Breakfast Club""",Greenville,"""1x Burrito - Mock Beef, 2 Scrambled Eggs, Cheddar, Avocado, Tater Tots,""","""American Breakfast Burritos""","""N/A""",DELIVERED,68000,6800000,0,0,0,0,0,0,10200,1020000,-,57800,5780000,IDR,"September 18, 2026 08:19:02AM","September 18, 2026 08:35:51AM",1,1,delivery,Other,Other,-,10200,1020000,0,0,0,0,-,-,0,0,N/A
77715499,00124499817-C8EZVTNEGKVJTX,GF-182,GrabFood,,"""American Breakfast Club""",Kemang,"""1x Mushroom Omelette - Mushrooms, Spinach, Side Tater Tots""","""American Breakfast Omelettes""","""1x Cutleries""",DELIVERED,68600,6860000,0,0,0,0,0,0,13600,1360000,-,55000,5500000,IDR,"September 18, 2026 08:16:35AM","September 18, 2026 08:36:31AM",1,1,delivery,Other,Other,-,13600,1360000,0,0,0,0,-,-,0,0,N/A
77715450,F-3360831369,3673,gofood,,"""American Breakfast Club""",Kemang,"""1x Katsu Egg burger - Patties, 2 Scrambled Eggs, Cheddar Cheese, Secret Sauce, 1x Cheese Omelette - Side Tater Tots""","""American Breakfast Burger,American Breakfast Omelettes""","""N/A""",DELIVERED,116000,11600000,0,0,0,0,4000,400000,52200,5220000,-,96510,9651000,IDR,"September 18, 2026 07:54:42AM","September 18, 2026 08:39:21AM",2,2,delivery,N/A,N/A,-,23490,2349000,28710,2871000,0,0,-,-,0,0,N/A
77715215,001003159264-C8EZVPDENLEZRA,GF-829,GrabFood,,"""American Breakfast Club""",Greenville,"""1x Mushroom Omelette - Mushrooms, Spinach, Side Tater Tots, 1x Burrito - 2 Scrambled Eggs, Cheddar, Avocado, Tater Tots""","""American Breakfast Omelettes,American Breakfast Burritos""","""N/A""",DELIVERED,126000,12600000,0,0,0,0,0,0,18900,1890000,-,107100,10710000,IDR,"September 18, 2026 08:04:35AM","September 18, 2026 08:36:28AM",2,2,delivery,Other,Other,-,18900,1890000,0,0,0,0,-,-,0,0,7 min 56 sec
77715040,001858988151-C8EZVLKUNNMATJ,GF-906,GrabFood,,"""American Breakfast Club""",Kemang,"""2x Cheese Omelette - Side Tater Tots""","""American Breakfast Omelettes""","""N/A""",DELIVERED,116000,11600000,0,0,0,0,0,0,23200,2320000,-,92800,9280000,IDR,"September 18, 2026 07:55:43AM","September 18, 2026 08:23:17AM",2,1,delivery,Other,Other,-,23200,2320000,0,0,0,0,-,-,0,0,N/A
77714963,F-3360830039,6718,gofood,,"""American Breakfast Club""",Kemang,"""2x Burrito - 2 Scrambled Eggs, Cheddar, Avocado, Tater Tots""","""American Breakfast Burritos""","""2x Cutleries""",DELIVERED,117200,11720000,0,0,0,0,4000,400000,62800,6280000,-,97440,9744000,IDR,"September 18, 2026 07:51:35AM","September 18, 2026 08:13:58AM",2,1,delivery,N/A,N/A,-,23760,2376000,39040,3904000,0,0,-,-,0,0,N/A
77714656,F-3360823557,7841,gofood,,"""American Breakfast Club""",Greenville,"""1x Burrito - Mock Chicken, 2 Scrambled Eggs, Cheddar, Avocado, Tater Tots""","""American Breakfast Burritos""","""N/A""",DELIVERED,54400,5440000,0,0,0,0,4000,400000,0,0,-,58400,5840000,IDR,"September 18, 2026 07:35:31AM","September 18, 2026 08:10:17AM",1,1,delivery,N/A,N/A,-,0,0,0,0,0,0,-,-,0,0,N/A
77714641,0015064036-C8EZVF2XTRAKLN,GF-944,GrabFood,,"""American Breakfast Club""",Greenville,"""1x Cheese Omelette - Side Tater Tots, 1x Sandwich - 2 Scrambled Eggs melty cheddar cheese on a wavy brioche bun""","""American Breakfast Omelettes,American Breakfast Sandwiches""","""N/A""",DELIVERED,103000,10300000,0,0,0,0,0,0,15450,1545000,-,87550,8755000,IDR,"September 18, 2026 07:35:26AM","September 18, 2026 08:14:04AM",2,2,delivery,Other,Other,-,15450,1545000,0,0,0,0,-,-,0,0,N/A
77714580,00138446575-C8EZVFLWGCCXGT,GF-293,GrabFood,,"""LA Breakfast Club""",Greenville,"""1x Original Pancakes (2 Pcs)""","""LA Breakfast Pancakes""","""N/A""",DELIVERED,64000,6400000,0,0,0,0,0,0,16000,1600000,-,48000,4800000,IDR,"September 18, 2026 07:32:45AM","September 18, 2026 08:01:49AM",1,1,delivery,Other,Other,-,16000,1600000,0,0,0,0,-,-,0,0,N/A
77714317,F-3360817247,3642,gofood,,"""American Breakfast Club""",Kemang,"""1x Burrito - 2 Scrambled Eggs, Cheddar, Avocado, Tater Tots""","""American Breakfast Burritos""","""N/A""",DELIVERED,58000,5800000,0,0,0,0,4000,400000,10000,1000000,-,62000,6200000,IDR,"September 18, 2026 07:18:40AM","September 18, 2026 07:44:39AM",1,1,delivery,N/A,N/A,-,0,0,10000,1000000,0,0,-,-,0,0,N/A
77714231,F-3360810901,8511,gofood,,"""American Breakfast Club""",Kemang,"""1x Burrito - 2 Scrambled Eggs, Cheddar, Avocado, Tater Tots""","""American Breakfast Burritos""","""N/A""",DELIVERED,58000,5800000,0,0,0,0,4000,400000,0,0,-,62000,6200000,IDR,"September 18, 2026 07:00:24AM","September 18, 2026 07:49:43AM",1,1,delivery,N/A,N/A,-,0,0,0,0,0,0,-,-,0,0,N/A
77714213,F-3360815399,7127,gofood,,"""American Breakfast Club""",Greenville,"""1x Cheese Omelette - Side Tater Tots""","""American Breakfast Omelettes""","""1x Cutleries, 1x Truffle Tater Tots""",DELIVERED,87900,8790000,0,0,0,0,4000,400000,0,0,-,91900,9190000,IDR,"September 18, 2026 07:13:23AM","September 18, 2026 08:02:49AM",1,1,delivery,N/A,N/A,-,0,0,0,0,0,0,-,-,0,0,N/A
77714112,0012715044-C8EZVAJEJXTXVT,GF-653,GrabFood,,"""American Breakfast Club""",Kemang,"""1x Sandwich - 2 Scrambled Eggs melty cheddar cheese on a wavy brioche bun""","""American Breakfast Sandwiches""","""N/A""",DELIVERED,45000,4500000,0,0,0,0,0,0,9000,900000,-,36000,3600000,IDR,"September 18, 2026 07:08:35AM","September 18, 2026 07:47:11AM",1,1,delivery,Other,Other,-,9000,900000,0,0,0,0,-,-,0,0,N/A
77714079,001288693603-C8EZVABKTCKJN6,GF-831,GrabFood,,"""American Breakfast Club""",Kemang,"""1x Burrito - 2 Scrambled Eggs, Cheddar, Avocado, Tater Tots""","""American Breakfast Burritos""","""1x Cutleries""",DELIVERED,58600,5860000,0,0,0,0,0,0,11600,1160000,-,47000,4700000,IDR,"September 18, 2026 07:07:26AM","September 18, 2026 07:37:48AM",1,1,delivery,Other,Other,-,11600,1160000,0,0,0,0,-,-,0,0,N/A
77713917,001319575428-C8EZUFAGEJNFGE,GF-287F,GrabFood,,"""People Pasta""",Greenville,"""1x Creamy Mushroom - Vegetarian - Plantbased""","""Signature Pasta""","""1x Spaghetti, 1x Hygine Cutleries""",DELIVERED,44500,4450000,0,0,0,0,0,0,9345,934500,-,35155,3515500,IDR,"September 18, 2026 10:30:01AM","September 18, 2026 11:02:37AM",1,1,delivery,Other,Other,-,9345,934500,0,0,0,0,-,-,0,0,10 min 16 sec
77689050,F-3360508532,7571,gofood,,"""Herbox""",Greenville,"""1x Nasi Goreng Sedap Malam Vegan Vegetarian, 1x French Fries, 1x Lada Hitam Blackpepper Vegan Vegetarian Ricebox""","""Nasi Goreng Special,Sides,Ricebox""","""1x Sendok, Garpu, Tissue, Tusuk Gigi""",DELIVERED,84700,8470000,0,0,0,0,4000,400000,48200,4820000,-,71510,7151000,IDR,"September 17, 2026 06:56:08PM","September 17, 2026 07:24:53PM",3,3,delivery,N/A,N/A,-,17190,1719000,31010,3101000,0,0,-,-,0,0,N/A
77683674,0019750909-C8EZJN3AGYJTL6,GF-189,GrabFood,,"""People Pasta""",Greenville,"""1x Creamy Mushroom - Vegetarian - Plantbased, 1x Tattert Tots""","""Signature Pasta""","""1x Spaghetti""",DELIVERED,71000,7100000,0,0,0,0,0,0,0,0,-,71000,7100000,IDR,"September 17, 2026 06:08:49PM","September 17, 2026 06:37:46PM",2,2,delivery,Other,Other,-,0,0,0,0,0,0,-,-,0,0,12 min 10 sec
77676953,00141451190-C8EZHEWKE4BTPE,GF-869,GrabFood,,"""American Breakfast Club""",Greenville,"""1x Burrito - Mock Fish, 2 Scrambled Eggs, Cheddar, Avocado, Tater Tots,""","""American Breakfast Burritos""","""N/A""",DELIVERED,68000,6800000,0,0,0,0,0,0,10200,1020000,-,57800,5780000,IDR,"September 17, 2026 05:01:21PM","September 17, 2026 06:30:11PM",1,1,delivery,Other,Other,-,10200,1020000,0,0,0,0,-,-,0,0,14 min 18 sec
77669407,00133325596-C8EZGP5DRJNZN2,GF-789,GrabFood,,"""American Breakfast Club""",Kemang,"""1x Burrito - Mock Beef, 2 Scrambled Eggs, Cheddar, Avocado, Tater Tots,, 1x Cheese Omelette - Side Tater Tots""","""American Breakfast Omelettes,American Breakfast Burritos""","""N/A""",DELIVERED,126000,12600000,0,0,0,0,0,0,32000,3200000,-,94000,9400000,IDR,"September 17, 2026 03:29:35PM","September 17, 2026 03:59:49PM",2,2,delivery,Other,Other,-,32000,3200000,0,0,0,0,-,-,0,0,N/A
77667868,00120730698-C8EZGKB3NVEXTJ,GF-767,GrabFood,,"""American Breakfast Club""",Greenville,"""1x Burrito - Mock Chicken, 2 Scrambled Eggs, Cheddar, Avocado, Tater Tots""","""American Breakfast Burritos""","""N/A""",DELIVERED,68000,6800000,0,0,9000,900000,0,0,41742,4174200,-,57800,5780000,IDR,"September 17, 2026 03:07:29PM","September 17, 2026 03:48:48PM",1,1,delivery,Cash,Cash,-,10200,1020000,31542,3154200,0,0,-,-,0,0,N/A
77665680,001565461165-C8EZGA6DDBWUVE,GF-651,GrabFood,,"""American Breakfast Club""",Greenville,"""1x Sandwich - 2 Scrambled Eggs, Mock Chicken, Cheddar Cheese Mix, Brioche Bun""","""American Breakfast Sandwiches""","""N/A""",DELIVERED,58000,5800000,0,0,0,0,0,0,8700,870000,-,49300,4930000,IDR,"September 17, 2026 02:33:14PM","September 17, 2026 03:32:19PM",1,1,delivery,Other,Other,-,8700,870000,0,0,0,0,-,-,0,0,14 min 1 sec
77663454,00191332139-C8EZFA3VTLMZAJ,GF-065,GrabFood,,"""Herbox""",Greenville,"""1x Lada Hitam Blackpepper Vegan Vegetarian Ricebox, 1x Beef  wrap Vegan Herbox""","""Ricebox,Wrap Series""","""N/A""",DELIVERED,98000,9800000,0,0,0,0,0,0,19600,1960000,-,78400,7840000,IDR,"September 17, 2026 01:59:02PM","September 17, 2026 02:20:26PM",2,2,delivery,Other,Other,-,19600,1960000,0,0,0,0,-,-,0,0,12 min 20 sec
77660973,00197595436-C8EZEZEYLAVFSE,GF-992,GrabFood,,"""Tyfel Coffee""",Greenville,"""3x Nachos - Vegan-option""","""Lite Bites""","""N/A""",DELIVERED,120000,12000000,0,0,0,0,0,0,27000,2700000,-,93000,9300000,IDR,"September 17, 2026 01:23:31PM","September 17, 2026 02:36:57PM",3,1,delivery,Other,Other,-,27000,2700000,0,0,0,0,-,-,0,0,35 min 51 sec
77658039,00151781913-C8EZEPXWHBKJE6,GF-466,GrabFood,,"""American Breakfast Club""",Greenville,"""1x Burrito - 2 Scrambled Eggs, Cheddar, Avocado, Tater Tots, 1x 2 Pancakes - Butter, Maple Syrup""","""American Breakfast Burritos,American Breakfast Pancakes""","""N/A""",DELIVERED,106000,10600000,0,0,0,0,0,0,15900,1590000,-,90100,9010000,IDR,"September 17, 2026 12:42:23PM","September 17, 2026 01:12:33PM",2,2,delivery,Other,Other,-,15900,1590000,0,0,0,0,-,-,0,0,11 min 37 sec
77657943,001571889912-C8EZEPVWPEVVJE,GF-854,GrabFood,,"""Herbox""",Greenville,"""1x Nasi Goreng Sedap Malam Vegan Vegetarian""","""Nasi Goreng Special""","""N/A""",DELIVERED,35000,3500000,0,0,0,0,0,0,10000,1000000,-,25000,2500000,IDR,"September 17, 2026 12:41:04PM","September 17, 2026 01:10:10PM",1,1,delivery,Other,Other,-,10000,1000000,0,0,0,0,-,-,0,0,12 min 53 sec
77657701,F-3360055976,6688,gofood,,"""American Breakfast Club""",Kemang,"""1x Burrito - Mock Beef, 2 Scrambled Eggs, Cheddar, Avocado, Tater Tots,""","""American Breakfast Burritos""","""N/A""",DELIVERED,68000,6800000,0,0,0,0,4000,400000,30400,3040000,-,62820,6282000,IDR,"September 17, 2026 12:37:11PM","September 17, 2026 01:04:52PM",1,1,delivery,N/A,N/A,-,9180,918000,21220,2122000,0,0,-,-,0,0,N/A
77651290,0015604952-C8EZDEJXCUBAVX,GF-617,GrabFood,,"""American Breakfast Club""",Greenville,"""1x 2 Pancakes - Blueberries, Butter, Maple Syrup, 1x Cutleries""","""American Breakfast Pancakes,Cutleries""","""N/A""",DELIVERED,59000,5900000,0,0,0,0,0,0,8700,870000,-,50300,5030000,IDR,"September 17, 2026 11:25:24AM","September 17, 2026 11:54:12AM",2,2,delivery,Other,Other,-,8700,870000,0,0,0,0,-,-,0,0,N/A
77650206,001649802865-C8EZDBAZARBHHE,GF-373,GrabFood,,"""Herbox""",Greenville,"""1x Teriyaki Vegan Vegetarian Ricebox, 1x Tater tots""","""Ricebox,Sides""","""N/A""",DELIVERED,69000,6900000,0,0,0,0,0,0,7800,780000,-,61200,6120000,IDR,"September 17, 2026 11:13:46AM","September 17, 2026 11:46:14AM",2,2,delivery,Other,Other,-,7800,780000,0,0,0,0,-,-,0,0,8 min 39 sec
77649053,001772514322-C8EZC7M2LYKULX,GF-625,GrabFood,,"""Herbox""",Greenville,"""1x Pesmol Vegan Vegetarian Ricebox, 1x Nasi Goreng Bintang Kuning Vegan Vegetarian""","""Ricebox,Nasi Goreng Special""","""N/A""",DELIVERED,74000,7400000,0,0,0,0,0,0,14800,1480000,-,59200,5920000,IDR,"September 17, 2026 11:01:47AM","September 17, 2026 11:23:24AM",2,2,delivery,Other,Other,-,14800,1480000,0,0,0,0,-,-,0,0,N/A
77643703,001511830456-C8EZCPCVE7JGGX,GF-336,GrabFood,,"""LA Breakfast Club""",Greenville,"""1x Cheese Omelette - Side of Tater Tots""","""LA Breakfast Omelettes""","""N/A""",DELIVERED,70000,7000000,0,0,0,0,0,0,20500,2050000,-,49500,4950000,IDR,"September 17, 2026 09:51:02AM","September 17, 2026 10:28:23AM",1,1,delivery,Other,Other,-,20500,2050000,0,0,0,0,-,-,0,0,14 min 10 sec
77642658,001934269869-C8EZCJJ2WGDGGN,GF-524,GrabFood,,"""American Breakfast Club""",Greenville,"""1x Burrito - Mock Beef, 2 Scrambled Eggs, Cheddar, Avocado, Tater Tots,, 1x 2 Pancakes - Blueberries, Butter, Maple Syrup""","""American Breakfast Burritos,American Breakfast Pancakes""","""N/A""",DELIVERED,126000,12600000,0,0,0,0,0,0,21900,2190000,-,104100,10410000,IDR,"September 17, 2026 09:28:48AM","September 17, 2026 10:18:45AM",2,2,delivery,Other,Other,-,21900,2190000,0,0,0,0,-,-,0,0,N/A
77641971,F-3359804115,8174,gofood,,"""American Breakfast Club""",Greenville,"""1x Mushroom Omelette - Mushrooms, Spinach, Side Tater Tots, 1x Cheese Omelette - Side Tater Tots""","""American Breakfast Omelettes""","""N/A""",DELIVERED,100800,10080000,0,0,0,0,4000,400000,30300,3030000,-,91165,9116500,IDR,"September 17, 2026 09:12:10AM","September 17, 2026 09:42:11AM",2,2,delivery,N/A,N/A,-,13635,1363500,16665,1666500,0,0,-,-,0,0,N/A
77641221,0019441417-C8EZBGKXLUK1TA,GF-961,GrabFood,,"""American Breakfast Club""",Greenville,"""1x Burrito - 2 Scrambled Eggs, Cheddar, Avocado, Tater Tots""","""American Breakfast Burritos""","""1x Cutleries""",DELIVERED,59500,5950000,0,0,0,0,0,0,8700,870000,-,50800,5080000,IDR,"September 17, 2026 08:52:26AM","September 17, 2026 09:22:58AM",1,1,delivery,Other,Other,-,8700,870000,0,0,0,0,-,-,0,0,6 min 13 sec
77641007,00149750880-C8EZBFEFRTMTCE,GF-280,GrabFood,,"""American Breakfast Club""",Greenville,"""1x Burrito - 2 Scrambled Eggs, Cheddar, Avocado, Tater Tots""","""American Breakfast Burritos""","""N/A""",DELIVERED,58000,5800000,0,0,0,0,0,0,11700,1170000,-,46300,4630000,IDR,"September 17, 2026 08:44:57AM","September 17, 2026 09:16:20AM",1,1,delivery,Other,Other,-,11700,1170000,0,0,0,0,-,-,0,0,10 min 19 sec
77639950,00169250257-C8EZA6EJSBWFTT,GF-046,GrabFood,,"""American Breakfast Club""",Greenville,"""1x Burrito - 2 Scrambled Eggs, Cheddar, Avocado, Tater Tots""","""American Breakfast Burritos""","""N/A""",DELIVERED,58000,5800000,0,0,0,0,0,0,8700,870000,-,49300,4930000,IDR,"September 17, 2026 08:04:59AM","September 17, 2026 08:39:44AM",1,1,delivery,Other,Other,-,8700,870000,0,0,0,0,-,-,0,0,N/A
77639883,001731505479-C8EZA4JYAY3CGN-2,GF-303,GrabFood,,"""American Breakfast Club""",Greenville,"""7x Burrito - 2 Scrambled Eggs, Cheddar, Avocado, Tater Tots""","""American Breakfast Burritos""","""N/A""",DELIVERED,406000,40600000,0,0,0,0,0,0,60900,6090000,-,345100,34510000,IDR,"September 17, 2026 08:02:05AM","September 17, 2026 08:46:14AM",7,1,delivery,Other,Other,-,60900,6090000,0,0,0,0,-,-,0,0,30 min 23 sec
77639882,001731505479-C8EZA4JYAY3CGN-1,GF-407,GrabFood,,"""American Breakfast Club""",Greenville,"""8x Burrito - 2 Scrambled Eggs, Cheddar, Avocado, Tater Tots""","""American Breakfast Burritos""","""N/A""",DELIVERED,464000,46400000,0,0,0,0,0,0,69600,6960000,-,394400,39440000,IDR,"September 17, 2026 08:02:04AM","September 17, 2026 08:46:17AM",8,1,delivery,Other,Other,-,69600,6960000,0,0,0,0,-,-,0,0,N/A
77639156,001509230820-C8EZAUNHEZLXEE,GF-077,GrabFood,,"""LA Breakfast Club""",Greenville,"""1x Cheese Omelette - Side of Tater Tots""","""LA Breakfast Omelettes""","""N/A""",DELIVERED,70000,7000000,0,0,0,0,0,0,20500,2050000,-,49500,4950000,IDR,"September 17, 2026 07:23:16AM","September 17, 2026 08:20:38AM",1,1,delivery,Other,Other,-,20500,2050000,0,0,0,0,-,-,0,0,N/A
77639092,001010687605-C8EZAT6TEAKXGX,GF-602,GrabFood,,"""People Pasta""",Greenville,"""1x Cacio e Pepe - Vegetarian - Plantbased, 1x Tattert Tots""","""Signature Pasta""","""1x Fettucine""",DELIVERED,72000,7200000,0,0,0,0,0,0,18120,1812000,-,53880,5388000,IDR,"September 17, 2026 07:20:01AM","September 17, 2026 07:44:01AM",2,2,delivery,Other,Other,-,18120,1812000,0,0,0,0,-,-,0,0,N/A
77638960,001322641089-C8EZATAZN6JAAJ,GF-759,GrabFood,,"""American Breakfast Club""",Greenville,"""1x Mushroom Omelette - Mushrooms, Spinach, Side Tater Tots, 1x Burrito - 2 Scrambled Eggs, Cheddar, Avocado, Tater Tots""","""American Breakfast Omelettes,American Breakfast Burritos""","""N/A""",DELIVERED,126000,12600000,0,0,0,0,0,0,18900,1890000,-,107100,10710000,IDR,"September 17, 2026 07:13:48AM","September 17, 2026 07:34:26AM",2,2,delivery,Other,Other,-,18900,1890000,0,0,0,0,-,-,0,0,N/A
77638957,001874633381-C8EZATAZNREUV6,GF-024F,GrabFood,,"""Herbox""",Greenville,"""1x Kung Paow Chick Vegan Vegetarian Ricebox""","""Ricebox""","""N/A""",DELIVERED,39000,3900000,0,0,0,0,0,0,7800,780000,-,31200,3120000,IDR,"September 17, 2026 11:00:02AM","September 17, 2026 11:32:29AM",1,1,delivery,Other,Other,-,7800,780000,0,0,0,0,-,-,0,0,N/A
77638953,F-3359745123,8658,gofood,,"""American Breakfast Club""",Greenville,"""1x Burrito - 2 Scrambled Eggs, Cheddar, Avocado, Tater Tots, 1x Burrito - Mock Katsu, 2 Scrambled Eggs, Cheddar, Avocado, Tater Tots""","""American Breakfast Burritos""","""N/A""",DELIVERED,100800,10080000,0,0,0,0,4000,400000,10000,1000000,-,104800,10480000,IDR,"September 17, 2026 07:12:22AM","September 17, 2026 07:35:10AM",2,2,delivery,N/A,N/A,-,0,0,10000,1000000,0,0,-,-,0,0,N/A
77638420,001572987206-C8EZAFKUC7CYTT,GF-185,GrabFood,,"""American Breakfast Club""",Greenville,"""1x Burrito - 2 Scrambled Eggs, Cheddar, Avocado, Tater Tots""","""American Breakfast Burritos""","""N/A""",DELIVERED,58000,5800000,0,0,0,0,0,0,11700,1170000,-,46300,4630000,IDR,"September 17, 2026 06:35:14AM","September 17, 2026 07:02:57AM",1,1,delivery,Other,Other,-,11700,1170000,0,0,0,0,-,-,0,0,N/A
77621183,F-3359543603,8545,gofood,,"""Tyfel Coffee""",Greenville,"""1x Choco Chips Pancake""","""Breakfast Pancakes""","""N/A""",DELIVERED,58000,5800000,0,0,0,0,4000,400000,10000,1000000,-,62000,6200000,IDR,"September 16, 2026 08:05:01PM","September 16, 2026 08:27:29PM",1,1,delivery,N/A,N/A,-,0,0,10000,1000000,0,0,-,-,0,0,N/A
77619762,F-3359525236,7335,gofood,,"""Tyfel Coffee""",Greenville,"""1x Mock Chicken Burrito, 1x Tater Tots, 1x Mock Beef Sandwich, 1x Mozarella Stick""","""Sides,Breakfast Sandwiches,Lite Bites,Breakfast Burritos""","""N/A""",DELIVERED,194000,19400000,0,0,0,0,4000,400000,87300,8730000,-,158715,15871500,IDR,"September 16, 2026 07:51:17PM","September 16, 2026 08:26:32PM",4,4,delivery,N/A,N/A,-,39285,3928500,48015,4801500,0,0,-,-,0,0,N/A
77616838,00137329563-C8EYNE6ZL8MCJA,GF-592,GrabFood,,"""Herbox""",Greenville,"""1x Beef  wrap Vegan Herbox, 1x Teriyaki Vegan Vegetarian Ricebox, 1x Rica Rica Vegan Vegetarian Ricebox""","""Wrap Series,Ricebox""","""N/A""",DELIVERED,137000,13700000,0,0,0,0,0,0,30400,3040000,-,106600,10660000,IDR,"September 16, 2026 07:23:26PM","September 16, 2026 08:12:40PM",3,3,delivery,Other,Other,-,30400,3040000,0,0,0,0,-,-,0,0,10 min 3 sec
77612750,001371512203-C8EYMENKERDENX,GF-264,GrabFood,,"""American Breakfast Club""",Greenville,"""1x Mushroom Omelette - Mushrooms, Spinach, Side Tater Tots""","""American Breakfast Omelettes""","""N/A""",DELIVERED,68000,6800000,0,0,0,0,0,0,10200,1020000,-,57800,5780000,IDR,"September 16, 2026 06:46:39PM","September 16, 2026 07:17:43PM",1,1,delivery,Other,Other,-,10200,1020000,0,0,0,0,-,-,0,0,5 min 30 sec
77612007,F-3359411959,3443,gofood,,"""Herbox""",Greenville,"""1x Kung Paow Chick Vegan Vegetarian Ricebox, 1x Lada Hitam Blackpepper Vegan Vegetarian Ricebox""","""Ricebox""","""N/A""",DELIVERED,62400,6240000,0,0,0,0,4000,400000,18800,1880000,-,57940,5794000,IDR,"September 16, 2026 06:38:23PM","September 16, 2026 07:14:09PM",2,2,delivery,N/A,N/A,-,8460,846000,10340,1034000,0,0,-,-,0,0,N/A
77611716,00140903241-C8EYMBN2T6EJV2,GF-768,GrabFood,,"""Herbox""",Greenville,"""1x Rica Wrap, 3x Beef  wrap Vegan Herbox""","""Wrap Series""","""N/A""",DELIVERED,236000,23600000,0,0,0,0,0,0,50200,5020000,-,185800,18580000,IDR,"September 16, 2026 06:36:49PM","September 16, 2026 07:10:57PM",4,2,delivery,Other,Other,-,50200,5020000,0,0,0,0,-,-,0,0,N/A
77611473,00133282725-C8EYMBDCLZMHVT,GF-761,GrabFood,,"""People Pasta""",Greenville,"""1x Tattert Tots""","""N/A""","""N/A""",DELIVERED,28000,2800000,0,0,0,0,0,0,3000,300000,-,25000,2500000,IDR,"September 16, 2026 06:34:34PM","September 16, 2026 07:13:41PM",1,1,delivery,Other,Other,-,3000,300000,0,0,0,0,-,-,0,0,13 min 49 sec
77609677,001690278550-C8EYL7JAN4EARJ,GF-648,GrabFood,,"""People Pasta""",Greenville,"""1x Creamy Mushroom - Vegetarian - Plantbased""","""Signature Pasta""","""1x Fettucine""",DELIVERED,44000,4400000,0,0,0,0,0,0,3000,300000,-,41000,4100000,IDR,"September 16, 2026 06:18:30PM","September 16, 2026 06:48:37PM",1,1,delivery,Other,Other,-,3000,300000,0,0,0,0,-,-,0,0,N/A
77600653,001693979128-C8EYLGEZN6MUA2,GF-273,GrabFood,,"""American Breakfast Club""",Greenville,"""1x Burrito - 2 Scrambled Eggs, Cheddar, Avocado, Tater Tots""","""American Breakfast Burritos""","""N/A""",DELIVERED,58000,5800000,0,0,0,0,0,0,8700,870000,-,49300,4930000,IDR,"September 16, 2026 04:45:08PM","September 16, 2026 06:05:55PM",1,1,delivery,Other,Other,-,8700,870000,0,0,0,0,-,-,0,0,18 min 9 sec
77594969,00151932279-C8EYJ7A3DBDVJ6,GF-533T,GrabFood,,"""People Pasta""",Greenville,"""20x Event Grab Teras Perwira""","""Signature Pasta""","""N/A""",DELIVERED,1100000,110000000,0,0,0,0,0,0,0,0,-,1100000,110000000,IDR,"September 16, 2026 03:30:28PM","September 16, 2026 03:30:44PM",20,1,pickup,Other,Other,-,0,0,0,0,0,0,-,-,0,0,N/A
77589338,001459796110-C8EYJJ4XDBUYJE,GF-807,GrabFood,,"""American Breakfast Club""",Greenville,"""1x Cheese Omelette - Side Tater Tots""","""American Breakfast Omelettes""","""N/A""",DELIVERED,58000,5800000,0,0,0,0,0,0,9700,970000,-,48300,4830000,IDR,"September 16, 2026 02:06:03PM","September 16, 2026 02:32:46PM",1,1,delivery,Other,Other,-,9700,970000,0,0,0,0,-,-,0,0,6 min 0 sec
77588901,F-3359095669,1989,gofood,,"""Herbox""",Greenville,"""1x Nasi Goreng Bintang Kuning Vegan Vegetarian, 1x Kung Paow Chick Vegan Vegetarian Ricebox, 1x Tater tots""","""Sides,Nasi Goreng Special,Ricebox""","""N/A""",DELIVERED,83200,8320000,0,0,0,0,4000,400000,47500,4750000,-,70325,7032500,IDR,"September 16, 2026 01:58:06PM","September 16, 2026 02:51:31PM",3,3,delivery,N/A,N/A,-,16875,1687500,30625,3062500,0,0,-,-,0,0,N/A
77582238,00155366797-C8EYG24UKF53CT,GF-142,GrabFood,,"""Herbox""",Greenville,"""1x Teriyaki Vegan Vegetarian Ricebox""","""Ricebox""","""N/A""",DELIVERED,39000,3900000,0,0,0,0,0,0,9800,980000,-,29200,2920000,IDR,"September 16, 2026 12:26:01PM","September 16, 2026 12:57:11PM",1,1,delivery,Other,Other,-,9800,980000,0,0,0,0,-,-,0,0,9 min 17 sec
77579586,001660557032-C8EYGUDXTYLCKE,GF-457,GrabFood,,"""American Breakfast Club""",Greenville,"""1x Burrito - Mock Beef, 2 Scrambled Eggs, Cheddar, Avocado, Tater Tots,""","""American Breakfast Burritos""","""N/A""",DELIVERED,68000,6800000,0,0,0,0,0,0,13200,1320000,-,54800,5480000,IDR,"September 16, 2026 11:54:47AM","September 16, 2026 12:36:41PM",1,1,delivery,Other,Other,-,13200,1320000,0,0,0,0,-,-,0,0,10 min 39 sec
77577759,001852578420-C8EYGNNKPFLCE2,GF-564,GrabFood,,"""American Breakfast Club""",Kemang,"""1x Burrito - 2 Scrambled Eggs, Cheddar, Avocado, Tater Tots""","""American Breakfast Burritos""","""N/A""",DELIVERED,58000,5800000,0,0,0,0,0,0,11600,1160000,-,46400,4640000,IDR,"September 16, 2026 11:33:22AM","September 16, 2026 12:06:47PM",1,1,delivery,Other,Other,-,11600,1160000,0,0,0,0,-,-,0,0,N/A
77577597,F-3358917243,8791,gofood,,"""Herbox""",Greenville,"""1x Katsu Chickin Vegan Vegetarian Ricebox""","""Ricebox""","""1x Vegan Chicken Nugget, 1x Tattertots, 1x Sendok, Garpu, Tissue, Tusuk Gigi""",DELIVERED,92700,9270000,0,0,0,0,4000,400000,51800,5180000,-,77890,7789000,IDR,"September 16, 2026 11:31:04AM","September 16, 2026 11:58:49AM",1,1,delivery,N/A,N/A,-,18810,1881000,32990,3299000,0,0,-,-,0,0,N/A
77575929,0015790410-C8EYGJBZV7CVLJ,GF-036,GrabFood,,"""American Breakfast Club""",Kemang,"""2x Burrito - 2 Scrambled Eggs, Cheddar, Avocado, Tater Tots""","""American Breakfast Burritos""","""N/A""",DELIVERED,116000,11600000,0,0,0,0,0,0,23200,2320000,-,92800,9280000,IDR,"September 16, 2026 11:14:07AM","September 16, 2026 11:39:58AM",2,2,delivery,Other,Other,-,23200,2320000,0,0,0,0,-,-,0,0,N/A
77575706,001276898698-C8EYGGJDVJC3NE,GF-905,GrabFood,,"""American Breakfast Club""",Kemang,"""1x Burrito - 2 Scrambled Eggs, Cheddar, Avocado, Tater Tots""","""American Breakfast Burritos""","""N/A""",DELIVERED,58000,5800000,0,0,0,0,0,0,11600,1160000,-,46400,4640000,IDR,"September 16, 2026 11:11:53AM","September 16, 2026 11:46:32AM",1,1,delivery,Other,Other,-,11600,1160000,0,0,0,0,-,-,0,0,N/A
77575105,001372334794-C8EYGFCAPCN2JE,GF-550,GrabFood,,"""Herbox""",Greenville,"""1x Nasi Goreng Bulan Merah Vegan Vegetarian, 1x Nasi Goreng Sedap Malam Vegan Vegetarian""","""Nasi Goreng Special""","""N/A""",DELIVERED,70000,7000000,0,0,0,0,0,0,14000,1400000,-,56000,5600000,IDR,"September 16, 2026 11:05:38AM","September 16, 2026 11:28:18AM",2,2,delivery,Other,Other,-,14000,1400000,0,0,0,0,-,-,0,0,7 min 43 sec
77574862,00196315703-C8EYGE5KVZJKCT,GF-811,GrabFood,,"""American Breakfast Club""",Kemang,"""1x Mushroom Omelette - Mushrooms, Spinach, Side Tater Tots""","""American Breakfast Omelettes""","""N/A""",DELIVERED,68000,6800000,0,0,0,0,0,0,13600,1360000,-,54400,5440000,IDR,"September 16, 2026 11:03:01AM","September 16, 2026 11:56:46AM",1,1,delivery,Other,Other,-,13600,1360000,0,0,0,0,-,-,0,0,N/A
77574455,001279283972-C8EYGCAHA2LYUE,GF-681,GrabFood,,"""Herbox""",Greenville,"""1x Beef  wrap Vegan Herbox, 1x Nasi Goreng Sedap Malam Vegan Vegetarian, 1x Kung Paow Chick Vegan Vegetarian Ricebox""","""Ricebox,Wrap Series,Nasi Goreng Special""","""N/A""",DELIVERED,133000,13300000,0,0,0,0,0,0,26600,2660000,-,106400,10640000,IDR,"September 16, 2026 10:58:24AM","September 16, 2026 11:27:34AM",3,3,delivery,Other,Other,-,26600,2660000,0,0,0,0,-,-,0,0,9 min 25 sec
77572886,F-3358847566,7465,gofood,,"""American Breakfast Club""",Kemang,"""1x Burrito - Mock Beef, 2 Scrambled Eggs, Cheddar, Avocado, Tater Tots,""","""American Breakfast Burritos""","""N/A""",DELIVERED,68000,6800000,0,0,0,0,4000,400000,30400,3040000,-,62820,6282000,IDR,"September 16, 2026 10:40:00AM","September 16, 2026 11:04:02AM",1,1,delivery,N/A,N/A,-,9180,918000,21220,2122000,0,0,-,-,0,0,N/A
77569609,001082338629-C8EYE6NJRYABNE,GF-752,GrabFood,,"""American Breakfast Club""",Greenville,"""1x Burrito - Mock Beef, 2 Scrambled Eggs, Cheddar, Avocado, Tater Tots,""","""American Breakfast Burritos""","""N/A""",DELIVERED,68000,6800000,0,0,11000,1100000,0,0,33430,3343000,-,54800,5480000,IDR,"September 16, 2026 09:53:18AM","September 16, 2026 10:32:51AM",1,1,delivery,Cash,Cash,-,13200,1320000,20230,2023000,0,0,-,-,0,0,13 min 11 sec
77569468,001377350900-C8EYE6BFRP32A2,GF-511,GrabFood,,"""People Pasta""",Greenville,"""1x Bolognese - Vegan Friendly - Vegetarian - Plantbase, 1x Mineral Water pH 9+""","""Signature Pasta,Add-on""","""1x Fettucine, 1x Hygine Cutleries, 1x Chicken Nugget - Vegan""",DELIVERED,95500,9550000,0,0,25000,2500000,0,0,8600,860000,-,86900,8690000,IDR,"September 16, 2026 09:50:35AM","September 16, 2026 10:28:24AM",2,2,delivery,Cash,Cash,-,8600,860000,0,0,0,0,-,-,0,0,15 min 50 sec
77569107,001882752551-C8EYE3JBAP3JVN,GF-225,GrabFood,,"""American Breakfast Club""",Greenville,"""1x Cheese Omelette - Side Tater Tots""","""American Breakfast Omelettes""","""N/A""",DELIVERED,58000,5800000,0,0,0,0,0,0,11700,1170000,-,46300,4630000,IDR,"September 16, 2026 09:41:50AM","September 16, 2026 10:16:43AM",1,1,delivery,Other,Other,-,11700,1170000,0,0,0,0,-,-,0,0,N/A
77569048,F-3358788739,1869,gofood,,"""American Breakfast Club""",Greenville,"""2x Mushroom Omelette - Mushrooms, Spinach, Side Tater Tots""","""American Breakfast Omelettes""","""N/A""",DELIVERED,108800,10880000,0,0,0,0,4000,400000,32700,3270000,-,98085,9808500,IDR,"September 16, 2026 09:39:47AM","September 16, 2026 10:10:26AM",2,1,delivery,N/A,N/A,-,14715,1471500,17985,1798500,0,0,-,-,0,0,N/A
77567720,F-3358766570,5922,gofood,,"""American Breakfast Club""",Kemang,"""1x Cheese Omelette - Side Tater Tots""","""American Breakfast Omelettes""","""1x Cutleries""",DELIVERED,58600,5860000,0,0,0,0,4000,400000,10000,1000000,-,62600,6260000,IDR,"September 16, 2026 09:09:10AM","September 16, 2026 09:51:03AM",1,1,delivery,N/A,N/A,-,0,0,10000,1000000,0,0,-,-,0,0,N/A
77567335,001495187560-C8EYERLUA2TKME,GF-831,GrabFood,,"""American Breakfast Club""",Greenville,"""1x Cheese Omelette - Side Tater Tots""","""American Breakfast Omelettes""","""N/A""",DELIVERED,58000,5800000,0,0,0,0,0,0,8700,870000,-,49300,4930000,IDR,"September 16, 2026 08:59:28AM","September 16, 2026 09:40:18AM",1,1,delivery,Other,Other,-,8700,870000,0,0,0,0,-,-,0,0,N/A
77567289,00191742695-C8EYEREXJ7LHVJ,GF-078,GrabFood,,"""American Breakfast Club""",Kemang,"""1x Burrito - 2 Scrambled Eggs, Cheddar, Avocado, Tater Tots, 6x Cutleries""","""American Breakfast Burritos""","""N/A""",DELIVERED,61600,6160000,0,0,0,0,0,0,11600,1160000,-,50000,5000000,IDR,"September 16, 2026 08:58:24AM","September 16, 2026 09:27:46AM",7,2,delivery,Other,Other,-,11600,1160000,0,0,0,0,-,-,0,0,N/A
77566751,001061277681-C8EYELDBC25VCN,GF-113,GrabFood,,"""American Breakfast Club""",Greenville,"""1x Burrito - Mock Beef, 2 Scrambled Eggs, Cheddar, Avocado, Tater Tots,, 1x Burrito - Mock Fish, 2 Scrambled Eggs, Cheddar, Avocado, Tater Tots,""","""American Breakfast Burritos""","""N/A""",DELIVERED,136000,13600000,0,0,0,0,0,0,23400,2340000,-,112600,11260000,IDR,"September 16, 2026 08:41:14AM","September 16, 2026 09:14:32AM",2,2,delivery,Other,Other,-,23400,2340000,0,0,0,0,-,-,0,0,N/A
77566629,F-3358747218,2485,gofood,,"""American Breakfast Club""",Kemang,"""1x Burrito - 2 Scrambled Eggs, Cheddar, Avocado, Tater Tots""","""American Breakfast Burritos""","""N/A""",DELIVERED,58000,5800000,0,0,0,0,4000,400000,10000,1000000,-,62000,6200000,IDR,"September 16, 2026 08:36:05AM","September 16, 2026 08:52:10AM",1,1,delivery,N/A,N/A,-,0,0,10000,1000000,0,0,-,-,0,0,N/A
77566280,001289941316-C8EYEGCYGU5KLT,GF-939,GrabFood,,"""American Breakfast Club""",Kemang,"""1x Burrito - Mock Chicken, 2 Scrambled Eggs, Cheddar, Avocado, Tater Tots, 1x Tater Tots""","""American Breakfast Burritos,Sides""","""N/A""",DELIVERED,106000,10600000,0,0,0,0,0,0,0,0,-,106000,10600000,IDR,"September 16, 2026 08:24:26AM","September 16, 2026 09:13:25AM",2,2,delivery,Other,Other,-,0,0,0,0,0,0,-,-,0,0,N/A
77565830,F-3358730270,1926,gofood,,"""American Breakfast Club""",Kemang,"""1x Burrito - Mock Katsu, 2 Scrambled Eggs, Cheddar, Avocado, Tater Tots""","""American Breakfast Burritos""","""N/A""",DELIVERED,68000,6800000,0,0,0,0,4000,400000,30400,3040000,-,62820,6282000,IDR,"September 16, 2026 08:02:21AM","September 16, 2026 08:38:58AM",1,1,delivery,N/A,N/A,-,9180,918000,21220,2122000,0,0,-,-,0,0,8 min 14 sec
77565734,0017679099-C8EYEBUTJEWDRE,GF-129,GrabFood,,"""American Breakfast Club""",Kemang,"""1x Burrito - 2 Scrambled Eggs, Cheddar, Avocado, Tater Tots""","""American Breakfast Burritos""","""N/A""",DELIVERED,58000,5800000,0,0,0,0,0,0,11600,1160000,-,46400,4640000,IDR,"September 16, 2026 08:04:00AM","September 16, 2026 08:31:15AM",1,1,delivery,Other,Other,-,11600,1160000,0,0,0,0,-,-,0,0,11 min 57 sec
77565587,F-3358727797,4624,gofood,,"""American Breakfast Club""",Greenville,"""2x Burrito - Mock Katsu, 2 Scrambled Eggs, Cheddar, Avocado, Tater Tots, 2x Burrito - Mock Chicken, 2 Scrambled Eggs, Cheddar, Avocado, Tater Tots""","""American Breakfast Burritos""","""N/A""",DELIVERED,217600,21760000,0,0,0,0,4000,400000,108000,10800000,-,177500,17750000,IDR,"September 16, 2026 07:56:09AM","September 16, 2026 08:25:22AM",4,2,delivery,N/A,N/A,-,44100,4410000,63900,6390000,0,0,-,-,0,0,N/A
77565478,001271234851-C8EYDGKDGRLGRX,GF-596,GrabFood,,"""American Breakfast Club""",Greenville,"""1x Burrito - 2 Scrambled Eggs, Cheddar, Avocado, Tater Tots""","""American Breakfast Burritos""","""N/A""",DELIVERED,58000,5800000,0,0,0,0,0,0,11700,1170000,-,46300,4630000,IDR,"September 16, 2026 07:52:13AM","September 16, 2026 08:11:58AM",1,1,delivery,Other,Other,-,11700,1170000,0,0,0,0,-,-,0,0,N/A
77565394,001858488497-C8EYDFVJRFXKL2,GF-056,GrabFood,,"""American Breakfast Club""",Kemang,"""1x Burrito - 2 Scrambled Eggs, Cheddar, Avocado, Tater Tots""","""American Breakfast Burritos""","""N/A""",DELIVERED,58000,5800000,0,0,0,0,0,0,11600,1160000,-,46400,4640000,IDR,"September 16, 2026 07:47:38AM","September 16, 2026 08:46:17AM",1,1,delivery,Other,Other,-,11600,1160000,0,0,0,0,-,-,0,0,28 min 21 sec
77565361,00128285881-C8EYDFMJJJUKCX,GF-148,GrabFood,,"""American Breakfast Club""",Kemang,"""1x Mushroom Omelette - Mushrooms, Spinach, Side Tater Tots""","""American Breakfast Omelettes""","""1x Cutleries""",DELIVERED,68600,6860000,0,0,0,0,0,0,13600,1360000,-,55000,5500000,IDR,"September 16, 2026 07:46:19AM","September 16, 2026 08:47:40AM",1,1,delivery,Other,Other,-,13600,1360000,0,0,0,0,-,-,0,0,N/A
77565343,F-3358718178,1615,gofood,,"""American Breakfast Club""",Kemang,"""2x Burrito - 2 Scrambled Eggs, Cheddar, Avocado, Tater Tots""","""American Breakfast Burritos""","""N/A""",DELIVERED,116000,11600000,0,0,0,0,4000,400000,52200,5220000,-,96510,9651000,IDR,"September 16, 2026 07:30:06AM","September 16, 2026 08:23:33AM",2,1,delivery,N/A,N/A,-,23490,2349000,28710,2871000,0,0,-,-,0,0,N/A
77565100,001162639056-C8EYDB6BNCCGDA,GF-372,GrabFood,,"""American Breakfast Club""",Greenville,"""1x Burrito - 2 Scrambled Eggs, Cheddar, Avocado, Tater Tots""","""American Breakfast Burritos""","""N/A""",DELIVERED,58000,5800000,0,0,0,0,0,0,8700,870000,-,49300,4930000,IDR,"September 16, 2026 07:33:12AM","September 16, 2026 07:54:00AM",1,1,delivery,Other,Other,-,8700,870000,0,0,0,0,-,-,0,0,N/A
77565083,001345778721-C8EYDB23EX3TN6,GF-202,GrabFood,,"""American Breakfast Club""",Greenville,"""1x Home Fries With Truffle Oil, 1x Sandwich - 2 Scrambled Eggs, Mock Fish, Cheddar Cheese, Mix, Brioche Bun""","""Sides,American Breakfast Sandwiches""","""1x Cutleries""",DELIVERED,107500,10750000,0,0,0,0,0,0,18900,1890000,-,88600,8860000,IDR,"September 16, 2026 07:32:09AM","September 16, 2026 08:12:33AM",2,2,delivery,Other,Other,-,18900,1890000,0,0,0,0,-,-,0,0,N/A
77564561,00118987645-C8EYC4EGJ7NEJA,GF-672,GrabFood,,"""American Breakfast Club""",Greenville,"""1x Burrito - 2 Scrambled Eggs, Cheddar, Avocado, Tater Tots""","""American Breakfast Burritos""","""N/A""",DELIVERED,58000,5800000,0,0,0,0,0,0,8700,870000,-,49300,4930000,IDR,"September 16, 2026 07:03:48AM","September 16, 2026 07:27:15AM",1,1,delivery,Other,Other,-,8700,870000,0,0,0,0,-,-,0,0,N/A
77564418,00130535822-C8EYC3CGNZJ2ME,GF-639,GrabFood,,"""LA Breakfast Club""",Greenville,"""1x Cheese Omelette - Side of Tater Tots""","""LA Breakfast Omelettes""","""N/A""",DELIVERED,70000,7000000,0,0,0,0,0,0,17500,1750000,-,52500,5250000,IDR,"September 16, 2026 06:54:16AM","September 16, 2026 07:53:47AM",1,1,delivery,Other,Other,-,17500,1750000,0,0,0,0,-,-,0,0,16 min 56 sec
77564016,00190925248-C8EYCUU1A6M1J2,GF-597,GrabFood,,"""American Breakfast Club""",Greenville,"""1x Mushroom Omelette - Mushrooms, Spinach, Side Tater Tots""","""American Breakfast Omelettes""","""N/A""",DELIVERED,68000,6800000,0,0,0,0,0,0,10200,1020000,-,57800,5780000,IDR,"September 16, 2026 06:25:14AM","September 16, 2026 06:41:54AM",1,1,delivery,Other,Other,-,10200,1020000,0,0,0,0,-,-,0,0,N/A
77563767,00167217095-C8EYCPJAL65VGX,GF-735,GrabFood,,"""American Breakfast Club""",Greenville,"""4x Sandwich - 2 Scrambled Eggs melty cheddar cheese on a wavy brioche bun, 1x Cheese Omelette - Side Tater Tots, 2x Tater Tots With Truffle Oil""","""American Breakfast Sandwiches,American Breakfast Omelettes,Sides""","""N/A""",DELIVERED,334000,33400000,0,0,0,0,0,0,50100,5010000,-,283900,28390000,IDR,"September 16, 2026 06:05:12AM","September 16, 2026 06:50:52AM",7,3,delivery,Other,Other,-,50100,5010000,0,0,0,0,-,-,0,0,N/A
77549045,F-3358514437,7638,gofood,,"""Herbox""",Greenville,"""1x Beef  wrap Vegan Herbox, 1x Teriyaki Vegan Vegetarian Ricebox""","""Wrap Series,Ricebox""","""1x Vegan Chicken Nugget, 1x Tattertots""",DELIVERED,138400,13840000,0,0,0,0,4000,400000,62300,6230000,-,114365,11436500,IDR,"September 15, 2026 08:08:04PM","September 15, 2026 08:43:00PM",2,2,delivery,N/A,N/A,-,28035,2803500,34265,3426500,0,0,-,-,0,0,N/A
77543410,F-3358462687,2346,gofood,,"""Herbox""",Greenville,"""1x Beef  wrap Vegan Herbox, 1x Katsu Wrap vegan Herbox, 1x Bareng Si Dia ( pesmol+ katsu vegan)""","""Wrap Series,Combo Hemat Vegan""","""N/A""",DELIVERED,156800,15680000,0,0,0,0,4000,400000,69800,6980000,-,132540,13254000,IDR,"September 15, 2026 07:31:15PM","September 15, 2026 08:13:43PM",3,3,delivery,N/A,N/A,-,28260,2826000,41540,4154000,0,0,-,-,0,0,N/A
77539526,0012531364-C8EXRPATME4ZSE,GF-957,GrabFood,,"""American Breakfast Club""",Greenville,"""1x Burrito - 2 Scrambled Eggs, Cheddar, Avocado, Tater Tots, 1x 2 Pancakes - Blueberries, Butter, Maple Syrup""","""American Breakfast Burritos,American Breakfast Pancakes""","""N/A""",DELIVERED,116000,11600000,0,0,0,0,0,0,17400,1740000,-,98600,9860000,IDR,"September 15, 2026 06:57:00PM","September 15, 2026 07:19:27PM",2,2,delivery,Other,Other,-,17400,1740000,0,0,0,0,-,-,0,0,13 min 17 sec
77524099,F-3358199005,1242,gofood,,"""American Breakfast Club""",Greenville,"""3x Burrito - 2 Scrambled Eggs, Cheddar, Avocado, Tater Tots""","""American Breakfast Burritos""","""N/A""",DELIVERED,139200,13920000,0,0,0,0,4000,400000,72700,7270000,-,114985,11498500,IDR,"September 15, 2026 04:22:58PM","September 15, 2026 04:53:08PM",3,1,delivery,N/A,N/A,-,28215,2821500,44485,4448500,0,0,-,-,0,0,N/A
77518832,00197053506-C8EXNACBE6AUKA,GF-440,GrabFood,,"""American Breakfast Club""",Greenville,"""1x Burrito - Mock Katsu, 2 Scrambled Eggs, Cheddar, Avocado, Tater Tots""","""American Breakfast Burritos""","""N/A""",DELIVERED,68000,6800000,0,0,0,0,0,0,13200,1320000,-,54800,5480000,IDR,"September 15, 2026 03:14:11PM","September 15, 2026 03:42:41PM",1,1,delivery,Other,Other,-,13200,1320000,0,0,0,0,-,-,0,0,N/A
77516312,001793868065-C8EXL7UYTZJWVA,GF-572,GrabFood,,"""American Breakfast Club""",Greenville,"""3x 2 Pancakes - Blueberries, Butter, Maple Syrup, 1x Sandwich - 2 Scrambled Eggs melty cheddar cheese on a wavy brioche bun""","""American Breakfast Pancakes,American Breakfast Sandwiches""","""N/A""",DELIVERED,219000,21900000,0,0,0,0,0,0,35850,3585000,-,183150,18315000,IDR,"September 15, 2026 02:35:41PM","September 15, 2026 03:48:04PM",4,2,delivery,Other,Other,-,35850,3585000,0,0,0,0,-,-,0,0,N/A
77508888,001793736359-C8EXLE5ALBMHTE,GF-608,GrabFood,,"""American Breakfast Club""",Kemang,"""1x Burrito - Mock Beef, 2 Scrambled Eggs, Cheddar, Avocado, Tater Tots,""","""American Breakfast Burritos""","""N/A""",DELIVERED,68000,6800000,0,0,0,0,0,0,0,0,-,68000,6800000,IDR,"September 15, 2026 12:49:31PM","September 15, 2026 01:25:39PM",1,1,delivery,Other,Other,-,0,0,0,0,0,0,-,-,0,0,N/A
77506640,F-3357944097,3375,gofood,,"""American Breakfast Club""",Greenville,"""1x Tater Tots, 1x Burrito - Mock Chicken, 2 Scrambled Eggs, Cheddar, Avocado, Tater Tots""","""American Breakfast Burritos,Sides""","""N/A""",DELIVERED,76800,7680000,0,0,0,0,4000,400000,0,0,-,80800,8080000,IDR,"September 15, 2026 12:20:34PM","September 15, 2026 12:44:19PM",2,2,delivery,N/A,N/A,-,0,0,0,0,0,0,-,-,0,0,N/A
77506209,001823049268-C8EXKE6YLUBBT6,GF-019,GrabFood,,"""American Breakfast Club""",Greenville,"""2x Cheese Omelette - Side Tater Tots""","""American Breakfast Omelettes""","""2x Tatter Tots""",DELIVERED,176000,17600000,0,0,0,0,0,0,20400,2040000,-,155600,15560000,IDR,"September 15, 2026 12:16:45PM","September 15, 2026 12:48:30PM",2,1,delivery,Other,Other,-,20400,2040000,0,0,0,0,-,-,0,0,N/A
77501905,F-3357866048,1579,gofood,,"""American Breakfast Club""",Kemang,"""1x Burrito - Mock Beef, 2 Scrambled Eggs, Cheddar, Avocado, Tater Tots,""","""American Breakfast Burritos""","""N/A""",DELIVERED,68000,6800000,0,0,0,0,4000,400000,30400,3040000,-,62820,6282000,IDR,"September 15, 2026 11:26:25AM","September 15, 2026 11:49:42AM",1,1,delivery,N/A,N/A,-,9180,918000,21220,2122000,0,0,-,-,0,0,N/A
77499118,F-3357824247,4795,gofood,,"""American Breakfast Club""",Kemang,"""1x Cheese Omelette - Side Tater Tots, 1x Burrito - Mock Katsu, 2 Scrambled Eggs, Cheddar, Avocado, Tater Tots""","""American Breakfast Burritos,American Breakfast Omelettes""","""1x Cutleries""",DELIVERED,126600,12660000,0,0,0,0,4000,400000,67000,6700000,-,104950,10495000,IDR,"September 15, 2026 10:57:44AM","September 15, 2026 11:23:03AM",2,2,delivery,N/A,N/A,-,25650,2565000,41350,4135000,0,0,-,-,0,0,N/A
77498136,0014921099-C8EXJJ4UAXW1DA,GF-264,GrabFood,,"""Herbox""",Greenville,"""1x Kung Paow Chick Vegan Vegetarian Ricebox""","""Ricebox""","""N/A""",DELIVERED,39000,3900000,0,0,0,0,0,0,7800,780000,-,31200,3120000,IDR,"September 15, 2026 10:46:59AM","September 15, 2026 11:38:09AM",1,1,delivery,Other,Other,-,7800,780000,0,0,0,0,-,-,0,0,11 min 11 sec
77495410,F-3357767657,3764,gofood,,"""American Breakfast Club""",Kemang,"""1x Burrito - Mock Katsu, 2 Scrambled Eggs, Cheddar, Avocado, Tater Tots""","""American Breakfast Burritos""","""N/A""",DELIVERED,68000,6800000,0,0,0,0,4000,400000,20400,2040000,-,62820,6282000,IDR,"September 15, 2026 10:10:32AM","September 15, 2026 10:59:02AM",1,1,delivery,N/A,N/A,-,9180,918000,11220,1122000,0,0,-,-,0,0,N/A
77494746,00164046599-C8EXJEWUA8AHJE,GF-610,GrabFood,,"""American Breakfast Club""",Kemang,"""1x Burrito - 2 Scrambled Eggs, Cheddar, Avocado, Tater Tots""","""American Breakfast Burritos""","""N/A""",DELIVERED,58000,5800000,0,0,0,0,0,0,11600,1160000,-,46400,4640000,IDR,"September 15, 2026 10:01:35AM","September 15, 2026 10:28:01AM",1,1,delivery,Other,Other,-,11600,1160000,0,0,0,0,-,-,0,0,N/A
77494466,F-3357753473,9886,gofood,,"""American Breakfast Club""",Kemang,"""1x Burrito - 2 Scrambled Eggs, Cheddar, Avocado, Tater Tots, 1x Tater Tots""","""American Breakfast Burritos,Sides""","""N/A""",DELIVERED,86000,8600000,0,0,0,0,4000,400000,0,0,-,90000,9000000,IDR,"September 15, 2026 09:55:38AM","September 15, 2026 10:15:57AM",2,2,delivery,N/A,N/A,-,0,0,0,0,0,0,-,-,0,0,N/A
77494126,001253767235-C8EXJBJVVFT2A2,GF-910,GrabFood,,"""American Breakfast Club""",Greenville,"""1x Mushroom Omelette - Mushrooms, Spinach, Side Tater Tots, 1x Cutleries""","""American Breakfast Omelettes,Cutleries""","""N/A""",DELIVERED,69000,6900000,0,0,0,0,0,0,13200,1320000,-,55800,5580000,IDR,"September 15, 2026 09:48:43AM","September 15, 2026 11:14:11AM",2,2,delivery,Other,Other,-,13200,1320000,0,0,0,0,-,-,0,0,N/A
77493735,0016872005-C8EXJAB3ABKFA6,GF-181,GrabFood,,"""American Breakfast Club""",Kemang,"""1x Cheese Omelette - Side Tater Tots""","""American Breakfast Omelettes""","""1x Truffle Tater Tots""",DELIVERED,98000,9800000,0,0,0,0,0,0,11600,1160000,-,86400,8640000,IDR,"September 15, 2026 09:40:49AM","September 15, 2026 10:02:05AM",1,1,delivery,Other,Other,-,11600,1160000,0,0,0,0,-,-,0,0,N/A
77493660,0019930725-C8EXHGLWR6VXKA,GF-883,GrabFood,,"""American Breakfast Club""",Kemang,"""1x Burrito - Mock Chicken, 2 Scrambled Eggs, Cheddar, Avocado, Tater Tots""","""American Breakfast Burritos""","""N/A""",DELIVERED,68000,6800000,0,0,0,0,0,0,0,0,-,68000,6800000,IDR,"September 15, 2026 09:39:23AM","September 15, 2026 10:06:50AM",1,1,delivery,Other,Other,-,0,0,0,0,0,0,-,-,0,0,N/A
77493338,F-3357716193,3756,gofood,,"""American Breakfast Club""",Greenville,"""1x Burrito - Mock Katsu, 2 Scrambled Eggs, Cheddar, Avocado, Tater Tots""","""American Breakfast Burritos""","""1x Cutleries""",DELIVERED,55900,5590000,0,0,0,0,4000,400000,12500,1250000,-,59900,5990000,IDR,"September 15, 2026 09:06:56AM","September 15, 2026 09:54:22AM",1,1,delivery,N/A,N/A,-,0,0,12500,1250000,0,0,-,-,0,0,16 sec
77493064,00174390519-C8EXHENZEKJBGT,GF-974,GrabFood,,"""American Breakfast Club""",Kemang,"""1x Sandwich - 2 Scrambled Eggs, Mock Chicken, Cheddar Cheese Mix, Brioche Bun, 1x Home Fries""","""American Breakfast Sandwiches,Sides""","""N/A""",DELIVERED,96000,9600000,0,0,0,0,0,0,11600,1160000,-,84400,8440000,IDR,"September 15, 2026 09:26:48AM","September 15, 2026 09:54:55AM",2,2,delivery,Other,Other,-,11600,1160000,0,0,0,0,-,-,0,0,N/A
77492802,00187980538-C8EXHB52RRL1ET,GF-893,GrabFood,,"""American Breakfast Club""",Kemang,"""1x Burrito - Mock Beef, 2 Scrambled Eggs, Cheddar, Avocado, Tater Tots,""","""American Breakfast Burritos""","""N/A""",DELIVERED,68000,6800000,0,0,0,0,0,0,0,0,-,68000,6800000,IDR,"September 15, 2026 09:19:51AM","September 15, 2026 09:59:31AM",1,1,delivery,Other,Other,-,0,0,0,0,0,0,-,-,0,0,N/A
77492722,F-3357723901,5971,gofood,,"""Tyfel Coffee""",Greenville,"""1x Tater Tots, 1x Breakfast Burrito""","""Breakfast Burritos,Sides""","""N/A""",DELIVERED,86000,8600000,0,0,0,0,4000,400000,0,0,-,90000,9000000,IDR,"September 15, 2026 09:17:38AM","September 15, 2026 09:34:20AM",2,2,delivery,N/A,N/A,-,0,0,0,0,0,0,-,-,0,0,N/A
77492148,0014835739-C8EXG7XVETDAG6,GF-578,GrabFood,,"""American Breakfast Club""",Kemang,"""1x Burrito - Mock Beef, 2 Scrambled Eggs, Cheddar, Avocado, Tater Tots,""","""American Breakfast Burritos""","""N/A""",DELIVERED,68000,6800000,0,0,0,0,0,0,0,0,-,68000,6800000,IDR,"September 15, 2026 09:01:41AM","September 15, 2026 09:48:52AM",1,1,delivery,Other,Other,-,0,0,0,0,0,0,-,-,0,0,N/A
77492104,0010864621-C8EXG7UATN6XL6,GF-801,GrabFood,,"""American Breakfast Club""",Kemang,"""1x Burrito - 2 Scrambled Eggs, Cheddar, Avocado, Tater Tots""","""American Breakfast Burritos""","""N/A""",DELIVERED,58000,5800000,0,0,0,0,0,0,11600,1160000,-,46400,4640000,IDR,"September 15, 2026 09:00:30AM","September 15, 2026 09:26:51AM",1,1,delivery,Other,Other,-,11600,1160000,0,0,0,0,-,-,0,0,N/A
77491638,0013409233-C8EXG3VEFB5GRA,GF-101,GrabFood,,"""American Breakfast Club""",Greenville,"""1x Burrito - Mock Beef, 2 Scrambled Eggs, Cheddar, Avocado, Tater Tots,, 1x 2 Pancakes - Blueberries, Butter, Maple Syrup""","""American Breakfast Burritos,American Breakfast Pancakes""","""N/A""",DELIVERED,126000,12600000,0,0,0,0,0,0,18900,1890000,-,107100,10710000,IDR,"September 15, 2026 08:44:16AM","September 15, 2026 09:29:15AM",2,2,delivery,Other,Other,-,18900,1890000,0,0,0,0,-,-,0,0,N/A
77491045,F-3357690593,7428,gofood,,"""American Breakfast Club""",Kemang,"""1x Burrito - 2 Scrambled Eggs, Cheddar, Avocado, Tater Tots""","""American Breakfast Burritos""","""N/A""",DELIVERED,58000,5800000,0,0,0,0,4000,400000,0,0,-,62000,6200000,IDR,"September 15, 2026 08:22:01AM","September 15, 2026 08:47:54AM",1,1,delivery,N/A,N/A,-,0,0,0,0,0,0,-,-,0,0,N/A
77490667,F-3357683156,3151,gofood,,"""American Breakfast Club""",Kemang,"""3x Burrito - 2 Scrambled Eggs, Cheddar, Avocado, Tater Tots""","""American Breakfast Burritos""","""N/A""",DELIVERED,174000,17400000,0,0,0,0,4000,400000,78300,7830000,-,142765,14276500,IDR,"September 15, 2026 08:07:16AM","September 15, 2026 08:52:12AM",3,1,delivery,N/A,N/A,-,35235,3523500,43065,4306500,0,0,-,-,0,0,N/A
77489907,00186815259-C8EXGJL1GFAWRN,GF-616,GrabFood,,"""American Breakfast Club""",Greenville,"""1x Burrito - 2 Scrambled Eggs, Cheddar, Avocado, Tater Tots""","""American Breakfast Burritos""","""1x Cutleries""",DELIVERED,59500,5950000,0,0,0,0,0,0,8700,870000,-,50800,5080000,IDR,"September 15, 2026 07:29:28AM","September 15, 2026 07:59:52AM",1,1,delivery,Other,Other,-,8700,870000,0,0,0,0,-,-,0,0,N/A
77489896,001653539785-C8EXGJKFLPXDKA,GF-806,GrabFood,,"""American Breakfast Club""",Greenville,"""1x Cheese Omelette - Side Tater Tots, 1x 2 Pancakes - Blueberries, Butter, Maple Syrup, 2x Water (Bottle)""","""American Breakfast Omelettes,American Breakfast Pancakes,Drinks""","""2x Cutleries""",DELIVERED,149000,14900000,0,0,0,0,0,0,24900,2490000,-,124100,12410000,IDR,"September 15, 2026 07:28:56AM","September 15, 2026 08:04:44AM",4,3,delivery,Other,Other,-,24900,2490000,0,0,0,0,-,-,0,0,N/A
77489869,00135618934-C8EXGJBFEFNYSA,GF-031,GrabFood,,"""American Breakfast Club""",Greenville,"""1x Burrito - 2 Scrambled Eggs, Cheddar, Avocado, Tater Tots""","""American Breakfast Burritos""","""N/A""",DELIVERED,58000,5800000,0,0,0,0,0,0,11700,1170000,-,46300,4630000,IDR,"September 15, 2026 07:27:15AM","September 15, 2026 07:55:07AM",1,1,delivery,Other,Other,-,11700,1170000,0,0,0,0,-,-,0,0,N/A
77489512,00122820644-C8EXGB2WT8J3VN,GF-511,GrabFood,,"""American Breakfast Club""",Greenville,"""2x Burrito - Mock Chicken, 2 Scrambled Eggs, Cheddar, Avocado, Tater Tots""","""American Breakfast Burritos""","""N/A""",DELIVERED,136000,13600000,0,0,0,0,0,0,20400,2040000,-,115600,11560000,IDR,"September 15, 2026 07:05:23AM","September 15, 2026 07:35:39AM",2,1,delivery,Other,Other,-,20400,2040000,0,0,0,0,-,-,0,0,N/A
77454265,0018918800-C8EWTEKBN3UFJA,GF-543,GrabFood,,"""American Breakfast Club""",Greenville,"""1x Burrito - 2 Scrambled Eggs, Cheddar, Avocado, Tater Tots""","""American Breakfast Burritos""","""N/A""",DELIVERED,58000,5800000,0,0,0,0,0,0,11700,1170000,-,46300,4630000,IDR,"September 14, 2026 05:18:51PM","September 14, 2026 06:10:34PM",1,1,delivery,Other,Other,-,11700,1170000,0,0,0,0,-,-,0,0,9 min 33 sec
77448799,00165708494-C8EWR6KZJPXBAE,GF-626,GrabFood,,"""Tyfel Coffee""",Greenville,"""1x Mozarella Stick, 1x Carbonara""","""Lite Bites,Main Course""","""N/A""",DELIVERED,90000,9000000,0,0,0,0,0,0,18000,1800000,-,72000,7200000,IDR,"September 14, 2026 04:16:13PM","September 14, 2026 05:01:25PM",2,2,delivery,Other,Other,-,18000,1800000,0,0,0,0,-,-,0,0,10 min 59 sec
77446817,0014309471-C8EWRY5CGK3KVE,GF-828,GrabFood,,"""Herbox""",Greenville,"""4x Shirataki Rice (200gr)""","""Extra""","""N/A""",DELIVERED,100000,10000000,0,0,0,0,0,0,0,0,-,100000,10000000,IDR,"September 14, 2026 03:49:32PM","September 14, 2026 04:29:53PM",4,1,delivery,Other,Other,-,0,0,0,0,0,0,-,-,0,0,8 min 53 sec
77446512,F-3357102234,9597,gofood,,"""American Breakfast Club""",Greenville,"""1x Burrito - Mock Chicken, 2 Scrambled Eggs, Cheddar, Avocado, Tater Tots, 1x Home Fries With Truffle Oil""","""Sides,American Breakfast Burritos""","""N/A""",DELIVERED,84800,8480000,0,0,0,0,4000,400000,0,0,-,88800,8880000,IDR,"September 14, 2026 03:36:03PM","September 14, 2026 04:01:58PM",2,2,delivery,N/A,N/A,-,0,0,0,0,0,0,-,-,0,0,N/A
77445861,00160412845-C8EWRVKJARLXC2,GF-197,GrabFood,,"""American Breakfast Club""",Greenville,"""1x Burrito - Mock Beef, 2 Scrambled Eggs, Cheddar, Avocado, Tater Tots,""","""American Breakfast Burritos""","""N/A""",DELIVERED,68000,6800000,0,0,0,0,0,0,13200,1320000,-,54800,5480000,IDR,"September 14, 2026 03:35:40PM","September 14, 2026 04:32:13PM",1,1,delivery,Other,Other,-,13200,1320000,0,0,0,0,-,-,0,0,12 min 18 sec
77444839,00145291026-C8EWRTC3GEVKJ2,GF-131,GrabFood,,"""People Pasta""",Greenville,"""1x Tattert Tots, 1x Creamy Mushroom - Vegetarian - Plantbased, 1x Cacio e Pepe - Vegetarian - Plantbased""","""Signature Pasta""","""2x Spaghetti""",DELIVERED,114000,11400000,0,0,0,0,0,0,44952,4495200,-,69048,6904800,IDR,"September 14, 2026 03:21:10PM","September 14, 2026 03:47:49PM",3,3,delivery,Other,Other,-,44952,4495200,0,0,0,0,-,-,0,0,11 min 45 sec
77443593,00196366204-C8EWRLK3DAEUMA,GF-762,GrabFood,,"""American Breakfast Club""",Greenville,"""1x Burrito - 2 Scrambled Eggs, Cheddar, Avocado, Tater Tots""","""American Breakfast Burritos""","""N/A""",DELIVERED,58000,5800000,0,0,0,0,0,0,8700,870000,-,49300,4930000,IDR,"September 14, 2026 03:02:30PM","September 14, 2026 03:36:20PM",1,1,delivery,Other,Other,-,8700,870000,0,0,0,0,-,-,0,0,8 min 29 sec
77442481,F-3357052538,2652,gofood,,"""Herbox""",Greenville,"""2x Katsu Wrap vegan Herbox""","""Wrap Series""","""N/A""",DELIVERED,94400,9440000,0,0,0,0,4000,400000,15000,1500000,-,98400,9840000,IDR,"September 14, 2026 02:44:27PM","September 14, 2026 03:30:03PM",2,1,delivery,N/A,N/A,-,0,0,15000,1500000,0,0,-,-,0,0,N/A
77429796,001802333286-C8EWNFCBHBVFME,GF-923,GrabFood,,"""People Pasta""",Greenville,"""1x Creamy Mushroom - Vegetarian - Plantbased""","""Signature Pasta""","""N/A""",DELIVERED,43000,4300000,0,0,0,0,0,0,11600,1160000,-,31400,3140000,IDR,"September 14, 2026 11:50:53AM","September 14, 2026 12:25:43PM",1,1,delivery,Other,Other,-,11600,1160000,0,0,0,0,-,-,0,0,6 min 19 sec
77427373,00183184236-C8EWMBDGTJC1LE,GF-350,GrabFood,,"""Herbox""",Greenville,"""1x Lada Hitam Blackpepper Vegan Vegetarian Ricebox""","""Ricebox""","""N/A""",DELIVERED,39000,3900000,0,0,0,0,0,0,7800,780000,-,31200,3120000,IDR,"September 14, 2026 11:23:41AM","September 14, 2026 12:09:44PM",1,1,delivery,Other,Other,-,7800,780000,0,0,0,0,-,-,0,0,9 min 34 sec
77426808,001361591590-C8EWMFCAAP4BMA,GF-085,GrabFood,,"""Herbox""",Greenville,"""1x Teriyaki Vegan Vegetarian Ricebox, 2x Vegan Chickin Nugget""","""Ricebox,Sides""","""N/A""",DELIVERED,119000,11900000,0,0,0,0,0,0,7800,780000,-,111200,11120000,IDR,"September 14, 2026 11:17:29AM","September 14, 2026 11:38:46AM",3,2,delivery,Other,Other,-,7800,780000,0,0,0,0,-,-,0,0,N/A
77421934,F-3356717948,2555,gofood,,"""American Breakfast Club""",Greenville,"""1x Burrito - Mock Beef, 2 Scrambled Eggs, Cheddar, Avocado, Tater Tots,, 1x Cheese Omelette - Side Tater Tots""","""American Breakfast Burritos,American Breakfast Omelettes""","""N/A""",DELIVERED,100800,10080000,0,0,0,0,4000,400000,40000,4000000,-,104800,10480000,IDR,"September 14, 2026 10:17:00AM","September 14, 2026 10:37:57AM",2,2,delivery,N/A,N/A,-,0,0,40000,4000000,0,0,-,-,0,0,N/A
77421640,001585003424-C8EWLYTBVBBDWA,GF-465,GrabFood,,"""American Breakfast Club""",Greenville,"""1x Burrito - 2 Scrambled Eggs, Cheddar, Avocado, Tater Tots, 1x Burrito - Mock Beef, 2 Scrambled Eggs, Cheddar, Avocado, Tater Tots,""","""American Breakfast Burritos""","""N/A""",DELIVERED,126000,12600000,0,0,0,0,0,0,18900,1890000,-,107100,10710000,IDR,"September 14, 2026 10:13:31AM","September 14, 2026 10:43:29AM",2,2,delivery,Other,Other,-,18900,1890000,0,0,0,0,-,-,0,0,9 min 54 sec
77420930,F-3356702625,3748,gofood,,"""American Breakfast Club""",Greenville,"""1x Mushroom Omelette - Mushrooms, Spinach, Side Tater Tots, 1x Tater Tots, 1x Burrito - Mock Beef, 2 Scrambled Eggs, Cheddar, Avocado, Tater Tots,""","""American Breakfast Omelettes,Sides,American Breakfast Burritos""","""N/A""",DELIVERED,131200,13120000,0,0,0,0,4000,400000,59100,5910000,-,108605,10860500,IDR,"September 14, 2026 10:02:01AM","September 14, 2026 10:34:37AM",3,3,delivery,N/A,N/A,-,26595,2659500,32505,3250500,0,0,-,-,0,0,N/A
77417256,F-3356633891,1595,gofood,,"""American Breakfast Club""",Greenville,"""1x Burrito - Mock Chicken, 2 Scrambled Eggs, Cheddar, Avocado, Tater Tots""","""American Breakfast Burritos""","""N/A""",DELIVERED,54400,5440000,0,0,0,0,4000,400000,0,0,-,58400,5840000,IDR,"September 14, 2026 08:18:18AM","September 14, 2026 09:22:32AM",1,1,delivery,N/A,N/A,-,0,0,0,0,0,0,-,-,0,0,N/A
77416925,0014036191-C8EWJ8DDNNU3A6,GF-678,GrabFood,,"""American Breakfast Club""",Greenville,"""1x Cheese Omelette - Side Tater Tots""","""American Breakfast Omelettes""","""N/A""",DELIVERED,58000,5800000,0,0,0,0,0,0,8700,870000,-,49300,4930000,IDR,"September 14, 2026 08:04:33AM","September 14, 2026 08:34:46AM",1,1,delivery,Other,Other,-,8700,870000,0,0,0,0,-,-,0,0,8 min 43 sec
77415557,0016520756-C8EWJNDVBA4CC2,GF-120,GrabFood,,"""American Breakfast Club""",Kemang,"""1x Mushroom Omelette - Mushrooms, Spinach, Side Tater Tots, 1x Sandwich - 2 Scrambled Eggs melty cheddar cheese on a wavy brioche bun""","""American Breakfast Omelettes,American Breakfast Sandwiches""","""N/A""",CANCELLED,113000,11300000,0,0,0,0,0,0,22600,2260000,-,90400,9040000,IDR,"September 14, 2026 06:44:41AM",,2,2,delivery,Other,Other,-,22600,2260000,0,0,0,0,RESTAURANT_CLOSED,provider,0,0,N/A
77415246,0012134040-C8EWJFLZCETGBE,GF-006,GrabFood,,"""American Breakfast Club""",Greenville,"""1x Cheese Omelette - Side Tater Tots""","""American Breakfast Omelettes""","""1x Cutleries""",DELIVERED,59500,5950000,0,0,0,0,0,0,8700,870000,-,50800,5080000,IDR,"September 14, 2026 06:19:45AM","September 14, 2026 06:54:05AM",1,1,delivery,Other,Other,-,8700,870000,0,0,0,0,-,-,0,0,14 min 59 sec
77398720,001386797270-C8EWAYKWN2KZKA,GF-739,GrabFood,,"""People Pasta""",Greenville,"""1x Creamy Mushroom - Vegetarian - Plantbased, 1x Chicken Nugget - Vegan, 1x Bolognese - Vegan Friendly - Vegetarian - Plantbase, 1x Meat-less Burger - Vegan""","""Signature Pasta,Meatless Burgers""","""1x Fettucine, 1x Spaghetti""",DELIVERED,171000,17100000,0,0,0,0,0,0,34000,3400000,-,137000,13700000,IDR,"September 13, 2026 08:19:03PM","September 13, 2026 08:45:55PM",4,4,delivery,Other,Other,-,34000,3400000,0,0,0,0,-,-,0,0,14 min 44 sec
77396336,001271986704-C8EWATNAPB4UCN,GF-493,GrabFood,,"""Herbox""",Greenville,"""1x Vegan Chickin Nugget, 1x Nasi Goreng Bintang Kuning Vegan Vegetarian""","""Sides,Nasi Goreng Special""","""N/A""",DELIVERED,75000,7500000,0,0,0,0,0,0,10000,1000000,-,65000,6500000,IDR,"September 13, 2026 07:56:31PM","September 13, 2026 08:52:13PM",2,2,delivery,Other,Other,-,10000,1000000,0,0,0,0,-,-,0,0,13 min 1 sec
77387179,00105630810-C8EVWF3UVLNCHA,GF-929,GrabFood,,"""Herbox""",Greenville,"""1x Teriyaki Vegan Vegetarian Ricebox""","""Ricebox""","""N/A""",DELIVERED,39000,3900000,0,0,0,0,0,0,10800,1080000,-,28200,2820000,IDR,"September 13, 2026 06:42:23PM","September 13, 2026 07:24:22PM",1,1,delivery,Other,Other,-,10800,1080000,0,0,0,0,-,-,0,0,12 min 37 sec
77387110,0014834035-C8EVWFX3KBAFVE,GF-729,GrabFood,,"""American Breakfast Club""",Greenville,"""1x Cheese Omelette - Side Tater Tots, 1x Mushroom Omelette - Mushrooms, Spinach, Side Tater Tots""","""American Breakfast Omelettes""","""1x Cutleries""",DELIVERED,127500,12750000,0,0,0,0,0,0,18900,1890000,-,108600,10860000,IDR,"September 13, 2026 06:41:49PM","September 13, 2026 07:00:26PM",2,2,delivery,Other,Other,-,18900,1890000,0,0,0,0,-,-,0,0,N/A
77383641,F-3356214100,4466,gofood,,"""Herbox""",Greenville,"""1x Teriyaki Vegan Vegetarian Ricebox, 1x Tater tots""","""Ricebox,Sides""","""N/A""",DELIVERED,55200,5520000,0,0,0,0,4000,400000,10000,1000000,-,59200,5920000,IDR,"September 13, 2026 06:13:20PM","September 13, 2026 06:33:30PM",2,2,delivery,N/A,N/A,-,0,0,10000,1000000,0,0,-,-,0,0,N/A
77376107,00145384883-C8EVVTDYUAN3LA,GF-129,GrabFood,,"""People Pasta""",Greenville,"""1x Chicken Nugget - Vegan, 1x Bolognese - Vegan Friendly - Vegetarian - Plantbase, 1x Creamy Mushroom - Vegetarian - Plantbased""","""Signature Pasta""","""2x Fettucine""",DELIVERED,123000,12300000,0,0,0,0,0,0,47948,4794800,-,75052,7505200,IDR,"September 13, 2026 05:08:05PM","September 13, 2026 05:33:37PM",3,3,delivery,Other,Other,-,47948,4794800,0,0,0,0,-,-,0,0,20 min 9 sec
77375696,0014884984-C8EVVRC2TBXTAE,GF-231,GrabFood,,"""People Pasta""",Greenville,"""1x Vegan Chicken Crispy Burger, 2x Vegan Fillet-no-Fish, 1x Chicken Nugget - Vegan""","""Meatless Burgers""","""N/A""",DELIVERED,182000,18200000,0,0,0,0,0,0,63400,6340000,-,118600,11860000,IDR,"September 13, 2026 05:04:29PM","September 13, 2026 05:56:21PM",4,3,delivery,Other,Other,-,63400,6340000,0,0,0,0,-,-,0,0,N/A
77366400,001111304822-C8EVUALBALNZPA,GF-423,GrabFood,,"""American Breakfast Club""",Kemang,"""1x Burrito - Mock Chicken, 2 Scrambled Eggs, Cheddar, Avocado, Tater Tots""","""American Breakfast Burritos""","""N/A""",DELIVERED,68000,6800000,0,0,0,0,0,0,0,0,-,68000,6800000,IDR,"September 13, 2026 03:29:10PM","September 13, 2026 04:30:16PM",1,1,delivery,Other,Other,-,0,0,0,0,0,0,-,-,0,0,N/A
77361600,001455935548-C8EVTVEBTKN3JN,GF-311,GrabFood,,"""People Pasta""",Greenville,"""1x Creamy Mushroom - Vegetarian - Plantbased, 1x Cacio e Pepe - Vegetarian - Plantbased, 1x Chicken Nugget - Vegan""","""Signature Pasta""","""2x Spaghetti""",DELIVERED,121000,12100000,0,0,0,0,0,0,44528,4452800,-,76472,7647200,IDR,"September 13, 2026 02:34:54PM","September 13, 2026 03:02:48PM",3,3,delivery,Other,Other,-,44528,4452800,0,0,0,0,-,-,0,0,13 min 15 sec
77361251,0011234219-C8EVTUWJNVEUAA,GF-148,GrabFood,,"""American Breakfast Club""",Greenville,"""1x Burrito - 2 Scrambled Eggs, Cheddar, Avocado, Tater Tots""","""American Breakfast Burritos""","""1x Mineral Water, 1x Cutleries""",DELIVERED,74500,7450000,0,0,0,0,0,0,8700,870000,-,65800,6580000,IDR,"September 13, 2026 02:31:18PM","September 13, 2026 02:58:01PM",1,1,delivery,Other,Other,-,8700,870000,0,0,0,0,-,-,0,0,13 min 4 sec
77360909,001392894896-C8EVTUDVTFM2TJ,GF-373,GrabFood,,"""American Breakfast Club""",Greenville,"""2x Cheese Omelette - Side Tater Tots, 1x Cutleries""","""American Breakfast Omelettes,Cutleries""","""2x Tatter Tots""",DELIVERED,177000,17700000,0,0,0,0,0,0,20400,2040000,-,156600,15660000,IDR,"September 13, 2026 02:28:02PM","September 13, 2026 02:53:13PM",3,2,delivery,Other,Other,-,20400,2040000,0,0,0,0,-,-,0,0,15 min 15 sec
77360377,00178756044-C8EVTTJ3E2TWJ2,GF-488,GrabFood,,"""Tyfel Coffee""",Greenville,"""1x Signature Sandwich, 1x Coke""","""Brunch,Drinks""","""N/A""",DELIVERED,55000,5500000,0,0,0,0,0,0,18660,1866000,-,36340,3634000,IDR,"September 13, 2026 02:22:40PM","September 13, 2026 02:52:03PM",2,2,delivery,Other,Other,-,18660,1866000,0,0,0,0,-,-,0,0,20 min 42 sec
77355035,001740977918-C8EVTCLJLKMKPE,GF-326,GrabFood,,"""American Breakfast Club""",Greenville,"""1x Mushroom Omelette - Mushrooms, Spinach, Side Tater Tots, 1x 2 Pancakes - Butter, Maple Syrup""","""American Breakfast Omelettes,American Breakfast Pancakes""","""N/A""",DELIVERED,116000,11600000,0,0,0,0,0,0,20400,2040000,-,95600,9560000,IDR,"September 13, 2026 01:29:18PM","September 13, 2026 01:58:15PM",2,2,delivery,Other,Other,-,20400,2040000,0,0,0,0,-,-,0,0,8 min 34 sec
77353678,0015158433-C8EVTANEVKCUTJ,GF-748,GrabFood,,"""American Breakfast Club""",Kemang,"""1x Cheese Omelette - Side Tater Tots, 1x Burrito - Mock Fish, 2 Scrambled Eggs, Cheddar, Avocado, Tater Tots,""","""American Breakfast Omelettes,American Breakfast Burritos""","""N/A""",DELIVERED,126000,12600000,0,0,0,0,0,0,25200,2520000,-,100800,10080000,IDR,"September 13, 2026 01:16:36PM","September 13, 2026 02:10:48PM",2,2,delivery,Other,Other,-,25200,2520000,0,0,0,0,-,-,0,0,N/A
77350698,F-3355758685,8883,gofood,,"""American Breakfast Club""",Kemang,"""2x Tater Tots""","""Sides""","""N/A""",DELIVERED,56000,5600000,0,0,0,0,4000,400000,0,0,-,60000,6000000,IDR,"September 13, 2026 12:48:00PM","September 13, 2026 01:16:23PM",2,1,delivery,N/A,N/A,-,0,0,0,0,0,0,-,-,0,0,N/A
77348651,00122695476-C8EVR63JT3UZVE,GF-172,GrabFood,,"""American Breakfast Club""",Greenville,"""1x Burrito - Mock Beef, 2 Scrambled Eggs, Cheddar, Avocado, Tater Tots,""","""American Breakfast Burritos""","""1x Truffle Tater Tots""",DELIVERED,108000,10800000,0,0,0,0,0,0,13200,1320000,-,94800,9480000,IDR,"September 13, 2026 12:30:16PM","September 13, 2026 01:07:18PM",1,1,delivery,Other,Other,-,13200,1320000,0,0,0,0,-,-,0,0,10 min 25 sec
77348238,F-3355720542,2738,gofood,,"""American Breakfast Club""",Greenville,"""1x Burrito - Mock Chicken, 2 Scrambled Eggs, Cheddar, Avocado, Tater Tots, 1x Burrito - Mock Beef, 2 Scrambled Eggs, Cheddar, Avocado, Tater Tots,""","""American Breakfast Burritos""","""N/A""",DELIVERED,108800,10880000,0,0,0,0,4000,400000,32700,3270000,-,98085,9808500,IDR,"September 13, 2026 12:26:15PM","September 13, 2026 01:04:46PM",2,2,delivery,N/A,N/A,-,14715,1471500,17985,1798500,0,0,-,-,0,0,N/A
77347590,00141570665-C8EVR4DXEJKYTN,GF-596,GrabFood,,"""People Pasta""",Greenville,"""1x Chicken Nugget - Vegan, 1x Meat-less Burger - Vegan""","""Meatless Burgers""","""N/A""",DELIVERED,84000,8400000,0,0,0,0,0,0,19800,1980000,-,64200,6420000,IDR,"September 13, 2026 12:21:25PM","September 13, 2026 01:30:46PM",2,2,delivery,Other,Other,-,19800,1980000,0,0,0,0,-,-,0,0,8 min 2 sec
77346863,00185800804-C8EVR3EVC6XZCE,GF-383,GrabFood,,"""Herbox""",Greenville,"""1x Teriyaki Vegan Vegetarian Ricebox, 1x Vegan Chickin Nugget""","""Ricebox,Sides""","""N/A""",DELIVERED,79000,7900000,0,0,0,0,0,0,10800,1080000,-,68200,6820000,IDR,"September 13, 2026 12:15:03PM","September 13, 2026 01:32:30PM",2,2,delivery,Other,Other,-,10800,1080000,0,0,0,0,-,-,0,0,8 min 14 sec
77346080,00198810016-C8EVR2CGGT4WGA,GF-295,GrabFood,,"""American Breakfast Club""",Kemang,"""1x Burrito - 2 Scrambled Eggs, Cheddar, Avocado, Tater Tots""","""American Breakfast Burritos""","""N/A""",DELIVERED,58000,5800000,0,0,0,0,0,0,11600,1160000,-,46400,4640000,IDR,"September 13, 2026 12:07:44PM","September 13, 2026 12:27:17PM",1,1,delivery,Other,Other,-,11600,1160000,0,0,0,0,-,-,0,0,N/A
77345086,001790856393-C8EVRYEFG6JCCJ,GF-860,GrabFood,,"""American Breakfast Club""",Kemang,"""1x Burrito - Mock Chicken, 2 Scrambled Eggs, Cheddar, Avocado, Tater Tots""","""American Breakfast Burritos""","""N/A""",DELIVERED,68000,6800000,0,0,0,0,0,0,0,0,-,68000,6800000,IDR,"September 13, 2026 11:58:17AM","September 13, 2026 12:28:23PM",1,1,delivery,Other,Other,-,0,0,0,0,0,0,-,-,0,0,N/A
77344251,001915924060-C8EVRXBHGVJZTE,GF-257,GrabFood,,"""American Breakfast Club""",Greenville,"""1x Cheese Omelette - Side Tater Tots, 1x 2 Pancakes - Blueberries, Butter, Maple Syrup""","""American Breakfast Pancakes,American Breakfast Omelettes""","""1x Chick Nugget""",DELIVERED,151000,15100000,0,0,0,0,0,0,20400,2040000,-,130600,13060000,IDR,"September 13, 2026 11:50:38AM","September 13, 2026 01:39:23PM",2,2,delivery,Other,Other,-,20400,2040000,0,0,0,0,-,-,0,0,12 min 33 sec
77343620,001503948242-C8EVRUXAC8MXNN,GF-576,GrabFood,,"""American Breakfast Club""",Kemang,"""1x Mushroom Omelette - Mushrooms, Spinach, Side Tater Tots, 1x Burrito - 2 Scrambled Eggs, Cheddar, Avocado, Tater Tots""","""American Breakfast Omelettes,American Breakfast Burritos""","""N/A""",DELIVERED,126000,12600000,0,0,0,0,0,0,25200,2520000,-,100800,10080000,IDR,"September 13, 2026 11:44:51AM","September 13, 2026 12:26:07PM",2,2,delivery,Other,Other,-,25200,2520000,0,0,0,0,-,-,0,0,N/A
77343171,001031117008-C8EVRUBGTENAHE,GF-041,GrabFood,,"""American Breakfast Club""",Kemang,"""1x Burrito - 2 Scrambled Eggs, Cheddar, Avocado, Tater Tots""","""American Breakfast Burritos""","""N/A""",DELIVERED,58000,5800000,0,0,0,0,0,0,11600,1160000,-,46400,4640000,IDR,"September 13, 2026 11:40:36AM","September 13, 2026 12:13:31PM",1,1,delivery,Other,Other,-,11600,1160000,0,0,0,0,-,-,0,0,N/A
77341666,F-3355611211,6931,gofood,,"""Tyfel Coffee""",Greenville,"""1x Chic Chunk - Vegan Plantbased, 1x Tater Tots, 1x Mock Beef Sandwich, 2x Mock Chicken Burrito""","""Breakfast Burritos,Lite Bites,Sides,Breakfast Sandwiches""","""N/A""",DELIVERED,260000,26000000,0,0,0,0,4000,400000,117000,11700000,-,211350,21135000,IDR,"September 13, 2026 11:25:28AM","September 13, 2026 12:02:19PM",5,4,delivery,N/A,N/A,-,52650,5265000,64350,6435000,0,0,-,-,0,0,N/A
77339840,F-3355581226,3357,gofood,,"""American Breakfast Club""",Greenville,"""1x Mushroom Omelette - Mushrooms, Spinach, Side Tater Tots, 1x Cheese Omelette - Side Tater Tots""","""American Breakfast Omelettes""","""1x Cutleries, 2x Add Hydro Coco, 1x Truffle Tater Tots, 1x Tatter Tots""",DELIVERED,202300,20230000,0,0,0,0,4000,400000,101100,10110000,-,165305,16530500,IDR,"September 13, 2026 11:08:24AM","September 13, 2026 11:28:10AM",2,2,delivery,N/A,N/A,-,40995,4099500,60105,6010500,0,0,-,-,0,0,N/A
77338693,F-3355563025,3711,gofood,,"""American Breakfast Club""",Kemang,"""2x Tater Tots, 1x Original Egg burger - Patties, 2 Scrambled Eggs, Cheddar Cheese, Secret Sauce""","""Sides,American Breakfast Burger""","""1x Home Fries""",DELIVERED,144000,14400000,0,0,0,0,4000,400000,0,0,-,148000,14800000,IDR,"September 13, 2026 10:57:21AM","September 13, 2026 11:25:43AM",3,2,delivery,N/A,N/A,-,0,0,0,0,0,0,-,-,0,0,N/A
77338082,001628063370-C8EVRFD3FATFE2,GF-002,GrabFood,,"""American Breakfast Club""",Kemang,"""1x Burrito - Mock Beef, 2 Scrambled Eggs, Cheddar, Avocado, Tater Tots,""","""American Breakfast Burritos""","""N/A""",DELIVERED,68000,6800000,0,0,0,0,0,0,0,0,-,68000,6800000,IDR,"September 13, 2026 10:51:30AM","September 13, 2026 11:31:23AM",1,1,delivery,Other,Other,-,0,0,0,0,0,0,-,-,0,0,N/A
77337831,001214805314-C8EVRE3XVXUJME,GF-684,GrabFood,,"""American Breakfast Club""",Greenville,"""1x Mushroom Omelette - Mushrooms, Spinach, Side Tater Tots, 1x Cheese Omelette - Side Tater Tots, 1x Burrito - Mock Beef, 2 Scrambled Eggs, Cheddar, Avocado, Tater Tots,, 1x Tater Tots""","""American Breakfast Omelettes,American Breakfast Burritos,Sides""","""N/A""",DELIVERED,232000,23200000,0,0,0,0,0,0,34800,3480000,-,197200,19720000,IDR,"September 13, 2026 10:49:04AM","September 13, 2026 11:12:48AM",4,4,delivery,Other,Other,-,34800,3480000,0,0,0,0,-,-,0,0,10 min 25 sec
77336961,00130164016-C8EVRB4HVA3YCA,GF-205,GrabFood,,"""American Breakfast Club""",Greenville,"""1x Burrito - Mock Beef, 2 Scrambled Eggs, Cheddar, Avocado, Tater Tots,""","""American Breakfast Burritos""","""N/A""",DELIVERED,68000,6800000,0,0,0,0,0,0,13200,1320000,-,54800,5480000,IDR,"September 13, 2026 10:39:19AM","September 13, 2026 11:08:23AM",1,1,delivery,Other,Other,-,13200,1320000,0,0,0,0,-,-,0,0,10 min 20 sec
77336026,F-3355510393,7142,gofood,,"""American Breakfast Club""",Kemang,"""1x Burrito - 2 Scrambled Eggs, Cheddar, Avocado, Tater Tots""","""American Breakfast Burritos""","""N/A""",DELIVERED,58000,5800000,0,0,0,0,4000,400000,0,0,-,62000,6200000,IDR,"September 13, 2026 10:22:47AM","September 13, 2026 11:03:47AM",1,1,delivery,N/A,N/A,-,0,0,0,0,0,0,-,-,0,0,N/A
77333296,00108860436-C8EVPAJTJRDGFE,GF-085,GrabFood,,"""American Breakfast Club""",Kemang,"""1x Burrito - 2 Scrambled Eggs, Cheddar, Avocado, Tater Tots""","""American Breakfast Burritos""","""N/A""",DELIVERED,58000,5800000,0,0,0,0,0,0,11600,1160000,-,46400,4640000,IDR,"September 13, 2026 09:55:23AM","September 13, 2026 10:19:41AM",1,1,delivery,Other,Other,-,11600,1160000,0,0,0,0,-,-,0,0,N/A
77332970,F-3355468054,8718,gofood,,"""American Breakfast Club""",Kemang,"""1x Burrito - 2 Scrambled Eggs, Cheddar, Avocado, Tater Tots""","""American Breakfast Burritos""","""N/A""",DELIVERED,58000,5800000,0,0,0,0,4000,400000,10000,1000000,-,62000,6200000,IDR,"September 13, 2026 09:49:38AM","September 13, 2026 10:09:06AM",1,1,delivery,N/A,N/A,-,0,0,10000,1000000,0,0,-,-,0,0,N/A
77332589,F-3355461965,5865,gofood,,"""Herbox""",Greenville,"""1x Nasi Goreng Bintang Kuning Vegan Vegetarian, 1x Kung Paow Chick Vegan Vegetarian Ricebox, 1x Original Burger Vegan""","""Nasi Goreng Special,Ricebox,Vegan Burger""","""N/A""",DELIVERED,106400,10640000,0,0,0,0,4000,400000,57900,5790000,-,88845,8884500,IDR,"September 13, 2026 09:43:49AM","September 13, 2026 10:12:14AM",3,3,delivery,N/A,N/A,-,21555,2155500,36345,3634500,0,0,-,-,0,0,N/A
77332139,F-3355454150,5786,gofood,,"""American Breakfast Club""",Greenville,"""1x Cheese Omelette - Side Tater Tots, 1x Burrito - Mock Chicken, 2 Scrambled Eggs, Cheddar, Avocado, Tater Tots""","""American Breakfast Omelettes,American Breakfast Burritos""","""N/A""",DELIVERED,100800,10080000,0,0,0,0,4000,400000,40300,4030000,-,91165,9116500,IDR,"September 13, 2026 09:36:18AM","September 13, 2026 10:12:53AM",2,2,delivery,N/A,N/A,-,13635,1363500,26665,2666500,0,0,-,-,0,0,3 min 28 sec
77331688,00185543426-C8EVN3JHKB2AGX,GF-931,GrabFood,,"""American Breakfast Club""",Greenville,"""1x 2 Pancakes - Blueberries, Butter, Maple Syrup, 1x Burrito - 2 Scrambled Eggs, Cheddar, Avocado, Tater Tots""","""American Breakfast Pancakes,American Breakfast Burritos""","""N/A""",DELIVERED,116000,11600000,0,0,0,0,0,0,19400,1940000,-,96600,9660000,IDR,"September 13, 2026 09:28:37AM","September 13, 2026 09:57:26AM",2,2,delivery,Other,Other,-,19400,1940000,0,0,0,0,-,-,0,0,N/A
77331507,00183740128-C8EVN22JV2JTPA,GF-168,GrabFood,,"""American Breakfast Club""",Greenville,"""1x Cheese Omelette - Side Tater Tots, 1x Sandwich - 2 Scrambled Eggs, Mock Fish, Cheddar Cheese, Mix, Brioche Bun""","""American Breakfast Omelettes,American Breakfast Sandwiches""","""1x Chick Nugget""",DELIVERED,151000,15100000,0,0,0,0,0,0,20400,2040000,-,130600,13060000,IDR,"September 13, 2026 09:25:19AM","September 13, 2026 10:16:29AM",2,2,delivery,Other,Other,-,20400,2040000,0,0,0,0,-,-,0,0,16 min 18 sec
77331403,001633034854-C8EVN2TCV8CEG2,GF-367,GrabFood,,"""American Breakfast Club""",Kemang,"""4x Burrito - 2 Scrambled Eggs, Cheddar, Avocado, Tater Tots""","""American Breakfast Burritos""","""N/A""",DELIVERED,232000,23200000,0,0,0,0,0,0,46400,4640000,-,185600,18560000,IDR,"September 13, 2026 09:23:35AM","September 13, 2026 09:52:18AM",4,1,delivery,Other,Other,-,46400,4640000,0,0,0,0,-,-,0,0,N/A
77330777,0017925522-C8EVNYJXG2NHV2,GF-084,GrabFood,,"""American Breakfast Club""",Greenville,"""1x 2 Pancakes - Butter, Maple Syrup, 1x Cheese Omelette - Side Tater Tots""","""American Breakfast Pancakes,American Breakfast Omelettes""","""N/A""",DELIVERED,106000,10600000,0,0,0,0,0,0,18900,1890000,-,87100,8710000,IDR,"September 13, 2026 09:12:06AM","September 13, 2026 09:44:09AM",2,2,delivery,Other,Other,-,18900,1890000,0,0,0,0,-,-,0,0,10 min 16 sec
77330485,0014021487-C8EVNXNAN7BEG6,GF-418,GrabFood,,"""People Pasta""",Greenville,"""1x Meat-less Burger - Vegan, 1x Mineral Water pH 9+""","""Meatless Burgers,Add-on""","""N/A""",DELIVERED,64000,6400000,0,0,0,0,0,0,9800,980000,-,54200,5420000,IDR,"September 13, 2026 09:06:30AM","September 13, 2026 09:51:20AM",2,2,delivery,Other,Other,-,9800,980000,0,0,0,0,-,-,0,0,15 min 56 sec
77330425,00194949729-C8EVNXJTDB3AME,GF-020,GrabFood,,"""LA Breakfast Club""",Greenville,"""1x Mushroom Omelette - Mushrooms, Spinach, Side of Tater Tots, 1x Mock Chicken Burrito, 1x Mock Beef Burrito""","""LA Breakfast Omelettes,LA Breakfast Burritos""","""N/A""",DELIVERED,250000,25000000,0,0,0,0,0,0,62500,6250000,-,187500,18750000,IDR,"September 13, 2026 09:05:20AM","September 13, 2026 09:25:24AM",3,3,delivery,Other,Other,-,62500,6250000,0,0,0,0,-,-,0,0,N/A
77330221,001321649484-C8EVNVC3WFTUTT,GF-314,GrabFood,,"""American Breakfast Club""",Kemang,"""1x Burrito - Mock Fish, 2 Scrambled Eggs, Cheddar, Avocado, Tater Tots,""","""American Breakfast Burritos""","""N/A""",DELIVERED,68000,6800000,0,0,0,0,0,0,13600,1360000,-,54400,5440000,IDR,"September 13, 2026 09:01:10AM","September 13, 2026 09:27:35AM",1,1,delivery,Other,Other,-,13600,1360000,0,0,0,0,-,-,0,0,N/A
77329773,001616590269-C8EVNTV3BEVXKA,GF-750,GrabFood,,"""American Breakfast Club""",Greenville,"""1x Sandwich - 2 Scrambled Eggs Mock Beef, Cheddar Cheese  on a wavy brioche bun""","""American Breakfast Sandwiches""","""N/A""",DELIVERED,58000,5800000,0,0,0,0,0,0,8700,870000,-,49300,4930000,IDR,"September 13, 2026 08:51:12AM","September 13, 2026 09:55:49AM",1,1,delivery,Other,Other,-,8700,870000,0,0,0,0,-,-,0,0,32 min 36 sec
77329693,F-3355410452,4415,gofood,,"""American Breakfast Club""",Greenville,"""1x Burrito - Mock Katsu, 2 Scrambled Eggs, Cheddar, Avocado, Tater Tots, 1x Cheese Omelette - Side Tater Tots""","""American Breakfast Omelettes,American Breakfast Burritos""","""1x Chick Nugget""",DELIVERED,135800,13580000,0,0,0,0,4000,400000,61200,6120000,-,112260,11226000,IDR,"September 13, 2026 08:48:22AM","September 13, 2026 09:31:40AM",2,2,delivery,N/A,N/A,-,27540,2754000,33660,3366000,0,0,-,-,0,0,N/A
77329639,F-3355409699,9958,gofood,,"""American Breakfast Club""",Kemang,"""1x Mushroom Omelette - Mushrooms, Spinach, Side Tater Tots""","""American Breakfast Omelettes""","""N/A""",DELIVERED,68000,6800000,0,0,0,0,4000,400000,30400,3040000,-,62820,6282000,IDR,"September 13, 2026 08:47:21AM","September 13, 2026 09:13:17AM",1,1,delivery,N/A,N/A,-,9180,918000,21220,2122000,0,0,-,-,0,0,N/A
77329518,F-3355407084,1437,gofood,,"""American Breakfast Club""",Kemang,"""1x Egg burger - 2 Scrambled Eggs, Cheddar Cheese, Secret Sauce, 1x Burrito - Mock Chicken, 2 Scrambled Eggs, Cheddar, Avocado, Tater Tots, 1x Mushroom Omelette - Mushrooms, Spinach, Side Tater Tots""","""American Breakfast Burger,American Breakfast Burritos,American Breakfast Omelettes""","""1x Cutleries, 1x Tatter Tots""",DELIVERED,211600,21160000,0,0,0,0,4000,400000,86000,8600000,-,176900,17690000,IDR,"September 13, 2026 08:43:47AM","September 13, 2026 09:23:24AM",3,3,delivery,N/A,N/A,-,38700,3870000,47300,4730000,0,0,-,-,0,0,N/A
77329320,001950380068-C8EVNPL1UFL3VT,GF-466,GrabFood,,"""American Breakfast Club""",Greenville,"""1x Sandwich - 2 Scrambled Eggs Mock Beef, Cheddar Cheese  on a wavy brioche bun""","""American Breakfast Sandwiches""","""N/A""",DELIVERED,58000,5800000,0,0,0,0,0,0,8700,870000,-,49300,4930000,IDR,"September 13, 2026 08:39:28AM","September 13, 2026 09:13:46AM",1,1,delivery,Other,Other,-,8700,870000,0,0,0,0,-,-,0,0,N/A
77329070,001620189314-C8EVNNMTGUUDHE,GF-217,GrabFood,,"""American Breakfast Club""",Greenville,"""1x Sandwich - 2 Scrambled Eggs Mock Beef, Cheddar Cheese  on a wavy brioche bun, 1x Cutleries""","""American Breakfast Sandwiches,Cutleries""","""N/A""",DELIVERED,59000,5900000,0,0,0,0,0,0,11700,1170000,-,47300,4730000,IDR,"September 13, 2026 08:33:02AM","September 13, 2026 09:21:05AM",2,2,delivery,Other,Other,-,11700,1170000,0,0,0,0,-,-,0,0,N/A
77328879,F-3355395378,7532,gofood,,"""American Breakfast Club""",Kemang,"""1x Sandwich - 2 Scrambled Eggs melty cheddar cheese on a wavy brioche bun, 1x Sandwich - 2 Scrambled Eggs, Mock Chicken, Cheddar Cheese Mix, Brioche Bun""","""American Breakfast Sandwiches""","""1x Home Fries""",DELIVERED,133000,13300000,0,0,0,0,4000,400000,0,0,-,137000,13700000,IDR,"September 13, 2026 08:27:16AM","September 13, 2026 09:04:46AM",2,2,delivery,N/A,N/A,-,0,0,0,0,0,0,-,-,0,0,N/A
77328868,00148903936-C8EVNLBUJE2YEJ,GF-368,GrabFood,,"""American Breakfast Club""",Greenville,"""1x Cheese Omelette - Side Tater Tots, 1x Sandwich - 2 Scrambled Eggs melty cheddar cheese on a wavy brioche bun""","""American Breakfast Omelettes,American Breakfast Sandwiches""","""1x Tatter Tots""",DELIVERED,133000,13300000,0,0,0,0,0,0,18450,1845000,-,114550,11455000,IDR,"September 13, 2026 08:27:23AM","September 13, 2026 09:17:22AM",2,2,delivery,Other,Other,-,18450,1845000,0,0,0,0,-,-,0,0,N/A
77328787,001148914105-C8EVNKWHLFUCVN,GF-962,GrabFood,,"""American Breakfast Club""",Greenville,"""3x 2 Pancakes - Chocolate Chips, Butter, Maple Syrup, 1x 2 Pancakes - Blueberries, Butter, Maple Syrup""","""American Breakfast Pancakes""","""N/A""",DELIVERED,232000,23200000,0,0,0,0,0,0,37800,3780000,-,194200,19420000,IDR,"September 13, 2026 08:24:39AM","September 13, 2026 09:17:38AM",4,2,delivery,Other,Other,-,37800,3780000,0,0,0,0,-,-,0,0,N/A
77328402,00153393985-C8EVNGNFTU6EGT,GF-691,GrabFood,,"""American Breakfast Club""",Kemang,"""1x Burrito - 2 Scrambled Eggs, Cheddar, Avocado, Tater Tots, 6x Cutleries""","""American Breakfast Burritos""","""N/A""",DELIVERED,61600,6160000,0,0,0,0,0,0,11600,1160000,-,50000,5000000,IDR,"September 13, 2026 08:13:15AM","September 13, 2026 08:43:31AM",7,2,delivery,Other,Other,-,11600,1160000,0,0,0,0,-,-,0,0,N/A
77327975,F-3355376596,7324,gofood,,"""American Breakfast Club""",Kemang,"""1x Burrito - Mock Beef, 2 Scrambled Eggs, Cheddar, Avocado, Tater Tots,""","""American Breakfast Burritos""","""1x Chick Nugget""",DELIVERED,103000,10300000,0,0,0,0,4000,400000,36100,3610000,-,90755,9075500,IDR,"September 13, 2026 07:58:35AM","September 13, 2026 08:26:50AM",1,1,delivery,N/A,N/A,-,16245,1624500,19855,1985500,0,0,-,-,0,0,N/A
77327748,00157921087-C8EVNBXDAPN2A6,GF-331,GrabFood,,"""American Breakfast Club""",Kemang,"""1x Home Fries, 1x Burrito - 2 Scrambled Eggs, Cheddar, Avocado, Tater Tots""","""Sides,American Breakfast Burritos""","""1x Home Fries""",DELIVERED,126000,12600000,0,0,0,0,0,0,11600,1160000,-,114400,11440000,IDR,"September 13, 2026 07:51:38AM","September 13, 2026 08:34:48AM",2,2,delivery,Other,Other,-,11600,1160000,0,0,0,0,-,-,0,0,N/A
77327497,001920164321-C8EVNAKUPFBYTE,GF-321,GrabFood,,"""American Breakfast Club""",Kemang,"""2x Burrito - 2 Scrambled Eggs, Cheddar, Avocado, Tater Tots""","""American Breakfast Burritos""","""N/A""",DELIVERED,116000,11600000,0,0,0,0,0,0,23200,2320000,-,92800,9280000,IDR,"September 13, 2026 07:42:21AM","September 13, 2026 08:24:22AM",2,1,delivery,Other,Other,-,23200,2320000,0,0,0,0,-,-,0,0,N/A
77327467,001788440727-C8EVNADFKAUTBE,GF-890,GrabFood,,"""American Breakfast Club""",Kemang,"""1x Cheese Omelette - Side Tater Tots""","""American Breakfast Omelettes""","""1x Tatter Tots""",DELIVERED,88000,8800000,0,0,0,0,0,0,11600,1160000,-,76400,7640000,IDR,"September 13, 2026 07:41:18AM","September 13, 2026 08:07:53AM",1,1,delivery,Other,Other,-,11600,1160000,0,0,0,0,-,-,0,0,N/A
77327442,F-3355366515,4537,gofood,,"""People Pasta""",Greenville,"""1x Meat-less Burger - Vegan""","""Meatless Burgers""","""1x Truffle Tatter Tots""",DELIVERED,81000,8100000,0,0,0,0,4000,400000,46500,4650000,-,68575,6857500,IDR,"September 13, 2026 07:39:45AM","September 13, 2026 08:12:25AM",1,1,delivery,N/A,N/A,-,16425,1642500,30075,3007500,0,0,-,-,0,0,N/A
77326753,001351089876-C8EVMAKKWBB2RA,GF-727,GrabFood,,"""American Breakfast Club""",Greenville,"""1x Burrito - 2 Scrambled Eggs, Cheddar, Avocado, Tater Tots""","""American Breakfast Burritos""","""N/A""",DELIVERED,58000,5800000,0,0,0,0,0,0,8700,870000,-,49300,4930000,IDR,"September 13, 2026 07:08:59AM","September 13, 2026 07:28:06AM",1,1,delivery,Other,Other,-,8700,870000,0,0,0,0,-,-,0,0,N/A
77326588,00157589974-C8EVL7U1KCBYMA,GF-152,GrabFood,,"""American Breakfast Club""",Greenville,"""1x Burrito - Mock Beef, 2 Scrambled Eggs, Cheddar, Avocado, Tater Tots,""","""American Breakfast Burritos""","""N/A""",DELIVERED,68000,6800000,0,0,0,0,0,0,10200,1020000,-,57800,5780000,IDR,"September 13, 2026 07:00:50AM","September 13, 2026 07:42:43AM",1,1,delivery,Other,Other,-,10200,1020000,0,0,0,0,-,-,0,0,N/A
77326460,F-3355345122,7817,gofood,,"""American Breakfast Club""",Greenville,"""1x 2 Pancakes - Blueberries, Butter, Maple Syrup""","""American Breakfast Pancakes""","""N/A""",DELIVERED,46400,4640000,0,0,0,0,4000,400000,0,0,-,50400,5040000,IDR,"September 13, 2026 06:52:43AM","September 13, 2026 07:24:10AM",1,1,delivery,N/A,N/A,-,0,0,0,0,0,0,-,-,0,0,N/A
77326372,001315820249-C8EVL33KVVLXPE,GF-872,GrabFood,,"""American Breakfast Club""",Greenville,"""1x Burrito - 2 Scrambled Eggs, Cheddar, Avocado, Tater Tots""","""American Breakfast Burritos""","""N/A""",DELIVERED,58000,5800000,0,0,0,0,0,0,8700,870000,-,49300,4930000,IDR,"September 13, 2026 06:48:00AM","September 13, 2026 07:29:30AM",1,1,delivery,Other,Other,-,8700,870000,0,0,0,0,-,-,0,0,N/A
77326123,00121996029-C8EVLXMBGN2BLX,GF-105,GrabFood,,"""American Breakfast Club""",Greenville,"""1x Burrito - Mock Beef, 2 Scrambled Eggs, Cheddar, Avocado, Tater Tots,, 1x 2 Pancakes - Blueberries, Butter, Maple Syrup""","""American Breakfast Burritos,American Breakfast Pancakes""","""1x Cutleries""",DELIVERED,127500,12750000,0,0,0,0,0,0,21900,2190000,-,105600,10560000,IDR,"September 13, 2026 06:32:12AM","September 13, 2026 07:27:31AM",2,2,delivery,Other,Other,-,21900,2190000,0,0,0,0,-,-,0,0,12 min 17 sec
77325734,0018790502-C8EVLTE1LY6WLX,GF-617,GrabFood,,"""American Breakfast Club""",Greenville,"""2x Sandwich - 2 Scrambled Eggs, Mock Chicken, Cheddar Cheese Mix, Brioche Bun""","""American Breakfast Sandwiches""","""N/A""",DELIVERED,116000,11600000,0,0,0,0,0,0,17400,1740000,-,98600,9860000,IDR,"September 13, 2026 06:01:47AM","September 13, 2026 06:33:53AM",2,1,delivery,Other,Other,-,17400,1740000,0,0,0,0,-,-,0,0,15 min 57 sec
