Order ID,External ID,Short ID,Provider,Order Source,Brand,Branch,Menu Items,Menu Categories,Menu Modifiers,Status,Gross Order Value,Gross Order Value In Cents,Vat,Vat In Cents,Delivery Fee,Delivery Fee In Cents,Additional Fee,Additional Fee In Cents,Discount,Discount In Cents,Promo Code,Net Order Value,Net Order Value In Cents,Currency,Created At,Delivered At,Items Ordered,Unique Items Ordered,Order Type,Payment Method,Payment Channel,Payment Reference ID,Merchant Discount,Merchant Discount In Cents,Provider Discount,Provider Discount In Cents,Delivery Fee Discount,Delivery Fee Discount In Cents,Cancellation Reason,Cancelled By,Restaurant Service Fee,Restaurant Service Fee In Cents,Meal Preparation Time
76169225,00150055266-C8EACBT1VFVHGA,GF-282,GrabFood,,"""American Breakfast Club""",Greenville,"""1x 2 Pancakes - Butter, Maple Syrup""","""American Breakfast Pancakes""","""N/A""",DELIVERED,48000,4800000,0,0,0,0,0,0,10200,1020000,-,37800,3780000,IDR,"August 29, 2026 08:37:09PM","August 29, 2026 09:36:29PM",1,1,delivery,Other,Other,-,10200,1020000,0,0,0,0,-,-,0,0,8 min 35 sec
76166921,F-3338996923,8639,gofood,,"""American Breakfast Club""",Greenville,"""2x Burrito - 2 Scrambled Eggs, Cheddar, Avocado, Tater Tots""","""American Breakfast Burritos""","""N/A""",DELIVERED,92800,9280000,0,0,0,0,4000,400000,0,0,-,96800,9680000,IDR,"August 29, 2026 08:05:18PM","August 29, 2026 09:02:46PM",2,1,delivery,N/A,N/A,-,0,0,0,0,0,0,-,-,0,0,27 min 40 sec
76147688,00107608808-C8D3WEN2NLJUGT,GF-310,GrabFood,,"""American Breakfast Club""",Greenville,"""1x Burrito - Mock Chicken, 2 Scrambled Eggs, Cheddar, Avocado, Tater Tots""","""American Breakfast Burritos""","""1x Truffle Tater Tots""",DELIVERED,108000,10800000,0,0,0,0,0,0,10200,1020000,-,97800,9780000,IDR,"August 29, 2026 05:26:48PM","August 29, 2026 06:08:39PM",1,1,delivery,Other,Other,-,10200,1020000,0,0,0,0,-,-,0,0,N/A
76145452,00182000011-C8D3V8AFNUNBA2,GF-467,GrabFood,,"""American Breakfast Club""",Greenville,"""1x Burrito - Mock Beef, 2 Scrambled Eggs, Cheddar, Avocado, Tater Tots,""","""American Breakfast Burritos""","""N/A""",DELIVERED,68000,6800000,0,0,0,0,0,0,13200,1320000,-,54800,5480000,IDR,"August 29, 2026 05:03:35PM","August 29, 2026 05:45:14PM",1,1,delivery,Other,Other,-,13200,1320000,0,0,0,0,-,-,0,0,N/A
76133520,00101685802-C8D3UEE2EN3KA2,GF-523,GrabFood,,"""People Pasta""",Greenville,"""1x Tattert Tots, 1x Vegan Chicken Crispy Burger""","""Meatless Burgers""","""N/A""",DELIVERED,77000,7700000,0,0,0,0,0,0,31336,3133600,-,45664,4566400,IDR,"August 29, 2026 02:38:28PM","August 29, 2026 03:05:52PM",2,2,delivery,Other,Other,-,31336,3133600,0,0,0,0,-,-,0,0,N/A
76129285,001503506451-C8D3T2CZRZKHNE,GF-593,GrabFood,,"""American Breakfast Club""",Greenville,"""1x Burrito - Mock Chicken, 2 Scrambled Eggs, Cheddar, Avocado, Tater Tots""","""American Breakfast Burritos""","""1x Cutleries, 1x Chick Nugget""",DELIVERED,104500,10450000,0,0,0,0,0,0,13200,1320000,-,91300,9130000,IDR,"August 29, 2026 01:47:46PM","August 29, 2026 02:22:19PM",1,1,delivery,Other,Other,-,13200,1320000,0,0,0,0,-,-,0,0,N/A
76128282,00106895470-C8D3TX4BGFWXAJ,GF-535,GrabFood,,"""People Pasta""",Greenville,"""1x Vegan Chicken Crispy Burger, 1x Creamy Mushroom - Vegetarian - Plantbased""","""Meatless Burgers,Signature Pasta""","""1x Spaghetti""",DELIVERED,92000,9200000,0,0,0,0,0,0,44160,4416000,-,47840,4784000,IDR,"August 29, 2026 01:35:52PM","August 29, 2026 01:55:58PM",2,2,delivery,Other,Other,-,44160,4416000,0,0,0,0,-,-,0,0,N/A
76126022,001494813142-C8D3TRDCREUXTT,GF-430,GrabFood,,"""American Breakfast Club""",Greenville,"""1x Burrito - 2 Scrambled Eggs, Cheddar, Avocado, Tater Tots""","""American Breakfast Burritos""","""N/A""",DELIVERED,58000,5800000,0,0,0,0,0,0,11700,1170000,-,46300,4630000,IDR,"August 29, 2026 01:11:13PM","August 29, 2026 01:47:58PM",1,1,delivery,Other,Other,-,11700,1170000,0,0,0,0,-,-,0,0,N/A
76114776,001185475000-C8D3R4CVGYCFEX,GF-624,GrabFood,,"""American Breakfast Club""",Greenville,"""1x 2 Pancakes - Blueberries, Butter, Maple Syrup""","""American Breakfast Pancakes""","""1x Cutleries, 1x Add Hydro Coco, 1x Chick Nugget""",DELIVERED,109500,10950000,0,0,0,0,0,0,8700,870000,-,100800,10080000,IDR,"August 29, 2026 11:14:22AM","August 29, 2026 11:56:47AM",1,1,delivery,Other,Other,-,8700,870000,0,0,0,0,-,-,0,0,N/A
76113742,F-3338236637,5959,gofood,,"""American Breakfast Club""",Greenville,"""1x Burrito - 2 Scrambled Eggs, Cheddar, Avocado, Tater Tots, 1x Cheese Omelette - Side Tater Tots""","""American Breakfast Omelettes,American Breakfast Burritos""","""1x Tatter Tots""",DELIVERED,122800,12280000,0,0,0,0,4000,400000,65300,6530000,-,101915,10191500,IDR,"August 29, 2026 11:03:04AM","August 29, 2026 11:27:15AM",2,2,delivery,N/A,N/A,-,24885,2488500,40415,4041500,0,0,-,-,0,0,N/A
76112765,0015018326-C8D3RYKHAUBDN6,GF-180,GrabFood,,"""American Breakfast Club""",Kemang,"""1x Mushroom Omelette - Mushrooms, Spinach, Side Tater Tots, 1x Sandwich - 2 Scrambled Eggs melty cheddar cheese on a wavy brioche bun, 1x Sandwich - 2 Scrambled Eggs Mock Beef, Cheddar Cheese  on a wavy brioche bun, 1x Cheese Omelette - Side Tater Tots""","""American Breakfast Omelettes,American Breakfast Sandwiches""","""N/A""",DELIVERED,229000,22900000,0,0,0,0,0,0,45800,4580000,-,183200,18320000,IDR,"August 29, 2026 10:52:16AM","August 29, 2026 12:20:06PM",4,4,delivery,Other,Other,-,45800,4580000,0,0,0,0,-,-,0,0,47 min 41 sec
76112118,F-3338208911,1988,gofood,,"""American Breakfast Club""",Kemang,"""1x Home Fries With Truffle Oil, 1x Katsu Egg burger - Patties, 2 Scrambled Eggs, Cheddar Cheese, Secret Sauce, 1x Tater Tots With Truffle Oil""","""Sides,American Breakfast Burger""","""1x Chick Nugget""",DELIVERED,169000,16900000,0,0,0,0,4000,400000,0,0,-,173000,17300000,IDR,"August 29, 2026 10:44:18AM","August 29, 2026 11:27:01AM",3,3,delivery,N/A,N/A,-,0,0,0,0,0,0,-,-,0,0,N/A
76111471,001165444367-C8D3RUTJTABAEN,GF-838,GrabFood,,"""American Breakfast Club""",Kemang,"""1x Burrito - 2 Scrambled Eggs, Cheddar, Avocado, Tater Tots, 1x Cheese Omelette - Side Tater Tots""","""American Breakfast Burritos,American Breakfast Omelettes""","""N/A""",DELIVERED,116000,11600000,0,0,0,0,0,0,23200,2320000,-,92800,9280000,IDR,"August 29, 2026 10:36:59AM","August 29, 2026 11:25:00AM",2,2,delivery,Other,Other,-,23200,2320000,0,0,0,0,-,-,0,0,N/A
76110819,0019120317-C8D3RTLATZNVA2,GF-134,GrabFood,,"""American Breakfast Club""",Kemang,"""1x Mushroom Omelette - Mushrooms, Spinach, Side Tater Tots""","""American Breakfast Omelettes""","""1x Cutleries""",DELIVERED,68600,6860000,0,0,0,0,0,0,13600,1360000,-,55000,5500000,IDR,"August 29, 2026 10:29:12AM","August 29, 2026 11:07:17AM",1,1,delivery,Other,Other,-,13600,1360000,0,0,0,0,-,-,0,0,N/A
76110769,F-3338185572,7963,gofood,,"""American Breakfast Club""",Kemang,"""1x Burrito - Mock Katsu, 2 Scrambled Eggs, Cheddar, Avocado, Tater Tots""","""American Breakfast Burritos""","""N/A""",DELIVERED,68000,6800000,0,0,0,0,4000,400000,30400,3040000,-,62820,6282000,IDR,"August 29, 2026 10:27:07AM","August 29, 2026 10:51:51AM",1,1,delivery,N/A,N/A,-,9180,918000,21220,2122000,0,0,-,-,0,0,N/A
76110369,F-3338180277,3586,gofood,,"""American Breakfast Club""",Kemang,"""1x Burrito - Mock Fish, 2 Scrambled Eggs, Cheddar, Avocado, Tater Tots,""","""American Breakfast Burritos""","""1x Home Fries""",DELIVERED,98000,9800000,0,0,0,0,4000,400000,0,0,-,102000,10200000,IDR,"August 29, 2026 10:23:05AM","August 29, 2026 10:51:42AM",1,1,delivery,N/A,N/A,-,0,0,0,0,0,0,-,-,0,0,N/A
76109525,F-3338148242,6656,gofood,,"""American Breakfast Club""",Kemang,"""1x Burrito - 2 Scrambled Eggs, Cheddar, Avocado, Tater Tots""","""American Breakfast Burritos""","""N/A""",DELIVERED,43500,4350000,0,0,0,0,4000,400000,13100,1310000,-,41605,4160500,IDR,"August 29, 2026 09:56:11AM","August 29, 2026 10:37:29AM",1,1,delivery,N/A,N/A,-,5895,589500,7205,720500,0,0,-,-,0,0,N/A
76109149,00178430546-C8D3RLACAXNVTX,GF-466,GrabFood,,"""American Breakfast Club""",Greenville,"""1x 2 Pancakes - Butter, Maple Syrup, 1x Burrito - 2 Scrambled Eggs, Cheddar, Avocado, Tater Tots, 1x Tater Tots""","""American Breakfast Pancakes,American Breakfast Burritos,Sides""","""N/A""",DELIVERED,144000,14400000,0,0,0,0,0,0,21600,2160000,-,122400,12240000,IDR,"August 29, 2026 10:06:52AM","August 29, 2026 10:30:23AM",3,3,delivery,Other,Other,-,21600,2160000,0,0,0,0,-,-,0,0,N/A
76107602,F-3338133583,8795,gofood,,"""American Breakfast Club""",Kemang,"""1x Burrito - Mock Chicken, 2 Scrambled Eggs, Cheddar, Avocado, Tater Tots""","""American Breakfast Burritos""","""N/A""",DELIVERED,68000,6800000,0,0,0,0,4000,400000,20400,2040000,-,62820,6282000,IDR,"August 29, 2026 09:41:01AM","August 29, 2026 10:35:07AM",1,1,delivery,N/A,N/A,-,9180,918000,11220,1122000,0,0,-,-,0,0,N/A
76107442,F-3338130227,8541,gofood,,"""American Breakfast Club""",Kemang,"""1x Cheese Omelette - Side Tater Tots, 1x Burrito - 2 Scrambled Eggs, Cheddar, Avocado, Tater Tots""","""American Breakfast Omelettes,American Breakfast Burritos""","""1x Chick Nugget""",DELIVERED,136500,13650000,0,0,0,0,4000,400000,61500,6150000,-,112825,11282500,IDR,"August 29, 2026 09:37:17AM","August 29, 2026 10:42:49AM",2,2,delivery,N/A,N/A,-,27675,2767500,33825,3382500,0,0,-,-,0,0,N/A
76107423,F-3338129957,1943,gofood,,"""American Breakfast Club""",Kemang,"""1x Tater Tots, 1x Burrito - Mock Beef, 2 Scrambled Eggs, Cheddar, Avocado, Tater Tots,, 1x Burrito - 2 Scrambled Eggs, Cheddar, Avocado, Tater Tots""","""American Breakfast Burritos,Sides""","""N/A""",DELIVERED,139500,13950000,0,0,0,0,4000,400000,62800,6280000,-,115240,11524000,IDR,"August 29, 2026 09:37:00AM","August 29, 2026 10:35:25AM",3,3,delivery,N/A,N/A,-,28260,2826000,34540,3454000,0,0,-,-,0,0,N/A
76106956,001336577017-C8D3RBJEAXW2UA,GF-744,GrabFood,,"""American Breakfast Club""",Greenville,"""1x 2 Pancakes - Blueberries, Butter, Maple Syrup, 1x Sandwich - 2 Scrambled Eggs Mock Beef, Cheddar Cheese  on a wavy brioche bun""","""American Breakfast Pancakes,American Breakfast Sandwiches""","""1x Tatter Tots""",DELIVERED,146000,14600000,0,0,0,0,0,0,20400,2040000,-,125600,12560000,IDR,"August 29, 2026 09:28:34AM","August 29, 2026 10:23:35AM",2,2,delivery,Other,Other,-,20400,2040000,0,0,0,0,-,-,0,0,N/A
76106674,F-3338116167,4395,gofood,,"""American Breakfast Club""",Kemang,"""1x Burrito - Mock Katsu, 2 Scrambled Eggs, Cheddar, Avocado, Tater Tots, 1x Sandwich - 2 Scrambled Eggs melty cheddar cheese on a wavy brioche bun""","""American Breakfast Burritos,American Breakfast Sandwiches""","""N/A""",DELIVERED,113000,11300000,0,0,0,0,4000,400000,60900,6090000,-,94095,9409500,IDR,"August 29, 2026 09:22:01AM","August 29, 2026 09:57:56AM",2,2,delivery,N/A,N/A,-,22905,2290500,37995,3799500,0,0,-,-,0,0,N/A
76106655,001104890466-C8D3RAKBAEJHN2,GF-552,GrabFood,,"""American Breakfast Club""",Greenville,"""1x Burrito - Mock Chicken, 2 Scrambled Eggs, Cheddar, Avocado, Tater Tots""","""American Breakfast Burritos""","""N/A""",DELIVERED,68000,6800000,0,0,0,0,0,0,10200,1020000,-,57800,5780000,IDR,"August 29, 2026 09:22:10AM","August 29, 2026 09:45:07AM",1,1,delivery,Other,Other,-,10200,1020000,0,0,0,0,-,-,0,0,9 min 51 sec
76106199,F-3338107764,6262,gofood,,"""American Breakfast Club""",Kemang,"""1x Burrito - 2 Scrambled Eggs, Cheddar, Avocado, Tater Tots, 1x Tater Tots With Truffle Oil""","""American Breakfast Burritos,Sides""","""1x Truffle Home Fries""",DELIVERED,121500,12150000,0,0,0,0,4000,400000,54700,5470000,-,100885,10088500,IDR,"August 29, 2026 09:12:22AM","August 29, 2026 10:01:46AM",2,2,delivery,N/A,N/A,-,24615,2461500,30085,3008500,0,0,-,-,0,0,N/A
76106138,001460662314-C8D3PFEVLT2YLJ,GF-877,GrabFood,,"""American Breakfast Club""",Greenville,"""1x Burrito - Mock Chicken, 2 Scrambled Eggs, Cheddar, Avocado, Tater Tots""","""American Breakfast Burritos""","""1x Chick Nugget""",DELIVERED,103000,10300000,0,0,0,0,0,0,10200,1020000,-,92800,9280000,IDR,"August 29, 2026 09:11:43AM","August 29, 2026 09:31:24AM",1,1,delivery,Other,Other,-,10200,1020000,0,0,0,0,-,-,0,0,N/A
76105530,0019973264-C8D3PBUXVTVVLT,GF-519,GrabFood,,"""American Breakfast Club""",Kemang,"""1x Burrito - Mock Fish, 2 Scrambled Eggs, Cheddar, Avocado, Tater Tots,""","""American Breakfast Burritos""","""N/A""",DELIVERED,68000,6800000,0,0,0,0,0,0,13600,1360000,-,54400,5440000,IDR,"August 29, 2026 08:57:24AM","August 29, 2026 09:17:31AM",1,1,delivery,Other,Other,-,13600,1360000,0,0,0,0,-,-,0,0,N/A
76105269,F-3338090948,4497,gofood,,"""American Breakfast Club""",Greenville,"""1x 2 Pancakes - Blueberries, Butter, Maple Syrup""","""American Breakfast Pancakes""","""1x Coke, 1x Truffle Tater Tots""",DELIVERED,101400,10140000,0,0,0,0,4000,400000,0,0,-,105400,10540000,IDR,"August 29, 2026 08:50:40AM","August 29, 2026 09:18:29AM",1,1,delivery,N/A,N/A,-,0,0,0,0,0,0,-,-,0,0,N/A
76105263,001662912765-C8D3PAVYL2LVN6,GF-012,GrabFood,,"""American Breakfast Club""",Greenville,"""1x Burrito - Mock Beef, 2 Scrambled Eggs, Cheddar, Avocado, Tater Tots,""","""American Breakfast Burritos""","""N/A""",DELIVERED,68000,6800000,0,0,0,0,0,0,10200,1020000,-,57800,5780000,IDR,"August 29, 2026 08:51:05AM","August 29, 2026 09:09:11AM",1,1,delivery,Other,Other,-,10200,1020000,0,0,0,0,-,-,0,0,N/A
76105194,001338976705-C8D3PALBEXTCNJ,GF-769,GrabFood,,"""American Breakfast Club""",Greenville,"""1x Mushroom Omelette - Mushrooms, Spinach, Side Tater Tots, 1x Burrito - 2 Scrambled Eggs, Cheddar, Avocado, Tater Tots""","""American Breakfast Omelettes,American Breakfast Burritos""","""N/A""",DELIVERED,126000,12600000,0,0,0,0,0,0,21900,2190000,-,104100,10410000,IDR,"August 29, 2026 08:49:13AM","August 29, 2026 09:22:02AM",2,2,delivery,Other,Other,-,21900,2190000,0,0,0,0,-,-,0,0,N/A
76104876,001363604187-C8D3N7N3SATWLT,GF-926,GrabFood,,"""American Breakfast Club""",Kemang,"""1x Burrito - Mock Fish, 2 Scrambled Eggs, Cheddar, Avocado, Tater Tots,""","""American Breakfast Burritos""","""N/A""",DELIVERED,68000,6800000,0,0,0,0,0,0,13600,1360000,-,54400,5440000,IDR,"August 29, 2026 08:40:11AM","August 29, 2026 10:03:02AM",1,1,delivery,Other,Other,-,13600,1360000,0,0,0,0,-,-,0,0,N/A
76104712,F-3338080091,2989,gofood,,"""American Breakfast Club""",Kemang,"""1x Burrito - 2 Scrambled Eggs, Cheddar, Avocado, Tater Tots""","""American Breakfast Burritos""","""1x Home Fries""",DELIVERED,73500,7350000,0,0,0,0,4000,400000,22100,2210000,-,67555,6755500,IDR,"August 29, 2026 08:34:08AM","August 29, 2026 09:02:45AM",1,1,delivery,N/A,N/A,-,9945,994500,12155,1215500,0,0,-,-,0,0,N/A
76104704,001729932186-C8D3N6VWN65WJ2,GF-839,GrabFood,,"""American Breakfast Club""",Greenville,"""1x Burrito - 2 Scrambled Eggs, Cheddar, Avocado, Tater Tots""","""American Breakfast Burritos""","""N/A""",DELIVERED,58000,5800000,0,0,0,0,0,0,11700,1170000,-,46300,4630000,IDR,"August 29, 2026 08:34:25AM","August 29, 2026 09:02:25AM",1,1,delivery,Other,Other,-,11700,1170000,0,0,0,0,-,-,0,0,9 min 48 sec
76104558,0019641301-C8D3N4NFAPV3RE,GF-003,GrabFood,,"""American Breakfast Club""",Greenville,"""1x Burrito - Mock Chicken, 2 Scrambled Eggs, Cheddar, Avocado, Tater Tots, 1x Burrito - 2 Scrambled Eggs, Cheddar, Avocado, Tater Tots""","""American Breakfast Burritos""","""N/A""",DELIVERED,126000,12600000,0,0,0,0,0,0,21900,2190000,-,104100,10410000,IDR,"August 29, 2026 08:29:57AM","August 29, 2026 09:12:46AM",2,2,delivery,Other,Other,-,21900,2190000,0,0,0,0,-,-,0,0,10 min 24 sec
76104407,001627536146-C8D3N3XFL74FEX,GF-192,GrabFood,,"""American Breakfast Club""",Greenville,"""1x Burrito - 2 Scrambled Eggs, Cheddar, Avocado, Tater Tots""","""American Breakfast Burritos""","""1x Tatter Tots""",DELIVERED,88000,8800000,0,0,0,0,0,0,8700,870000,-,79300,7930000,IDR,"August 29, 2026 08:24:55AM","August 29, 2026 08:40:54AM",1,1,delivery,Other,Other,-,8700,870000,0,0,0,0,-,-,0,0,N/A
76104036,0019376413-C8D3NZMKHBCDVE,GF-303,GrabFood,,"""American Breakfast Club""",Kemang,"""1x Cheese Omelette - Side Tater Tots, 1x Mushroom Omelette - Mushrooms, Spinach, Side Tater Tots""","""American Breakfast Omelettes""","""N/A""",DELIVERED,126000,12600000,0,0,0,0,0,0,25200,2520000,-,100800,10080000,IDR,"August 29, 2026 08:12:59AM","August 29, 2026 08:39:33AM",2,2,delivery,Other,Other,-,25200,2520000,0,0,0,0,-,-,0,0,N/A
76103960,00142334798-C8D3NZAAKEAGGE,GF-150,GrabFood,,"""Tyfel Coffee""",Greenville,"""1x Quesadilla, 1x Risotto, 1x Nachos - Vegan-option""","""Lite Bites,Main Course""","""N/A""",DELIVERED,140000,14000000,0,0,0,0,0,0,51520,5152000,-,88480,8848000,IDR,"August 29, 2026 08:10:20AM","August 29, 2026 08:46:50AM",3,3,delivery,Other,Other,-,51520,5152000,0,0,0,0,-,-,0,0,14 min 35 sec
76103867,001497021190-C8D3NYMTC7MTA6,GF-993,GrabFood,,"""American Breakfast Club""",Kemang,"""2x Burrito - 2 Scrambled Eggs, Cheddar, Avocado, Tater Tots, 1x Burrito - Mock Fish, 2 Scrambled Eggs, Cheddar, Avocado, Tater Tots,""","""American Breakfast Burritos""","""2x Cutleries""",DELIVERED,185200,18520000,0,0,0,0,0,0,36800,3680000,-,148400,14840000,IDR,"August 29, 2026 08:06:19AM","August 29, 2026 08:47:04AM",3,2,delivery,Other,Other,-,36800,3680000,0,0,0,0,-,-,0,0,N/A
76103728,001679339541-C8D3NXXVT8CCJ6,GF-440,GrabFood,,"""American Breakfast Club""",Kemang,"""1x Sandwich - 2 Scrambled Eggs Mock Beef, Cheddar Cheese  on a wavy brioche bun""","""American Breakfast Sandwiches""","""1x Mineral Water""",DELIVERED,68000,6800000,0,0,0,0,0,0,11600,1160000,-,56400,5640000,IDR,"August 29, 2026 08:01:42AM","August 29, 2026 08:35:29AM",1,1,delivery,Other,Other,-,11600,1160000,0,0,0,0,-,-,0,0,N/A
76103564,F-3338055999,3826,gofood,,"""American Breakfast Club""",Greenville,"""2x Mushroom Omelette - Mushrooms, Spinach, Side Tater Tots, 2x 2 Pancakes - Blueberries, Butter, Maple Syrup""","""American Breakfast Pancakes,American Breakfast Omelettes""","""2x Tatter Tots""",DELIVERED,261600,26160000,0,0,0,0,4000,400000,117800,11780000,-,212590,21259000,IDR,"August 29, 2026 07:54:42AM","August 29, 2026 08:41:25AM",4,2,delivery,N/A,N/A,-,53010,5301000,64790,6479000,0,0,-,-,0,0,N/A
76103411,001248772407-C8D3NUKGBBVGTE,GF-734,GrabFood,,"""American Breakfast Club""",Kemang,"""1x Burrito - 2 Scrambled Eggs, Cheddar, Avocado, Tater Tots""","""American Breakfast Burritos""","""N/A""",DELIVERED,58000,5800000,0,0,0,0,0,0,11600,1160000,-,46400,4640000,IDR,"August 29, 2026 07:48:55AM","August 29, 2026 08:34:39AM",1,1,delivery,Other,Other,-,11600,1160000,0,0,0,0,-,-,0,0,N/A
76103401,F-3338052687,6548,gofood,,"""American Breakfast Club""",Kemang,"""2x Cheese Omelette - Side Tater Tots""","""American Breakfast Omelettes""","""N/A""",DELIVERED,116000,11600000,0,0,0,0,4000,400000,52200,5220000,-,96510,9651000,IDR,"August 29, 2026 07:47:56AM","August 29, 2026 08:09:09AM",2,1,delivery,N/A,N/A,-,23490,2349000,28710,2871000,0,0,-,-,0,0,N/A
76103336,001653607351-C8D3NT31DCNHDA,GF-689,GrabFood,,"""American Breakfast Club""",Greenville,"""1x Cutleries, 1x Sandwich - 2 Scrambled Eggs Mock Beef, Cheddar Cheese  on a wavy brioche bun""","""Cutleries,American Breakfast Sandwiches""","""N/A""",DELIVERED,59000,5900000,0,0,0,0,0,0,11700,1170000,-,47300,4730000,IDR,"August 29, 2026 07:45:49AM","August 29, 2026 08:20:00AM",2,2,delivery,Other,Other,-,11700,1170000,0,0,0,0,-,-,0,0,8 min 33 sec
76103312,001974542963-C8D3NTWYMFJDCE,GF-470,GrabFood,,"""Herbox""",Greenville,"""3x Lauk size Regular Vegan Vegetarian""","""Lauk Only""","""N/A""",DELIVERED,180000,18000000,0,0,0,0,0,0,0,0,-,180000,18000000,IDR,"August 29, 2026 07:44:45AM","August 29, 2026 08:30:51AM",3,1,delivery,Other,Other,-,0,0,0,0,0,0,-,-,0,0,N/A
76103267,F-3338049612,4846,gofood,,"""American Breakfast Club""",Kemang,"""1x Burrito - 2 Scrambled Eggs, Cheddar, Avocado, Tater Tots""","""American Breakfast Burritos""","""N/A""",DELIVERED,43500,4350000,0,0,0,0,4000,400000,0,0,-,47500,4750000,IDR,"August 29, 2026 07:41:56AM","August 29, 2026 08:10:16AM",1,1,delivery,N/A,N/A,-,0,0,0,0,0,0,-,-,0,0,N/A
76103264,0019549401-C8D3NTKTCYVWMA,GF-502,GrabFood,,"""American Breakfast Club""",Kemang,"""1x 2 Pancakes - Blueberries, Butter, Maple Syrup, 1x Burrito - 2 Scrambled Eggs, Cheddar, Avocado, Tater Tots, 1x 2 Pancakes - Butter, Maple Syrup""","""American Breakfast Pancakes,American Breakfast Burritos""","""N/A""",DELIVERED,164000,16400000,0,0,0,0,0,0,32800,3280000,-,131200,13120000,IDR,"August 29, 2026 07:42:19AM","August 29, 2026 08:28:06AM",3,3,delivery,Other,Other,-,32800,3280000,0,0,0,0,-,-,0,0,N/A
76103246,001336163319-C8D3NTD3R7D3R2,GF-931,GrabFood,,"""American Breakfast Club""",Kemang,"""1x Burrito - 2 Scrambled Eggs, Cheddar, Avocado, Tater Tots""","""American Breakfast Burritos""","""1x Tatter Tots""",DELIVERED,88000,8800000,0,0,0,0,0,0,11600,1160000,-,76400,7640000,IDR,"August 29, 2026 07:41:32AM","August 29, 2026 08:07:23AM",1,1,delivery,Other,Other,-,11600,1160000,0,0,0,0,-,-,0,0,N/A
76103170,001945098156-C8D3NREZCRL3GT,GF-979,GrabFood,,"""American Breakfast Club""",Kemang,"""1x Burrito - Mock Chicken, 2 Scrambled Eggs, Cheddar, Avocado, Tater Tots""","""American Breakfast Burritos""","""N/A""",DELIVERED,68000,6800000,0,0,0,0,0,0,0,0,-,68000,6800000,IDR,"August 29, 2026 07:38:26AM","August 29, 2026 08:09:51AM",1,1,delivery,Other,Other,-,0,0,0,0,0,0,-,-,0,0,N/A
76103110,F-3338046443,3243,gofood,,"""American Breakfast Club""",Greenville,"""1x 2 Pancakes - Butter, Maple Syrup, 1x Burrito - Mock Fish, 2 Scrambled Eggs, Cheddar, Avocado, Tater Tots,""","""American Breakfast Pancakes,American Breakfast Burritos""","""N/A""",DELIVERED,89400,8940000,0,0,0,0,4000,400000,0,0,-,93400,9340000,IDR,"August 29, 2026 07:35:22AM","August 29, 2026 08:15:26AM",2,2,delivery,N/A,N/A,-,0,0,0,0,0,0,-,-,0,0,N/A
76103096,00128581884-C8D3NP2KGYNCEJ,GF-834,GrabFood,,"""American Breakfast Club""",Greenville,"""1x Burrito - 2 Scrambled Eggs, Cheddar, Avocado, Tater Tots""","""American Breakfast Burritos""","""N/A""",DELIVERED,58000,5800000,0,0,0,0,0,0,11700,1170000,-,46300,4630000,IDR,"August 29, 2026 07:35:19AM","August 29, 2026 08:17:19AM",1,1,delivery,Other,Other,-,11700,1170000,0,0,0,0,-,-,0,0,N/A
76102960,001471738764-C8D3NN52AA33CA,GF-084,GrabFood,,"""American Breakfast Club""",Greenville,"""1x Burrito - Mock Chicken, 2 Scrambled Eggs, Cheddar, Avocado, Tater Tots""","""American Breakfast Burritos""","""N/A""",DELIVERED,68000,6800000,0,0,0,0,0,0,13200,1320000,-,54800,5480000,IDR,"August 29, 2026 07:29:48AM","August 29, 2026 08:02:14AM",1,1,delivery,Other,Other,-,13200,1320000,0,0,0,0,-,-,0,0,N/A
76102869,001667753334-C8D3NNJDUEWGR6,GF-302,GrabFood,,"""Herbox""",Greenville,"""1x Rica Rica Vegan Vegetarian Ricebox, 1x Lada Hitam Blackpepper Vegan Vegetarian Ricebox, 1x Kung Paow Chick Vegan Vegetarian Ricebox, 1x Pesmol Vegan Vegetarian Ricebox, 1x Teriyaki Vegan Vegetarian Ricebox""","""Ricebox""","""N/A""",DELIVERED,195000,19500000,0,0,0,0,0,0,39000,3900000,-,156000,15600000,IDR,"August 29, 2026 07:25:15AM","August 29, 2026 08:16:39AM",5,5,delivery,Other,Other,-,39000,3900000,0,0,0,0,-,-,0,0,N/A
76102759,F-3338039401,2888,gofood,,"""American Breakfast Club""",Greenville,"""4x Burrito - 2 Scrambled Eggs, Cheddar, Avocado, Tater Tots, 1x Tater Tots With Truffle Oil""","""American Breakfast Burritos,Sides""","""N/A""",DELIVERED,216000,21600000,0,0,0,0,4000,400000,97200,9720000,-,176260,17626000,IDR,"August 29, 2026 07:19:47AM","August 29, 2026 07:53:06AM",5,2,delivery,N/A,N/A,-,43740,4374000,53460,5346000,0,0,-,-,0,0,N/A
76102756,F-3338039291,7126,gofood,,"""American Breakfast Club""",Greenville,"""1x Mushroom Omelette - Mushrooms, Spinach, Side Tater Tots, 1x Burrito - Mock Chicken, 2 Scrambled Eggs, Cheddar, Avocado, Tater Tots""","""American Breakfast Omelettes,American Breakfast Burritos""","""1x Cutleries""",DELIVERED,106900,10690000,0,0,0,0,4000,400000,32100,3210000,-,96455,9645500,IDR,"August 29, 2026 07:19:32AM","August 29, 2026 08:03:15AM",2,2,delivery,N/A,N/A,-,14445,1444500,17655,1765500,0,0,-,-,0,0,N/A
76102665,001444391953-C8D3NKM2NLAHBE,GF-306,GrabFood,,"""American Breakfast Club""",Greenville,"""1x Burrito - 2 Scrambled Eggs, Cheddar, Avocado, Tater Tots, 1x 2 Pancakes - Blueberries, Butter, Maple Syrup""","""American Breakfast Burritos,American Breakfast Pancakes""","""1x Coke""",DELIVERED,131000,13100000,0,0,0,0,0,0,17400,1740000,-,113600,11360000,IDR,"August 29, 2026 07:16:28AM","August 29, 2026 07:49:42AM",2,2,delivery,Other,Other,-,17400,1740000,0,0,0,0,-,-,0,0,N/A
76102353,F-3338026773,5538,gofood,,"""American Breakfast Club""",Greenville,"""1x Mushroom Omelette - Mushrooms, Spinach, Side Tater Tots""","""American Breakfast Omelettes""","""1x Cutleries""",DELIVERED,55900,5590000,0,0,0,0,4000,400000,0,0,-,59900,5990000,IDR,"August 29, 2026 06:46:21AM","August 29, 2026 07:32:06AM",1,1,delivery,N/A,N/A,-,0,0,0,0,0,0,-,-,0,0,N/A
76102083,F-3338026090,4548,gofood,,"""American Breakfast Club""",Greenville,"""1x Cheese Omelette - Side Tater Tots, 1x 2 Pancakes - Butter, Maple Syrup""","""American Breakfast Omelettes,American Breakfast Pancakes""","""2x Cutleries""",DELIVERED,87800,8780000,0,0,0,0,4000,400000,10000,1000000,-,91800,9180000,IDR,"August 29, 2026 06:44:01AM","August 29, 2026 07:12:01AM",2,2,delivery,N/A,N/A,-,0,0,10000,1000000,0,0,-,-,0,0,N/A
76068400,F-3337601529,2453,gofood,,"""Herbox""",Greenville,"""1x Salted no Egg Vegan Vegetarian Ricebox, 1x Rica Wrap""","""Ricebox,Wrap Series""","""1x Sendok, Garpu, Tissue, Tusuk Gigi""",DELIVERED,79900,7990000,0,0,0,0,4000,400000,38000,3800000,-,71300,7130000,IDR,"August 28, 2026 05:49:03PM","August 28, 2026 06:19:15PM",2,2,delivery,N/A,N/A,-,12600,1260000,25400,2540000,0,0,-,-,0,0,N/A
76066941,00112217599-C8D3CRDDCF6KGJ,GF-508,GrabFood,,"""American Breakfast Club""",Greenville,"""1x Burrito - Mock Beef, 2 Scrambled Eggs, Cheddar, Avocado, Tater Tots,""","""American Breakfast Burritos""","""N/A""",DELIVERED,68000,6800000,0,0,0,0,0,0,10200,1020000,-,57800,5780000,IDR,"August 28, 2026 05:44:33PM","August 28, 2026 06:21:10PM",1,1,delivery,Other,Other,-,10200,1020000,0,0,0,0,-,-,0,0,N/A
76054144,001991364144-C8D3AUTVVCDTJE,GF-021,GrabFood,,"""American Breakfast Club""",Kemang,"""1x Mushroom Omelette - Mushrooms, Spinach, Side Tater Tots, 1x Sandwich - 2 Scrambled Eggs, Mock Fish, Cheddar Cheese, Mix, Brioche Bun""","""American Breakfast Omelettes,American Breakfast Sandwiches""","""N/A""",DELIVERED,126000,12600000,0,0,0,0,0,0,25200,2520000,-,100800,10080000,IDR,"August 28, 2026 03:10:22PM","August 28, 2026 03:50:58PM",2,2,delivery,Other,Other,-,25200,2520000,0,0,0,0,-,-,0,0,N/A
76053564,00102767237-C8D3ATKHAZLVEX,GF-402,GrabFood,,"""Herbox""",Greenville,"""1x Nasi Goreng Bintang Kuning Vegan Vegetarian""","""Nasi Goreng Special""","""N/A""",DELIVERED,35000,3500000,0,0,0,0,0,0,9000,900000,-,26000,2600000,IDR,"August 28, 2026 03:02:17PM","August 28, 2026 03:43:16PM",1,1,delivery,Other,Other,-,9000,900000,0,0,0,0,-,-,0,0,N/A
76047590,001162343234-C8D2WETHJ63JE2,GF-356,GrabFood,,"""American Breakfast Club""",Greenville,"""1x Burrito - Mock Beef, 2 Scrambled Eggs, Cheddar, Avocado, Tater Tots,""","""American Breakfast Burritos""","""N/A""",DELIVERED,68000,6800000,0,0,0,0,0,0,10200,1020000,-,57800,5780000,IDR,"August 28, 2026 01:40:16PM","August 28, 2026 01:57:49PM",1,1,delivery,Other,Other,-,10200,1020000,0,0,0,0,-,-,0,0,N/A
76046721,00154131033-C8D2WBBWJ651T6,GF-109,GrabFood,,"""Tyfel Coffee""",Greenville,"""2x Mozarella Stick, 1x Home Fries""","""Lite Bites,Sides""","""N/A""",DELIVERED,118000,11800000,0,0,0,0,0,0,43424,4342400,-,74576,7457600,IDR,"August 28, 2026 01:29:22PM","August 28, 2026 02:06:24PM",3,2,delivery,Other,Other,-,43424,4342400,0,0,0,0,-,-,0,0,N/A
76045118,00166989884-C8D2V66ETADTRJ,GF-874,GrabFood,,"""Herbox""",Greenville,"""1x Nasi Goreng Bintang Kuning Vegan Vegetarian, 1x Pesmol Vegan Vegetarian Ricebox""","""Ricebox,Nasi Goreng Special""","""1x Sendok, Garpu, Tissue, Tusuk Gigi""",DELIVERED,75500,7550000,0,0,0,0,0,0,17800,1780000,-,57700,5770000,IDR,"August 28, 2026 01:09:54PM","August 28, 2026 01:44:44PM",2,2,delivery,Other,Other,-,17800,1780000,0,0,0,0,-,-,0,0,23 min 51 sec
76042442,001491236591-C8D2VYX1KEJJGJ,GF-620,GrabFood,,"""American Breakfast Club""",Kemang,"""1x Burrito - Mock Chicken, 2 Scrambled Eggs, Cheddar, Avocado, Tater Tots, 1x Mushroom Omelette - Mushrooms, Spinach, Side Tater Tots, 1x Sandwich - 2 Scrambled Eggs melty cheddar cheese on a wavy brioche bun""","""American Breakfast Sandwiches,American Breakfast Burritos,American Breakfast Omelettes""","""N/A""",DELIVERED,181000,18100000,0,0,0,0,0,0,22600,2260000,-,158400,15840000,IDR,"August 28, 2026 12:41:49PM","August 28, 2026 01:14:35PM",3,3,delivery,Other,Other,-,22600,2260000,0,0,0,0,-,-,0,0,N/A
76042324,001047996502-C8D2VYLJSFAVVN,GF-910,GrabFood,,"""American Breakfast Club""",Greenville,"""1x Burrito - Mock Beef, 2 Scrambled Eggs, Cheddar, Avocado, Tater Tots,""","""American Breakfast Burritos""","""N/A""",DELIVERED,68000,6800000,0,0,0,0,0,0,13200,1320000,-,54800,5480000,IDR,"August 28, 2026 12:40:34PM","August 28, 2026 12:57:41PM",1,1,delivery,Other,Other,-,13200,1320000,0,0,0,0,-,-,0,0,11 min 3 sec
76041744,001394297944-C8D2VUNFL732MA,GF-580,GrabFood,,"""American Breakfast Club""",Greenville,"""3x Tater Tots""","""Sides""","""N/A""",DELIVERED,114000,11400000,0,0,0,0,0,0,20100,2010000,-,93900,9390000,IDR,"August 28, 2026 12:34:33PM","August 28, 2026 01:07:39PM",3,1,delivery,Other,Other,-,20100,2010000,0,0,0,0,-,-,0,0,11 min 22 sec
76039965,F-3337206751,1274,gofood,,"""Herbox""",Greenville,"""1x Salted no Egg Vegan Vegetarian Ricebox, 1x Pesmol Vegan Vegetarian Ricebox, 1x Vegan Chickin Nugget""","""Ricebox,Sides""","""N/A""",DELIVERED,94400,9440000,0,0,0,0,4000,400000,42500,4250000,-,79275,7927500,IDR,"August 28, 2026 12:11:29PM","August 28, 2026 12:30:48PM",3,3,delivery,N/A,N/A,-,19125,1912500,23375,2337500,0,0,-,-,0,0,N/A
76036666,00150259173-C8D2VFXWJYNGNX,GF-465,GrabFood,,"""American Breakfast Club""",Greenville,"""1x Burrito - Mock Chicken, 2 Scrambled Eggs, Cheddar, Avocado, Tater Tots""","""American Breakfast Burritos""","""N/A""",DELIVERED,68000,6800000,0,0,0,0,0,0,10200,1020000,-,57800,5780000,IDR,"August 28, 2026 11:35:03AM","August 28, 2026 12:14:06PM",1,1,delivery,Other,Other,-,10200,1020000,0,0,0,0,-,-,0,0,N/A
76033374,001179744848-C8D2UFTXL3AUAA,GF-936,GrabFood,,"""American Breakfast Club""",Kemang,"""1x 2 Pancakes - Blueberries, Butter, Maple Syrup, 2x Burrito - Mock Chicken, 2 Scrambled Eggs, Cheddar, Avocado, Tater Tots, 1x Home Fries With Truffle Oil""","""American Breakfast Pancakes,American Breakfast Burritos,Sides""","""N/A""",DELIVERED,242000,24200000,0,0,0,0,0,0,11600,1160000,-,230400,23040000,IDR,"August 28, 2026 11:00:24AM","August 28, 2026 12:01:12PM",4,3,delivery,Other,Other,-,11600,1160000,0,0,0,0,-,-,0,0,N/A
76031793,001819806923-C8D2UBNVDGD2ET,GF-612,GrabFood,,"""American Breakfast Club""",Greenville,"""2x Burrito - Mock Beef, 2 Scrambled Eggs, Cheddar, Avocado, Tater Tots,""","""American Breakfast Burritos""","""N/A""",DELIVERED,136000,13600000,0,0,0,0,0,0,23400,2340000,-,112600,11260000,IDR,"August 28, 2026 10:43:22AM","August 28, 2026 11:44:59AM",2,1,delivery,Other,Other,-,23400,2340000,0,0,0,0,-,-,0,0,22 min 4 sec
76031447,F-3337069280,6525,gofood,,"""Tyfel Coffee""",Greenville,"""3x Risotto, 1x Home Fries With Truffle Oil, 1x Burger""","""Sides,Brunch,Main Course""","""N/A""",DELIVERED,237000,23700000,0,0,0,0,4000,400000,106700,10670000,-,192985,19298500,IDR,"August 28, 2026 10:33:51AM","August 28, 2026 11:58:15AM",5,3,delivery,N/A,N/A,-,48015,4801500,58685,5868500,0,0,-,-,0,0,36 min 4 sec
76031204,F-3337072185,9374,gofood,,"""American Breakfast Club""",Kemang,"""1x Home Fries With Truffle Oil, 1x Burrito - 2 Scrambled Eggs, Cheddar, Avocado, Tater Tots, 1x Egg burger - 2 Scrambled Eggs, Cheddar Cheese, Secret Sauce""","""Sides,American Breakfast Burritos,American Breakfast Burger""","""1x Chick Nugget""",DELIVERED,150300,15030000,0,0,0,0,4000,400000,67700,6770000,-,123835,12383500,IDR,"August 28, 2026 10:36:02AM","August 28, 2026 11:05:51AM",3,3,delivery,N/A,N/A,-,30465,3046500,37235,3723500,0,0,-,-,0,0,N/A
76030943,00165525750-C8D2T8B3V6X3VX,GF-817,GrabFood,,"""Herbox""",Greenville,"""1x Nasi Goreng Sedap Malam Vegan Vegetarian, 1x Nasi Goreng Bintang Kuning Vegan Vegetarian, 1x Pesmol Vegan Vegetarian Ricebox, 1x Fysh Mentai""","""Nasi Goreng Special,Ricebox,Mentai Vegan""","""4x Ganti Shirataki Rice""",DELIVERED,248000,24800000,0,0,0,0,0,0,36600,3660000,-,211400,21140000,IDR,"August 28, 2026 10:33:10AM","August 28, 2026 11:17:36AM",4,4,delivery,Other,Other,-,36600,3660000,0,0,0,0,-,-,0,0,18 min 52 sec
76029654,F-3337030966,3971,gofood,,"""People Pasta""",Greenville,"""3x Tattert Tots, 1x Cacio e Pepe - Vegetarian - Plantbased""","""Side Dish,Signature Pasta""","""1x Fusili""",DELIVERED,117300,11730000,0,0,0,0,4000,400000,52800,5280000,-,97540,9754000,IDR,"August 28, 2026 10:01:46AM","August 28, 2026 10:57:48AM",4,2,delivery,N/A,N/A,-,23760,2376000,29040,2904000,0,0,-,-,0,0,N/A
76029373,0014696440-C8D2T36EJEDFR6,GF-502,GrabFood,,"""American Breakfast Club""",Kemang,"""1x Mushroom Omelette - Mushrooms, Spinach, Side Tater Tots""","""American Breakfast Omelettes""","""1x Chick Nugget""",DELIVERED,103000,10300000,0,0,0,0,0,0,13600,1360000,-,89400,8940000,IDR,"August 28, 2026 10:13:15AM","August 28, 2026 10:46:28AM",1,1,delivery,Other,Other,-,13600,1360000,0,0,0,0,-,-,0,0,N/A
76028006,001651351601-C8D2TYNUREWXFA,GF-063,GrabFood,,"""People Pasta""",Greenville,"""2x Creamy Mushroom - Vegetarian - Plantbased, 2x Hygine Cutleries, 1x Chicken Nugget - Vegan""","""Signature Pasta,Add-on""","""1x Fusili, 1x Fettucine""",DELIVERED,126000,12600000,0,0,0,0,0,0,45578,4557800,-,80422,8042200,IDR,"August 28, 2026 09:53:21AM","August 28, 2026 10:17:05AM",5,4,delivery,Other,Other,-,45578,4557800,0,0,0,0,-,-,0,0,14 min 42 sec
76027899,001049489333-C8D2TYEDFEMTGX,GF-359,GrabFood,,"""American Breakfast Club""",Kemang,"""1x Mushroom Omelette - Mushrooms, Spinach, Side Tater Tots, 1x 2 Pancakes - Blueberries, Butter, Maple Syrup""","""American Breakfast Omelettes,American Breakfast Pancakes""","""N/A""",DELIVERED,126000,12600000,0,0,0,0,0,0,25200,2520000,-,100800,10080000,IDR,"August 28, 2026 09:51:35AM","August 28, 2026 10:55:27AM",2,2,delivery,Other,Other,-,25200,2520000,0,0,0,0,-,-,0,0,N/A
76026826,00131740619-C8D2TTNUL2LDR6,GF-568,GrabFood,,"""American Breakfast Club""",Greenville,"""1x Burrito - Mock Beef, 2 Scrambled Eggs, Cheddar, Avocado, Tater Tots,""","""American Breakfast Burritos""","""N/A""",DELIVERED,68000,6800000,0,0,0,0,0,0,10200,1020000,-,57800,5780000,IDR,"August 28, 2026 09:30:02AM","August 28, 2026 09:53:21AM",1,1,delivery,Other,Other,-,10200,1020000,0,0,0,0,-,-,0,0,9 min 38 sec
76026689,00171480976-C8D2TTAHLT6XJ6,GF-727,GrabFood,,"""American Breakfast Club""",Kemang,"""1x Burrito - Mock Chicken, 2 Scrambled Eggs, Cheddar, Avocado, Tater Tots""","""American Breakfast Burritos""","""N/A""",DELIVERED,68000,6800000,0,0,0,0,0,0,0,0,-,68000,6800000,IDR,"August 28, 2026 09:26:57AM","August 28, 2026 09:50:23AM",1,1,delivery,Other,Other,-,0,0,0,0,0,0,-,-,0,0,N/A
76026106,00123590331-C8D2TNUWCFVDCT,GF-996,GrabFood,,"""American Breakfast Club""",Kemang,"""1x Burrito - 2 Scrambled Eggs, Cheddar, Avocado, Tater Tots""","""American Breakfast Burritos""","""N/A""",DELIVERED,58000,5800000,0,0,0,0,0,0,11600,1160000,-,46400,4640000,IDR,"August 28, 2026 09:14:02AM","August 28, 2026 09:33:07AM",1,1,delivery,Other,Other,-,11600,1160000,0,0,0,0,-,-,0,0,N/A
76025902,F-3336976825,4746,gofood,,"""American Breakfast Club""",Kemang,"""1x Burrito - 2 Scrambled Eggs, Cheddar, Avocado, Tater Tots""","""American Breakfast Burritos""","""N/A""",DELIVERED,43500,4350000,0,0,0,0,4000,400000,0,0,-,47500,4750000,IDR,"August 28, 2026 08:54:07AM","August 28, 2026 09:34:10AM",1,1,delivery,N/A,N/A,-,0,0,0,0,0,0,-,-,0,0,N/A
76025368,0014513382-C8D2TJB2LELFCX,GF-071,GrabFood,,"""American Breakfast Club""",Kemang,"""1x Sandwich - 2 Scrambled Eggs, Mock Chicken, Cheddar Cheese Mix, Brioche Bun, 1x Burrito - 2 Scrambled Eggs, Cheddar, Avocado, Tater Tots""","""American Breakfast Sandwiches,American Breakfast Burritos""","""N/A""",DELIVERED,116000,11600000,0,0,0,0,0,0,23200,2320000,-,92800,9280000,IDR,"August 28, 2026 08:54:09AM","August 28, 2026 09:21:36AM",2,2,delivery,Other,Other,-,23200,2320000,0,0,0,0,-,-,0,0,N/A
76025338,F-3336972782,7283,gofood,,"""American Breakfast Club""",Greenville,"""1x Burrito - 2 Scrambled Eggs, Cheddar, Avocado, Tater Tots, 1x Burrito - Mock Beef, 2 Scrambled Eggs, Cheddar, Avocado, Tater Tots,""","""American Breakfast Burritos""","""N/A""",DELIVERED,97400,9740000,0,0,0,0,4000,400000,39300,3930000,-,88215,8821500,IDR,"August 28, 2026 08:47:25AM","August 28, 2026 09:19:50AM",2,2,delivery,N/A,N/A,-,13185,1318500,26115,2611500,0,0,-,-,0,0,N/A
76025063,0012775457-C8D2TFCCLKBKCJ,GF-906,GrabFood,,"""American Breakfast Club""",Kemang,"""1x Burrito - 2 Scrambled Eggs, Cheddar, Avocado, Tater Tots""","""American Breakfast Burritos""","""N/A""",DELIVERED,58000,5800000,0,0,0,0,0,0,11600,1160000,-,46400,4640000,IDR,"August 28, 2026 08:44:14AM","August 28, 2026 09:20:39AM",1,1,delivery,Other,Other,-,11600,1160000,0,0,0,0,-,-,0,0,N/A
76025014,F-3336969608,5388,gofood,,"""American Breakfast Club""",Kemang,"""1x Burrito - Mock Beef, 2 Scrambled Eggs, Cheddar, Avocado, Tater Tots,""","""American Breakfast Burritos""","""N/A""",DELIVERED,68000,6800000,0,0,0,0,4000,400000,20400,2040000,-,62820,6282000,IDR,"August 28, 2026 08:41:43AM","August 28, 2026 09:23:41AM",1,1,delivery,N/A,N/A,-,9180,918000,11220,1122000,0,0,-,-,0,0,N/A
76024863,F-3336966423,7273,gofood,,"""American Breakfast Club""",Greenville,"""1x Burrito - 2 Scrambled Eggs, Cheddar, Avocado, Tater Tots, 1x Cheese Omelette - Side Tater Tots""","""American Breakfast Burritos,American Breakfast Omelettes""","""N/A""",DELIVERED,92800,9280000,0,0,0,0,4000,400000,10000,1000000,-,96800,9680000,IDR,"August 28, 2026 08:36:03AM","August 28, 2026 09:00:00AM",2,2,delivery,N/A,N/A,-,0,0,10000,1000000,0,0,-,-,0,0,N/A
76024651,001176360628-C8D2TBNVCVCGV6,GF-582,GrabFood,,"""LA Breakfast Club""",Greenville,"""1x Mock Chicken Burrito""","""LA Breakfast Burritos""","""N/A""",DELIVERED,86000,8600000,0,0,0,0,0,0,24500,2450000,-,61500,6150000,IDR,"August 28, 2026 08:30:04AM","August 28, 2026 09:46:26AM",1,1,delivery,Other,Other,-,24500,2450000,0,0,0,0,-,-,0,0,17 min 17 sec
76024373,F-3336957418,3873,gofood,,"""American Breakfast Club""",Kemang,"""1x Mushroom Omelette - Mushrooms, Spinach, Side Tater Tots, 1x Home Fries, 1x Sandwich - 2 Scrambled Eggs melty cheddar cheese on a wavy brioche bun""","""American Breakfast Omelettes,Sides,American Breakfast Sandwiches""","""N/A""",DELIVERED,141000,14100000,0,0,0,0,4000,400000,0,0,-,145000,14500000,IDR,"August 28, 2026 08:19:45AM","August 28, 2026 09:04:30AM",3,3,delivery,N/A,N/A,-,0,0,0,0,0,0,-,-,0,0,N/A
76024071,001688644139-C8D2SE2KJXKELX,GF-303,GrabFood,,"""American Breakfast Club""",Greenville,"""1x Burrito - 2 Scrambled Eggs, Cheddar, Avocado, Tater Tots""","""American Breakfast Burritos""","""1x Tatter Tots""",DELIVERED,88000,8800000,0,0,0,0,0,0,8700,870000,-,79300,7930000,IDR,"August 28, 2026 08:08:39AM","August 28, 2026 08:31:20AM",1,1,delivery,Other,Other,-,8700,870000,0,0,0,0,-,-,0,0,N/A
76024006,0013266215-C8D2SENCMCCKJ2,GF-851,GrabFood,,"""American Breakfast Club""",Kemang,"""1x Burrito - 2 Scrambled Eggs, Cheddar, Avocado, Tater Tots""","""American Breakfast Burritos""","""N/A""",DELIVERED,58000,5800000,0,0,0,0,0,0,11600,1160000,-,46400,4640000,IDR,"August 28, 2026 08:06:39AM","August 28, 2026 08:48:30AM",1,1,delivery,Other,Other,-,11600,1160000,0,0,0,0,-,-,0,0,N/A
76023409,0016573356-C8D2R7NUGNCVLN,GF-172,GrabFood,,"""American Breakfast Club""",Kemang,"""1x Burrito - Mock Katsu, 2 Scrambled Eggs, Cheddar, Avocado, Tater Tots""","""American Breakfast Burritos""","""N/A""",DELIVERED,68000,6800000,0,0,0,0,0,0,0,0,-,68000,6800000,IDR,"August 28, 2026 07:40:13AM","August 28, 2026 08:06:25AM",1,1,delivery,Other,Other,-,0,0,0,0,0,0,-,-,0,0,N/A
76023372,001899131721-C8D2R7EVAKLUVN,GF-379,GrabFood,,"""American Breakfast Club""",Kemang,"""1x Sandwich - 2 Scrambled Eggs melty cheddar cheese on a wavy brioche bun, 1x Cheese Omelette - Side Tater Tots""","""American Breakfast Sandwiches,American Breakfast Omelettes""","""N/A""",DELIVERED,103000,10300000,0,0,0,0,0,0,20600,2060000,-,82400,8240000,IDR,"August 28, 2026 07:38:21AM","August 28, 2026 08:06:34AM",2,2,delivery,Other,Other,-,20600,2060000,0,0,0,0,-,-,0,0,N/A
76022725,F-3336926999,4525,gofood,,"""Tyfel Coffee""",Greenville,"""1x Breakfast Burrito, 1x Philly Cheese Steak""","""Breakfast Burritos,Brunch""","""N/A""",DELIVERED,112000,11200000,0,0,0,0,4000,400000,0,0,-,116000,11600000,IDR,"August 28, 2026 07:05:39AM","August 28, 2026 07:54:51AM",2,2,delivery,N/A,N/A,-,0,0,0,0,0,0,-,-,0,0,N/A
76022670,F-3336926223,5137,gofood,,"""Tyfel Coffee""",Greenville,"""1x Breakfast Burrito, 1x Philly Cheese Steak""","""Breakfast Burritos,Brunch""","""N/A""",CANCELLED,112000,11200000,0,0,0,0,4000,400000,0,0,-,116000,11600000,IDR,"August 28, 2026 07:03:16AM",,2,2,delivery,N/A,N/A,-,0,0,0,0,0,0,N/A,N/A,0,0,N/A
76022405,00102543298-C8D2RT4CTTWZUA,GF-743,GrabFood,,"""American Breakfast Club""",Greenville,"""1x Burrito - 2 Scrambled Eggs, Cheddar, Avocado, Tater Tots""","""American Breakfast Burritos""","""N/A""",DELIVERED,58000,5800000,0,0,0,0,0,0,8700,870000,-,49300,4930000,IDR,"August 28, 2026 06:48:19AM","August 28, 2026 07:06:57AM",1,1,delivery,Other,Other,-,8700,870000,0,0,0,0,-,-,0,0,N/A
76005465,F-3336743388,9371,gofood,,"""Tyfel Coffee""",Greenville,"""1x Mock Chicken Burrito, 1x Mock Beef Sandwich, 1x Tater Tots""","""Breakfast Burritos,Breakfast Sandwiches,Sides""","""N/A""",DELIVERED,137000,13700000,0,0,0,0,4000,400000,61700,6170000,-,113235,11323500,IDR,"August 27, 2026 08:18:14PM","August 27, 2026 08:58:49PM",3,3,delivery,N/A,N/A,-,27765,2776500,33935,3393500,0,0,-,-,0,0,N/A
76000263,001642483589-C8D2GRCCVZCBJT,GF-301,GrabFood,,"""People Pasta""",Greenville,"""1x Cacio e Pepe - Vegetarian - Plantbased, 1x Creamy Mushroom - Vegetarian - Plantbased, 1x Meat-less Burger - Vegan, 1x Truffle Tatter Tots""","""Signature Pasta,Meatless Burgers""","""2x Spaghetti""",DELIVERED,167000,16700000,0,0,0,0,0,0,60400,6040000,-,106600,10660000,IDR,"August 27, 2026 07:30:53PM","August 27, 2026 08:03:15PM",4,4,delivery,Other,Other,-,60400,6040000,0,0,0,0,-,-,0,0,N/A
75991833,00105715127-C8D2FE6YEPJTE2,GF-950,GrabFood,,"""American Breakfast Club""",Greenville,"""1x Burrito - 2 Scrambled Eggs, Cheddar, Avocado, Tater Tots, 1x Burrito - Mock Chicken, 2 Scrambled Eggs, Cheddar, Avocado, Tater Tots, 1x Sandwich - 2 Scrambled Eggs melty cheddar cheese on a wavy brioche bun, 1x Mushroom Omelette - Mushrooms, Spinach, Side Tater Tots""","""American Breakfast Burritos,American Breakfast Sandwiches,American Breakfast Omelettes""","""N/A""",DELIVERED,239000,23900000,0,0,0,0,0,0,35850,3585000,-,203150,20315000,IDR,"August 27, 2026 06:16:47PM","August 27, 2026 07:08:02PM",4,4,delivery,Other,Other,-,35850,3585000,0,0,0,0,-,-,0,0,N/A
75990865,001126159677-C8D2FCDBVNEHDE,GF-576,GrabFood,,"""American Breakfast Club""",Greenville,"""1x Burrito - Mock Chicken, 2 Scrambled Eggs, Cheddar, Avocado, Tater Tots, 1x Burrito - Mock Beef, 2 Scrambled Eggs, Cheddar, Avocado, Tater Tots,""","""American Breakfast Burritos""","""N/A""",DELIVERED,136000,13600000,0,0,0,0,0,0,20400,2040000,-,115600,11560000,IDR,"August 27, 2026 06:07:52PM","August 27, 2026 06:46:04PM",2,2,delivery,Other,Other,-,20400,2040000,0,0,0,0,-,-,0,0,N/A
75977996,F-3336371988,8614,gofood,,"""Herbox""",Greenville,"""3x Nasi Goreng Sedap Malam Vegan Vegetarian""","""Nasi Goreng Special""","""N/A""",DELIVERED,84000,8400000,0,0,0,0,4000,400000,47800,4780000,-,70990,7099000,IDR,"August 27, 2026 03:48:28PM","August 27, 2026 04:10:41PM",3,1,delivery,N/A,N/A,-,17010,1701000,30790,3079000,0,0,-,-,0,0,N/A
75976098,001138892247-C8D2DCL3CRLBBA,GF-082,GrabFood,,"""People Pasta""",Greenville,"""1x Vegan Chicken Crispy Burger, 1x Chicken Nugget - Vegan""","""Meatless Burgers""","""N/A""",DELIVERED,84000,8400000,0,0,0,0,0,0,16800,1680000,-,67200,6720000,IDR,"August 27, 2026 03:22:48PM","August 27, 2026 04:13:34PM",2,2,delivery,Other,Other,-,16800,1680000,0,0,0,0,-,-,0,0,N/A
75971852,00182430785-C8D2CXWCNK5ZJ6,GF-042,GrabFood,,"""Herbox""",Greenville,"""2x Nasi Goreng Sedap Malam Vegan Vegetarian, 2x Nasi Goreng Bintang Kuning Vegan Vegetarian, 1x Tater tots""","""Nasi Goreng Special,Sides""","""4x Ganti Shirataki Rice""",DELIVERED,250000,25000000,0,0,0,0,0,0,28000,2800000,-,222000,22200000,IDR,"August 27, 2026 02:21:14PM","August 27, 2026 03:23:34PM",5,3,delivery,Other,Other,-,28000,2800000,0,0,0,0,-,-,0,0,N/A
75968414,00175312295-C8D2CJ3ATKE2C6,GF-298,GrabFood,,"""People Pasta""",Greenville,"""1x Mushroom Olio - Vegan Friendly - Vegetarian - Plantbased, 1x Home Fries""","""Signature Pasta""","""1x Fusili, 1x Tattert Tots""",DELIVERED,97000,9700000,0,0,0,0,0,0,13600,1360000,-,83400,8340000,IDR,"August 27, 2026 01:32:10PM","August 27, 2026 02:38:21PM",2,2,delivery,Other,Other,-,13600,1360000,0,0,0,0,-,-,0,0,N/A
75965136,F-3336178249,2472,gofood,,"""American Breakfast Club""",Kemang,"""1x Burrito - 2 Scrambled Eggs, Cheddar, Avocado, Tater Tots, 1x Tater Tots""","""American Breakfast Burritos,Sides""","""N/A""",DELIVERED,71500,7150000,0,0,0,0,4000,400000,31500,3150000,-,65825,6582500,IDR,"August 27, 2026 12:46:58PM","August 27, 2026 01:28:38PM",2,2,delivery,N/A,N/A,-,9675,967500,21825,2182500,0,0,-,-,0,0,N/A
75963796,0018309597-C8D2BBWWJ24ZG2,GF-633,GrabFood,,"""American Breakfast Club""",Kemang,"""1x Mushroom Omelette - Mushrooms, Spinach, Side Tater Tots""","""American Breakfast Omelettes""","""N/A""",DELIVERED,68000,6800000,0,0,0,0,0,0,13600,1360000,-,54400,5440000,IDR,"August 27, 2026 12:31:24PM","August 27, 2026 12:57:49PM",1,1,delivery,Other,Other,-,13600,1360000,0,0,0,0,-,-,0,0,N/A
75961969,001937664840-C8D2A7CGN4JEHA,GF-834,GrabFood,,"""American Breakfast Club""",Greenville,"""1x Cheese Omelette - Side Tater Tots, 1x Cutleries""","""American Breakfast Omelettes,Cutleries""","""N/A""",DELIVERED,59000,5900000,0,0,0,0,0,0,11700,1170000,-,47300,4730000,IDR,"August 27, 2026 12:12:11PM","August 27, 2026 12:45:01PM",2,2,delivery,Other,Other,-,11700,1170000,0,0,0,0,-,-,0,0,N/A
75959917,F-3336098552,8448,gofood,,"""American Breakfast Club""",Kemang,"""1x Burrito - Mock Beef, 2 Scrambled Eggs, Cheddar, Avocado, Tater Tots,""","""American Breakfast Burritos""","""N/A""",DELIVERED,68000,6800000,0,0,0,0,4000,400000,30400,3040000,-,62820,6282000,IDR,"August 27, 2026 11:49:07AM","August 27, 2026 12:14:07PM",1,1,delivery,N/A,N/A,-,9180,918000,21220,2122000,0,0,-,-,0,0,N/A
75957919,001080388467-C8D2AVAJVEKYAN,GF-913,GrabFood,,"""Herbox""",Greenville,"""1x Lada Hitam Blackpepper Vegan Vegetarian Ricebox""","""Ricebox""","""N/A""",DELIVERED,39000,3900000,0,0,0,0,0,0,10800,1080000,-,28200,2820000,IDR,"August 27, 2026 11:28:12AM","August 27, 2026 11:46:48AM",1,1,delivery,Other,Other,-,10800,1080000,0,0,0,0,-,-,0,0,N/A
75955877,00142179962-C8D2ANWFEBABRJ,GF-418,GrabFood,,"""Herbox""",Greenville,"""1x Lada Hitam Blackpepper Vegan Vegetarian Ricebox""","""Ricebox""","""N/A""",DELIVERED,39000,3900000,0,0,0,0,0,0,8800,880000,-,30200,3020000,IDR,"August 27, 2026 11:07:32AM","August 27, 2026 11:53:26AM",1,1,delivery,Other,Other,-,8800,880000,0,0,0,0,-,-,0,0,N/A
75955312,001815055789-C8D2ANXHGYKZET,GF-134,GrabFood,,"""American Breakfast Club""",Greenville,"""1x Sandwich - 2 Scrambled Eggs Mock Beef, Cheddar Cheese  on a wavy brioche bun""","""American Breakfast Sandwiches""","""1x Cutleries""",DELIVERED,59500,5950000,0,0,0,0,0,0,8700,870000,-,50800,5080000,IDR,"August 27, 2026 11:01:39AM","August 27, 2026 11:38:59AM",1,1,delivery,Other,Other,-,8700,870000,0,0,0,0,-,-,0,0,N/A
75954896,F-3336020537,8152,gofood,,"""American Breakfast Club""",Kemang,"""1x Burrito - 2 Scrambled Eggs, Cheddar, Avocado, Tater Tots, 1x Burrito - Mock Beef, 2 Scrambled Eggs, Cheddar, Avocado, Tater Tots,""","""American Breakfast Burritos""","""N/A""",DELIVERED,111500,11150000,0,0,0,0,4000,400000,50200,5020000,-,92910,9291000,IDR,"August 27, 2026 10:56:03AM","August 27, 2026 11:34:10AM",2,2,delivery,N/A,N/A,-,22590,2259000,27610,2761000,0,0,-,-,0,0,N/A
75952076,F-3335976612,3628,gofood,,"""Tyfel Coffee""",Greenville,"""1x Blueberry Pancake, 1x Tater Tots, 1x Breakfast Burrito""","""Breakfast Burritos,Breakfast Pancakes,Sides""","""N/A""",DELIVERED,144000,14400000,0,0,0,0,4000,400000,74800,7480000,-,118840,11884000,IDR,"August 27, 2026 10:20:26AM","August 27, 2026 10:50:56AM",3,3,delivery,N/A,N/A,-,29160,2916000,45640,4564000,0,0,-,-,0,0,N/A
75951645,001177794038-C8D2ABLYGXBTBA,GF-775,GrabFood,,"""American Breakfast Club""",Kemang,"""2x Burrito - 2 Scrambled Eggs, Cheddar, Avocado, Tater Tots""","""American Breakfast Burritos""","""N/A""",DELIVERED,116000,11600000,0,0,0,0,0,0,23200,2320000,-,92800,9280000,IDR,"August 27, 2026 10:16:07AM","August 27, 2026 10:40:30AM",2,1,delivery,Other,Other,-,23200,2320000,0,0,0,0,-,-,0,0,N/A
75951626,F-3335970946,9516,gofood,,"""American Breakfast Club""",Kemang,"""1x Burrito - Mock Katsu, 2 Scrambled Eggs, Cheddar, Avocado, Tater Tots""","""American Breakfast Burritos""","""N/A""",DELIVERED,68000,6800000,0,0,0,0,4000,400000,0,0,-,72000,7200000,IDR,"August 27, 2026 10:15:10AM","August 27, 2026 10:41:46AM",1,1,delivery,N/A,N/A,-,0,0,0,0,0,0,-,-,0,0,N/A
75951328,F-3335966254,4483,gofood,,"""American Breakfast Club""",Kemang,"""1x Burrito - 2 Scrambled Eggs, Cheddar, Avocado, Tater Tots""","""American Breakfast Burritos""","""N/A""",DELIVERED,43500,4350000,0,0,0,0,4000,400000,10000,1000000,-,47500,4750000,IDR,"August 27, 2026 10:10:48AM","August 27, 2026 10:34:38AM",1,1,delivery,N/A,N/A,-,0,0,10000,1000000,0,0,-,-,0,0,N/A
75950468,001235005379-C8D1WFLGJA6XLJ,GF-386,GrabFood,,"""American Breakfast Club""",Greenville,"""1x Mushroom Omelette - Mushrooms, Spinach, Side Tater Tots, 1x Cheese Omelette - Side Tater Tots""","""American Breakfast Omelettes""","""2x Tatter Tots""",DELIVERED,186000,18600000,0,0,0,0,0,0,21900,2190000,-,164100,16410000,IDR,"August 27, 2026 09:59:16AM","August 27, 2026 10:33:07AM",2,2,delivery,Other,Other,-,21900,2190000,0,0,0,0,-,-,0,0,N/A
75949609,001010295897-C8D1WBNCCT4CMA,GF-992,GrabFood,,"""American Breakfast Club""",Greenville,"""1x 2 Pancakes - Butter, Maple Syrup""","""American Breakfast Pancakes""","""1x Cutleries""",DELIVERED,49500,4950000,0,0,0,0,0,0,7200,720000,-,42300,4230000,IDR,"August 27, 2026 09:43:12AM","August 27, 2026 09:57:46AM",1,1,delivery,Other,Other,-,7200,720000,0,0,0,0,-,-,0,0,N/A
75949493,0011720897-C8D1WBAZMGM2A2,GF-478,GrabFood,,"""American Breakfast Club""",Greenville,"""1x Burrito - Mock Fish, 2 Scrambled Eggs, Cheddar, Avocado, Tater Tots,""","""American Breakfast Burritos""","""1x Truffle Tater Tots""",DELIVERED,108000,10800000,0,0,0,0,0,0,10200,1020000,-,97800,9780000,IDR,"August 27, 2026 09:40:34AM","August 27, 2026 10:09:30AM",1,1,delivery,Other,Other,-,10200,1020000,0,0,0,0,-,-,0,0,N/A
75948887,0018074045-C8D1V7W2V8LVG6,GF-224,GrabFood,,"""American Breakfast Club""",Greenville,"""1x Burrito - 2 Scrambled Eggs, Cheddar, Avocado, Tater Tots""","""American Breakfast Burritos""","""1x Cutleries""",DELIVERED,59500,5950000,0,0,0,0,0,0,11700,1170000,-,47800,4780000,IDR,"August 27, 2026 09:28:10AM","August 27, 2026 10:07:00AM",1,1,delivery,Other,Other,-,11700,1170000,0,0,0,0,-,-,0,0,N/A
75948876,00132324807-C8D1V7WBL2DHT2,GF-940,GrabFood,,"""Herbox""",Greenville,"""1x Lada Hitam Blackpepper Vegan Vegetarian Ricebox, 1x Kung Paow Chick Vegan Vegetarian Ricebox, 1x Nasi Goreng Bintang Kuning Vegan Vegetarian""","""Ricebox,Nasi Goreng Special""","""3x Ganti Shirataki Rice""",DELIVERED,173000,17300000,0,0,0,0,0,0,25600,2560000,-,147400,14740000,IDR,"August 27, 2026 09:27:52AM","August 27, 2026 10:08:36AM",3,3,delivery,Other,Other,-,25600,2560000,0,0,0,0,-,-,0,0,N/A
75948608,F-3335923848,5418,gofood,,"""American Breakfast Club""",Kemang,"""1x Burrito - 2 Scrambled Eggs, Cheddar, Avocado, Tater Tots""","""American Breakfast Burritos""","""N/A""",DELIVERED,43500,4350000,0,0,0,0,4000,400000,10000,1000000,-,47500,4750000,IDR,"August 27, 2026 09:21:25AM","August 27, 2026 09:36:38AM",1,1,delivery,N/A,N/A,-,0,0,10000,1000000,0,0,-,-,0,0,N/A
75948449,00180547414-C8D1V6KUDFKKJ6,GF-791,GrabFood,,"""American Breakfast Club""",Kemang,"""1x Sandwich - 2 Scrambled Eggs Mock Beef, Cheddar Cheese  on a wavy brioche bun""","""American Breakfast Sandwiches""","""N/A""",DELIVERED,58000,5800000,0,0,0,0,0,0,11600,1160000,-,46400,4640000,IDR,"August 27, 2026 09:19:02AM","August 27, 2026 09:37:09AM",1,1,delivery,Other,Other,-,11600,1160000,0,0,0,0,-,-,0,0,N/A
75947929,001737218639-C8D1V3DBRCAAVE,GF-672,GrabFood,,"""American Breakfast Club""",Kemang,"""1x Burrito - Mock Beef, 2 Scrambled Eggs, Cheddar, Avocado, Tater Tots,""","""American Breakfast Burritos""","""N/A""",DELIVERED,68000,6800000,0,0,0,0,0,0,0,0,-,68000,6800000,IDR,"August 27, 2026 09:07:51AM","August 27, 2026 09:41:18AM",1,1,delivery,Other,Other,-,0,0,0,0,0,0,-,-,0,0,N/A
75947485,F-3335905590,2962,gofood,,"""American Breakfast Club""",Kemang,"""2x 2 Pancakes - Butter, Maple Syrup""","""American Breakfast Pancakes""","""N/A""",DELIVERED,96000,9600000,0,0,0,0,4000,400000,43200,4320000,-,80560,8056000,IDR,"August 27, 2026 08:55:08AM","August 27, 2026 09:38:59AM",2,1,delivery,N/A,N/A,-,19440,1944000,23760,2376000,0,0,-,-,0,0,N/A
75947368,F-3335896679,2363,gofood,,"""American Breakfast Club""",Greenville,"""1x Burrito - Mock Chicken, 2 Scrambled Eggs, Cheddar, Avocado, Tater Tots""","""American Breakfast Burritos""","""N/A""",DELIVERED,51000,5100000,0,0,0,0,4000,400000,0,0,-,55000,5500000,IDR,"August 27, 2026 08:39:28AM","August 27, 2026 09:28:31AM",1,1,delivery,N/A,N/A,-,0,0,0,0,0,0,-,-,0,0,N/A
75947055,F-3335897484,2424,gofood,,"""Tyfel Coffee""",Kemang,"""1x Mushroom Omelette-mushrooms,Spinach,Side Of Tater Tots, 1x Original Pancake""","""Breakfast Omlettes,Breakfast Pancakes""","""N/A""",DELIVERED,116000,11600000,0,0,0,0,4000,400000,52200,5220000,-,96510,9651000,IDR,"August 27, 2026 08:40:53AM","August 27, 2026 09:03:07AM",2,2,delivery,N/A,N/A,-,23490,2349000,28710,2871000,0,0,-,-,0,0,N/A
75947047,F-3335897954,3856,gofood,,"""American Breakfast Club""",Kemang,"""1x Cheese Omelette - Side Tater Tots, 1x Home Fries""","""American Breakfast Omelettes,Sides""","""N/A""",DELIVERED,86000,8600000,0,0,0,0,4000,400000,10000,1000000,-,90000,9000000,IDR,"August 27, 2026 08:41:43AM","August 27, 2026 09:08:22AM",2,2,delivery,N/A,N/A,-,0,0,10000,1000000,0,0,-,-,0,0,N/A
75946751,F-3335890220,6168,gofood,,"""Tyfel Coffee""",Kemang,"""1x Breakfast Burrito""","""Breakfast Burritos""","""N/A""",DELIVERED,58000,5800000,0,0,0,0,4000,400000,0,0,-,62000,6200000,IDR,"August 27, 2026 08:27:39AM","August 27, 2026 09:10:15AM",1,1,delivery,N/A,N/A,-,0,0,0,0,0,0,-,-,0,0,N/A
75946497,F-3335887343,3972,gofood,,"""American Breakfast Club""",Greenville,"""1x Burrito - 2 Scrambled Eggs, Cheddar, Avocado, Tater Tots""","""American Breakfast Burritos""","""N/A""",DELIVERED,46400,4640000,0,0,0,0,4000,400000,10000,1000000,-,50400,5040000,IDR,"August 27, 2026 08:22:08AM","August 27, 2026 08:39:07AM",1,1,delivery,N/A,N/A,-,0,0,10000,1000000,0,0,-,-,0,0,N/A
75946203,F-3335879842,9832,gofood,,"""American Breakfast Club""",Kemang,"""1x Cheese Omelette - Side Tater Tots, 1x Sandwich - 2 Scrambled Eggs melty cheddar cheese on a wavy brioche bun""","""American Breakfast Omelettes,American Breakfast Sandwiches""","""N/A""",DELIVERED,103000,10300000,0,0,0,0,4000,400000,10000,1000000,-,107000,10700000,IDR,"August 27, 2026 08:07:38AM","August 27, 2026 08:47:54AM",2,2,delivery,N/A,N/A,-,0,0,10000,1000000,0,0,-,-,0,0,N/A
75945887,001932621569-C8D1VJUUEVA3L2,GF-971,GrabFood,,"""Herbox""",Greenville,"""1x Kung Paow Chick Vegan Vegetarian Ricebox, 1x Vegan Chickin Nugget, 1x Teriyaki Vegan Vegetarian Ricebox, 1x Salted no Egg Vegan Vegetarian Ricebox""","""Ricebox,Sides""","""N/A""",DELIVERED,157000,15700000,0,0,0,0,0,0,23400,2340000,-,133600,13360000,IDR,"August 27, 2026 07:57:21AM","August 27, 2026 09:04:06AM",4,4,delivery,Other,Other,-,23400,2340000,0,0,0,0,-,-,0,0,13 min 11 sec
75945750,F-3335872557,7183,gofood,,"""American Breakfast Club""",Kemang,"""1x Burrito - 2 Scrambled Eggs, Cheddar, Avocado, Tater Tots, 1x Sandwich - 2 Scrambled Eggs melty cheddar cheese on a wavy brioche bun""","""American Breakfast Burritos,American Breakfast Sandwiches""","""N/A""",DELIVERED,88500,8850000,0,0,0,0,4000,400000,0,0,-,92500,9250000,IDR,"August 27, 2026 07:50:38AM","August 27, 2026 08:18:33AM",2,2,delivery,N/A,N/A,-,0,0,0,0,0,0,-,-,0,0,N/A
75945280,00198787113-C8D1VA4XTNACV2,GF-514,GrabFood,,"""American Breakfast Club""",Greenville,"""1x 2 Pancakes - Butter, Maple Syrup, 1x 2 Pancakes - Chocolate Chips, Butter, Maple Syrup, 1x Tater Tots With Truffle Oil""","""Sides,American Breakfast Pancakes""","""N/A""",DELIVERED,154000,15400000,0,0,0,0,0,0,26100,2610000,-,127900,12790000,IDR,"August 27, 2026 07:26:08AM","August 27, 2026 08:03:47AM",3,3,delivery,Other,Other,-,26100,2610000,0,0,0,0,-,-,0,0,N/A
75945094,00144597896-C8D1UGAJRACTTN,GF-895,GrabFood,,"""American Breakfast Club""",Greenville,"""1x Burrito - Mock Beef, 2 Scrambled Eggs, Cheddar, Avocado, Tater Tots,""","""American Breakfast Burritos""","""N/A""",DELIVERED,68000,6800000,0,0,0,0,0,0,10200,1020000,-,57800,5780000,IDR,"August 27, 2026 07:16:58AM","August 27, 2026 07:48:36AM",1,1,delivery,Other,Other,-,10200,1020000,0,0,0,0,-,-,0,0,N/A
75915550,001007335098-C8D1JN42JBCVGX,GF-901,GrabFood,,"""Herbox""",Greenville,"""1x Kung Paow Chick Vegan Vegetarian Ricebox""","""Ricebox""","""1x Mineral Water (ph9+), 1x Sendok, Garpu, Tissue, Tusuk Gigi""",DELIVERED,60500,6050000,0,0,0,0,0,0,10800,1080000,-,49700,4970000,IDR,"August 26, 2026 06:22:48PM","August 26, 2026 06:49:27PM",1,1,delivery,Other,Other,-,10800,1080000,0,0,0,0,-,-,0,0,6 min 26 sec
75913757,00167117066-C8D1JJ2YHFJJJA,GF-694,GrabFood,,"""American Breakfast Club""",Greenville,"""1x Burrito - Mock Beef, 2 Scrambled Eggs, Cheddar, Avocado, Tater Tots,""","""American Breakfast Burritos""","""N/A""",DELIVERED,68000,6800000,0,0,0,0,0,0,13200,1320000,-,54800,5480000,IDR,"August 26, 2026 06:05:25PM","August 26, 2026 06:40:19PM",1,1,delivery,Other,Other,-,13200,1320000,0,0,0,0,-,-,0,0,N/A
75912288,F-3335454253,2995,gofood,,"""American Breakfast Club""",Greenville,"""1x Home Fries With Truffle Oil, 1x Burrito - Mock Beef, 2 Scrambled Eggs, Cheddar, Avocado, Tater Tots,""","""Sides,American Breakfast Burritos""","""N/A""",DELIVERED,81400,8140000,0,0,0,0,4000,400000,0,0,-,85400,8540000,IDR,"August 26, 2026 05:50:20PM","August 26, 2026 06:23:02PM",2,2,delivery,N/A,N/A,-,0,0,0,0,0,0,-,-,0,0,N/A
75904886,F-3335356751,1429,gofood,,"""American Breakfast Club""",Greenville,"""1x Burrito - 2 Scrambled Eggs, Cheddar, Avocado, Tater Tots""","""American Breakfast Burritos""","""N/A""",DELIVERED,46400,4640000,0,0,0,0,4000,400000,0,0,-,50400,5040000,IDR,"August 26, 2026 04:26:46PM","August 26, 2026 04:51:20PM",1,1,delivery,N/A,N/A,-,0,0,0,0,0,0,-,-,0,0,N/A
75893509,001029539426-C8D1E25VNXAVRN,GF-842,GrabFood,,"""American Breakfast Club""",Greenville,"""1x Burrito - Mock Chicken, 2 Scrambled Eggs, Cheddar, Avocado, Tater Tots""","""American Breakfast Burritos""","""N/A""",DELIVERED,68000,6800000,0,0,0,0,0,0,13200,1320000,-,54800,5480000,IDR,"August 26, 2026 01:39:42PM","August 26, 2026 02:01:30PM",1,1,delivery,Other,Other,-,13200,1320000,0,0,0,0,-,-,0,0,N/A
75891168,0018326742-C8D1ETTWABC2KA,GF-152,GrabFood,,"""American Breakfast Club""",Greenville,"""1x Burrito - Mock Beef, 2 Scrambled Eggs, Cheddar, Avocado, Tater Tots,""","""American Breakfast Burritos""","""N/A""",DELIVERED,68000,6800000,0,0,0,0,0,0,10200,1020000,-,57800,5780000,IDR,"August 26, 2026 01:05:08PM","August 26, 2026 01:36:50PM",1,1,delivery,Other,Other,-,10200,1020000,0,0,0,0,-,-,0,0,N/A
75883364,001411642674-C8D1DBVBCUCCC6,GF-500,GrabFood,,"""American Breakfast Club""",Greenville,"""1x Burrito - 2 Scrambled Eggs, Cheddar, Avocado, Tater Tots""","""American Breakfast Burritos""","""N/A""",DELIVERED,58000,5800000,0,0,0,0,0,0,11700,1170000,-,46300,4630000,IDR,"August 26, 2026 11:30:52AM","August 26, 2026 12:07:29PM",1,1,delivery,Other,Other,-,11700,1170000,0,0,0,0,-,-,0,0,10 min 24 sec
75882196,F-3335015693,8868,gofood,,"""American Breakfast Club""",Kemang,"""1x Burrito - Mock Katsu, 2 Scrambled Eggs, Cheddar, Avocado, Tater Tots""","""American Breakfast Burritos""","""1x Chick Nugget""",DELIVERED,103000,10300000,0,0,0,0,4000,400000,46400,4640000,-,86120,8612000,IDR,"August 26, 2026 11:17:34AM","August 26, 2026 11:35:37AM",1,1,delivery,N/A,N/A,-,20880,2088000,25520,2552000,0,0,-,-,0,0,N/A
75878435,001519004077-C8D1CXMJNGBDG2,GF-736,GrabFood,,"""American Breakfast Club""",Greenville,"""2x Burrito - Mock Chicken, 2 Scrambled Eggs, Cheddar, Avocado, Tater Tots""","""American Breakfast Burritos""","""N/A""",DELIVERED,136000,13600000,0,0,0,0,0,0,20400,2040000,-,115600,11560000,IDR,"August 26, 2026 10:32:58AM","August 26, 2026 10:55:33AM",2,1,delivery,Other,Other,-,20400,2040000,0,0,0,0,-,-,0,0,10 min 27 sec
75877139,F-3334936031,6794,gofood,,"""American Breakfast Club""",Kemang,"""1x Burrito - Mock Beef, 2 Scrambled Eggs, Cheddar, Avocado, Tater Tots,""","""American Breakfast Burritos""","""N/A""",DELIVERED,68000,6800000,0,0,0,0,4000,400000,0,0,-,72000,7200000,IDR,"August 26, 2026 10:11:43AM","August 26, 2026 10:30:48AM",1,1,delivery,N/A,N/A,-,0,0,0,0,0,0,-,-,0,0,N/A
75876400,F-3334926336,4266,gofood,,"""American Breakfast Club""",Kemang,"""1x Burrito - Mock Beef, 2 Scrambled Eggs, Cheddar, Avocado, Tater Tots,, 1x Tater Tots""","""American Breakfast Burritos,Sides""","""N/A""",DELIVERED,96000,9600000,0,0,0,0,4000,400000,43200,4320000,-,80560,8056000,IDR,"August 26, 2026 10:02:02AM","August 26, 2026 10:45:14AM",2,2,delivery,N/A,N/A,-,19440,1944000,23760,2376000,0,0,-,-,0,0,N/A
75875511,00169459365-C8D1CJ3DRNBDGJ,GF-812,GrabFood,,"""American Breakfast Club""",Kemang,"""1x Burrito - Mock Fish, 2 Scrambled Eggs, Cheddar, Avocado, Tater Tots,""","""American Breakfast Burritos""","""N/A""",DELIVERED,68000,6800000,0,0,0,0,0,0,13600,1360000,-,54400,5440000,IDR,"August 26, 2026 09:45:35AM","August 26, 2026 10:36:29AM",1,1,delivery,Other,Other,-,13600,1360000,0,0,0,0,-,-,0,0,N/A
75875320,F-3334909760,7374,gofood,,"""American Breakfast Club""",Kemang,"""1x Burrito - Mock Fish, 2 Scrambled Eggs, Cheddar, Avocado, Tater Tots,""","""American Breakfast Burritos""","""1x Cutleries""",DELIVERED,68600,6860000,0,0,0,0,4000,400000,30600,3060000,-,63330,6333000,IDR,"August 26, 2026 09:40:58AM","August 26, 2026 09:54:37AM",1,1,delivery,N/A,N/A,-,9270,927000,21330,2133000,0,0,-,-,0,0,N/A
75874397,F-3334894939,2596,gofood,,"""American Breakfast Club""",Kemang,"""1x Sandwich - 2 Scrambled Eggs melty cheddar cheese on a wavy brioche bun, 1x 2 Pancakes - Chocolate Chips, Butter, Maple Syrup, 1x Mushroom Omelette - Mushrooms, Spinach, Side Tater Tots""","""American Breakfast Omelettes,American Breakfast Sandwiches,American Breakfast Pancakes""","""1x Tatter Tots""",DELIVERED,201000,20100000,0,0,0,0,4000,400000,86000,8600000,-,166300,16630000,IDR,"August 26, 2026 09:20:48AM","August 26, 2026 09:58:00AM",3,3,delivery,N/A,N/A,-,38700,3870000,47300,4730000,0,0,-,-,0,0,N/A
75873746,0012733064-C8D1BGCZGUVULN,GF-701,GrabFood,,"""American Breakfast Club""",Greenville,"""1x Burrito - 2 Scrambled Eggs, Cheddar, Avocado, Tater Tots""","""American Breakfast Burritos""","""N/A""",DELIVERED,58000,5800000,0,0,0,0,0,0,8700,870000,-,49300,4930000,IDR,"August 26, 2026 09:04:26AM","August 26, 2026 09:30:09AM",1,1,delivery,Other,Other,-,8700,870000,0,0,0,0,-,-,0,0,N/A
75873706,00103259172-C8D1BF5TTTMYPE,GF-097,GrabFood,,"""American Breakfast Club""",Kemang,"""1x Sandwich - 2 Scrambled Eggs melty cheddar cheese on a wavy brioche bun, 1x 2 Pancakes - Chocolate Chips, Butter, Maple Syrup""","""American Breakfast Sandwiches,American Breakfast Pancakes""","""N/A""",DELIVERED,103000,10300000,0,0,0,0,0,0,20600,2060000,-,82400,8240000,IDR,"August 26, 2026 09:03:00AM","August 26, 2026 09:52:54AM",2,2,delivery,Other,Other,-,20600,2060000,0,0,0,0,-,-,0,0,N/A
75873504,F-3334878826,3913,gofood,,"""American Breakfast Club""",Kemang,"""1x Egg burger - 2 Scrambled Eggs, Cheddar Cheese, Secret Sauce, 1x Burrito - Mock Beef, 2 Scrambled Eggs, Cheddar, Avocado, Tater Tots,, 1x Home Fries With Truffle Oil""","""American Breakfast Burger,American Breakfast Burritos,Sides""","""1x Home Fries""",DELIVERED,169800,16980000,0,0,0,0,4000,400000,0,0,-,173800,17380000,IDR,"August 26, 2026 08:57:01AM","August 26, 2026 09:53:23AM",3,3,delivery,N/A,N/A,-,0,0,0,0,0,0,-,-,0,0,N/A
75873398,F-3334876900,1445,gofood,,"""American Breakfast Club""",Kemang,"""1x Burrito - 2 Scrambled Eggs, Cheddar, Avocado, Tater Tots""","""American Breakfast Burritos""","""N/A""",DELIVERED,43500,4350000,0,0,0,0,4000,400000,0,0,-,47500,4750000,IDR,"August 26, 2026 08:53:23AM","August 26, 2026 09:13:07AM",1,1,delivery,N/A,N/A,-,0,0,0,0,0,0,-,-,0,0,N/A
75873264,F-3334874303,8436,gofood,,"""American Breakfast Club""",Kemang,"""1x Burrito - 2 Scrambled Eggs, Cheddar, Avocado, Tater Tots""","""American Breakfast Burritos""","""N/A""",DELIVERED,43500,4350000,0,0,0,0,4000,400000,0,0,-,47500,4750000,IDR,"August 26, 2026 08:48:35AM","August 26, 2026 09:09:10AM",1,1,delivery,N/A,N/A,-,0,0,0,0,0,0,-,-,0,0,N/A
75872718,00108855556-C8D1A752G73XBA,GF-759,GrabFood,,"""American Breakfast Club""",Kemang,"""1x Burrito - 2 Scrambled Eggs, Cheddar, Avocado, Tater Tots""","""American Breakfast Burritos""","""N/A""",DELIVERED,58000,5800000,0,0,0,0,0,0,11600,1160000,-,46400,4640000,IDR,"August 26, 2026 08:29:49AM","August 26, 2026 09:00:02AM",1,1,delivery,Other,Other,-,11600,1160000,0,0,0,0,-,-,0,0,N/A
75872560,001847395990-C8D1A64TAVA3CN,GF-805,GrabFood,,"""American Breakfast Club""",Greenville,"""1x Burrito - Mock Fish, 2 Scrambled Eggs, Cheddar, Avocado, Tater Tots,""","""American Breakfast Burritos""","""N/A""",DELIVERED,68000,6800000,0,0,0,0,0,0,10200,1020000,-,57800,5780000,IDR,"August 26, 2026 08:22:42AM","August 26, 2026 08:55:44AM",1,1,delivery,Other,Other,-,10200,1020000,0,0,0,0,-,-,0,0,N/A
75872487,F-3334859232,2764,gofood,,"""American Breakfast Club""",Kemang,"""1x Burrito - Mock Katsu, 2 Scrambled Eggs, Cheddar, Avocado, Tater Tots, 1x 2 Pancakes - Chocolate Chips, Butter, Maple Syrup, 1x Home Fries With Truffle Oil""","""American Breakfast Burritos,American Breakfast Pancakes,Sides""","""1x Cutleries""",DELIVERED,164600,16460000,0,0,0,0,4000,400000,84100,8410000,-,135255,13525500,IDR,"August 26, 2026 08:19:11AM","August 26, 2026 08:50:26AM",3,3,delivery,N/A,N/A,-,33345,3334500,50755,5075500,0,0,-,-,0,0,N/A
75872178,F-3334853087,9944,gofood,,"""American Breakfast Club""",Kemang,"""1x Burrito - 2 Scrambled Eggs, Cheddar, Avocado, Tater Tots""","""American Breakfast Burritos""","""N/A""",DELIVERED,43500,4350000,0,0,0,0,4000,400000,0,0,-,47500,4750000,IDR,"August 26, 2026 08:05:51AM","August 26, 2026 08:30:21AM",1,1,delivery,N/A,N/A,-,0,0,0,0,0,0,-,-,0,0,N/A
75871979,00167219762-C8D1AZB2BA3WL6,GF-879,GrabFood,,"""American Breakfast Club""",Greenville,"""1x 2 Pancakes - Chocolate Chips, Butter, Maple Syrup, 1x Cutleries""","""American Breakfast Pancakes,Cutleries""","""N/A""",DELIVERED,59000,5900000,0,0,0,0,0,0,8700,870000,-,50300,5030000,IDR,"August 26, 2026 07:57:28AM","August 26, 2026 08:17:58AM",2,2,delivery,Other,Other,-,8700,870000,0,0,0,0,-,-,0,0,10 min 47 sec
75871729,F-3334844900,8697,gofood,,"""American Breakfast Club""",Kemang,"""1x Katsu Egg burger - Patties, 2 Scrambled Eggs, Cheddar Cheese, Secret Sauce, 1x Mushroom Omelette - Mushrooms, Spinach, Side Tater Tots""","""American Breakfast Burger,American Breakfast Omelettes""","""1x Truffle Home Fries, 1x Tatter Tots""",DELIVERED,196000,19600000,0,0,0,0,4000,400000,0,0,-,200000,20000000,IDR,"August 26, 2026 07:44:35AM","August 26, 2026 08:14:58AM",2,2,delivery,N/A,N/A,-,0,0,0,0,0,0,-,-,0,0,N/A
75871258,F-3334836212,6923,gofood,,"""American Breakfast Club""",Greenville,"""1x Cheese Omelette - Side Tater Tots, 1x Burrito - 2 Scrambled Eggs, Cheddar, Avocado, Tater Tots""","""American Breakfast Omelettes,American Breakfast Burritos""","""N/A""",DELIVERED,92800,9280000,0,0,0,0,4000,400000,0,0,-,96800,9680000,IDR,"August 26, 2026 07:18:04AM","August 26, 2026 07:57:53AM",2,2,delivery,N/A,N/A,-,0,0,0,0,0,0,-,-,0,0,N/A
75871047,F-3334832492,1368,gofood,,"""American Breakfast Club""",Kemang,"""1x Burrito - 2 Scrambled Eggs, Cheddar, Avocado, Tater Tots""","""American Breakfast Burritos""","""N/A""",DELIVERED,43500,4350000,0,0,0,0,4000,400000,0,0,-,47500,4750000,IDR,"August 26, 2026 07:06:19AM","August 26, 2026 07:46:33AM",1,1,delivery,N/A,N/A,-,0,0,0,0,0,0,-,-,0,0,N/A
75870650,0012964117-C8D1ACJAVE3YR2,GF-919,GrabFood,,"""American Breakfast Club""",Greenville,"""1x Burrito - Mock Chicken, 2 Scrambled Eggs, Cheddar, Avocado, Tater Tots, 1x Cheese Omelette - Side Tater Tots""","""American Breakfast Burritos,American Breakfast Omelettes""","""N/A""",DELIVERED,126000,12600000,0,0,0,0,0,0,18900,1890000,-,107100,10710000,IDR,"August 26, 2026 06:37:16AM","August 26, 2026 07:20:30AM",2,2,delivery,Other,Other,-,18900,1890000,0,0,0,0,-,-,0,0,20 min 5 sec
75861764,001776577968-C8DZRAK1N3XHDE,GF-666F,GrabFood,,"""American Breakfast Club""",Kemang,"""1x Mushroom Omelette - Mushrooms, Spinach, Side Tater Tots""","""American Breakfast Omelettes""","""1x Cutleries""",DELIVERED,68600,6860000,0,0,0,0,0,0,13600,1360000,-,55000,5500000,IDR,"August 26, 2026 07:00:04AM","August 26, 2026 07:51:35AM",1,1,delivery,Other,Other,-,13600,1360000,0,0,0,0,-,-,0,0,N/A
75843986,F-3334486737,3322,gofood,,"""American Breakfast Club""",Greenville,"""1x Burrito - Mock Chicken, 2 Scrambled Eggs, Cheddar, Avocado, Tater Tots, 1x Home Fries With Truffle Oil""","""American Breakfast Burritos,Sides""","""N/A""",DELIVERED,81400,8140000,0,0,0,0,4000,400000,0,0,-,85400,8540000,IDR,"August 25, 2026 06:28:04PM","August 25, 2026 07:12:44PM",2,2,delivery,N/A,N/A,-,0,0,0,0,0,0,-,-,0,0,N/A
75842262,00153216165-C8DZL64THGCUJN,GF-338,GrabFood,,"""American Breakfast Club""",Greenville,"""1x Burrito - Mock Chicken, 2 Scrambled Eggs, Cheddar, Avocado, Tater Tots""","""American Breakfast Burritos""","""N/A""",DELIVERED,68000,6800000,0,0,0,0,0,0,10200,1020000,-,57800,5780000,IDR,"August 25, 2026 06:29:21PM","August 25, 2026 07:35:44PM",1,1,delivery,Other,Other,-,10200,1020000,0,0,0,0,-,-,0,0,N/A
75842068,F-3334485695,6358,gofood,,"""American Breakfast Club""",Greenville,"""1x Burrito - Mock Chicken, 2 Scrambled Eggs, Cheddar, Avocado, Tater Tots""","""American Breakfast Burritos""","""N/A""",CANCELLED,51000,5100000,0,0,0,0,4000,400000,0,0,-,55000,5500000,IDR,"August 25, 2026 06:27:26PM",,1,1,delivery,N/A,N/A,-,0,0,0,0,0,0,N/A,N/A,0,0,N/A
75836466,001668066050-C8DZLTLGCU32FE,GF-627,GrabFood,,"""Herbox""",Greenville,"""1x Kung Paow Chick Vegan Vegetarian Ricebox, 1x Lada Hitam Blackpepper Vegan Vegetarian Ricebox""","""Ricebox""","""1x Tattertots with Truffle, 1x Vegan Chicken Nugget""",DELIVERED,148000,14800000,0,0,0,0,0,0,15600,1560000,-,132400,13240000,IDR,"August 25, 2026 05:35:58PM","August 25, 2026 05:57:53PM",2,2,delivery,Other,Other,-,15600,1560000,0,0,0,0,-,-,0,0,N/A
75832317,001191482906-C8DZLF6FLP2DG6,GF-788,GrabFood,,"""Herbox""",Greenville,"""1x Rica Wrap, 1x Nasi Goreng Sedap Malam Vegan Vegetarian, 1x Nasi Goreng Bintang Kuning Vegan Vegetarian""","""Nasi Goreng Special,Wrap Series""","""N/A""",DELIVERED,129000,12900000,0,0,0,0,0,0,25800,2580000,-,103200,10320000,IDR,"August 25, 2026 04:56:37PM","August 25, 2026 05:48:48PM",3,3,delivery,Other,Other,-,25800,2580000,0,0,0,0,-,-,0,0,N/A
75827889,00156078954-C8DZJ623T7DXAX,GF-800,GrabFood,,"""People Pasta""",Greenville,"""1x Creamy Mushroom - Vegetarian - Plantbased, 1x Cacio e Pepe - Vegetarian - Plantbased, 1x Truffle Tatter Tots""","""Signature Pasta""","""1x Spaghetti, 1x Fusili""",DELIVERED,119000,11900000,0,0,0,0,0,0,43634,4363400,-,75366,7536600,IDR,"August 25, 2026 04:08:39PM","August 25, 2026 05:04:25PM",3,3,delivery,Other,Other,-,43634,4363400,0,0,0,0,-,-,0,0,N/A
75827057,001138269745-C8DZKA5HCPD3G2,GF-864,GrabFood,,"""American Breakfast Club""",Kemang,"""1x Tater Tots, 1x Home Fries""","""Sides""","""N/A""",DELIVERED,76000,7600000,0,0,0,0,0,0,0,0,-,76000,7600000,IDR,"August 25, 2026 03:59:39PM","August 25, 2026 04:32:21PM",2,2,delivery,Other,Other,-,0,0,0,0,0,0,-,-,0,0,N/A
75823989,0011902624-C8DZJ2MDTFEJL2,GF-427,GrabFood,,"""American Breakfast Club""",Kemang,"""2x 2 Pancakes - Butter, Maple Syrup""","""American Breakfast Pancakes""","""N/A""",DELIVERED,96000,9600000,0,0,0,0,0,0,19200,1920000,-,76800,7680000,IDR,"August 25, 2026 03:22:53PM","August 25, 2026 03:52:42PM",2,1,delivery,Other,Other,-,19200,1920000,0,0,0,0,-,-,0,0,N/A
75822477,00133761862-C8DZJXCVUETJEN,GF-332,GrabFood,,"""American Breakfast Club""",Kemang,"""1x 2 Pancakes - Butter, Maple Syrup, 1x Home Fries""","""American Breakfast Pancakes,Sides""","""N/A""",DELIVERED,86000,8600000,0,0,0,0,0,0,9600,960000,-,76400,7640000,IDR,"August 25, 2026 03:04:25PM","August 25, 2026 03:40:39PM",2,2,delivery,Other,Other,-,9600,960000,0,0,0,0,-,-,0,0,N/A
75820016,F-3334195781,7735,gofood,,"""American Breakfast Club""",Kemang,"""1x Burrito - Mock Katsu, 2 Scrambled Eggs, Cheddar, Avocado, Tater Tots""","""American Breakfast Burritos""","""N/A""",DELIVERED,68000,6800000,0,0,0,0,4000,400000,30400,3040000,-,62820,6282000,IDR,"August 25, 2026 02:33:14PM","August 25, 2026 03:03:41PM",1,1,delivery,N/A,N/A,-,9180,918000,21220,2122000,0,0,-,-,0,0,N/A
75819918,00103203482-C8DZJNTXABWDV2,GF-370,GrabFood,,"""American Breakfast Club""",Greenville,"""1x Burrito - 2 Scrambled Eggs, Cheddar, Avocado, Tater Tots""","""American Breakfast Burritos""","""N/A""",DELIVERED,58000,5800000,0,0,0,0,0,0,11700,1170000,-,46300,4630000,IDR,"August 25, 2026 02:33:43PM","August 25, 2026 03:12:16PM",1,1,delivery,Other,Other,-,11700,1170000,0,0,0,0,-,-,0,0,N/A
75819050,F-3334182506,8158,gofood,,"""American Breakfast Club""",Kemang,"""1x Burrito - Mock Katsu, 2 Scrambled Eggs, Cheddar, Avocado, Tater Tots""","""American Breakfast Burritos""","""N/A""",DELIVERED,68000,6800000,0,0,0,0,4000,400000,30400,3040000,-,62820,6282000,IDR,"August 25, 2026 02:22:29PM","August 25, 2026 02:45:09PM",1,1,delivery,N/A,N/A,-,9180,918000,21220,2122000,0,0,-,-,0,0,N/A
75818164,001004696472-C8DZJGLHNAL3NN,GF-541,GrabFood,,"""American Breakfast Club""",Kemang,"""1x Burrito - Mock Beef, 2 Scrambled Eggs, Cheddar, Avocado, Tater Tots,""","""American Breakfast Burritos""","""N/A""",DELIVERED,68000,6800000,0,0,0,0,0,0,20400,2040000,-,47600,4760000,IDR,"August 25, 2026 02:12:39PM","August 25, 2026 03:04:47PM",1,1,delivery,Other,Other,-,20400,2040000,0,0,0,0,-,-,0,0,N/A
75814080,F-3334108037,2745,gofood,,"""American Breakfast Club""",Kemang,"""2x Burrito - 2 Scrambled Eggs, Cheddar, Avocado, Tater Tots, 1x Home Fries""","""American Breakfast Burritos,Sides""","""N/A""",DELIVERED,115000,11500000,0,0,0,0,4000,400000,51800,5180000,-,95690,9569000,IDR,"August 25, 2026 01:28:19PM","August 25, 2026 01:58:06PM",3,2,delivery,N/A,N/A,-,23310,2331000,28490,2849000,0,0,-,-,0,0,N/A
75811032,001818773751-C8DZG7AZCUCAVX,GF-820,GrabFood,,"""American Breakfast Club""",Greenville,"""1x Burrito - Mock Beef, 2 Scrambled Eggs, Cheddar, Avocado, Tater Tots,""","""American Breakfast Burritos""","""1x Cutleries""",DELIVERED,69500,6950000,0,0,0,0,0,0,10200,1020000,-,59300,5930000,IDR,"August 25, 2026 12:57:06PM","August 25, 2026 01:26:22PM",1,1,delivery,Other,Other,-,10200,1020000,0,0,0,0,-,-,0,0,N/A
75808577,F-3334005361,5644,gofood,,"""Herbox""",Greenville,"""1x Kung Paow Chick Vegan Vegetarian Ricebox, 1x Teriyaki Vegan Vegetarian Ricebox, 1x Pesmol Vegan Vegetarian Ricebox""","""Ricebox""","""3x Sendok, Garpu, Tissue, Tusuk Gigi""",DELIVERED,98100,9810000,0,0,0,0,4000,400000,54200,5420000,-,82210,8221000,IDR,"August 25, 2026 12:22:44PM","August 25, 2026 12:46:59PM",3,3,delivery,N/A,N/A,-,19890,1989000,34310,3431000,0,0,-,-,0,0,N/A
75807039,00119241184-C8DZGVLWFBMDEN,GF-548,GrabFood,,"""American Breakfast Club""",Greenville,"""1x Burrito - Mock Beef, 2 Scrambled Eggs, Cheddar, Avocado, Tater Tots,""","""American Breakfast Burritos""","""N/A""",DELIVERED,68000,6800000,0,0,0,0,0,0,13200,1320000,-,54800,5480000,IDR,"August 25, 2026 12:16:03PM","August 25, 2026 12:50:21PM",1,1,delivery,Other,Other,-,13200,1320000,0,0,0,0,-,-,0,0,N/A
75806124,F-3333977799,1897,gofood,,"""American Breakfast Club""",Kemang,"""1x Burrito - Mock Fish, 2 Scrambled Eggs, Cheddar, Avocado, Tater Tots,, 1x Burrito - Mock Chicken, 2 Scrambled Eggs, Cheddar, Avocado, Tater Tots""","""American Breakfast Burritos""","""N/A""",DELIVERED,136000,13600000,0,0,0,0,4000,400000,10000,1000000,-,140000,14000000,IDR,"August 25, 2026 12:06:05PM","August 25, 2026 12:34:00PM",2,2,delivery,N/A,N/A,-,0,0,10000,1000000,0,0,-,-,0,0,N/A
75801656,F-3333908181,8498,gofood,,"""American Breakfast Club""",Kemang,"""1x Burrito - Mock Beef, 2 Scrambled Eggs, Cheddar, Avocado, Tater Tots,""","""American Breakfast Burritos""","""N/A""",DELIVERED,68000,6800000,0,0,0,0,4000,400000,30400,3040000,-,62820,6282000,IDR,"August 25, 2026 11:23:46AM","August 25, 2026 11:41:01AM",1,1,delivery,N/A,N/A,-,9180,918000,21220,2122000,0,0,-,-,0,0,N/A
75801347,00187734882-C8DZGFWZJK4AVN,GF-510,GrabFood,,"""American Breakfast Club""",Greenville,"""4x Burrito - 2 Scrambled Eggs, Cheddar, Avocado, Tater Tots""","""American Breakfast Burritos""","""N/A""",DELIVERED,232000,23200000,0,0,0,0,0,0,34800,3480000,-,197200,19720000,IDR,"August 25, 2026 11:21:28AM","August 25, 2026 11:56:06AM",4,1,delivery,Other,Other,-,34800,3480000,0,0,0,0,-,-,0,0,19 min 13 sec
75801087,0014967744-C8DZGFLKLEVZCA,GF-318,GrabFood,,"""American Breakfast Club""",Kemang,"""1x Burrito - Mock Fish, 2 Scrambled Eggs, Cheddar, Avocado, Tater Tots,""","""American Breakfast Burritos""","""N/A""",DELIVERED,68000,6800000,0,0,0,0,0,0,13600,1360000,-,54400,5440000,IDR,"August 25, 2026 11:19:20AM","August 25, 2026 11:48:12AM",1,1,delivery,Other,Other,-,13600,1360000,0,0,0,0,-,-,0,0,N/A
75798893,00132378199-C8DZE4NWTBBJGE,GF-035,GrabFood,,"""American Breakfast Club""",Kemang,"""1x Burrito - Mock Chicken, 2 Scrambled Eggs, Cheddar, Avocado, Tater Tots""","""American Breakfast Burritos""","""N/A""",DELIVERED,68000,6800000,0,0,0,0,0,0,0,0,-,68000,6800000,IDR,"August 25, 2026 10:03:25AM","August 25, 2026 01:03:26PM",1,1,delivery,Other,Other,-,0,0,0,0,0,0,-,-,0,0,167 min 6 sec
75797560,F-3333766683,7441,gofood,,"""Tyfel Coffee""",Kemang,"""1x Breakfast Burrito, 1x Cheese Omlette-side Of Tater Tots, 1x Original Pancake""","""Breakfast Burritos,Breakfast Omlettes,Breakfast Pancakes""","""N/A""",DELIVERED,164000,16400000,0,0,0,0,4000,400000,73800,7380000,-,134790,13479000,IDR,"August 25, 2026 09:38:39AM","August 25, 2026 12:41:46PM",3,3,delivery,N/A,N/A,-,33210,3321000,40590,4059000,0,0,-,-,0,0,N/A
75797500,001330685894-C8DZEYUYEUKCG6,GF-294,GrabFood,,"""American Breakfast Club""",Kemang,"""1x Burrito - Mock Chicken, 2 Scrambled Eggs, Cheddar, Avocado, Tater Tots""","""American Breakfast Burritos""","""N/A""",DELIVERED,68000,6800000,0,0,0,0,0,0,0,0,-,68000,6800000,IDR,"August 25, 2026 09:40:45AM","August 25, 2026 12:40:46PM",1,1,delivery,Other,Other,-,0,0,0,0,0,0,-,-,0,0,N/A
75797444,F-3333763512,7396,gofood,,"""American Breakfast Club""",Kemang,"""1x Burrito - 2 Scrambled Eggs, Cheddar, Avocado, Tater Tots, 1x Burrito - Mock Chicken, 2 Scrambled Eggs, Cheddar, Avocado, Tater Tots""","""American Breakfast Burritos""","""N/A""",DELIVERED,111500,11150000,0,0,0,0,4000,400000,60200,6020000,-,92910,9291000,IDR,"August 25, 2026 09:35:22AM","August 25, 2026 12:39:30PM",2,2,delivery,N/A,N/A,-,22590,2259000,37610,3761000,0,0,-,-,0,0,N/A
75797301,001499517530-C8DZEYAGLX2BEN,GF-842,GrabFood,,"""American Breakfast Club""",Kemang,"""1x Burrito - 2 Scrambled Eggs, Cheddar, Avocado, Tater Tots""","""American Breakfast Burritos""","""1x Tatter Tots""",DELIVERED,88000,8800000,0,0,0,0,0,0,11600,1160000,-,76400,7640000,IDR,"August 25, 2026 09:36:58AM","August 25, 2026 10:05:16AM",1,1,delivery,Other,Other,-,11600,1160000,0,0,0,0,-,-,0,0,N/A
75796119,F-3333744529,3937,gofood,,"""American Breakfast Club""",Kemang,"""1x Egg burger - 2 Scrambled Eggs, Cheddar Cheese, Secret Sauce, 1x Mushroom Omelette - Mushrooms, Spinach, Side Tater Tots""","""American Breakfast Burger,American Breakfast Omelettes""","""N/A""",DELIVERED,101800,10180000,0,0,0,0,4000,400000,55900,5590000,-,85145,8514500,IDR,"August 25, 2026 09:14:59AM","August 25, 2026 09:48:53AM",2,2,delivery,N/A,N/A,-,20655,2065500,35245,3524500,0,0,-,-,0,0,N/A
75796113,001528919566-C8DZETJUVLAKJX,GF-845,GrabFood,,"""American Breakfast Club""",Greenville,"""1x Cheese Omelette - Side Tater Tots, 1x Burrito - Mock Chicken, 2 Scrambled Eggs, Cheddar, Avocado, Tater Tots, 1x Home Fries With Truffle Oil""","""American Breakfast Omelettes,American Breakfast Burritos,Sides""","""N/A""",DELIVERED,174000,17400000,0,0,0,0,0,0,26100,2610000,-,147900,14790000,IDR,"August 25, 2026 09:15:22AM","August 25, 2026 09:43:33AM",3,3,delivery,Other,Other,-,26100,2610000,0,0,0,0,-,-,0,0,N/A
75795847,0019086939-C8DZEP6UMFLVLN,GF-170,GrabFood,,"""American Breakfast Club""",Kemang,"""1x Burrito - 2 Scrambled Eggs, Cheddar, Avocado, Tater Tots, 1x Sandwich - 2 Scrambled Eggs, Mock Fish, Cheddar Cheese, Mix, Brioche Bun""","""American Breakfast Burritos,American Breakfast Sandwiches""","""N/A""",DELIVERED,116000,11600000,0,0,0,0,0,0,23200,2320000,-,92800,9280000,IDR,"August 25, 2026 09:10:01AM","August 25, 2026 12:10:04PM",2,2,delivery,Other,Other,-,23200,2320000,0,0,0,0,-,-,0,0,N/A
75795761,F-3333737937,3217,gofood,,"""American Breakfast Club""",Kemang,"""1x 2 Pancakes - Butter, Maple Syrup""","""American Breakfast Pancakes""","""N/A""",DELIVERED,48000,4800000,0,0,0,0,4000,400000,0,0,-,52000,5200000,IDR,"August 25, 2026 09:07:39AM","August 25, 2026 10:04:39AM",1,1,delivery,N/A,N/A,-,0,0,0,0,0,0,-,-,0,0,N/A
75795676,001334723596-C8DZEPNXL3BCAJ,GF-264,GrabFood,,"""American Breakfast Club""",Greenville,"""2x Sandwich - 2 Scrambled Eggs melty cheddar cheese on a wavy brioche bun""","""American Breakfast Sandwiches""","""N/A""",DELIVERED,90000,9000000,0,0,0,0,0,0,16500,1650000,-,73500,7350000,IDR,"August 25, 2026 09:06:44AM","August 25, 2026 09:53:15AM",2,1,delivery,Other,Other,-,16500,1650000,0,0,0,0,-,-,0,0,N/A
75795452,F-3333732361,3472,gofood,,"""American Breakfast Club""",Kemang,"""1x Mushroom Omelette - Mushrooms, Spinach, Side Tater Tots""","""American Breakfast Omelettes""","""N/A""",DELIVERED,68000,6800000,0,0,0,0,4000,400000,30400,3040000,-,62820,6282000,IDR,"August 25, 2026 09:01:12AM","August 25, 2026 09:24:27AM",1,1,delivery,N/A,N/A,-,9180,918000,21220,2122000,0,0,-,-,0,0,N/A
75795337,F-3333729947,4265,gofood,,"""Tyfel Coffee""",Kemang,"""1x Blueberry Pancake, 1x Sandwich-2 Scrambled Eggs, Cheddar Cheese,Secret Sauce,Brioche Bun, 1x Home Fries With Truffle Oil, 1x Original Pancake, 1x Breakfast Burrito""","""Breakfast Pancakes,Breakfast Sandwiches,Sides,Breakfast Burritos""","""N/A""",DELIVERED,250000,25000000,0,0,0,0,4000,400000,112500,11250000,-,203375,20337500,IDR,"August 25, 2026 08:57:58AM","August 25, 2026 09:36:55AM",5,5,delivery,N/A,N/A,-,50625,5062500,61875,6187500,0,0,-,-,0,0,N/A
75795329,0010850687-C8DZENEVNVJWC2,GF-276,GrabFood,,"""American Breakfast Club""",Kemang,"""1x 2 Pancakes - Blueberries, Butter, Maple Syrup""","""American Breakfast Pancakes""","""N/A""",DELIVERED,58000,5800000,0,0,0,0,0,0,11600,1160000,-,46400,4640000,IDR,"August 25, 2026 08:58:22AM","August 25, 2026 09:24:08AM",1,1,delivery,Other,Other,-,11600,1160000,0,0,0,0,-,-,0,0,N/A
75794891,F-3333711441,4621,gofood,,"""American Breakfast Club""",Kemang,"""2x Cheese Omelette - Side Tater Tots""","""American Breakfast Omelettes""","""N/A""",DELIVERED,116000,11600000,0,0,0,0,4000,400000,52200,5220000,-,96510,9651000,IDR,"August 25, 2026 08:31:13AM","August 25, 2026 09:13:08AM",2,1,delivery,N/A,N/A,-,23490,2349000,28710,2871000,0,0,-,-,0,0,N/A
75794877,F-3333721598,7732,gofood,,"""LA Breakfast Club""",Greenville,"""1x Chocolate Chip Pancakes (2 Pcs), 1x Cheese Omelette - Side of Tater Tots""","""LA Breakfast Pancakes,LA Breakfast Omelettes""","""N/A""",DELIVERED,144000,14400000,0,0,0,0,0,0,64800,6480000,-,114840,11484000,IDR,"August 25, 2026 08:46:04AM","August 25, 2026 09:08:29AM",2,2,delivery,N/A,N/A,-,29160,2916000,35640,3564000,0,0,-,-,0,0,N/A
75794526,001553403365-C8DZEF6EN2DZAX,GF-596,GrabFood,,"""American Breakfast Club""",Kemang,"""1x Burrito - Mock Chicken, 2 Scrambled Eggs, Cheddar, Avocado, Tater Tots, 1x 2 Pancakes - Blueberries, Butter, Maple Syrup, 1x Mushroom Omelette - Mushrooms, Spinach, Side Tater Tots""","""American Breakfast Burritos,American Breakfast Pancakes,American Breakfast Omelettes""","""N/A""",DELIVERED,194000,19400000,0,0,0,0,0,0,25200,2520000,-,168800,16880000,IDR,"August 25, 2026 08:36:35AM","August 25, 2026 09:16:55AM",3,3,delivery,Other,Other,-,25200,2520000,0,0,0,0,-,-,0,0,N/A
75794478,00111590770-C8DZEF2DNEABPA,GF-844,GrabFood,,"""American Breakfast Club""",Greenville,"""1x Burrito - Mock Beef, 2 Scrambled Eggs, Cheddar, Avocado, Tater Tots,""","""American Breakfast Burritos""","""N/A""",DELIVERED,68000,6800000,0,0,13000,1300000,0,0,43320,4332000,-,57800,5780000,IDR,"August 25, 2026 08:35:13AM","August 25, 2026 08:53:23AM",1,1,delivery,Cash,Cash,-,10200,1020000,33120,3312000,0,0,-,-,0,0,N/A
75794245,001832195120-C8DZEEXZABCAR2,GF-098,GrabFood,,"""American Breakfast Club""",Greenville,"""1x Sandwich - 2 Scrambled Eggs Mock Beef, Cheddar Cheese  on a wavy brioche bun, 1x Home Fries""","""American Breakfast Sandwiches,Sides""","""N/A""",DELIVERED,96000,9600000,0,0,0,0,0,0,17400,1740000,-,78600,7860000,IDR,"August 25, 2026 08:28:27AM","August 25, 2026 08:59:56AM",2,2,delivery,Other,Other,-,17400,1740000,0,0,0,0,-,-,0,0,N/A
75793997,F-3333704071,4421,gofood,,"""Tyfel Coffee""",Greenville,"""1x Choco Chips Pancake, 1x Cheese Omlette-side Of Tater Tots, 1x Breakfast Burrito""","""Breakfast Pancakes,Breakfast Omlettes,Breakfast Burritos""","""N/A""",DELIVERED,174000,17400000,0,0,0,0,4000,400000,52200,5220000,-,154510,15451000,IDR,"August 25, 2026 08:20:09AM","August 25, 2026 08:39:38AM",3,3,delivery,N/A,N/A,-,23490,2349000,28710,2871000,0,0,-,-,0,0,N/A
75793976,001089821843-C8DZECBBKALYJ2,GF-005,GrabFood,,"""American Breakfast Club""",Greenville,"""1x Burrito - Mock Chicken, 2 Scrambled Eggs, Cheddar, Avocado, Tater Tots, 1x Mushroom Omelette - Mushrooms, Spinach, Side Tater Tots""","""American Breakfast Burritos,American Breakfast Omelettes""","""N/A""",DELIVERED,136000,13600000,0,0,0,0,0,0,23400,2340000,-,112600,11260000,IDR,"August 25, 2026 08:20:32AM","August 25, 2026 08:40:41AM",2,2,delivery,Other,Other,-,23400,2340000,0,0,0,0,-,-,0,0,N/A
75793171,00105603553-C8DZDEBXNUEANE,GF-054,GrabFood,,"""American Breakfast Club""",Greenville,"""1x 2 Pancakes - Blueberries, Butter, Maple Syrup""","""American Breakfast Pancakes""","""N/A""",DELIVERED,58000,5800000,0,0,0,0,0,0,11700,1170000,-,46300,4630000,IDR,"August 25, 2026 07:50:45AM","August 25, 2026 08:27:08AM",1,1,delivery,Other,Other,-,11700,1170000,0,0,0,0,-,-,0,0,N/A
75792855,0017749505-C8DZDAWUEPXKEN,GF-553,GrabFood,,"""Herbox""",Greenville,"""1x Kung Paow Chick Vegan Vegetarian Ricebox, 1x Pesmol Vegan Vegetarian Ricebox""","""Ricebox""","""N/A""",DELIVERED,78000,7800000,0,0,0,0,0,0,15600,1560000,-,62400,6240000,IDR,"August 25, 2026 07:38:01AM","August 25, 2026 08:07:21AM",2,2,delivery,Other,Other,-,15600,1560000,0,0,0,0,-,-,0,0,9 min 43 sec
75792690,00178198565-C8DZC8BKJEJXLE,GF-147,GrabFood,,"""American Breakfast Club""",Greenville,"""1x 2 Pancakes - Chocolate Chips, Butter, Maple Syrup""","""American Breakfast Pancakes""","""1x Cutleries""",DELIVERED,59500,5950000,0,0,0,0,0,0,10700,1070000,-,48800,4880000,IDR,"August 25, 2026 07:30:39AM","August 25, 2026 07:51:02AM",1,1,delivery,Other,Other,-,10700,1070000,0,0,0,0,-,-,0,0,14 min 26 sec
75792469,F-3333669311,4948,gofood,,"""American Breakfast Club""",Greenville,"""1x Burrito - Mock Beef, 2 Scrambled Eggs, Cheddar, Avocado, Tater Tots,""","""American Breakfast Burritos""","""N/A""",DELIVERED,51000,5100000,0,0,0,0,4000,400000,10000,1000000,-,55000,5500000,IDR,"August 25, 2026 07:13:58AM","August 25, 2026 07:35:55AM",1,1,delivery,N/A,N/A,-,0,0,10000,1000000,0,0,-,-,0,0,N/A
75792432,0010357277-C8DZC23FG3CWNJ,GF-237,GrabFood,,"""Herbox""",Greenville,"""1x Kung Paow Chick Vegan Vegetarian Ricebox, 1x Pesmol Vegan Vegetarian Ricebox""","""Ricebox""","""N/A""",CANCELLED,78000,7800000,0,0,0,0,0,0,15600,1560000,-,62400,6240000,IDR,"August 25, 2026 07:18:21AM",,2,2,delivery,Other,Other,-,15600,1560000,0,0,0,0,RESTAURANT_CLOSED,provider,0,0,N/A
75792227,0011634079-C8DZC22KLJ3GCJ,GF-816,GrabFood,,"""American Breakfast Club""",Greenville,"""1x Burrito - Mock Chicken, 2 Scrambled Eggs, Cheddar, Avocado, Tater Tots""","""American Breakfast Burritos""","""N/A""",DELIVERED,68000,6800000,0,0,0,0,0,0,10200,1020000,-,57800,5780000,IDR,"August 25, 2026 07:07:33AM","August 25, 2026 08:06:05AM",1,1,delivery,Other,Other,-,10200,1020000,0,0,0,0,-,-,0,0,N/A
75792143,F-3333664256,5753,gofood,,"""American Breakfast Club""",Greenville,"""1x 2 Pancakes - Blueberries, Butter, Maple Syrup, 1x Tater Tots, 1x Burrito - Mock Chicken, 2 Scrambled Eggs, Cheddar, Avocado, Tater Tots""","""American Breakfast Pancakes,Sides,American Breakfast Burritos""","""N/A""",DELIVERED,119800,11980000,0,0,0,0,4000,400000,64000,6400000,-,99500,9950000,IDR,"August 25, 2026 07:01:34AM","August 25, 2026 07:30:48AM",3,3,delivery,N/A,N/A,-,24300,2430000,39700,3970000,0,0,-,-,0,0,N/A
75792004,001177893199-C8DZCYB2TP4KSE,GF-191,GrabFood,,"""American Breakfast Club""",Greenville,"""1x Burrito - Mock Beef, 2 Scrambled Eggs, Cheddar, Avocado, Tater Tots,, 1x Sandwich - 2 Scrambled Eggs, Mock Chicken, Cheddar Cheese Mix, Brioche Bun""","""American Breakfast Burritos,American Breakfast Sandwiches""","""N/A""",DELIVERED,126000,12600000,0,0,0,0,0,0,18900,1890000,-,107100,10710000,IDR,"August 25, 2026 06:52:57AM","August 25, 2026 07:21:33AM",2,2,delivery,Other,Other,-,18900,1890000,0,0,0,0,-,-,0,0,N/A
75791816,001096643188-C8DZCUVFNVAKTT,GF-591,GrabFood,,"""American Breakfast Club""",Greenville,"""1x Burrito - Mock Beef, 2 Scrambled Eggs, Cheddar, Avocado, Tater Tots,, 1x Burrito - Mock Chicken, 2 Scrambled Eggs, Cheddar, Avocado, Tater Tots""","""American Breakfast Burritos""","""N/A""",DELIVERED,136000,13600000,0,0,40000,4000000,0,0,68860,6886000,-,112600,11260000,IDR,"August 25, 2026 06:37:35AM","August 25, 2026 07:22:08AM",2,2,delivery,Cash,Cash,-,23400,2340000,45460,4546000,0,0,-,-,0,0,N/A
75791738,001287488966-C8DZCTTDGFDTNX,GF-596,GrabFood,,"""American Breakfast Club""",Greenville,"""1x Burrito - 2 Scrambled Eggs, Cheddar, Avocado, Tater Tots""","""American Breakfast Burritos""","""N/A""",DELIVERED,58000,5800000,0,0,0,0,0,0,8700,870000,-,49300,4930000,IDR,"August 25, 2026 06:32:41AM","August 25, 2026 06:59:03AM",1,1,delivery,Other,Other,-,8700,870000,0,0,0,0,-,-,0,0,N/A
75777736,00107951384-C8DYSF2XVNMBT6,GF-559,GrabFood,,"""Tyfel Coffee""",Greenville,"""1x Risotto, 1x Nachos - Vegan-option""","""Main Course,Lite Bites""","""N/A""",DELIVERED,95000,9500000,0,0,0,0,0,0,19000,1900000,-,76000,7600000,IDR,"August 24, 2026 08:58:19PM","August 24, 2026 09:29:32PM",2,2,delivery,Other,Other,-,19000,1900000,0,0,0,0,-,-,0,0,17 min 32 sec
75771502,00173309722-C8DYR2ACBABXWE,GF-393,GrabFood,,"""Herbox""",Greenville,"""1x Fysh Mentai""","""Mentai Vegan""","""1x Tattertots, 1x Es Teh Manis""",DELIVERED,94000,9400000,0,0,0,0,0,0,11800,1180000,-,82200,8220000,IDR,"August 24, 2026 07:53:33PM","August 24, 2026 08:19:41PM",1,1,delivery,Other,Other,-,11800,1180000,0,0,0,0,-,-,0,0,13 min 17 sec
75765971,F-3333345717,9245,gofood,,"""Tyfel Coffee""",Greenville,"""1x Mock Chicken Burrito, 1x Chic Chunk - Vegan Plantbased, 1x Mock Beef Sandwich, 1x Tater Tots""","""Lite Bites,Breakfast Sandwiches,Sides,Breakfast Burritos""","""N/A""",DELIVERED,175000,17500000,0,0,0,0,4000,400000,78800,7880000,-,143540,14354000,IDR,"August 24, 2026 06:56:18PM","August 24, 2026 07:58:11PM",4,4,delivery,N/A,N/A,-,35460,3546000,43340,4334000,0,0,-,-,0,0,N/A
75764910,001425541635-C8DYRKAWL65HHA,GF-007,GrabFood,,"""American Breakfast Club""",Greenville,"""1x Burrito - Mock Beef, 2 Scrambled Eggs, Cheddar, Avocado, Tater Tots,""","""American Breakfast Burritos""","""N/A""",DELIVERED,68000,6800000,0,0,0,0,0,0,13200,1320000,-,54800,5480000,IDR,"August 24, 2026 06:53:45PM","August 24, 2026 07:25:27PM",1,1,delivery,Other,Other,-,13200,1320000,0,0,0,0,-,-,0,0,N/A
75756231,001899323639-C8DYN7TTV2LZAE,GF-263,GrabFood,,"""American Breakfast Club""",Greenville,"""1x Burrito - Mock Beef, 2 Scrambled Eggs, Cheddar, Avocado, Tater Tots,""","""American Breakfast Burritos""","""N/A""",DELIVERED,68000,6800000,0,0,0,0,0,0,10200,1020000,-,57800,5780000,IDR,"August 24, 2026 05:33:42PM","August 24, 2026 06:07:48PM",1,1,delivery,Other,Other,-,10200,1020000,0,0,0,0,-,-,0,0,N/A
75753297,00122020966-C8DYNY4KG3DECE,GF-062,GrabFood,,"""Herbox""",Greenville,"""1x Pesmol Vegan Vegetarian Ricebox, 1x Rica Wrap""","""Ricebox,Wrap Series""","""1x Vegan Chicken Nugget""",DELIVERED,133000,13300000,0,0,0,0,0,0,22600,2260000,-,110400,11040000,IDR,"August 24, 2026 05:02:39PM","August 24, 2026 05:27:56PM",2,2,delivery,Other,Other,-,22600,2260000,0,0,0,0,-,-,0,0,N/A
75744628,00185720213-C8DYMCNEEU2HHE,GF-884,GrabFood,,"""Herbox""",Greenville,"""1x Lada Hitam Blackpepper Vegan Vegetarian Ricebox""","""Ricebox""","""1x Tattertots""",DELIVERED,64000,6400000,0,0,0,0,0,0,7800,780000,-,56200,5620000,IDR,"August 24, 2026 03:09:54PM","August 24, 2026 03:38:48PM",1,1,delivery,Other,Other,-,7800,780000,0,0,0,0,-,-,0,0,N/A
75738639,001873444722-C8DYLPXUNUBTJT,GF-924,GrabFood,,"""American Breakfast Club""",Greenville,"""1x Burrito - Mock Chicken, 2 Scrambled Eggs, Cheddar, Avocado, Tater Tots""","""American Breakfast Burritos""","""N/A""",DELIVERED,68000,6800000,0,0,0,0,0,0,13200,1320000,-,54800,5480000,IDR,"August 24, 2026 01:41:41PM","August 24, 2026 02:07:50PM",1,1,delivery,Other,Other,-,13200,1320000,0,0,0,0,-,-,0,0,N/A
75734610,00198069568-C8DYLBBEHATFLX,GF-778,GrabFood,,"""American Breakfast Club""",Greenville,"""1x Burrito - Mock Beef, 2 Scrambled Eggs, Cheddar, Avocado, Tater Tots,""","""American Breakfast Burritos""","""N/A""",DELIVERED,68000,6800000,0,0,13000,1300000,0,0,46320,4632000,-,54800,5480000,IDR,"August 24, 2026 12:47:13PM","August 24, 2026 01:34:44PM",1,1,delivery,Cash,Cash,-,13200,1320000,33120,3312000,0,0,-,-,0,0,N/A
75732571,0019900286-C8DYKCLJRPJUAJ,GF-190,GrabFood,,"""American Breakfast Club""",Greenville,"""1x Home Fries With Truffle Oil, 1x Mushroom Omelette - Mushrooms, Spinach, Side Tater Tots""","""Sides,American Breakfast Omelettes""","""1x Cutleries, 1x Chick Nugget""",DELIVERED,152500,15250000,0,0,0,0,0,0,17400,1740000,-,135100,13510000,IDR,"August 24, 2026 12:22:41PM","August 24, 2026 12:56:02PM",2,2,delivery,Other,Other,-,17400,1740000,0,0,0,0,-,-,0,0,N/A
75729549,00110941740-C8DYJX5WDA3DEJ,GF-488,GrabFood,,"""People Pasta""",Greenville,"""1x Creamy Mushroom - Vegetarian - Plantbased, 1x Home Fries""","""Signature Pasta""","""1x Fusili""",DELIVERED,69000,6900000,0,0,0,0,0,0,25234,2523400,-,43766,4376600,IDR,"August 24, 2026 11:49:41AM","August 24, 2026 12:21:43PM",2,2,delivery,Other,Other,-,25234,2523400,0,0,0,0,-,-,0,0,N/A
75729529,00181765968-C8DYJ4BDLJ2YRE,GF-605,GrabFood,,"""People Pasta""",Greenville,"""1x Mushroom Olio - Vegan Friendly - Vegetarian - Plantbased, 1x Creamy Mushroom - Vegetarian - Plantbased, 1x Meat-less Burger - Vegan""","""Signature Pasta,Meatless Burgers""","""1x Fettucine, 1x Spaghetti""",DELIVERED,136000,13600000,0,0,0,0,0,0,52890,5289000,-,83110,8311000,IDR,"August 24, 2026 11:49:25AM","August 24, 2026 12:19:11PM",3,3,delivery,Other,Other,-,52890,5289000,0,0,0,0,-,-,0,0,17 min 32 sec
75725249,001394199527-C8DYJTK3NE2VRE,GF-691,GrabFood,,"""American Breakfast Club""",Greenville,"""1x Sandwich - 2 Scrambled Eggs Mock Beef, Cheddar Cheese  on a wavy brioche bun""","""American Breakfast Sandwiches""","""N/A""",DELIVERED,58000,5800000,0,0,0,0,0,0,11700,1170000,-,46300,4630000,IDR,"August 24, 2026 11:02:29AM","August 24, 2026 11:38:39AM",1,1,delivery,Other,Other,-,11700,1170000,0,0,0,0,-,-,0,0,N/A
75720845,00184167932-C8DYJBWDPFWDN2,GF-333,GrabFood,,"""American Breakfast Club""",Greenville,"""1x Mushroom Omelette - Mushrooms, Spinach, Side Tater Tots""","""American Breakfast Omelettes""","""N/A""",DELIVERED,68000,6800000,0,0,0,0,0,0,13200,1320000,-,54800,5480000,IDR,"August 24, 2026 10:04:33AM","August 24, 2026 10:29:58AM",1,1,delivery,Other,Other,-,13200,1320000,0,0,0,0,-,-,0,0,4 min 45 sec
75720442,F-3332692990,3719,gofood,,"""American Breakfast Club""",Greenville,"""1x Burrito - 2 Scrambled Eggs, Cheddar, Avocado, Tater Tots, 1x Home Fries""","""Sides,American Breakfast Burritos""","""N/A""",DELIVERED,68800,6880000,0,0,0,0,4000,400000,0,0,-,72800,7280000,IDR,"August 24, 2026 09:56:25AM","August 24, 2026 10:51:55AM",2,2,delivery,N/A,N/A,-,0,0,0,0,0,0,-,-,0,0,N/A
75720146,001821949400-C8DYHGBUTNVAKA,GF-101,GrabFood,,"""American Breakfast Club""",Greenville,"""1x Burrito - Mock Beef, 2 Scrambled Eggs, Cheddar, Avocado, Tater Tots,, 1x Burrito - Mock Chicken, 2 Scrambled Eggs, Cheddar, Avocado, Tater Tots, 1x 2 Pancakes - Blueberries, Butter, Maple Syrup, 1x Tater Tots""","""American Breakfast Burritos,American Breakfast Pancakes,Sides""","""N/A""",DELIVERED,232000,23200000,0,0,0,0,0,0,34800,3480000,-,197200,19720000,IDR,"August 24, 2026 09:50:44AM","August 24, 2026 10:34:54AM",4,4,delivery,Other,Other,-,34800,3480000,0,0,0,0,-,-,0,0,15 min 46 sec
75719196,001185595526-C8DYHBL2RNKXA2,GF-645,GrabFood,,"""American Breakfast Club""",Greenville,"""1x Sandwich - 2 Scrambled Eggs Mock Beef, Cheddar Cheese  on a wavy brioche bun""","""American Breakfast Sandwiches""","""1x Cutleries""",DELIVERED,59500,5950000,0,0,0,0,0,0,8700,870000,-,50800,5080000,IDR,"August 24, 2026 09:29:30AM","August 24, 2026 09:57:49AM",1,1,delivery,Other,Other,-,8700,870000,0,0,0,0,-,-,0,0,N/A
75718597,F-3332648681,2679,gofood,,"""American Breakfast Club""",Greenville,"""1x Burrito - 2 Scrambled Eggs, Cheddar, Avocado, Tater Tots, 1x 2 Pancakes - Blueberries, Butter, Maple Syrup, 1x Tater Tots""","""American Breakfast Burritos,American Breakfast Pancakes,Sides""","""1x Cutleries""",DELIVERED,116700,11670000,0,0,0,0,4000,400000,52600,5260000,-,97030,9703000,IDR,"August 24, 2026 08:56:20AM","August 24, 2026 09:39:29AM",3,3,delivery,N/A,N/A,-,23670,2367000,28930,2893000,0,0,-,-,0,0,N/A
75716963,001739430197-C8DYGT2ZJFKTGJ,GF-460,GrabFood,,"""American Breakfast Club""",Kemang,"""1x Burrito - 2 Scrambled Eggs, Cheddar, Avocado, Tater Tots""","""American Breakfast Burritos""","""N/A""",DELIVERED,58000,5800000,0,0,0,0,0,0,11600,1160000,-,46400,4640000,IDR,"August 24, 2026 08:18:46AM","August 24, 2026 08:42:47AM",1,1,delivery,Other,Other,-,11600,1160000,0,0,0,0,-,-,0,0,N/A
75716930,00126036041-C8DYGTVEC34GNN,GF-751,GrabFood,,"""American Breakfast Club""",Greenville,"""1x Mushroom Omelette - Mushrooms, Spinach, Side Tater Tots""","""American Breakfast Omelettes""","""N/A""",DELIVERED,68000,6800000,0,0,0,0,0,0,10200,1020000,-,57800,5780000,IDR,"August 24, 2026 08:17:34AM","August 24, 2026 08:40:28AM",1,1,delivery,Other,Other,-,10200,1020000,0,0,0,0,-,-,0,0,10 min 4 sec
75716843,00118655151-C8DYGTDYG22AGN,GF-445,GrabFood,,"""LA Breakfast Club""",Greenville,"""1x Blueberry Pancakes (2 Pcs)""","""LA Breakfast Pancakes""","""N/A""",DELIVERED,74000,7400000,0,0,0,0,0,0,21500,2150000,-,52500,5250000,IDR,"August 24, 2026 08:14:46AM","August 24, 2026 08:37:38AM",1,1,delivery,Other,Other,-,21500,2150000,0,0,0,0,-,-,0,0,12 min 3 sec
75716684,0013114244-C8DYGPW2NFBYRJ,GF-633,GrabFood,,"""American Breakfast Club""",Kemang,"""1x Mushroom Omelette - Mushrooms, Spinach, Side Tater Tots, 1x 2 Pancakes - Butter, Maple Syrup, 1x Burrito - Mock Beef, 2 Scrambled Eggs, Cheddar, Avocado, Tater Tots,""","""American Breakfast Pancakes,American Breakfast Burritos,American Breakfast Omelettes""","""N/A""",DELIVERED,184000,18400000,0,0,0,0,0,0,23200,2320000,-,160800,16080000,IDR,"August 24, 2026 08:08:10AM","August 24, 2026 09:00:41AM",3,3,delivery,Other,Other,-,23200,2320000,0,0,0,0,-,-,0,0,N/A
75716510,0011966303-C8DYGNWZE6A3RT,GF-528,GrabFood,,"""American Breakfast Club""",Kemang,"""1x Mushroom Omelette - Mushrooms, Spinach, Side Tater Tots""","""American Breakfast Omelettes""","""N/A""",DELIVERED,68000,6800000,0,0,0,0,0,0,13600,1360000,-,54400,5440000,IDR,"August 24, 2026 08:01:26AM","August 24, 2026 08:22:52AM",1,1,delivery,Other,Other,-,13600,1360000,0,0,0,0,-,-,0,0,N/A
75716462,001401411338-C8DYGNKZRVCHPA,GF-421,GrabFood,,"""American Breakfast Club""",Greenville,"""1x Burrito - 2 Scrambled Eggs, Cheddar, Avocado, Tater Tots""","""American Breakfast Burritos""","""1x Cutleries""",DELIVERED,59500,5950000,0,0,0,0,0,0,11700,1170000,-,47800,4780000,IDR,"August 24, 2026 07:59:07AM","August 24, 2026 08:29:23AM",1,1,delivery,Other,Other,-,11700,1170000,0,0,0,0,-,-,0,0,9 min 49 sec
75716337,0019691539-C8DYGK6CTRC1GX,GF-342,GrabFood,,"""LA Breakfast Club""",Greenville,"""1x Mock Katsu Sandwich, 1x Tater Tots""","""LA Breakfast Sandwiches""","""1x Mayo""",DELIVERED,116000,11600000,0,0,0,0,0,0,47270,4727000,-,68730,6873000,IDR,"August 24, 2026 07:53:14AM","August 24, 2026 08:16:30AM",2,2,delivery,Other,Other,-,47270,4727000,0,0,0,0,-,-,0,0,15 min 2 sec
75716271,00132166821-C8DYGKTWJTEZHA,GF-585,GrabFood,,"""American Breakfast Club""",Kemang,"""1x Mushroom Omelette - Mushrooms, Spinach, Side Tater Tots, 1x Cheese Omelette - Side Tater Tots""","""American Breakfast Omelettes""","""2x Cutleries""",DELIVERED,127200,12720000,0,0,0,0,0,0,25200,2520000,-,102000,10200000,IDR,"August 24, 2026 07:50:23AM","August 24, 2026 08:27:38AM",2,2,delivery,Other,Other,-,25200,2520000,0,0,0,0,-,-,0,0,N/A
75716216,F-3332611574,7496,gofood,,"""American Breakfast Club""",Kemang,"""1x Cheese Omelette - Side Tater Tots, 1x Tater Tots With Truffle Oil, 1x 2 Pancakes - Butter, Maple Syrup, 1x Egg burger - 2 Scrambled Eggs, Cheddar Cheese, Secret Sauce""","""American Breakfast Omelettes,Sides,American Breakfast Pancakes,American Breakfast Burger""","""N/A""",DELIVERED,177800,17780000,0,0,0,0,4000,400000,0,0,-,181800,18180000,IDR,"August 24, 2026 07:39:44AM","August 24, 2026 08:10:35AM",4,4,delivery,N/A,N/A,-,0,0,0,0,0,0,-,-,0,0,N/A
75716140,001831975497-C8DYGJVFREETCT,GF-288,GrabFood,,"""American Breakfast Club""",Greenville,"""1x Cheese Omelette - Side Tater Tots""","""American Breakfast Omelettes""","""N/A""",DELIVERED,58000,5800000,0,0,0,0,0,0,11700,1170000,-,46300,4630000,IDR,"August 24, 2026 07:44:15AM","August 24, 2026 08:10:07AM",1,1,delivery,Other,Other,-,11700,1170000,0,0,0,0,-,-,0,0,4 min 36 sec
75716006,0012642838-C8DYGGBFNYDFN2,GF-937,GrabFood,,"""Herbox""",Greenville,"""2x Lada Hitam Blackpepper Vegan Vegetarian Ricebox""","""Ricebox""","""N/A""",DELIVERED,78000,7800000,0,0,0,0,0,0,18600,1860000,-,59400,5940000,IDR,"August 24, 2026 07:37:15AM","August 24, 2026 08:38:27AM",2,1,delivery,Other,Other,-,18600,1860000,0,0,0,0,-,-,0,0,10 min 0 sec
75715947,F-3332609296,6798,gofood,,"""American Breakfast Club""",Greenville,"""1x Cheese Omelette - Side Tater Tots, 1x Burrito - 2 Scrambled Eggs, Cheddar, Avocado, Tater Tots""","""American Breakfast Omelettes,American Breakfast Burritos""","""N/A""",DELIVERED,92800,9280000,0,0,0,0,4000,400000,0,0,-,96800,9680000,IDR,"August 24, 2026 07:33:33AM","August 24, 2026 08:12:18AM",2,2,delivery,N/A,N/A,-,0,0,0,0,0,0,-,-,0,0,N/A
75714997,00167337358-C8DYE8LVEEUZCA,GF-794,GrabFood,,"""American Breakfast Club""",Greenville,"""1x Burrito - Mock Beef, 2 Scrambled Eggs, Cheddar, Avocado, Tater Tots,""","""American Breakfast Burritos""","""N/A""",DELIVERED,68000,6800000,0,0,0,0,0,0,13200,1320000,-,54800,5480000,IDR,"August 24, 2026 06:33:34AM","August 24, 2026 07:23:35AM",1,1,delivery,Other,Other,-,13200,1320000,0,0,0,0,-,-,0,0,17 min 18 sec
75701870,001161519233-C8DXVNTAWBAWAA,GF-722,GrabFood,,"""People Pasta""",Greenville,"""1x Bolognese - Vegan Friendly - Vegetarian - Plantbase""","""Signature Pasta""","""1x Fettucine""",DELIVERED,44000,4400000,0,0,0,0,0,0,11600,1160000,-,32400,3240000,IDR,"August 23, 2026 08:54:32PM","August 23, 2026 09:36:33PM",1,1,delivery,Other,Other,-,11600,1160000,0,0,0,0,-,-,0,0,29 min 10 sec
75695333,001341248195-C8DXUEVWE2CYA2,GF-159,GrabFood,,"""American Breakfast Club""",Greenville,"""1x Sandwich - 2 Scrambled Eggs Mock Beef, Cheddar Cheese  on a wavy brioche bun""","""American Breakfast Sandwiches""","""1x Cutleries""",DELIVERED,59500,5950000,0,0,0,0,0,0,11700,1170000,-,47800,4780000,IDR,"August 23, 2026 07:47:45PM","August 23, 2026 08:32:38PM",1,1,delivery,Other,Other,-,11700,1170000,0,0,0,0,-,-,0,0,20 min 47 sec
75691259,001938771260-C8DXT6MTN6MJJN,GF-831,GrabFood,,"""American Breakfast Club""",Greenville,"""1x Burrito - Mock Beef, 2 Scrambled Eggs, Cheddar, Avocado, Tater Tots,""","""American Breakfast Burritos""","""N/A""",DELIVERED,68000,6800000,0,0,0,0,0,0,13200,1320000,-,54800,5480000,IDR,"August 23, 2026 07:13:03PM","August 23, 2026 07:55:43PM",1,1,delivery,Other,Other,-,13200,1320000,0,0,0,0,-,-,0,0,8 min 33 sec
75676266,00148612647-C8DXSE4GUA2JLA,GF-803,GrabFood,,"""American Breakfast Club""",Greenville,"""1x Burrito - Mock Chicken, 2 Scrambled Eggs, Cheddar, Avocado, Tater Tots""","""American Breakfast Burritos""","""N/A""",DELIVERED,68000,6800000,0,0,0,0,0,0,13200,1320000,-,54800,5480000,IDR,"August 23, 2026 05:02:37PM","August 23, 2026 06:28:53PM",1,1,delivery,Other,Other,-,13200,1320000,0,0,0,0,-,-,0,0,50 min 29 sec
75672643,0016210277-C8DXR6MUA2BZJ2,GF-656,GrabFood,,"""Herbox""",Greenville,"""1x Fysh Mentai, 1x Katsu Wrap vegan Herbox, 1x Kung Paow Chick Vegan Vegetarian Ricebox""","""Wrap Series,Ricebox,Mentai Vegan""","""N/A""",DELIVERED,157000,15700000,0,0,0,0,0,0,34400,3440000,-,122600,12260000,IDR,"August 23, 2026 04:26:23PM","August 23, 2026 05:02:46PM",3,3,delivery,Other,Other,-,34400,3440000,0,0,0,0,-,-,0,0,N/A
75663896,00167856152-C8DXRBUYKGCJCT,GF-876,GrabFood,,"""Tyfel Coffee""",Greenville,"""1x Mozarella Stick, 1x Fettucini Mushroom""","""Lite Bites,Main Course""","""N/A""",DELIVERED,90000,9000000,0,0,0,0,0,0,21000,2100000,-,69000,6900000,IDR,"August 23, 2026 02:51:19PM","August 23, 2026 03:32:36PM",2,2,delivery,Other,Other,-,21000,2100000,0,0,0,0,-,-,0,0,10 min 34 sec
75663850,00119795004-C8DXRFBVRK2BSE,GF-366,GrabFood,,"""American Breakfast Club""",Kemang,"""1x 2 Pancakes - Blueberries, Butter, Maple Syrup""","""American Breakfast Pancakes""","""N/A""",DELIVERED,58000,5800000,0,0,0,0,0,0,21344,2134400,-,36656,3665600,IDR,"August 23, 2026 02:50:44PM","August 23, 2026 03:50:52PM",1,1,delivery,Other,Other,-,21344,2134400,0,0,0,0,-,-,0,0,N/A
75662601,0015220153-C8DXRBVBE761DE,GF-136,GrabFood,,"""American Breakfast Club""",Kemang,"""1x Burrito - 2 Scrambled Eggs, Cheddar, Avocado, Tater Tots, 1x Tater Tots""","""American Breakfast Burritos,Sides""","""N/A""",DELIVERED,96000,9600000,0,0,0,0,0,0,11600,1160000,-,84400,8440000,IDR,"August 23, 2026 02:37:33PM","August 23, 2026 03:05:04PM",2,2,delivery,Other,Other,-,11600,1160000,0,0,0,0,-,-,0,0,N/A
75662307,00128027113-C8DXRBCVEUWYLE,GF-117,GrabFood,,"""American Breakfast Club""",Kemang,"""1x Burrito - Mock Beef, 2 Scrambled Eggs, Cheddar, Avocado, Tater Tots,""","""American Breakfast Burritos""","""N/A""",DELIVERED,68000,6800000,0,0,0,0,0,0,30396,3039600,-,37604,3760400,IDR,"August 23, 2026 02:34:24PM","August 23, 2026 03:14:04PM",1,1,delivery,Other,Other,-,30396,3039600,0,0,0,0,-,-,0,0,N/A
75658475,001077811688-C8DXN8NBG8EKJ6,GF-179,GrabFood,,"""American Breakfast Club""",Kemang,"""1x Burrito - 2 Scrambled Eggs, Cheddar, Avocado, Tater Tots, 1x 2 Pancakes - Chocolate Chips, Butter, Maple Syrup""","""American Breakfast Burritos,American Breakfast Pancakes""","""N/A""",DELIVERED,116000,11600000,0,0,0,0,0,0,23200,2320000,-,92800,9280000,IDR,"August 23, 2026 01:53:11PM","August 23, 2026 02:26:11PM",2,2,delivery,Other,Other,-,23200,2320000,0,0,0,0,-,-,0,0,N/A
75652818,F-3331785942,2926,gofood,,"""Tyfel Coffee""",Greenville,"""1x Mock Chicken Burrito, 1x Chic Chunk - Vegan Plantbased, 1x Mock Beef Sandwich""","""Breakfast Burritos,Lite Bites,Breakfast Sandwiches""","""N/A""",DELIVERED,147000,14700000,0,0,0,0,4000,400000,66200,6620000,-,121210,12121000,IDR,"August 23, 2026 12:52:28PM","August 23, 2026 01:54:43PM",3,3,delivery,N/A,N/A,-,29790,2979000,36410,3641000,0,0,-,-,0,0,N/A
75652740,F-3331791444,4628,gofood,,"""American Breakfast Club""",Kemang,"""1x Tater Tots, 1x Original Egg burger - Patties, 2 Scrambled Eggs, Cheddar Cheese, Secret Sauce""","""Sides,American Breakfast Burger""","""N/A""",CANCELLED,71500,7150000,0,0,0,0,4000,400000,0,0,-,75500,7550000,IDR,"August 23, 2026 12:55:53PM",,2,2,delivery,N/A,N/A,-,0,0,0,0,0,0,N/A,N/A,0,0,N/A
75649650,001725931988-C8DXNK32GFXUDE,GF-615,GrabFood,,"""American Breakfast Club""",Greenville,"""2x Burrito - 2 Scrambled Eggs, Cheddar, Avocado, Tater Tots""","""American Breakfast Burritos""","""N/A""",DELIVERED,116000,11600000,0,0,0,0,0,0,20400,2040000,-,95600,9560000,IDR,"August 23, 2026 12:25:50PM","August 23, 2026 12:56:55PM",2,1,delivery,Other,Other,-,20400,2040000,0,0,0,0,-,-,0,0,11 min 17 sec
75647534,F-3331689464,4267,gofood,,"""American Breakfast Club""",Kemang,"""2x Burrito - 2 Scrambled Eggs, Cheddar, Avocado, Tater Tots""","""American Breakfast Burritos""","""N/A""",DELIVERED,87000,8700000,0,0,0,0,4000,400000,39200,3920000,-,73360,7336000,IDR,"August 23, 2026 11:54:54AM","August 23, 2026 12:30:41PM",2,1,delivery,N/A,N/A,-,17640,1764000,21560,2156000,0,0,-,-,0,0,N/A
75646042,0019648050-C8DXNBVBTTUFNA,GF-762,GrabFood,,"""American Breakfast Club""",Kemang,"""1x Burrito - 2 Scrambled Eggs, Cheddar, Avocado, Tater Tots, 1x Water (Bottle)""","""American Breakfast Burritos,Drinks""","""N/A""",DELIVERED,73000,7300000,0,0,0,0,0,0,11600,1160000,-,61400,6140000,IDR,"August 23, 2026 11:50:51AM","August 23, 2026 12:18:36PM",2,2,delivery,Other,Other,-,11600,1160000,0,0,0,0,-,-,0,0,N/A
75644932,00178531339-C8DXMGNBLPJUPE,GF-996,GrabFood,,"""Herbox""",Greenville,"""1x Fish Burger Vegan, 2x Katsu Wrap vegan Herbox, 1x French Fries""","""Vegan Burger,Wrap Series,Sides""","""N/A""",DELIVERED,207000,20700000,0,0,0,0,0,0,38400,3840000,-,168600,16860000,IDR,"August 23, 2026 11:39:53AM","August 23, 2026 12:17:01PM",4,3,delivery,Other,Other,-,38400,3840000,0,0,0,0,-,-,0,0,15 min 1 sec
75644388,00120786046-C8DXMFWKGLBXLJ,GF-084,GrabFood,,"""American Breakfast Club""",Greenville,"""1x 2 Pancakes - Butter, Maple Syrup""","""American Breakfast Pancakes""","""1x Cutleries""",DELIVERED,49500,4950000,0,0,0,0,0,0,10200,1020000,-,39300,3930000,IDR,"August 23, 2026 11:34:40AM","August 23, 2026 12:15:00PM",1,1,delivery,Other,Other,-,10200,1020000,0,0,0,0,-,-,0,0,N/A
75643006,0010309635-C8DXMB6HNZEYME,GF-329,GrabFood,,"""American Breakfast Club""",Greenville,"""1x Mushroom Omelette - Mushrooms, Spinach, Side Tater Tots, 1x Burrito - Mock Beef, 2 Scrambled Eggs, Cheddar, Avocado, Tater Tots,""","""American Breakfast Omelettes,American Breakfast Burritos""","""N/A""",CANCELLED,136000,13600000,0,0,0,0,0,0,23400,2340000,-,112600,11260000,IDR,"August 23, 2026 11:19:58AM","August 23, 2026 01:00:01PM",2,2,delivery,Other,Other,-,23400,2340000,0,0,0,0,PROBLEM_CONTACT_CUSTOMER,provider,0,0,10 min 6 sec
75640707,F-3331589239,6994,gofood,,"""American Breakfast Club""",Kemang,"""1x Burrito - 2 Scrambled Eggs, Cheddar, Avocado, Tater Tots, 1x Cheese Omelette - Side Tater Tots""","""American Breakfast Burritos,American Breakfast Omelettes""","""N/A""",DELIVERED,101500,10150000,0,0,0,0,4000,400000,55700,5570000,-,84935,8493500,IDR,"August 23, 2026 10:54:25AM","August 23, 2026 11:10:24AM",2,2,delivery,N/A,N/A,-,20565,2056500,35135,3513500,0,0,-,-,0,0,N/A
75638408,F-3331550550,3339,gofood,,"""American Breakfast Club""",Kemang,"""2x Burrito - 2 Scrambled Eggs, Cheddar, Avocado, Tater Tots""","""American Breakfast Burritos""","""N/A""",DELIVERED,87000,8700000,0,0,0,0,4000,400000,39200,3920000,-,73360,7336000,IDR,"August 23, 2026 10:27:33AM","August 23, 2026 11:17:32AM",2,1,delivery,N/A,N/A,-,17640,1764000,21560,2156000,0,0,-,-,0,0,N/A
75638170,001628664062-C8DXLYKYENBJVX,GF-432,GrabFood,,"""American Breakfast Club""",Greenville,"""1x Burrito - Mock Beef, 2 Scrambled Eggs, Cheddar, Avocado, Tater Tots,, 1x 2 Pancakes - Chocolate Chips, Butter, Maple Syrup, 1x 2 Pancakes - Butter, Maple Syrup""","""American Breakfast Burritos,American Breakfast Pancakes""","""N/A""",DELIVERED,174000,17400000,0,0,0,0,0,0,26100,2610000,-,147900,14790000,IDR,"August 23, 2026 10:25:45AM","August 23, 2026 11:06:43AM",3,3,delivery,Other,Other,-,26100,2610000,0,0,0,0,-,-,0,0,N/A
75638045,F-3331539611,2552,gofood,,"""American Breakfast Club""",Kemang,"""1x Burrito - 2 Scrambled Eggs, Cheddar, Avocado, Tater Tots, 1x Burrito - Mock Chicken, 2 Scrambled Eggs, Cheddar, Avocado, Tater Tots""","""American Breakfast Burritos""","""N/A""",DELIVERED,111500,11150000,0,0,0,0,4000,400000,50200,5020000,-,92910,9291000,IDR,"August 23, 2026 10:19:25AM","August 23, 2026 11:21:22AM",2,2,delivery,N/A,N/A,-,22590,2259000,27610,2761000,0,0,-,-,0,0,N/A
75637967,001555994230-C8DXLX5JEUBYGE,GF-427,GrabFood,,"""American Breakfast Club""",Kemang,"""1x 2 Pancakes - Blueberries, Butter, Maple Syrup, 1x Sandwich - 2 Scrambled Eggs Mock Beef, Cheddar Cheese  on a wavy brioche bun""","""American Breakfast Sandwiches,American Breakfast Pancakes""","""N/A""",DELIVERED,116000,11600000,0,0,0,0,0,0,23200,2320000,-,92800,9280000,IDR,"August 23, 2026 10:23:00AM","August 23, 2026 11:09:42AM",2,2,delivery,Other,Other,-,23200,2320000,0,0,0,0,-,-,0,0,N/A
75637690,00124811710-C8DXLXM2NKMER6,GF-942,GrabFood,,"""American Breakfast Club""",Kemang,"""1x Burrito - 2 Scrambled Eggs, Cheddar, Avocado, Tater Tots, 1x 2 Pancakes - Butter, Maple Syrup""","""American Breakfast Burritos,American Breakfast Pancakes""","""N/A""",DELIVERED,106000,10600000,0,0,0,0,0,0,21200,2120000,-,84800,8480000,IDR,"August 23, 2026 10:19:48AM","August 23, 2026 11:01:38AM",2,2,delivery,Other,Other,-,21200,2120000,0,0,0,0,-,-,0,0,N/A
75637617,F-3331538580,9988,gofood,,"""American Breakfast Club""",Kemang,"""1x Burrito - 2 Scrambled Eggs, Cheddar, Avocado, Tater Tots, 1x Burrito - Mock Chicken, 2 Scrambled Eggs, Cheddar, Avocado, Tater Tots""","""American Breakfast Burritos""","""N/A""",CANCELLED,111500,11150000,0,0,0,0,4000,400000,50200,5020000,-,92910,9291000,IDR,"August 23, 2026 10:18:37AM",,2,2,delivery,N/A,N/A,-,22590,2259000,27610,2761000,0,0,N/A,N/A,0,0,N/A
75637508,001549818061-C8DXLXBXWAAKC2,GF-696,GrabFood,,"""American Breakfast Club""",Kemang,"""1x Burrito - Mock Chicken, 2 Scrambled Eggs, Cheddar, Avocado, Tater Tots""","""American Breakfast Burritos""","""N/A""",DELIVERED,68000,6800000,0,0,0,0,0,0,0,0,-,68000,6800000,IDR,"August 23, 2026 10:17:30AM","August 23, 2026 11:15:33AM",1,1,delivery,Other,Other,-,0,0,0,0,0,0,-,-,0,0,N/A
75636638,F-3331516421,7491,gofood,,"""American Breakfast Club""",Kemang,"""1x Burrito - 2 Scrambled Eggs, Cheddar, Avocado, Tater Tots, 1x Tater Tots, 1x Cheese Omelette - Side Tater Tots""","""American Breakfast Burritos,Sides,American Breakfast Omelettes""","""N/A""",DELIVERED,129500,12950000,0,0,0,0,4000,400000,68300,6830000,-,107265,10726500,IDR,"August 23, 2026 10:01:20AM","August 23, 2026 10:29:35AM",3,3,delivery,N/A,N/A,-,26235,2623500,42065,4206500,0,0,-,-,0,0,N/A
75636483,00190412310-C8DXLTWBEGKWJ6,GF-459,GrabFood,,"""American Breakfast Club""",Greenville,"""2x Burrito - Mock Beef, 2 Scrambled Eggs, Cheddar, Avocado, Tater Tots,, 1x Cheese Omelette - Side Tater Tots""","""American Breakfast Burritos,American Breakfast Omelettes""","""N/A""",DELIVERED,194000,19400000,0,0,0,0,0,0,29100,2910000,-,164900,16490000,IDR,"August 23, 2026 10:04:31AM","August 23, 2026 10:58:51AM",3,2,delivery,Other,Other,-,29100,2910000,0,0,0,0,-,-,0,0,10 min 12 sec
75636429,F-3331517599,4674,gofood,,"""Tyfel Coffee""",Kemang,"""1x Breakfast Burrito, 1x Cheese Omlette-side Of Tater Tots""","""Breakfast Burritos,Breakfast Omlettes""","""N/A""",DELIVERED,116000,11600000,0,0,0,0,4000,400000,52200,5220000,-,96510,9651000,IDR,"August 23, 2026 10:02:19AM","August 23, 2026 10:23:42AM",2,2,delivery,N/A,N/A,-,23490,2349000,28710,2871000,0,0,-,-,0,0,N/A
75636093,00187281873-C8DXLRLUGGMZL6,GF-058,GrabFood,,"""Herbox""",Greenville,"""1x Pesmol Vegan Vegetarian Ricebox, 1x Rica Rica Vegan Vegetarian Ricebox""","""Ricebox""","""N/A""",DELIVERED,78000,7800000,0,0,0,0,0,0,15600,1560000,-,62400,6240000,IDR,"August 23, 2026 09:59:21AM","August 23, 2026 10:32:26AM",2,2,delivery,Other,Other,-,15600,1560000,0,0,0,0,-,-,0,0,13 min 46 sec
75635881,F-3331510131,9879,gofood,,"""American Breakfast Club""",Greenville,"""1x Cheese Omelette - Side Tater Tots, 1x Tater Tots""","""Sides,American Breakfast Omelettes""","""1x Tatter Tots""",DELIVERED,98800,9880000,0,0,0,0,4000,400000,39700,3970000,-,89435,8943500,IDR,"August 23, 2026 09:55:16AM","August 23, 2026 10:19:04AM",2,2,delivery,N/A,N/A,-,13365,1336500,26335,2633500,0,0,-,-,0,0,N/A
75635507,001241692370-C8DXLN31LGB3NE,GF-886,GrabFood,,"""LA Breakfast Club""",Greenville,"""1x Chicken Nugget, 1x Cheese Omelette - Side of Tater Tots, 2x Mock Katsu Burrito""","""LA Breakfast Burritos,Sides,LA Breakfast Omelettes""","""N/A""",DELIVERED,282000,28200000,0,0,0,0,0,0,120030,12003000,-,161970,16197000,IDR,"August 23, 2026 09:49:09AM","August 23, 2026 10:33:31AM",4,3,delivery,Other,Other,-,120030,12003000,0,0,0,0,-,-,0,0,18 min 38 sec
75635291,001728136398-C8DXLLMGJF4HCX,GF-201,GrabFood,,"""People Pasta""",Greenville,"""1x Vegan Fillet-no-Fish, 1x Truffle Tatter Tots""","""Meatless Burgers""","""N/A""",DELIVERED,81000,8100000,0,0,0,0,0,0,29808,2980800,-,51192,5119200,IDR,"August 23, 2026 09:45:09AM","August 23, 2026 10:08:15AM",2,2,delivery,Other,Other,-,29808,2980800,0,0,0,0,-,-,0,0,15 min 31 sec
75635157,0012788648-C8DXLLLZJ6BFLX,GF-247,GrabFood,,"""American Breakfast Club""",Kemang,"""1x Burrito - Mock Chicken, 2 Scrambled Eggs, Cheddar, Avocado, Tater Tots""","""American Breakfast Burritos""","""N/A""",DELIVERED,68000,6800000,0,0,0,0,0,0,0,0,-,68000,6800000,IDR,"August 23, 2026 09:42:48AM","August 23, 2026 10:20:18AM",1,1,delivery,Other,Other,-,0,0,0,0,0,0,-,-,0,0,N/A
75635133,F-3331496264,2533,gofood,,"""American Breakfast Club""",Kemang,"""1x Burrito - 2 Scrambled Eggs, Cheddar, Avocado, Tater Tots""","""American Breakfast Burritos""","""N/A""",DELIVERED,43500,4350000,0,0,0,0,4000,400000,0,0,-,47500,4750000,IDR,"August 23, 2026 09:41:49AM","August 23, 2026 10:07:04AM",1,1,delivery,N/A,N/A,-,0,0,0,0,0,0,-,-,0,0,N/A
75634230,00172189090-C8DXLGJ3AEKYAX,GF-682,GrabFood,,"""American Breakfast Club""",Kemang,"""1x Mushroom Omelette - Mushrooms, Spinach, Side Tater Tots""","""American Breakfast Omelettes""","""N/A""",DELIVERED,68000,6800000,0,0,0,0,0,0,13600,1360000,-,54400,5440000,IDR,"August 23, 2026 09:25:29AM","August 23, 2026 09:58:57AM",1,1,delivery,Other,Other,-,13600,1360000,0,0,0,0,-,-,0,0,N/A
75633618,001472947127-C8DXLEVVHGKXG6,GF-783,GrabFood,,"""American Breakfast Club""",Kemang,"""2x Mushroom Omelette - Mushrooms, Spinach, Side Tater Tots""","""American Breakfast Omelettes""","""N/A""",DELIVERED,136000,13600000,0,0,0,0,0,0,50048,5004800,-,85952,8595200,IDR,"August 23, 2026 09:14:22AM","August 23, 2026 10:01:01AM",2,1,delivery,Other,Other,-,50048,5004800,0,0,0,0,-,-,0,0,N/A
75633549,00188351889-C8DXLEMBATLBLX,GF-429,GrabFood,,"""American Breakfast Club""",Kemang,"""1x Burrito - Mock Beef, 2 Scrambled Eggs, Cheddar, Avocado, Tater Tots,, 1x Burrito - Mock Fish, 2 Scrambled Eggs, Cheddar, Avocado, Tater Tots,""","""American Breakfast Burritos""","""N/A""",DELIVERED,136000,13600000,0,0,0,0,0,0,13600,1360000,-,122400,12240000,IDR,"August 23, 2026 09:12:51AM","August 23, 2026 09:52:36AM",2,2,delivery,Other,Other,-,13600,1360000,0,0,0,0,-,-,0,0,N/A
75633326,001235996093-C8DXLCDWNB3HV2,GF-051,GrabFood,,"""American Breakfast Club""",Greenville,"""1x Mushroom Omelette - Mushrooms, Spinach, Side Tater Tots, 1x Sandwich - 2 Scrambled Eggs Mock Beef, Cheddar Cheese  on a wavy brioche bun""","""American Breakfast Sandwiches,American Breakfast Omelettes""","""N/A""",DELIVERED,126000,12600000,0,0,0,0,0,0,21900,2190000,-,104100,10410000,IDR,"August 23, 2026 09:08:03AM","August 23, 2026 09:27:57AM",2,2,delivery,Other,Other,-,21900,2190000,0,0,0,0,-,-,0,0,7 min 48 sec
75633119,00104633513-C8DXLBUTWAJTVJ,GF-391,GrabFood,,"""American Breakfast Club""",Greenville,"""1x Cheese Omelette - Side Tater Tots""","""American Breakfast Omelettes""","""N/A""",DELIVERED,58000,5800000,0,0,12000,1200000,0,0,31025,3102500,-,49300,4930000,IDR,"August 23, 2026 09:04:00AM","August 23, 2026 09:22:54AM",1,1,delivery,Cash,Cash,-,8700,870000,22325,2232500,0,0,-,-,0,0,5 min 15 sec
75632667,00103923329-C8DXKGLEWF41G6,GF-754,GrabFood,,"""LA Breakfast Club""",Greenville,"""1x Blueberry Pancakes (2 Pcs), 1x Chocolate Chip Pancakes (2 Pcs)""","""LA Breakfast Pancakes""","""N/A""",DELIVERED,148000,14800000,0,0,0,0,0,0,64420,6442000,-,83580,8358000,IDR,"August 23, 2026 08:52:35AM","August 23, 2026 09:45:36AM",2,2,delivery,Other,Other,-,64420,6442000,0,0,0,0,-,-,0,0,19 min 18 sec
75632595,F-3331442278,6913,gofood,,"""American Breakfast Club""",Greenville,"""1x Burrito - Mock Beef, 2 Scrambled Eggs, Cheddar, Avocado, Tater Tots,""","""American Breakfast Burritos""","""N/A""",DELIVERED,51000,5100000,0,0,0,0,4000,400000,0,0,-,55000,5500000,IDR,"August 23, 2026 08:38:35AM","August 23, 2026 09:21:55AM",1,1,delivery,N/A,N/A,-,0,0,0,0,0,0,-,-,0,0,1 min 27 sec
75632521,F-3331449065,4574,gofood,,"""Tyfel Coffee""",Greenville,"""1x Mock Chicken Sandwich, 1x Risotto, 1x Philly Cheese Steak""","""Brunch,Breakfast Sandwiches,Main Course""","""N/A""",DELIVERED,177000,17700000,0,0,0,0,4000,400000,89700,8970000,-,145135,14513500,IDR,"August 23, 2026 08:48:05AM","August 23, 2026 09:15:29AM",3,3,delivery,N/A,N/A,-,35865,3586500,53835,5383500,0,0,-,-,0,0,N/A
75632085,F-3331440536,7145,gofood,,"""American Breakfast Club""",Kemang,"""1x Burrito - Mock Beef, 2 Scrambled Eggs, Cheddar, Avocado, Tater Tots,""","""American Breakfast Burritos""","""N/A""",DELIVERED,68000,6800000,0,0,0,0,4000,400000,30400,3040000,-,62820,6282000,IDR,"August 23, 2026 08:36:15AM","August 23, 2026 08:55:24AM",1,1,delivery,N/A,N/A,-,9180,918000,21220,2122000,0,0,-,-,0,0,N/A
75631678,F-3331430860,1263,gofood,,"""American Breakfast Club""",Kemang,"""1x Burrito - Mock Katsu, 2 Scrambled Eggs, Cheddar, Avocado, Tater Tots""","""American Breakfast Burritos""","""N/A""",DELIVERED,68000,6800000,0,0,0,0,4000,400000,30400,3040000,-,62820,6282000,IDR,"August 23, 2026 08:22:08AM","August 23, 2026 08:36:56AM",1,1,delivery,N/A,N/A,-,9180,918000,21220,2122000,0,0,-,-,0,0,N/A
75631550,001820074888-C8DXKADKNP43GA,GF-328,GrabFood,,"""American Breakfast Club""",Greenville,"""1x Sandwich - 2 Scrambled Eggs Mock Beef, Cheddar Cheese  on a wavy brioche bun""","""American Breakfast Sandwiches""","""N/A""",DELIVERED,58000,5800000,0,0,0,0,0,0,22053,2205300,-,35947,3594700,IDR,"August 23, 2026 08:21:21AM","August 23, 2026 08:56:42AM",1,1,delivery,Other,Other,-,22053,2205300,0,0,0,0,-,-,0,0,N/A
75630798,F-3331414058,5441,gofood,,"""American Breakfast Club""",Kemang,"""1x Burrito - 2 Scrambled Eggs, Cheddar, Avocado, Tater Tots""","""American Breakfast Burritos""","""1x Chick Nugget""",DELIVERED,78500,7850000,0,0,0,0,4000,400000,35400,3540000,-,66570,6657000,IDR,"August 23, 2026 07:55:39AM","August 23, 2026 08:30:50AM",1,1,delivery,N/A,N/A,-,15930,1593000,19470,1947000,0,0,-,-,0,0,N/A
75630795,0011758435-C8DXJ3MALF6CT2,GF-079,GrabFood,,"""American Breakfast Club""",Greenville,"""1x Sandwich - 2 Scrambled Eggs, Mock Chicken, Cheddar Cheese Mix, Brioche Bun""","""American Breakfast Sandwiches""","""N/A""",DELIVERED,58000,5800000,0,0,0,0,0,0,8700,870000,-,49300,4930000,IDR,"August 23, 2026 07:56:10AM","August 23, 2026 08:16:40AM",1,1,delivery,Other,Other,-,8700,870000,0,0,0,0,-,-,0,0,5 min 6 sec
75630598,00150997848-C8DXJ2E2SCD3NA,GF-560,GrabFood,,"""American Breakfast Club""",Greenville,"""1x 2 Pancakes - Blueberries, Butter, Maple Syrup, 1x Cheese Omelette - Side Tater Tots""","""American Breakfast Pancakes,American Breakfast Omelettes""","""N/A""",DELIVERED,116000,11600000,0,0,0,0,0,0,20400,2040000,-,95600,9560000,IDR,"August 23, 2026 07:48:30AM","August 23, 2026 08:32:51AM",2,2,delivery,Other,Other,-,20400,2040000,0,0,0,0,-,-,0,0,12 min 40 sec
75630555,001196498901-C8DXJ2AWN8LBGJ,GF-277,GrabFood,,"""American Breakfast Club""",Kemang,"""2x Burrito - 2 Scrambled Eggs, Cheddar, Avocado, Tater Tots, 1x Burrito - Mock Chicken, 2 Scrambled Eggs, Cheddar, Avocado, Tater Tots, 1x Burrito - Mock Beef, 2 Scrambled Eggs, Cheddar, Avocado, Tater Tots,""","""American Breakfast Burritos""","""2x Tatter Tots""",DELIVERED,312000,31200000,0,0,0,0,0,0,23200,2320000,-,288800,28880000,IDR,"August 23, 2026 07:47:03AM","August 23, 2026 08:27:50AM",4,4,delivery,Other,Other,-,23200,2320000,0,0,0,0,-,-,0,0,N/A
75629932,00130133211-C8DXJT6FA7DCG6,GF-593,GrabFood,,"""American Breakfast Club""",Greenville,"""1x 2 Pancakes - Blueberries, Butter, Maple Syrup, 1x Cheese Omelette - Side Tater Tots, 1x Mushroom Omelette - Mushrooms, Spinach, Side Tater Tots""","""American Breakfast Pancakes,American Breakfast Omelettes""","""N/A""",DELIVERED,184000,18400000,0,0,0,0,0,0,27600,2760000,-,156400,15640000,IDR,"August 23, 2026 07:19:55AM","August 23, 2026 08:00:04AM",3,3,delivery,Other,Other,-,27600,2760000,0,0,0,0,-,-,0,0,9 min 53 sec
75629551,001793917718-C8DXJLC2AEVBME,GF-139,GrabFood,,"""American Breakfast Club""",Greenville,"""1x Cheese Omelette - Side Tater Tots""","""American Breakfast Omelettes""","""1x Cutleries""",DELIVERED,59500,5950000,0,0,0,0,0,0,11700,1170000,-,47800,4780000,IDR,"August 23, 2026 07:01:46AM","August 23, 2026 07:47:15AM",1,1,delivery,Other,Other,-,11700,1170000,0,0,0,0,-,-,0,0,14 min 10 sec
75629412,F-3331385218,3937,gofood,,"""American Breakfast Club""",Greenville,"""1x Burrito - 2 Scrambled Eggs, Cheddar, Avocado, Tater Tots""","""American Breakfast Burritos""","""N/A""",DELIVERED,46400,4640000,0,0,0,0,4000,400000,0,0,-,50400,5040000,IDR,"August 23, 2026 06:52:06AM","August 23, 2026 09:08:14AM",1,1,delivery,N/A,N/A,-,0,0,0,0,0,0,-,-,0,0,N/A
75629290,F-3331382556,7816,gofood,,"""American Breakfast Club""",Greenville,"""4x Burrito - 2 Scrambled Eggs, Cheddar, Avocado, Tater Tots, 1x Tater Tots With Truffle Oil""","""American Breakfast Burritos,Sides""","""N/A""",DELIVERED,216000,21600000,0,0,0,0,4000,400000,97200,9720000,-,176260,17626000,IDR,"August 23, 2026 06:43:29AM","August 23, 2026 07:23:53AM",5,2,delivery,N/A,N/A,-,43740,4374000,53460,5346000,0,0,-,-,0,0,N/A
75629218,00136970141-C8DXJGDUTU4GC6,GF-082,GrabFood,,"""American Breakfast Club""",Greenville,"""4x Burrito - Mock Beef, 2 Scrambled Eggs, Cheddar, Avocado, Tater Tots,""","""American Breakfast Burritos""","""N/A""",DELIVERED,272000,27200000,0,0,0,0,0,0,40800,4080000,-,231200,23120000,IDR,"August 23, 2026 06:39:30AM","August 23, 2026 07:21:03AM",4,1,delivery,Other,Other,-,40800,4080000,0,0,0,0,-,-,0,0,N/A
75628838,001098446527-C8DXJANETTDYAX,GF-728,GrabFood,,"""American Breakfast Club""",Greenville,"""1x Burrito - Mock Chicken, 2 Scrambled Eggs, Cheddar, Avocado, Tater Tots""","""American Breakfast Burritos""","""N/A""",DELIVERED,68000,6800000,0,0,0,0,0,0,10200,1020000,-,57800,5780000,IDR,"August 23, 2026 06:10:13AM","August 23, 2026 06:49:23AM",1,1,delivery,Other,Other,-,10200,1020000,0,0,0,0,-,-,0,0,N/A
75627413,001002531698-C8DXFE61AVEULX,GF-736F,GrabFood,,"""American Breakfast Club""",Greenville,"""1x Burrito - 2 Scrambled Eggs, Cheddar, Avocado, Tater Tots""","""American Breakfast Burritos""","""N/A""",DELIVERED,58000,5800000,0,0,0,0,0,0,8700,870000,-,49300,4930000,IDR,"August 23, 2026 06:00:04AM","August 23, 2026 06:40:48AM",1,1,delivery,Other,Other,-,8700,870000,0,0,0,0,-,-,0,0,N/A
75596708,001510258834-C8DWV6W2R8JXDE,GF-238F,GrabFood,,"""American Breakfast Club""",Greenville,"""1x Cheese Omelette - Side Tater Tots""","""American Breakfast Omelettes""","""N/A""",DELIVERED,58000,5800000,0,0,0,0,0,0,8700,870000,-,49300,4930000,IDR,"August 23, 2026 07:30:02AM","August 23, 2026 07:52:07AM",1,1,delivery,Other,Other,-,8700,870000,0,0,0,0,-,-,0,0,N/A
