Order ID,External ID,Short ID,Provider,Order Source,Brand,Branch,Menu Items,Menu Categories,Menu Modifiers,Item Quantity,Modifier Quantity,Item Sale Price,Modifier Sale Price,Created At,Status
78443924,F-3370776449,1468,gofood,,People Pasta,Greenville,Bolognese - Vegan Friendly - Vegetarian - Plantbase,Signature Pasta,,1,,43000.00,,"September 26, 2026 08:11:58PM",DELIVERED
78443924,F-3370776449,1468,gofood,,People Pasta,Greenville,Bolognese - Vegan Friendly - Vegetarian - Plantbase,Signature Pasta,Spaghetti,,1,,0.00,"September 26, 2026 08:11:58PM",DELIVERED
78443924,F-3370776449,1468,gofood,,People Pasta,Greenville,Vegan Chicken Crispy Burger,Meatless Burgers,,2,,49000.00,,"September 26, 2026 08:11:58PM",DELIVERED
78443924,F-3370776449,1468,gofood,,People Pasta,Greenville,Truffle Fries,Side Dish,,1,,30000.00,,"September 26, 2026 08:11:58PM",DELIVERED
78441956,F-3370737271,9732,gofood,,American Breakfast Club,Greenville,"Burrito - Mock Fish, 2 Scrambled Eggs, Cheddar, Avocado, Tater Tots,",American Breakfast Burritos,,1,,54400.00,,"September 26, 2026 07:45:53PM",DELIVERED
78439819,001121342425-C8JEE22GBE2JGA,GF-363,GrabFood,,American Breakfast Club,Greenville,"Sandwich - 2 Scrambled Eggs Mock Beef, Cheddar Cheese  on a wavy brioche bun",American Breakfast Sandwiches,,1,,58000.00,,"September 26, 2026 07:38:37PM",DELIVERED
78438348,F-3370681724,3136,gofood,,American Breakfast Club,Greenville,"Burrito - Mock Fish, 2 Scrambled Eggs, Cheddar, Avocado, Tater Tots,",American Breakfast Burritos,,1,,54400.00,,"September 26, 2026 07:12:05PM",DELIVERED
78438348,F-3370681724,3136,gofood,,American Breakfast Club,Greenville,"Burrito - Mock Fish, 2 Scrambled Eggs, Cheddar, Avocado, Tater Tots,",American Breakfast Burritos,Truffle Tater Tots,,1,,40000.00,"September 26, 2026 07:12:05PM",DELIVERED
78438348,F-3370681724,3136,gofood,,American Breakfast Club,Greenville,"Burrito - Mock Chicken, 2 Scrambled Eggs, Cheddar, Avocado, Tater Tots",American Breakfast Burritos,,1,,54400.00,,"September 26, 2026 07:12:05PM",DELIVERED
78431449,001308555261-C8JEEJ23FEC1GJ,GF-346,GrabFood,,People Pasta,Greenville,Tattert Tots,,,3,,28000.00,,"September 26, 2026 06:32:11PM",DELIVERED
78429098,001918644564-C8JEEEMDAFCAG2,GF-570,GrabFood,,People Pasta,Greenville,Meat-less Burger - Vegan,Meatless Burgers,,1,,49000.00,,"September 26, 2026 06:12:54PM",DELIVERED
78429098,001918644564-C8JEEEMDAFCAG2,GF-570,GrabFood,,People Pasta,Greenville,Meat-less Burger - Vegan,Meatless Burgers,Tattert Tots,,1,,28000.00,"September 26, 2026 06:12:54PM",DELIVERED
78429098,001918644564-C8JEEEMDAFCAG2,GF-570,GrabFood,,People Pasta,Greenville,Meat-less Burger - Vegan,Meatless Burgers,,1,,49000.00,,"September 26, 2026 06:12:54PM",DELIVERED
78429098,001918644564-C8JEEEMDAFCAG2,GF-570,GrabFood,,People Pasta,Greenville,Home Fries,,,1,,25000.00,,"September 26, 2026 06:12:54PM",DELIVERED
78422284,001695430697-C8JEC7LXFAAKLX,GF-236,GrabFood,,American Breakfast Club,Greenville,Cheese Omelette - Side Tater Tots,American Breakfast Omelettes,,1,,58000.00,,"September 26, 2026 05:12:45PM",DELIVERED
78422284,001695430697-C8JEC7LXFAAKLX,GF-236,GrabFood,,American Breakfast Club,Greenville,"Sandwich - 2 Scrambled Eggs, Mock Chicken, Cheddar Cheese Mix, Brioche Bun",American Breakfast Sandwiches,,1,,58000.00,,"September 26, 2026 05:12:45PM",DELIVERED
78420003,00199828979-C8JEC2UDAPT1CE,GF-066,GrabFood,,American Breakfast Club,Greenville,"2 Pancakes - Chocolate Chips, Butter, Maple Syrup",American Breakfast Pancakes,,1,,58000.00,,"September 26, 2026 04:50:33PM",DELIVERED
78416201,00113494209-C8JECRDABA4BSA,GF-529,GrabFood,,Herbox,Greenville,Nasi Goreng Bintang Kuning Vegan Vegetarian,Nasi Goreng Special,,1,,35000.00,,"September 26, 2026 04:11:10PM",DELIVERED
78416201,00113494209-C8JECRDABA4BSA,GF-529,GrabFood,,Herbox,Greenville,Lada Hitam Blackpepper Vegan Vegetarian Ricebox,Ricebox,,1,,39000.00,,"September 26, 2026 04:11:10PM",DELIVERED
78416201,00113494209-C8JECRDABA4BSA,GF-529,GrabFood,,Herbox,Greenville,Kung Paow Chick Vegan Vegetarian Ricebox,Ricebox,,1,,39000.00,,"September 26, 2026 04:11:10PM",DELIVERED
78410497,00132926662-C8JEBGJXGU3DV6,GF-488,GrabFood,,American Breakfast Club,Greenville,"Burrito - Mock Chicken, 2 Scrambled Eggs, Cheddar, Avocado, Tater Tots",American Breakfast Burritos,,1,,68000.00,,"September 26, 2026 03:05:27PM",DELIVERED
78410497,00132926662-C8JEBGJXGU3DV6,GF-488,GrabFood,,American Breakfast Club,Greenville,"Burrito - Mock Chicken, 2 Scrambled Eggs, Cheddar, Avocado, Tater Tots",American Breakfast Burritos,Cutleries,,1,,1500.00,"September 26, 2026 03:05:27PM",DELIVERED
78410497,00132926662-C8JEBGJXGU3DV6,GF-488,GrabFood,,American Breakfast Club,Greenville,"Burrito - Mock Chicken, 2 Scrambled Eggs, Cheddar, Avocado, Tater Tots",American Breakfast Burritos,Truffle Tater Tots,,1,,40000.00,"September 26, 2026 03:05:27PM",DELIVERED
78399739,00125570760-C8JEANAJGVLHV2,GF-667,GrabFood,,American Breakfast Club,Greenville,"2 Pancakes - Butter, Maple Syrup",American Breakfast Pancakes,,2,,48000.00,,"September 26, 2026 01:10:19PM",DELIVERED
78398200,F-3370171547,2227,gofood,,American Breakfast Club,Greenville,"Burrito - 2 Scrambled Eggs, Cheddar, Avocado, Tater Tots",American Breakfast Burritos,,1,,46400.00,,"September 26, 2026 12:54:08PM",DELIVERED
78398200,F-3370171547,2227,gofood,,American Breakfast Club,Greenville,"Burrito - 2 Scrambled Eggs, Cheddar, Avocado, Tater Tots",American Breakfast Burritos,Truffle Tater Tots,,1,,40000.00,"September 26, 2026 12:54:08PM",DELIVERED
78394913,F-3370119358,7967,gofood,,American Breakfast Club,Kemang,"Egg burger - 2 Scrambled Eggs, Cheddar Cheese, Secret Sauce",American Breakfast Burger,,1,,45000.00,,"September 26, 2026 12:21:50PM",DELIVERED
78394913,F-3370119358,7967,gofood,,American Breakfast Club,Kemang,"Egg burger - 2 Scrambled Eggs, Cheddar Cheese, Secret Sauce",American Breakfast Burger,Home Fries,,1,,30000.00,"September 26, 2026 12:21:50PM",DELIVERED
78392142,00145895292-C8JDWBLTJPVYJ6,GF-505,GrabFood,,Herbox,Greenville,Nasi Goreng Bulan Merah Vegan Vegetarian,Nasi Goreng Special,,1,,35000.00,,"September 26, 2026 11:56:57AM",DELIVERED
78392142,00145895292-C8JDWBLTJPVYJ6,GF-505,GrabFood,,Herbox,Greenville,Beef Mentai Vegan Vegetarian Rice,Mentai Vegan,,1,,59000.00,,"September 26, 2026 11:56:57AM",DELIVERED
78392142,00145895292-C8JDWBLTJPVYJ6,GF-505,GrabFood,,Herbox,Greenville,Tater tots,Sides,,1,,30000.00,,"September 26, 2026 11:56:57AM",DELIVERED
78390216,001077695306-C8JDV7LJTZDGVT,GF-752,GrabFood,,American Breakfast Club,Greenville,Cheese Omelette - Side Tater Tots,American Breakfast Omelettes,,1,,58000.00,,"September 26, 2026 11:39:18AM",DELIVERED
78390216,001077695306-C8JDV7LJTZDGVT,GF-752,GrabFood,,American Breakfast Club,Greenville,"2 Pancakes - Chocolate Chips, Butter, Maple Syrup",American Breakfast Pancakes,,1,,58000.00,,"September 26, 2026 11:39:18AM",DELIVERED
78388826,F-3370023673,1362,gofood,,American Breakfast Club,Kemang,"Burrito - Mock Beef, 2 Scrambled Eggs, Cheddar, Avocado, Tater Tots,",American Breakfast Burritos,,1,,68000.00,,"September 26, 2026 11:26:13AM",DELIVERED
78388602,F-3370019033,1112,gofood,,Herbox,Greenville,Katsu Chickin Vegan Vegetarian Ricebox,Ricebox,,1,,31200.00,,"September 26, 2026 11:23:33AM",DELIVERED
78386627,001857146282-C8JDVYLXJ6KCTN,GF-162,GrabFood,,American Breakfast Club,Greenville,"2 Pancakes - Blueberries, Butter, Maple Syrup",American Breakfast Pancakes,,1,,58000.00,,"September 26, 2026 11:06:03AM",DELIVERED
78386627,001857146282-C8JDVYLXJ6KCTN,GF-162,GrabFood,,American Breakfast Club,Greenville,"2 Pancakes - Blueberries, Butter, Maple Syrup",American Breakfast Pancakes,Tatter Tots,,1,,30000.00,"September 26, 2026 11:06:03AM",DELIVERED
78386627,001857146282-C8JDVYLXJ6KCTN,GF-162,GrabFood,,American Breakfast Club,Greenville,"2 Pancakes - Butter, Maple Syrup",American Breakfast Pancakes,,1,,48000.00,,"September 26, 2026 11:06:03AM",DELIVERED
78386627,001857146282-C8JDVYLXJ6KCTN,GF-162,GrabFood,,American Breakfast Club,Greenville,"Burrito - Mock Chicken, 2 Scrambled Eggs, Cheddar, Avocado, Tater Tots",American Breakfast Burritos,,1,,68000.00,,"September 26, 2026 11:06:03AM",DELIVERED
78385002,001011122769-C8JDVUKJR63CJN,GF-379,GrabFood,,American Breakfast Club,Kemang,"2 Pancakes - Blueberries, Butter, Maple Syrup",American Breakfast Pancakes,,1,,58000.00,,"September 26, 2026 10:49:00AM",DELIVERED
78385002,001011122769-C8JDVUKJR63CJN,GF-379,GrabFood,,American Breakfast Club,Kemang,"2 Pancakes - Chocolate Chips, Butter, Maple Syrup",American Breakfast Pancakes,,1,,58000.00,,"September 26, 2026 10:49:00AM",DELIVERED
78385002,001011122769-C8JDVUKJR63CJN,GF-379,GrabFood,,American Breakfast Club,Kemang,"Burrito - Mock Chicken, 2 Scrambled Eggs, Cheddar, Avocado, Tater Tots",American Breakfast Burritos,,1,,68000.00,,"September 26, 2026 10:49:00AM",DELIVERED
78384929,00141669759-C8JDVUEBLTUEME,GF-375,GrabFood,,American Breakfast Club,Greenville,"Burrito - Mock Chicken, 2 Scrambled Eggs, Cheddar, Avocado, Tater Tots",American Breakfast Burritos,,1,,68000.00,,"September 26, 2026 10:48:11AM",DELIVERED
78382800,001682064066-C8JDVNCJRNL3KE,GF-338,GrabFood,,American Breakfast Club,Greenville,"Sandwich - 2 Scrambled Eggs, Mock Fish, Cheddar Cheese, Mix, Brioche Bun",American Breakfast Sandwiches,,1,,58000.00,,"September 26, 2026 10:24:18AM",DELIVERED
78382800,001682064066-C8JDVNCJRNL3KE,GF-338,GrabFood,,American Breakfast Club,Greenville,Home Fries With Truffle Oil,Sides,,1,,48000.00,,"September 26, 2026 10:24:18AM",DELIVERED
78382461,00151576961-C8JDVLAWLGBUHE,GF-225,GrabFood,,People Pasta,Greenville,Creamy Mushroom - Vegetarian - Plantbased,Signature Pasta,,1,,43000.00,,"September 26, 2026 10:20:23AM",DELIVERED
78382461,00151576961-C8JDVLAWLGBUHE,GF-225,GrabFood,,People Pasta,Greenville,Creamy Mushroom - Vegetarian - Plantbased,Signature Pasta,Fettucine,,1,,1000.00,"September 26, 2026 10:20:23AM",DELIVERED
78382461,00151576961-C8JDVLAWLGBUHE,GF-225,GrabFood,,People Pasta,Greenville,Creamy Mushroom - Vegetarian - Plantbased,Signature Pasta,Home Fries,,1,,25000.00,"September 26, 2026 10:20:23AM",DELIVERED
78382391,001798744104-C8JDVK5EEJEFAT,GF-867,GrabFood,,People Pasta,Greenville,Tattert Tots,,,1,,28000.00,,"September 26, 2026 10:19:34AM",DELIVERED
78382391,001798744104-C8JDVK5EEJEFAT,GF-867,GrabFood,,People Pasta,Greenville,Creamy Mushroom - Vegetarian - Plantbased,Signature Pasta,,1,,43000.00,,"September 26, 2026 10:19:34AM",DELIVERED
78382391,001798744104-C8JDVK5EEJEFAT,GF-867,GrabFood,,People Pasta,Greenville,Creamy Mushroom - Vegetarian - Plantbased,Signature Pasta,Fusili,,1,,1000.00,"September 26, 2026 10:19:34AM",DELIVERED
78382391,001798744104-C8JDVK5EEJEFAT,GF-867,GrabFood,,People Pasta,Greenville,Cacio e Pepe - Vegetarian - Plantbased,Signature Pasta,,1,,43000.00,,"September 26, 2026 10:19:34AM",DELIVERED
78382391,001798744104-C8JDVK5EEJEFAT,GF-867,GrabFood,,People Pasta,Greenville,Cacio e Pepe - Vegetarian - Plantbased,Signature Pasta,Fettucine,,1,,1000.00,"September 26, 2026 10:19:34AM",DELIVERED
78382299,001744890999-C8JDVK2UGA2ETX,GF-893,GrabFood,,American Breakfast Club,Kemang,"Sandwich - 2 Scrambled Eggs Mock Beef, Cheddar Cheese  on a wavy brioche bun",American Breakfast Sandwiches,,1,,58000.00,,"September 26, 2026 10:18:42AM",DELIVERED
78382299,001744890999-C8JDVK2UGA2ETX,GF-893,GrabFood,,American Breakfast Club,Kemang,"Sandwich - 2 Scrambled Eggs Mock Beef, Cheddar Cheese  on a wavy brioche bun",American Breakfast Sandwiches,Cutleries,,1,,600.00,"September 26, 2026 10:18:42AM",DELIVERED
78382299,001744890999-C8JDVK2UGA2ETX,GF-893,GrabFood,,American Breakfast Club,Kemang,"Sandwich - 2 Scrambled Eggs Mock Beef, Cheddar Cheese  on a wavy brioche bun",American Breakfast Sandwiches,Tatter Tots,,1,,30000.00,"September 26, 2026 10:18:42AM",DELIVERED
78382188,0011953732-C8JDVKTVJUTTL2,GF-533,GrabFood,,American Breakfast Club,Kemang,"Burrito - 2 Scrambled Eggs, Cheddar, Avocado, Tater Tots",American Breakfast Burritos,,3,,58000.00,,"September 26, 2026 10:17:03AM",DELIVERED
78382188,0011953732-C8JDVKTVJUTTL2,GF-533,GrabFood,,American Breakfast Club,Kemang,Sandwich - 2 Scrambled Eggs melty cheddar cheese on a wavy brioche bun,American Breakfast Sandwiches,,3,,45000.00,,"September 26, 2026 10:17:03AM",DELIVERED
78381700,F-3369908286,4982,gofood,,American Breakfast Club,Greenville,"Burrito - Mock Chicken, 2 Scrambled Eggs, Cheddar, Avocado, Tater Tots",American Breakfast Burritos,,2,,54400.00,,"September 26, 2026 10:10:45AM",DELIVERED
78381601,0014965248-C8JDVJNZEVJBV6,GF-758,GrabFood,,American Breakfast Club,Kemang,Cheese Omelette - Side Tater Tots,American Breakfast Omelettes,,1,,58000.00,,"September 26, 2026 10:10:09AM",DELIVERED
78381601,0014965248-C8JDVJNZEVJBV6,GF-758,GrabFood,,American Breakfast Club,Kemang,"Burrito - 2 Scrambled Eggs, Cheddar, Avocado, Tater Tots",American Breakfast Burritos,,1,,58000.00,,"September 26, 2026 10:10:09AM",DELIVERED
78381577,F-3369906311,7214,gofood,,American Breakfast Club,Greenville,"Burrito - 2 Scrambled Eggs, Cheddar, Avocado, Tater Tots",American Breakfast Burritos,,1,,46400.00,,"September 26, 2026 10:09:18AM",DELIVERED
78380500,F-3369889744,1722,gofood,,American Breakfast Club,Kemang,"2 Pancakes - Chocolate Chips, Butter, Maple Syrup",American Breakfast Pancakes,,1,,58000.00,,"September 26, 2026 09:55:14AM",DELIVERED
78379456,F-3369872992,2225,gofood,,American Breakfast Club,Kemang,"Burrito - 2 Scrambled Eggs, Cheddar, Avocado, Tater Tots",American Breakfast Burritos,,1,,58000.00,,"September 26, 2026 09:38:28AM",DELIVERED
78379456,F-3369872992,2225,gofood,,American Breakfast Club,Kemang,"Burrito - 2 Scrambled Eggs, Cheddar, Avocado, Tater Tots",American Breakfast Burritos,Cutleries,,1,,600.00,"September 26, 2026 09:38:28AM",DELIVERED
78379456,F-3369872992,2225,gofood,,American Breakfast Club,Kemang,"Burrito - 2 Scrambled Eggs, Cheddar, Avocado, Tater Tots",American Breakfast Burritos,Tatter Tots,,1,,30000.00,"September 26, 2026 09:38:28AM",DELIVERED
78379456,F-3369872992,2225,gofood,,American Breakfast Club,Kemang,"Original Egg burger - Patties, 2 Scrambled Eggs, Cheddar Cheese, Secret Sauce",American Breakfast Burger,,1,,58000.00,,"September 26, 2026 09:38:28AM",DELIVERED
78379350,00137236594-C8JDVAU2T6B2HE,GF-068,GrabFood,,American Breakfast Club,Kemang,"Burrito - Mock Chicken, 2 Scrambled Eggs, Cheddar, Avocado, Tater Tots",American Breakfast Burritos,,1,,68000.00,,"September 26, 2026 09:37:28AM",DELIVERED
78379199,F-3369869136,2487,gofood,,American Breakfast Club,Kemang,"Burrito - 2 Scrambled Eggs, Cheddar, Avocado, Tater Tots",American Breakfast Burritos,,1,,58000.00,,"September 26, 2026 09:34:31AM",DELIVERED
78379199,F-3369869136,2487,gofood,,American Breakfast Club,Kemang,"Sandwich - 2 Scrambled Eggs, Mock Chicken, Cheddar Cheese Mix, Brioche Bun",American Breakfast Sandwiches,,1,,58000.00,,"September 26, 2026 09:34:31AM",DELIVERED
78378852,0019683057-C8JDUF2VLJ42N6,GF-713,GrabFood,,American Breakfast Club,Kemang,"2 Pancakes - Butter, Maple Syrup",American Breakfast Pancakes,,2,,48000.00,,"September 26, 2026 09:28:43AM",DELIVERED
78378852,0019683057-C8JDUF2VLJ42N6,GF-713,GrabFood,,American Breakfast Club,Kemang,"Burrito - 2 Scrambled Eggs, Cheddar, Avocado, Tater Tots",American Breakfast Burritos,,1,,58000.00,,"September 26, 2026 09:28:43AM",DELIVERED
78378852,0019683057-C8JDUF2VLJ42N6,GF-713,GrabFood,,American Breakfast Club,Kemang,Sandwich - 2 Scrambled Eggs melty cheddar cheese on a wavy brioche bun,American Breakfast Sandwiches,,1,,45000.00,,"September 26, 2026 09:28:43AM",DELIVERED
78378603,F-3369858844,7236,gofood,,American Breakfast Club,Greenville,"2 Pancakes - Butter, Maple Syrup",American Breakfast Pancakes,,2,,38400.00,,"September 26, 2026 09:23:36AM",DELIVERED
78378603,F-3369858844,7236,gofood,,American Breakfast Club,Greenville,Home Fries With Truffle Oil,Sides,,1,,30400.00,,"September 26, 2026 09:23:36AM",DELIVERED
78378603,F-3369858844,7236,gofood,,American Breakfast Club,Greenville,"2 Pancakes - Blueberries, Butter, Maple Syrup",American Breakfast Pancakes,,1,,46400.00,,"September 26, 2026 09:23:36AM",DELIVERED
78378475,00173587037-C8JDUE2ETNEHRJ,GF-875,GrabFood,,American Breakfast Club,Greenville,"Burrito - 2 Scrambled Eggs, Cheddar, Avocado, Tater Tots",American Breakfast Burritos,,1,,58000.00,,"September 26, 2026 09:21:54AM",DELIVERED
78378475,00173587037-C8JDUE2ETNEHRJ,GF-875,GrabFood,,American Breakfast Club,Greenville,"Burrito - Mock Beef, 2 Scrambled Eggs, Cheddar, Avocado, Tater Tots,",American Breakfast Burritos,,1,,68000.00,,"September 26, 2026 09:21:54AM",DELIVERED
78378475,00173587037-C8JDUE2ETNEHRJ,GF-875,GrabFood,,American Breakfast Club,Greenville,Sandwich - 2 Scrambled Eggs melty cheddar cheese on a wavy brioche bun,American Breakfast Sandwiches,,1,,45000.00,,"September 26, 2026 09:21:54AM",DELIVERED
78378475,00173587037-C8JDUE2ETNEHRJ,GF-875,GrabFood,,American Breakfast Club,Greenville,Tater Tots,Sides,,2,,38000.00,,"September 26, 2026 09:21:54AM",DELIVERED
78377555,F-3369840926,5382,gofood,,American Breakfast Club,Kemang,"Burrito - 2 Scrambled Eggs, Cheddar, Avocado, Tater Tots",American Breakfast Burritos,,1,,58000.00,,"September 26, 2026 09:04:03AM",DELIVERED
78377259,0017822853-C8JDT8JCETNGNJ,GF-900,GrabFood,,American Breakfast Club,Greenville,"Burrito - Mock Beef, 2 Scrambled Eggs, Cheddar, Avocado, Tater Tots,",American Breakfast Burritos,,1,,68000.00,,"September 26, 2026 08:58:32AM",DELIVERED
78376817,001463451703-C8JDT6VBEYXJNN,GF-820,GrabFood,,American Breakfast Club,Kemang,Cheese Omelette - Side Tater Tots,American Breakfast Omelettes,,1,,58000.00,,"September 26, 2026 08:47:31AM",DELIVERED
78376456,F-3369821457,7568,gofood,,American Breakfast Club,Greenville,"Burrito - Mock Katsu, 2 Scrambled Eggs, Cheddar, Avocado, Tater Tots",American Breakfast Burritos,,2,,54400.00,,"September 26, 2026 08:37:56AM",DELIVERED
78376258,00187080952-C8JDT25BTPKKTJ,GF-350,GrabFood,,American Breakfast Club,Kemang,"Burrito - Mock Beef, 2 Scrambled Eggs, Cheddar, Avocado, Tater Tots,",American Breakfast Burritos,,1,,68000.00,,"September 26, 2026 08:32:54AM",DELIVERED
78376211,F-3369813571,1828,gofood,,American Breakfast Club,Kemang,Cheese Omelette - Side Tater Tots,American Breakfast Omelettes,,1,,58000.00,,"September 26, 2026 08:26:45AM",DELIVERED
78376211,F-3369813571,1828,gofood,,American Breakfast Club,Kemang,Home Fries With Truffle Oil,Sides,,1,,38000.00,,"September 26, 2026 08:26:45AM",DELIVERED
78376098,0015241108-C8JDT2JASB6CDA,GF-938,GrabFood,,People Pasta,Greenville,Cacio e Pepe - Vegetarian - Plantbased,Signature Pasta,,1,,43000.00,,"September 26, 2026 08:28:32AM",DELIVERED
78376098,0015241108-C8JDT2JASB6CDA,GF-938,GrabFood,,People Pasta,Greenville,Cacio e Pepe - Vegetarian - Plantbased,Signature Pasta,Fusili,,1,,1000.00,"September 26, 2026 08:28:32AM",DELIVERED
78376085,00186869157-C8JDT2D2V7X1GN,GF-013,GrabFood,,American Breakfast Club,Kemang,"Burrito - Mock Beef, 2 Scrambled Eggs, Cheddar, Avocado, Tater Tots,",American Breakfast Burritos,,1,,68000.00,,"September 26, 2026 08:28:08AM",DELIVERED
78375955,00140652102-C8JDTZCJSFV3WE,GF-736,GrabFood,,American Breakfast Club,Kemang,"Burrito - 2 Scrambled Eggs, Cheddar, Avocado, Tater Tots",American Breakfast Burritos,,1,,58000.00,,"September 26, 2026 08:24:20AM",DELIVERED
78375955,00140652102-C8JDTZCJSFV3WE,GF-736,GrabFood,,American Breakfast Club,Kemang,"Mushroom Omelette - Mushrooms, Spinach, Side Tater Tots",American Breakfast Omelettes,,1,,68000.00,,"September 26, 2026 08:24:20AM",DELIVERED
78375726,00198119395-C8JDTYCZE8KVLA,GF-091,GrabFood,,American Breakfast Club,Kemang,"Burrito - Mock Beef, 2 Scrambled Eggs, Cheddar, Avocado, Tater Tots,",American Breakfast Burritos,,1,,68000.00,,"September 26, 2026 08:17:46AM",DELIVERED
78375518,00121224184-C8JDTXEDR8LUR6,GF-697,GrabFood,,American Breakfast Club,Greenville,"Burrito - 2 Scrambled Eggs, Cheddar, Avocado, Tater Tots",American Breakfast Burritos,,2,,58000.00,,"September 26, 2026 08:11:34AM",DELIVERED
78375420,0014275103-C8JDTVDAAJUGBE,GF-552,GrabFood,,American Breakfast Club,Greenville,"Mushroom Omelette - Mushrooms, Spinach, Side Tater Tots",American Breakfast Omelettes,,1,,68000.00,,"September 26, 2026 08:07:51AM",DELIVERED
78375420,0014275103-C8JDTVDAAJUGBE,GF-552,GrabFood,,American Breakfast Club,Greenville,Cheese Omelette - Side Tater Tots,American Breakfast Omelettes,,1,,58000.00,,"September 26, 2026 08:07:51AM",DELIVERED
78375102,F-3369793930,1285,gofood,,Tyfel Coffee,Greenville,Tater Tots With Truffle Oil,Sides,,1,,38000.00,,"September 26, 2026 07:56:18AM",DELIVERED
78375102,F-3369793930,1285,gofood,,Tyfel Coffee,Greenville,Bolognese  - Vegan Plantbased,Main Course,,1,,50000.00,,"September 26, 2026 07:56:18AM",DELIVERED
78375102,F-3369793930,1285,gofood,,Tyfel Coffee,Greenville,Fettucini Mushroom,Main Course,,1,,50000.00,,"September 26, 2026 07:56:18AM",DELIVERED
78375096,F-3369793732,9363,gofood,,American Breakfast Club,Kemang,Tater Tots With Truffle Oil,Sides,,1,,38000.00,,"September 26, 2026 07:55:54AM",DELIVERED
78375096,F-3369793732,9363,gofood,,American Breakfast Club,Kemang,"Egg burger - 2 Scrambled Eggs, Cheddar Cheese, Secret Sauce",American Breakfast Burger,,1,,45000.00,,"September 26, 2026 07:55:54AM",DELIVERED
78375096,F-3369793732,9363,gofood,,American Breakfast Club,Kemang,"Burrito - 2 Scrambled Eggs, Cheddar, Avocado, Tater Tots",American Breakfast Burritos,,1,,58000.00,,"September 26, 2026 07:55:54AM",DELIVERED
78375067,0010174907-C8JDTTKJEFDVVX,GF-020,GrabFood,,American Breakfast Club,Kemang,"Burrito - 2 Scrambled Eggs, Cheddar, Avocado, Tater Tots",American Breakfast Burritos,,2,,58000.00,,"September 26, 2026 07:55:39AM",DELIVERED
78375067,0010174907-C8JDTTKJEFDVVX,GF-020,GrabFood,,American Breakfast Club,Kemang,"2 Pancakes - Blueberries, Butter, Maple Syrup",American Breakfast Pancakes,,2,,58000.00,,"September 26, 2026 07:55:39AM",DELIVERED
78375049,001469379548-C8JDTTEDGEXZRA,GF-813,GrabFood,,American Breakfast Club,Kemang,"Burrito - Mock Beef, 2 Scrambled Eggs, Cheddar, Avocado, Tater Tots,",American Breakfast Burritos,,2,,68000.00,,"September 26, 2026 07:54:54AM",DELIVERED
78375049,001469379548-C8JDTTEDGEXZRA,GF-813,GrabFood,,American Breakfast Club,Kemang,Tater Tots,Sides,,1,,38000.00,,"September 26, 2026 07:54:54AM",DELIVERED
78374907,001963340386-C8JDTP6JDE2JWE,GF-024,GrabFood,,American Breakfast Club,Kemang,Sandwich - 2 Scrambled Eggs melty cheddar cheese on a wavy brioche bun,American Breakfast Sandwiches,,1,,45000.00,,"September 26, 2026 07:49:58AM",DELIVERED
78374844,0015291682-C8JDTPVHLK5BME,GF-777,GrabFood,,American Breakfast Club,Greenville,"Burrito - 2 Scrambled Eggs, Cheddar, Avocado, Tater Tots",American Breakfast Burritos,,1,,58000.00,,"September 26, 2026 07:47:39AM",DELIVERED
78374844,0015291682-C8JDTPVHLK5BME,GF-777,GrabFood,,American Breakfast Club,Greenville,"Burrito - 2 Scrambled Eggs, Cheddar, Avocado, Tater Tots",American Breakfast Burritos,Cutleries,,1,,1500.00,"September 26, 2026 07:47:39AM",DELIVERED
78373801,F-3369766748,5998,gofood,,American Breakfast Club,Greenville,"Burrito - 2 Scrambled Eggs, Cheddar, Avocado, Tater Tots",American Breakfast Burritos,,2,,46400.00,,"September 26, 2026 07:01:24AM",DELIVERED
78373801,F-3369766748,5998,gofood,,American Breakfast Club,Greenville,Tater Tots With Truffle Oil,Sides,,1,,30400.00,,"September 26, 2026 07:01:24AM",DELIVERED
78373458,F-3369760562,8799,gofood,,American Breakfast Club,Greenville,Cheese Omelette - Side Tater Tots,American Breakfast Omelettes,,1,,46400.00,,"September 26, 2026 06:43:13AM",DELIVERED
78373458,F-3369760562,8799,gofood,,American Breakfast Club,Greenville,Cheese Omelette - Side Tater Tots,American Breakfast Omelettes,Cutleries,,1,,1500.00,"September 26, 2026 06:43:13AM",DELIVERED
78373458,F-3369760562,8799,gofood,,American Breakfast Club,Greenville,"2 Pancakes - Blueberries, Butter, Maple Syrup",American Breakfast Pancakes,,1,,46400.00,,"September 26, 2026 06:43:13AM",DELIVERED
78355204,F-3369572819,1131,gofood,,Herbox,Greenville,Beef  wrap Vegan Herbox,Wrap Series,,1,,47200.00,,"September 25, 2026 08:26:38PM",DELIVERED
78355204,F-3369572819,1131,gofood,,Herbox,Greenville,Beef  wrap Vegan Herbox,Wrap Series,Vegan Chicken Nugget,,1,,35000.00,"September 25, 2026 08:26:38PM",DELIVERED
78355204,F-3369572819,1131,gofood,,Herbox,Greenville,Beef  wrap Vegan Herbox,Wrap Series,Tattertots with Truffle,,1,,35000.00,"September 25, 2026 08:26:38PM",DELIVERED
78355204,F-3369572819,1131,gofood,,Herbox,Greenville,Beef  wrap Vegan Herbox,Wrap Series,French Fries,,1,,25000.00,"September 25, 2026 08:26:38PM",DELIVERED
78355204,F-3369572819,1131,gofood,,Herbox,Greenville,Beef  wrap Vegan Herbox,Wrap Series,Mineral Water (ph9+),,1,,20000.00,"September 25, 2026 08:26:38PM",DELIVERED
78355204,F-3369572819,1131,gofood,,Herbox,Greenville,katsu burger vegan,Vegan Burger,,1,,47200.00,,"September 25, 2026 08:26:38PM",DELIVERED
78355204,F-3369572819,1131,gofood,,Herbox,Greenville,katsu burger vegan,Vegan Burger,French Fries,,1,,25000.00,"September 25, 2026 08:26:38PM",DELIVERED
78355204,F-3369572819,1131,gofood,,Herbox,Greenville,Hygiene Cutleries,Extra,,1,,2000.00,,"September 25, 2026 08:26:38PM",DELIVERED
78354377,00125662237-C8JDJJ2YCTTBBE,GF-420,GrabFood,,People Pasta,Greenville,Vegan Chicken Crispy Burger,Meatless Burgers,,1,,49000.00,,"September 25, 2026 08:19:31PM",DELIVERED
78354377,00125662237-C8JDJJ2YCTTBBE,GF-420,GrabFood,,People Pasta,Greenville,Creamy Mushroom - Vegetarian - Plantbased,Signature Pasta,,1,,43000.00,,"September 25, 2026 08:19:31PM",DELIVERED
78354377,00125662237-C8JDJJ2YCTTBBE,GF-420,GrabFood,,People Pasta,Greenville,Creamy Mushroom - Vegetarian - Plantbased,Signature Pasta,Fettucine,,1,,1000.00,"September 25, 2026 08:19:31PM",DELIVERED
78354377,00125662237-C8JDJJ2YCTTBBE,GF-420,GrabFood,,People Pasta,Greenville,Truffle Fries,,,1,,30000.00,,"September 25, 2026 08:19:31PM",DELIVERED
78353863,001050079319-C8JDJJD2PA6HJT,GF-086,GrabFood,,People Pasta,Greenville,Tattert Tots,,,1,,28000.00,,"September 25, 2026 08:15:15PM",DELIVERED
78353863,001050079319-C8JDJJD2PA6HJT,GF-086,GrabFood,,People Pasta,Greenville,Creamy Mushroom - Vegetarian - Plantbased,Signature Pasta,,1,,43000.00,,"September 25, 2026 08:15:15PM",DELIVERED
78353863,001050079319-C8JDJJD2PA6HJT,GF-086,GrabFood,,People Pasta,Greenville,Creamy Mushroom - Vegetarian - Plantbased,Signature Pasta,Spaghetti,,1,,0.00,"September 25, 2026 08:15:15PM",DELIVERED
78349192,0019746486-C8JDHF6GRKACWE,GF-565,GrabFood,,Herbox,Greenville,Pesmol Vegan Vegetarian Ricebox,Ricebox,,1,,39000.00,,"September 25, 2026 07:36:36PM",DELIVERED
78347390,0014239022-C8JDHCJFSBE3LN,GF-187,GrabFood,,People Pasta,Greenville,Creamy Mushroom - Vegetarian - Plantbased,Signature Pasta,,1,,43000.00,,"September 25, 2026 07:21:56PM",DELIVERED
78347390,0014239022-C8JDHCJFSBE3LN,GF-187,GrabFood,,People Pasta,Greenville,Creamy Mushroom - Vegetarian - Plantbased,Signature Pasta,Fettucine,,1,,1000.00,"September 25, 2026 07:21:56PM",DELIVERED
78347390,0014239022-C8JDHCJFSBE3LN,GF-187,GrabFood,,People Pasta,Greenville,Tattert Tots,,,1,,28000.00,,"September 25, 2026 07:21:56PM",DELIVERED
78347146,00195021544-C8JDHB5WVKKWGJ,GF-393,GrabFood,,People Pasta,Greenville,Creamy Mushroom - Vegetarian - Plantbased,Signature Pasta,,1,,43000.00,,"September 25, 2026 07:19:45PM",DELIVERED
78347146,00195021544-C8JDHB5WVKKWGJ,GF-393,GrabFood,,People Pasta,Greenville,Creamy Mushroom - Vegetarian - Plantbased,Signature Pasta,Fettucine,,1,,1000.00,"September 25, 2026 07:19:45PM",DELIVERED
78347146,00195021544-C8JDHB5WVKKWGJ,GF-393,GrabFood,,People Pasta,Greenville,Vegan Chicken Crispy Burger,Meatless Burgers,,1,,49000.00,,"September 25, 2026 07:19:45PM",DELIVERED
78346716,F-3369468619,2843,gofood,,Herbox,Greenville,Nasi Goreng Sedap Malam Vegan Vegetarian,Nasi Goreng Special,,1,,28000.00,,"September 25, 2026 07:15:47PM",DELIVERED
78346716,F-3369468619,2843,gofood,,Herbox,Greenville,Nasi Goreng Sedap Malam Vegan Vegetarian,Nasi Goreng Special,Vegan Chicken Nugget,,1,,35000.00,"September 25, 2026 07:15:47PM",DELIVERED
78346716,F-3369468619,2843,gofood,,Herbox,Greenville,Pesmol Vegan Vegetarian Ricebox,Ricebox,,1,,31200.00,,"September 25, 2026 07:15:47PM",DELIVERED
78341552,0013812566-C8JDGX3WJFXDHA,GF-272,GrabFood,,People Pasta,Greenville,Meat-less Burger - Vegan,Meatless Burgers,,2,,49000.00,,"September 25, 2026 06:35:06PM",DELIVERED
78341132,00150714409-C8JDGZJCABNGJ2,GF-473,GrabFood,,Herbox,Greenville,Rica Rica Vegan Vegetarian Ricebox,Ricebox,,1,,39000.00,,"September 25, 2026 06:31:52PM",DELIVERED
78341132,00150714409-C8JDGZJCABNGJ2,GF-473,GrabFood,,Herbox,Greenville,Rica Rica Vegan Vegetarian Ricebox,Ricebox,"Sendok, Garpu, Tissue, Tusuk Gigi",,1,,1500.00,"September 25, 2026 06:31:52PM",DELIVERED
78333380,00188309229-C8JDGE41AJEFE2,GF-874,GrabFood,,Tyfel Coffee,Greenville,Spicy Olio,Main Course,,1,,50000.00,,"September 25, 2026 05:21:22PM",DELIVERED
78333380,00188309229-C8JDGE41AJEFE2,GF-874,GrabFood,,Tyfel Coffee,Greenville,Tyfel Burritos - Vegan,Lite Bites,,1,,45000.00,,"September 25, 2026 05:21:22PM",DELIVERED
78332881,F-3369284756,8626,gofood,,American Breakfast Club,Greenville,"Burrito - Mock Chicken, 2 Scrambled Eggs, Cheddar, Avocado, Tater Tots",American Breakfast Burritos,,1,,54400.00,,"September 25, 2026 05:16:02PM",DELIVERED
78332881,F-3369284756,8626,gofood,,American Breakfast Club,Greenville,"Burrito - Mock Katsu, 2 Scrambled Eggs, Cheddar, Avocado, Tater Tots",American Breakfast Burritos,,1,,54400.00,,"September 25, 2026 05:16:02PM",DELIVERED
78332881,F-3369284756,8626,gofood,,American Breakfast Club,Greenville,Home Fries,Sides,,1,,22400.00,,"September 25, 2026 05:16:02PM",DELIVERED
78332849,001715622579-C8JDGE5CLNXTCE,GF-211,GrabFood,,Herbox,Greenville,Nasi Goreng Sedap Malam Vegan Vegetarian,Nasi Goreng Special,,1,,35000.00,,"September 25, 2026 05:16:12PM",DELIVERED
78332750,F-3369283688,5513,gofood,,American Breakfast Club,Greenville,"Burrito - Mock Chicken, 2 Scrambled Eggs, Cheddar, Avocado, Tater Tots",American Breakfast Burritos,,1,,54400.00,,"September 25, 2026 05:15:10PM",CANCELLED
78332750,F-3369283688,5513,gofood,,American Breakfast Club,Greenville,"Burrito - Mock Katsu, 2 Scrambled Eggs, Cheddar, Avocado, Tater Tots",American Breakfast Burritos,,1,,54400.00,,"September 25, 2026 05:15:10PM",CANCELLED
78332750,F-3369283688,5513,gofood,,American Breakfast Club,Greenville,Home Fries,Sides,,1,,22400.00,,"September 25, 2026 05:15:10PM",CANCELLED
78332464,001895245013-C8JDGEKGSE6YKE,GF-038,GrabFood,,American Breakfast Club,Greenville,Cheese Omelette - Side Tater Tots,American Breakfast Omelettes,,1,,58000.00,,"September 25, 2026 05:12:17PM",DELIVERED
78332464,001895245013-C8JDGEKGSE6YKE,GF-038,GrabFood,,American Breakfast Club,Greenville,Cutleries,Cutleries,,1,,1000.00,,"September 25, 2026 05:12:17PM",DELIVERED
78315323,001251393358-C8JDDBAABE2JRJ,GF-238,GrabFood,,People Pasta,Greenville,Tattert Tots,,,1,,28000.00,,"September 25, 2026 01:40:10PM",DELIVERED
78315323,001251393358-C8JDDBAABE2JRJ,GF-238,GrabFood,,People Pasta,Greenville,Creamy Mushroom - Vegetarian - Plantbased,Signature Pasta,,1,,43000.00,,"September 25, 2026 01:40:10PM",DELIVERED
78315323,001251393358-C8JDDBAABE2JRJ,GF-238,GrabFood,,People Pasta,Greenville,Creamy Mushroom - Vegetarian - Plantbased,Signature Pasta,Fettucine,,1,,1000.00,"September 25, 2026 01:40:10PM",DELIVERED
78313686,00147012855-C8JDC6MHAXVCEE,GF-260,GrabFood,,People Pasta,Greenville,Creamy Mushroom - Vegetarian - Plantbased,Signature Pasta,,1,,43000.00,,"September 25, 2026 01:19:38PM",DELIVERED
78313686,00147012855-C8JDC6MHAXVCEE,GF-260,GrabFood,,People Pasta,Greenville,Creamy Mushroom - Vegetarian - Plantbased,Signature Pasta,Spaghetti,,1,,0.00,"September 25, 2026 01:19:38PM",DELIVERED
78313686,00147012855-C8JDC6MHAXVCEE,GF-260,GrabFood,,People Pasta,Greenville,Vegan Chicken Crispy Burger,Meatless Burgers,,1,,49000.00,,"September 25, 2026 01:19:38PM",DELIVERED
78310938,F-3368987107,7815,gofood,,American Breakfast Club,Kemang,"Burrito - Mock Beef, 2 Scrambled Eggs, Cheddar, Avocado, Tater Tots,",American Breakfast Burritos,,1,,68000.00,,"September 25, 2026 12:49:31PM",DELIVERED
78310422,00109573427-C8JDCN5ZVXNYL2,GF-604,GrabFood,,Herbox,Greenville,Kung Paow Chick Vegan Vegetarian Ricebox,Ricebox,,1,,39000.00,,"September 25, 2026 12:44:58PM",DELIVERED
78303563,00131656033-C8JDCB43EXUZJA,GF-044,GrabFood,,American Breakfast Club,Kemang,"Burrito - Mock Beef, 2 Scrambled Eggs, Cheddar, Avocado, Tater Tots,",American Breakfast Burritos,,1,,68000.00,,"September 25, 2026 11:32:50AM",DELIVERED
78303563,00131656033-C8JDCB43EXUZJA,GF-044,GrabFood,,American Breakfast Club,Kemang,"Burrito - Mock Beef, 2 Scrambled Eggs, Cheddar, Avocado, Tater Tots,",American Breakfast Burritos,Mineral Water,,1,,10000.00,"September 25, 2026 11:32:50AM",DELIVERED
78302015,00172580583-C8JDBGBUJY63DE,GF-663,GrabFood,,People Pasta,Greenville,Creamy Mushroom - Vegetarian - Plantbased,Signature Pasta,,1,,43000.00,,"September 25, 2026 11:17:33AM",DELIVERED
78302015,00172580583-C8JDBGBUJY63DE,GF-663,GrabFood,,People Pasta,Greenville,Creamy Mushroom - Vegetarian - Plantbased,Signature Pasta,Spaghetti,,1,,0.00,"September 25, 2026 11:17:33AM",DELIVERED
78302015,00172580583-C8JDBGBUJY63DE,GF-663,GrabFood,,People Pasta,Greenville,Tattert Tots,,,1,,28000.00,,"September 25, 2026 11:17:33AM",DELIVERED
78301989,00104500849-C8JDBGBHNEWTTE,GF-134,GrabFood,,Herbox,Greenville,Kung Paow Chick Vegan Vegetarian Ricebox,Ricebox,,1,,39000.00,,"September 25, 2026 11:17:17AM",DELIVERED
78301989,00104500849-C8JDBGBHNEWTTE,GF-134,GrabFood,,Herbox,Greenville,Teriyaki Vegan Vegetarian Ricebox,Ricebox,,1,,39000.00,,"September 25, 2026 11:17:17AM",DELIVERED
78298059,00147820494-C8JDA7AULVDHG2,GF-693,GrabFood,,American Breakfast Club,Greenville,"2 Pancakes - Butter, Maple Syrup",American Breakfast Pancakes,,2,,48000.00,,"September 25, 2026 10:37:08AM",DELIVERED
78298059,00147820494-C8JDA7AULVDHG2,GF-693,GrabFood,,American Breakfast Club,Greenville,"2 Pancakes - Butter, Maple Syrup",American Breakfast Pancakes,,1,,48000.00,,"September 25, 2026 10:37:08AM",DELIVERED
78298059,00147820494-C8JDA7AULVDHG2,GF-693,GrabFood,,American Breakfast Club,Greenville,"2 Pancakes - Butter, Maple Syrup",American Breakfast Pancakes,Cutleries,,1,,1500.00,"September 25, 2026 10:37:08AM",DELIVERED
78298059,00147820494-C8JDA7AULVDHG2,GF-693,GrabFood,,American Breakfast Club,Greenville,"2 Pancakes - Blueberries, Butter, Maple Syrup",American Breakfast Pancakes,,2,,58000.00,,"September 25, 2026 10:37:08AM",DELIVERED
78298059,00147820494-C8JDA7AULVDHG2,GF-693,GrabFood,,American Breakfast Club,Greenville,Sandwich - 2 Scrambled Eggs melty cheddar cheese on a wavy brioche bun,American Breakfast Sandwiches,,1,,45000.00,,"September 25, 2026 10:37:08AM",DELIVERED
78298059,00147820494-C8JDA7AULVDHG2,GF-693,GrabFood,,American Breakfast Club,Greenville,Sandwich - 2 Scrambled Eggs melty cheddar cheese on a wavy brioche bun,American Breakfast Sandwiches,Mineral Water,,1,,15000.00,"September 25, 2026 10:37:08AM",DELIVERED
78298059,00147820494-C8JDA7AULVDHG2,GF-693,GrabFood,,American Breakfast Club,Greenville,Sandwich - 2 Scrambled Eggs melty cheddar cheese on a wavy brioche bun,American Breakfast Sandwiches,Home Fries,,1,,30000.00,"September 25, 2026 10:37:08AM",DELIVERED
78298059,00147820494-C8JDA7AULVDHG2,GF-693,GrabFood,,American Breakfast Club,Greenville,"Burrito - Mock Chicken, 2 Scrambled Eggs, Cheddar, Avocado, Tater Tots",American Breakfast Burritos,,1,,68000.00,,"September 25, 2026 10:37:08AM",DELIVERED
78298059,00147820494-C8JDA7AULVDHG2,GF-693,GrabFood,,American Breakfast Club,Greenville,"Burrito - Mock Chicken, 2 Scrambled Eggs, Cheddar, Avocado, Tater Tots",American Breakfast Burritos,Truffle Home Fries,,1,,40000.00,"September 25, 2026 10:37:08AM",DELIVERED
78294070,001332347097-C8JDATWDNUAGJN,GF-715,GrabFood,,American Breakfast Club,Greenville,"Burrito - 2 Scrambled Eggs, Cheddar, Avocado, Tater Tots",American Breakfast Burritos,,1,,58000.00,,"September 25, 2026 09:44:34AM",DELIVERED
78294026,F-3368732411,5822,gofood,,Tyfel Coffee,Greenville,Breakfast Burrito,Breakfast Burritos,,2,,58000.00,,"September 25, 2026 09:43:22AM",DELIVERED
78294015,F-3368732139,6529,gofood,,American Breakfast Club,Greenville,Cheese Omelette - Side Tater Tots,American Breakfast Omelettes,,1,,46400.00,,"September 25, 2026 09:43:03AM",DELIVERED
78294015,F-3368732139,6529,gofood,,American Breakfast Club,Greenville,"Burrito - Mock Beef, 2 Scrambled Eggs, Cheddar, Avocado, Tater Tots,",American Breakfast Burritos,,1,,54400.00,,"September 25, 2026 09:43:03AM",DELIVERED
78294015,F-3368732139,6529,gofood,,American Breakfast Club,Greenville,Tater Tots,Sides,,2,,22400.00,,"September 25, 2026 09:43:03AM",DELIVERED
78293719,0017655118-C8JDAREFJ6VDEJ,GF-980,GrabFood,,People Pasta,Greenville,Meat-less Burger - Vegan,Meatless Burgers,,1,,49000.00,,"September 25, 2026 09:38:15AM",DELIVERED
78293081,001909354735-C8JDANMBNFD1VA,GF-060,GrabFood,,American Breakfast Club,Kemang,Cheese Omelette - Side Tater Tots,American Breakfast Omelettes,,1,,58000.00,,"September 25, 2026 09:26:12AM",DELIVERED
78293081,001909354735-C8JDANMBNFD1VA,GF-060,GrabFood,,American Breakfast Club,Kemang,Cheese Omelette - Side Tater Tots,American Breakfast Omelettes,Chick Nugget,,1,,35000.00,"September 25, 2026 09:26:12AM",DELIVERED
78293081,001909354735-C8JDANMBNFD1VA,GF-060,GrabFood,,American Breakfast Club,Kemang,"Mushroom Omelette - Mushrooms, Spinach, Side Tater Tots",American Breakfast Omelettes,,1,,68000.00,,"September 25, 2026 09:26:12AM",DELIVERED
78293037,00139577610-C8JDANJBRLCTTJ,GF-228,GrabFood,,Herbox,Greenville,Nasi Goreng Sedap Malam Vegan Vegetarian,Nasi Goreng Special,,1,,35000.00,,"September 25, 2026 09:25:13AM",DELIVERED
78293037,00139577610-C8JDANJBRLCTTJ,GF-228,GrabFood,,Herbox,Greenville,Nasi Goreng Sedap Malam Vegan Vegetarian,Nasi Goreng Special,Ganti Shirataki Rice,,1,,20000.00,"September 25, 2026 09:25:13AM",DELIVERED
78293037,00139577610-C8JDANJBRLCTTJ,GF-228,GrabFood,,Herbox,Greenville,Nasi Goreng Bintang Kuning Vegan Vegetarian,Nasi Goreng Special,,1,,35000.00,,"September 25, 2026 09:25:13AM",DELIVERED
78293037,00139577610-C8JDANJBRLCTTJ,GF-228,GrabFood,,Herbox,Greenville,Nasi Goreng Bintang Kuning Vegan Vegetarian,Nasi Goreng Special,Ganti Shirataki Rice,,1,,20000.00,"September 25, 2026 09:25:13AM",DELIVERED
78293037,00139577610-C8JDANJBRLCTTJ,GF-228,GrabFood,,Herbox,Greenville,Kung Paow Chick Vegan Vegetarian Ricebox,Ricebox,,1,,39000.00,,"September 25, 2026 09:25:13AM",DELIVERED
78293037,00139577610-C8JDANJBRLCTTJ,GF-228,GrabFood,,Herbox,Greenville,Kung Paow Chick Vegan Vegetarian Ricebox,Ricebox,Vegan Chicken Nugget,,1,,35000.00,"September 25, 2026 09:25:13AM",DELIVERED
78292599,001865010417-C8JDAKEDVCEWEX,GF-939,GrabFood,,American Breakfast Club,Greenville,"2 Pancakes - Chocolate Chips, Butter, Maple Syrup",American Breakfast Pancakes,,1,,58000.00,,"September 25, 2026 09:14:53AM",DELIVERED
78292599,001865010417-C8JDAKEDVCEWEX,GF-939,GrabFood,,American Breakfast Club,Greenville,"2 Pancakes - Chocolate Chips, Butter, Maple Syrup",American Breakfast Pancakes,Cutleries,,1,,1500.00,"September 25, 2026 09:14:53AM",DELIVERED
78292599,001865010417-C8JDAKEDVCEWEX,GF-939,GrabFood,,American Breakfast Club,Greenville,"Burrito - Mock Chicken, 2 Scrambled Eggs, Cheddar, Avocado, Tater Tots",American Breakfast Burritos,,1,,68000.00,,"September 25, 2026 09:14:53AM",DELIVERED
78291719,001080756563-C8JDAELDC64DVE,GF-413,GrabFood,,People Pasta,Greenville,Tattert Tots,,,1,,28000.00,,"September 25, 2026 08:52:33AM",DELIVERED
78291719,001080756563-C8JDAELDC64DVE,GF-413,GrabFood,,People Pasta,Greenville,Creamy Mushroom - Vegetarian - Plantbased,Signature Pasta,,1,,43000.00,,"September 25, 2026 08:52:33AM",DELIVERED
78291719,001080756563-C8JDAELDC64DVE,GF-413,GrabFood,,People Pasta,Greenville,Creamy Mushroom - Vegetarian - Plantbased,Signature Pasta,Fettucine,,1,,1000.00,"September 25, 2026 08:52:33AM",DELIVERED
78291637,001656618264-C8JDAEAXC7DEVE,GF-181,GrabFood,,Herbox,Greenville,Nasi Goreng Sedap Malam Vegan Vegetarian,Nasi Goreng Special,,1,,35000.00,,"September 25, 2026 08:50:24AM",DELIVERED
78291637,001656618264-C8JDAEAXC7DEVE,GF-181,GrabFood,,Herbox,Greenville,Nasi Goreng Sedap Malam Vegan Vegetarian,Nasi Goreng Special,Ganti Shirataki Rice,,1,,20000.00,"September 25, 2026 08:50:24AM",DELIVERED
78291179,001703622730-C8JDAAKYEVJ3CE,GF-215,GrabFood,,American Breakfast Club,Greenville,"Burrito - Mock Beef, 2 Scrambled Eggs, Cheddar, Avocado, Tater Tots,",American Breakfast Burritos,,1,,68000.00,,"September 25, 2026 08:35:45AM",DELIVERED
78291136,001600614602-C8JDAADAGCEZG2,GF-732,GrabFood,,American Breakfast Club,Greenville,"Burrito - Mock Beef, 2 Scrambled Eggs, Cheddar, Avocado, Tater Tots,",American Breakfast Burritos,,1,,68000.00,,"September 25, 2026 08:34:30AM",DELIVERED
78291136,001600614602-C8JDAADAGCEZG2,GF-732,GrabFood,,American Breakfast Club,Greenville,"Burrito - Mock Beef, 2 Scrambled Eggs, Cheddar, Avocado, Tater Tots,",American Breakfast Burritos,Tatter Tots,,1,,30000.00,"September 25, 2026 08:34:30AM",DELIVERED
78291124,F-3368680877,2254,gofood,,Tyfel Coffee,Greenville,Burger,Brunch,,1,,34000.00,,"September 25, 2026 08:33:28AM",DELIVERED
78291124,F-3368680877,2254,gofood,,Tyfel Coffee,Greenville,Tater Tots,Sides,,1,,28000.00,,"September 25, 2026 08:33:28AM",DELIVERED
78291124,F-3368680877,2254,gofood,,Tyfel Coffee,Greenville,Meatless Burger - Vegan Plantbased,Brunch,,1,,46000.00,,"September 25, 2026 08:33:28AM",DELIVERED
78291000,0018309074-C8JCWF5CDFDXCA,GF-343,GrabFood,,American Breakfast Club,Kemang,"Burrito - Mock Beef, 2 Scrambled Eggs, Cheddar, Avocado, Tater Tots,",American Breakfast Burritos,,1,,68000.00,,"September 25, 2026 08:29:39AM",DELIVERED
78290442,001910165747-C8JCWBVTMCA3LX,GF-469,GrabFood,,American Breakfast Club,Kemang,"Burrito - Mock Chicken, 2 Scrambled Eggs, Cheddar, Avocado, Tater Tots",American Breakfast Burritos,,1,,68000.00,,"September 25, 2026 08:11:02AM",DELIVERED
78290442,001910165747-C8JCWBVTMCA3LX,GF-469,GrabFood,,American Breakfast Club,Kemang,"Burrito - Mock Chicken, 2 Scrambled Eggs, Cheddar, Avocado, Tater Tots",American Breakfast Burritos,Truffle Home Fries,,1,,40000.00,"September 25, 2026 08:11:02AM",DELIVERED
78290442,001910165747-C8JCWBVTMCA3LX,GF-469,GrabFood,,American Breakfast Club,Kemang,"2 Pancakes - Blueberries, Butter, Maple Syrup",American Breakfast Pancakes,,1,,58000.00,,"September 25, 2026 08:11:02AM",DELIVERED
78290442,001910165747-C8JCWBVTMCA3LX,GF-469,GrabFood,,American Breakfast Club,Kemang,"2 Pancakes - Blueberries, Butter, Maple Syrup",American Breakfast Pancakes,Cutleries,,1,,600.00,"September 25, 2026 08:11:02AM",DELIVERED
78290442,001910165747-C8JCWBVTMCA3LX,GF-469,GrabFood,,American Breakfast Club,Kemang,"2 Pancakes - Butter, Maple Syrup",American Breakfast Pancakes,,1,,48000.00,,"September 25, 2026 08:11:02AM",DELIVERED
78290442,001910165747-C8JCWBVTMCA3LX,GF-469,GrabFood,,American Breakfast Club,Kemang,"2 Pancakes - Butter, Maple Syrup",American Breakfast Pancakes,Cutleries,,1,,600.00,"September 25, 2026 08:11:02AM",DELIVERED
78290245,F-3368663133,5274,gofood,,Herbox,Greenville,Tater tots,Sides,,1,,24000.00,,"September 25, 2026 08:02:40AM",DELIVERED
78290245,F-3368663133,5274,gofood,,Herbox,Greenville,Katsu Chickin Vegan Vegetarian Ricebox,Ricebox,,1,,31200.00,,"September 25, 2026 08:02:40AM",DELIVERED
78290245,F-3368663133,5274,gofood,,Herbox,Greenville,Vegan Chickin Nugget,Sides,,1,,32000.00,,"September 25, 2026 08:02:40AM",DELIVERED
78290204,F-3368660819,4874,gofood,,American Breakfast Club,Kemang,"Burrito - Mock Beef, 2 Scrambled Eggs, Cheddar, Avocado, Tater Tots,",American Breakfast Burritos,,1,,68000.00,,"September 25, 2026 07:57:41AM",DELIVERED
78290076,F-3368660070,6382,gofood,,American Breakfast Club,Kemang,"Burrito - Mock Chicken, 2 Scrambled Eggs, Cheddar, Avocado, Tater Tots",American Breakfast Burritos,,3,,68000.00,,"September 25, 2026 07:55:58AM",DELIVERED
78290060,001738268729-C8JCV74UWA6ATN,GF-932,GrabFood,,People Pasta,Greenville,Creamy Mushroom - Vegetarian - Plantbased,Signature Pasta,,1,,43000.00,,"September 25, 2026 07:56:03AM",DELIVERED
78290060,001738268729-C8JCV74UWA6ATN,GF-932,GrabFood,,People Pasta,Greenville,Creamy Mushroom - Vegetarian - Plantbased,Signature Pasta,Spaghetti,,1,,0.00,"September 25, 2026 07:56:03AM",DELIVERED
78290060,001738268729-C8JCV74UWA6ATN,GF-932,GrabFood,,People Pasta,Greenville,Creamy Mushroom - Vegetarian - Plantbased,Signature Pasta,Home Fries,,1,,25000.00,"September 25, 2026 07:56:03AM",DELIVERED
78289987,00170921659-C8JCV7MVWBKAR6,GF-800,GrabFood,,People Pasta,Greenville,Meat-less Burger - Vegan,Meatless Burgers,,1,,49000.00,,"September 25, 2026 07:53:03AM",DELIVERED
78289987,00170921659-C8JCV7MVWBKAR6,GF-800,GrabFood,,People Pasta,Greenville,Tattert Tots,,,1,,28000.00,,"September 25, 2026 07:53:03AM",DELIVERED
78289987,00170921659-C8JCV7MVWBKAR6,GF-800,GrabFood,,People Pasta,Greenville,Lada Hitam  - Vegan Friendly - Vegetarian - Plantbased,Signature Pasta,,1,,43000.00,,"September 25, 2026 07:53:03AM",DELIVERED
78289987,00170921659-C8JCV7MVWBKAR6,GF-800,GrabFood,,People Pasta,Greenville,Lada Hitam  - Vegan Friendly - Vegetarian - Plantbased,Signature Pasta,Fettucine,,1,,1000.00,"September 25, 2026 07:53:03AM",DELIVERED
78289987,00170921659-C8JCV7MVWBKAR6,GF-800,GrabFood,,People Pasta,Greenville,Chicken Nugget - Vegan,,,1,,35000.00,,"September 25, 2026 07:53:03AM",DELIVERED
78289855,00106754194-C8JCV6VJKBLUAE,GF-696,GrabFood,,American Breakfast Club,Kemang,Sandwich - 2 Scrambled Eggs melty cheddar cheese on a wavy brioche bun,American Breakfast Sandwiches,,1,,45000.00,,"September 25, 2026 07:47:40AM",DELIVERED
78289716,0016629215-C8JCV4BGVKJCAA,GF-520,GrabFood,,American Breakfast Club,Greenville,"Burrito - 2 Scrambled Eggs, Cheddar, Avocado, Tater Tots",American Breakfast Burritos,,1,,58000.00,,"September 25, 2026 07:40:36AM",DELIVERED
78289554,00160601285-C8JCV26DR8AECX,GF-464,GrabFood,,American Breakfast Club,Greenville,"Burrito - Mock Fish, 2 Scrambled Eggs, Cheddar, Avocado, Tater Tots,",American Breakfast Burritos,,1,,68000.00,,"September 25, 2026 07:33:13AM",DELIVERED
78289397,F-3368647423,7458,gofood,,American Breakfast Club,Greenville,"Burrito - 2 Scrambled Eggs, Cheddar, Avocado, Tater Tots",American Breakfast Burritos,,2,,46400.00,,"September 25, 2026 07:25:17AM",DELIVERED
78289397,F-3368647423,7458,gofood,,American Breakfast Club,Greenville,Tater Tots,Sides,,1,,22400.00,,"September 25, 2026 07:25:17AM",DELIVERED
78289339,F-3368646518,7241,gofood,,American Breakfast Club,Greenville,"Burrito - 2 Scrambled Eggs, Cheddar, Avocado, Tater Tots",American Breakfast Burritos,,1,,46400.00,,"September 25, 2026 07:22:50AM",CANCELLED
78288405,F-3368629548,8666,gofood,,American Breakfast Club,Greenville,"Burrito - 2 Scrambled Eggs, Cheddar, Avocado, Tater Tots",American Breakfast Burritos,,2,,46400.00,,"September 25, 2026 06:24:30AM",DELIVERED
78288405,F-3368629548,8666,gofood,,American Breakfast Club,Greenville,Tater Tots With Truffle Oil,Sides,,1,,30400.00,,"September 25, 2026 06:24:30AM",DELIVERED
78288272,00159842127-C8JCVE43N3DFPA,GF-259,GrabFood,,American Breakfast Club,Greenville,"Burrito - 2 Scrambled Eggs, Cheddar, Avocado, Tater Tots",American Breakfast Burritos,,2,,58000.00,,"September 25, 2026 06:16:31AM",DELIVERED
78270604,F-3368445460,5638,gofood,,Tyfel Coffee,Greenville,Mock Beef Sandwich,Breakfast Sandwiches,,1,,58000.00,,"September 24, 2026 08:10:25PM",DELIVERED
78270604,F-3368445460,5638,gofood,,Tyfel Coffee,Greenville,Tater Tots,Sides,,1,,28000.00,,"September 24, 2026 08:10:25PM",DELIVERED
78270604,F-3368445460,5638,gofood,,Tyfel Coffee,Greenville,Mock Chicken Burrito,Breakfast Burritos,,1,,68000.00,,"September 24, 2026 08:10:25PM",DELIVERED
78260986,001303546491-C8JCLBTHR4NTCE,GF-365,GrabFood,,American Breakfast Club,Greenville,"Burrito - Mock Beef, 2 Scrambled Eggs, Cheddar, Avocado, Tater Tots,",American Breakfast Burritos,,1,,68000.00,,"September 24, 2026 06:50:20PM",DELIVERED
78259208,001025770770-C8JCKFE3EUV2G6,GF-285,GrabFood,,People Pasta,Greenville,Chicken Nugget - Vegan,,,1,,35000.00,,"September 24, 2026 06:35:44PM",DELIVERED
78251861,00137376862-C8JCJZC1GTUDRX,GF-769,GrabFood,,Herbox,Greenville,Pesmol Vegan Vegetarian Ricebox,Ricebox,,3,,39000.00,,"September 24, 2026 05:31:09PM",DELIVERED
78242281,00115333029-C8JCHFTYRT2YT2,GF-235,GrabFood,,People Pasta,Greenville,Cacio e Pepe - Vegetarian - Plantbased,Signature Pasta,,1,,43000.00,,"September 24, 2026 03:47:07PM",DELIVERED
78242281,00115333029-C8JCHFTYRT2YT2,GF-235,GrabFood,,People Pasta,Greenville,Cacio e Pepe - Vegetarian - Plantbased,Signature Pasta,Fettucine,,1,,1000.00,"September 24, 2026 03:47:07PM",DELIVERED
78242281,00115333029-C8JCHFTYRT2YT2,GF-235,GrabFood,,People Pasta,Greenville,Chicken Nugget - Vegan,,,1,,35000.00,,"September 24, 2026 03:47:07PM",DELIVERED
78242281,00115333029-C8JCHFTYRT2YT2,GF-235,GrabFood,,People Pasta,Greenville,Vegan Chicken Crispy Burger,Meatless Burgers,,1,,49000.00,,"September 24, 2026 03:47:07PM",DELIVERED
78233421,00150711208-C8JCGJNXE6DKNA,GF-103,GrabFood,,American Breakfast Club,Greenville,"Burrito - Mock Chicken, 2 Scrambled Eggs, Cheddar, Avocado, Tater Tots",American Breakfast Burritos,,1,,68000.00,,"September 24, 2026 01:43:25PM",DELIVERED
78232322,F-3367922689,6768,gofood,,American Breakfast Club,Greenville,"Burrito - Mock Fish, 2 Scrambled Eggs, Cheddar, Avocado, Tater Tots,",American Breakfast Burritos,,1,,54400.00,,"September 24, 2026 01:12:55PM",DELIVERED
78232322,F-3367922689,6768,gofood,,American Breakfast Club,Greenville,"Burrito - Mock Fish, 2 Scrambled Eggs, Cheddar, Avocado, Tater Tots,",American Breakfast Burritos,Cutleries,,1,,1500.00,"September 24, 2026 01:12:55PM",DELIVERED
78232322,F-3367922689,6768,gofood,,American Breakfast Club,Greenville,"Burrito - 2 Scrambled Eggs, Cheddar, Avocado, Tater Tots",American Breakfast Burritos,,1,,46400.00,,"September 24, 2026 01:12:55PM",DELIVERED
78229125,001104789396-C8JCFCC3E7TYTT,GF-184,GrabFood,,People Pasta,Greenville,Creamy Mushroom - Vegetarian - Plantbased,Signature Pasta,,1,,43000.00,,"September 24, 2026 12:47:51PM",DELIVERED
78229125,001104789396-C8JCFCC3E7TYTT,GF-184,GrabFood,,People Pasta,Greenville,Creamy Mushroom - Vegetarian - Plantbased,Signature Pasta,Spaghetti,,1,,0.00,"September 24, 2026 12:47:51PM",DELIVERED
78228659,F-3367885302,1133,gofood,,Herbox,Greenville,Beef Mentai Vegan Vegetarian Rice,Mentai Vegan,,1,,47200.00,,"September 24, 2026 12:41:47PM",DELIVERED
78228659,F-3367885302,1133,gofood,,Herbox,Greenville,Fysh Mentai,Mentai Vegan,,1,,47200.00,,"September 24, 2026 12:41:47PM",DELIVERED
78222572,0019305440-C8JCEP5WRGLETJ,GF-992,GrabFood,,American Breakfast Club,Greenville,"Burrito - Mock Beef, 2 Scrambled Eggs, Cheddar, Avocado, Tater Tots,",American Breakfast Burritos,,1,,68000.00,,"September 24, 2026 11:37:23AM",DELIVERED
78222353,F-3367788773,6683,gofood,,American Breakfast Club,Kemang,"Katsu Egg burger - Patties, 2 Scrambled Eggs, Cheddar Cheese, Secret Sauce",American Breakfast Burger,,1,,58000.00,,"September 24, 2026 11:34:19AM",DELIVERED
78222353,F-3367788773,6683,gofood,,American Breakfast Club,Kemang,"Katsu Egg burger - Patties, 2 Scrambled Eggs, Cheddar Cheese, Secret Sauce",American Breakfast Burger,Chick Nugget,,1,,35000.00,"September 24, 2026 11:34:19AM",DELIVERED
78221881,001759523578-C8JCETTEG33KLT,GF-006,GrabFood,,American Breakfast Club,Kemang,"Burrito - Mock Beef, 2 Scrambled Eggs, Cheddar, Avocado, Tater Tots,",American Breakfast Burritos,,1,,68000.00,,"September 24, 2026 11:30:17AM",DELIVERED
78221881,001759523578-C8JCETTEG33KLT,GF-006,GrabFood,,American Breakfast Club,Kemang,"Burrito - Mock Beef, 2 Scrambled Eggs, Cheddar, Avocado, Tater Tots,",American Breakfast Burritos,Mineral Water,,1,,10000.00,"September 24, 2026 11:30:17AM",DELIVERED
78220912,001270143990-C8JCEPUWABWKN2,GF-514,GrabFood,,American Breakfast Club,Kemang,"Sandwich - 2 Scrambled Eggs, Mock Chicken, Cheddar Cheese Mix, Brioche Bun",American Breakfast Sandwiches,,1,,58000.00,,"September 24, 2026 11:20:45AM",DELIVERED
78220912,001270143990-C8JCEPUWABWKN2,GF-514,GrabFood,,American Breakfast Club,Kemang,"2 Pancakes - Blueberries, Butter, Maple Syrup",American Breakfast Pancakes,,1,,58000.00,,"September 24, 2026 11:20:45AM",DELIVERED
78219548,00177928955-C8JCEK2DPAECN2,GF-823,GrabFood,,Herbox,Greenville,Pesmol Vegan Vegetarian Ricebox,Ricebox,,1,,39000.00,,"September 24, 2026 11:07:34AM",DELIVERED
78219548,00177928955-C8JCEK2DPAECN2,GF-823,GrabFood,,Herbox,Greenville,Rica Rica Vegan Vegetarian Ricebox,Ricebox,,1,,39000.00,,"September 24, 2026 11:07:34AM",DELIVERED
78218828,001507432490-C8JCEJMUUGDZSA,GF-998,GrabFood,,Herbox,Greenville,Kung Paow Chick Vegan Vegetarian Ricebox,Ricebox,,1,,39000.00,,"September 24, 2026 10:59:33AM",DELIVERED
78218828,001507432490-C8JCEJMUUGDZSA,GF-998,GrabFood,,Herbox,Greenville,Kung Paow Chick Vegan Vegetarian Ricebox,Ricebox,"Sendok, Garpu, Tissue, Tusuk Gigi",,1,,1500.00,"September 24, 2026 10:59:33AM",DELIVERED
78217832,00145171719-C8JCEF2GDBU1PA,GF-539,GrabFood,,American Breakfast Club,Kemang,"Mushroom Omelette - Mushrooms, Spinach, Side Tater Tots",American Breakfast Omelettes,,1,,68000.00,,"September 24, 2026 10:48:37AM",DELIVERED
78217832,00145171719-C8JCEF2GDBU1PA,GF-539,GrabFood,,American Breakfast Club,Kemang,Cheese Omelette - Side Tater Tots,American Breakfast Omelettes,,1,,58000.00,,"September 24, 2026 10:48:37AM",DELIVERED
78217832,00145171719-C8JCEF2GDBU1PA,GF-539,GrabFood,,American Breakfast Club,Kemang,Cutleries,,,1,,600.00,,"September 24, 2026 10:48:37AM",DELIVERED
78216530,00107124133-C8JCECACC4MGGX,GF-622,GrabFood,,American Breakfast Club,Kemang,"Burrito - Mock Beef, 2 Scrambled Eggs, Cheddar, Avocado, Tater Tots,",American Breakfast Burritos,,1,,68000.00,,"September 24, 2026 10:33:31AM",DELIVERED
78216530,00107124133-C8JCECACC4MGGX,GF-622,GrabFood,,American Breakfast Club,Kemang,"Burrito - Mock Beef, 2 Scrambled Eggs, Cheddar, Avocado, Tater Tots,",American Breakfast Burritos,Truffle Home Fries,,1,,40000.00,"September 24, 2026 10:33:31AM",DELIVERED
78215151,00148916440-C8JCDGAGT222C6,GF-729,GrabFood,,American Breakfast Club,Kemang,"Burrito - Mock Beef, 2 Scrambled Eggs, Cheddar, Avocado, Tater Tots,",American Breakfast Burritos,,1,,68000.00,,"September 24, 2026 10:16:58AM",DELIVERED
78214663,001715350352-C8JCDE51PCKCNX,GF-665,GrabFood,,People Pasta,Greenville,Cacio e Pepe - Vegetarian - Plantbased,Signature Pasta,,1,,43000.00,,"September 24, 2026 10:09:47AM",DELIVERED
78214663,001715350352-C8JCDE51PCKCNX,GF-665,GrabFood,,People Pasta,Greenville,Cacio e Pepe - Vegetarian - Plantbased,Signature Pasta,Fusili,,1,,1000.00,"September 24, 2026 10:09:47AM",DELIVERED
78214663,001715350352-C8JCDE51PCKCNX,GF-665,GrabFood,,People Pasta,Greenville,Creamy Mushroom - Vegetarian - Plantbased,Signature Pasta,,1,,43000.00,,"September 24, 2026 10:09:47AM",DELIVERED
78214663,001715350352-C8JCDE51PCKCNX,GF-665,GrabFood,,People Pasta,Greenville,Creamy Mushroom - Vegetarian - Plantbased,Signature Pasta,Spaghetti,,1,,0.00,"September 24, 2026 10:09:47AM",DELIVERED
78214663,001715350352-C8JCDE51PCKCNX,GF-665,GrabFood,,People Pasta,Greenville,Vegan Chicken Crispy Burger,Meatless Burgers,,1,,49000.00,,"September 24, 2026 10:09:47AM",DELIVERED
78214351,F-3367668903,2317,gofood,,American Breakfast Club,Kemang,Cheese Omelette - Side Tater Tots,American Breakfast Omelettes,,1,,58000.00,,"September 24, 2026 10:04:42AM",DELIVERED
78214351,F-3367668903,2317,gofood,,American Breakfast Club,Kemang,"Sandwich - 2 Scrambled Eggs, Mock Chicken, Cheddar Cheese Mix, Brioche Bun",American Breakfast Sandwiches,,1,,58000.00,,"September 24, 2026 10:04:42AM",DELIVERED
78212606,F-3367642549,8537,gofood,,American Breakfast Club,Kemang,"Burrito - Mock Chicken, 2 Scrambled Eggs, Cheddar, Avocado, Tater Tots",American Breakfast Burritos,,1,,68000.00,,"September 24, 2026 09:33:27AM",DELIVERED
78212540,F-3367641457,8115,gofood,,American Breakfast Club,Kemang,"Burrito - 2 Scrambled Eggs, Cheddar, Avocado, Tater Tots",American Breakfast Burritos,,1,,58000.00,,"September 24, 2026 09:32:05AM",DELIVERED
78212540,F-3367641457,8115,gofood,,American Breakfast Club,Kemang,"Burrito - 2 Scrambled Eggs, Cheddar, Avocado, Tater Tots",American Breakfast Burritos,Chick Nugget,,1,,35000.00,"September 24, 2026 09:32:05AM",DELIVERED
78212112,001352134719-C8JCC3N3EU5VKA,GF-544,GrabFood,,LA Breakfast Club,Greenville,Blueberry Pancakes (2 Pcs),LA Breakfast Pancakes,,1,,74000.00,,"September 24, 2026 09:24:05AM",DELIVERED
78212112,001352134719-C8JCC3N3EU5VKA,GF-544,GrabFood,,LA Breakfast Club,Greenville,Cheese Omelette - Side of Tater Tots,LA Breakfast Omelettes,,1,,70000.00,,"September 24, 2026 09:24:05AM",DELIVERED
78211140,0019831227-C8JCCXMAUE2DR2,GF-910,GrabFood,,People Pasta,Greenville,Creamy Mushroom - Vegetarian - Plantbased,Signature Pasta,,1,,43000.00,,"September 24, 2026 08:59:30AM",DELIVERED
78211140,0019831227-C8JCCXMAUE2DR2,GF-910,GrabFood,,People Pasta,Greenville,Creamy Mushroom - Vegetarian - Plantbased,Signature Pasta,Fusili,,1,,1000.00,"September 24, 2026 08:59:30AM",DELIVERED
78211136,00122966337-C8JCCXL2TF42LN,GF-744,GrabFood,,People Pasta,Greenville,Meat-less Burger - Vegan,Meatless Burgers,,1,,49000.00,,"September 24, 2026 08:59:28AM",DELIVERED
78211136,00122966337-C8JCCXL2TF42LN,GF-744,GrabFood,,People Pasta,Greenville,Vegan Chicken Crispy Burger,Meatless Burgers,,1,,49000.00,,"September 24, 2026 08:59:28AM",DELIVERED
78211136,00122966337-C8JCCXL2TF42LN,GF-744,GrabFood,,People Pasta,Greenville,Chicken Nugget - Vegan,,,1,,35000.00,,"September 24, 2026 08:59:28AM",DELIVERED
78211136,00122966337-C8JCCXL2TF42LN,GF-744,GrabFood,,People Pasta,Greenville,Creamy Mushroom - Vegetarian - Plantbased,Signature Pasta,,1,,43000.00,,"September 24, 2026 08:59:28AM",DELIVERED
78211136,00122966337-C8JCCXL2TF42LN,GF-744,GrabFood,,People Pasta,Greenville,Creamy Mushroom - Vegetarian - Plantbased,Signature Pasta,Spaghetti,,1,,0.00,"September 24, 2026 08:59:28AM",DELIVERED
78211032,00161948946-C8JCCVL1VA3EGN,GF-381,GrabFood,,American Breakfast Club,Greenville,"Burrito - Mock Chicken, 2 Scrambled Eggs, Cheddar, Avocado, Tater Tots",American Breakfast Burritos,,1,,68000.00,,"September 24, 2026 08:56:09AM",DELIVERED
78210856,0013613963-C8JCCUVVABM1L6,GF-345,GrabFood,,American Breakfast Club,Greenville,"Burrito - Mock Beef, 2 Scrambled Eggs, Cheddar, Avocado, Tater Tots,",American Breakfast Burritos,,1,,68000.00,,"September 24, 2026 08:51:04AM",DELIVERED
78210856,0013613963-C8JCCUVVABM1L6,GF-345,GrabFood,,American Breakfast Club,Greenville,"Burrito - Mock Chicken, 2 Scrambled Eggs, Cheddar, Avocado, Tater Tots",American Breakfast Burritos,,1,,68000.00,,"September 24, 2026 08:51:04AM",DELIVERED
78210355,001834168743-C8JCCPUGJECDJE,GF-829,GrabFood,,American Breakfast Club,Greenville,"Burrito - 2 Scrambled Eggs, Cheddar, Avocado, Tater Tots",American Breakfast Burritos,,1,,58000.00,,"September 24, 2026 08:33:56AM",DELIVERED
78210290,00157043195-C8JCCPJTFFUWLX,GF-235,GrabFood,,American Breakfast Club,Kemang,"Burrito - 2 Scrambled Eggs, Cheddar, Avocado, Tater Tots",American Breakfast Burritos,,1,,58000.00,,"September 24, 2026 08:32:03AM",DELIVERED
78210250,F-3367600457,7673,gofood,,American Breakfast Club,Kemang,"Burrito - Mock Beef, 2 Scrambled Eggs, Cheddar, Avocado, Tater Tots,",American Breakfast Burritos,,1,,68000.00,,"September 24, 2026 08:29:59AM",DELIVERED
78210040,F-3367596503,9888,gofood,,LA Breakfast Club,Greenville,Mock Beef Sandwich,LA Breakfast Sandwiches,,1,,74000.00,,"September 24, 2026 08:22:50AM",DELIVERED
78210040,F-3367596503,9888,gofood,,LA Breakfast Club,Greenville,Mock Beef Sandwich,LA Breakfast Sandwiches,Mayo,,1,,0.00,"September 24, 2026 08:22:50AM",DELIVERED
78209861,0017276058-C8JCCKNDEZEBRJ,GF-617,GrabFood,,American Breakfast Club,Greenville,Cheese Omelette - Side Tater Tots,American Breakfast Omelettes,,1,,58000.00,,"September 24, 2026 08:16:33AM",DELIVERED
78209861,0017276058-C8JCCKNDEZEBRJ,GF-617,GrabFood,,American Breakfast Club,Greenville,"Sandwich - 2 Scrambled Eggs, Mock Chicken, Cheddar Cheese Mix, Brioche Bun",American Breakfast Sandwiches,,1,,58000.00,,"September 24, 2026 08:16:33AM",DELIVERED
78209367,0013492968-C8JCCFKWVPLZDE,GF-276,GrabFood,,American Breakfast Club,Kemang,"Burrito - 2 Scrambled Eggs, Cheddar, Avocado, Tater Tots",American Breakfast Burritos,,1,,58000.00,,"September 24, 2026 07:59:03AM",DELIVERED
78209367,0013492968-C8JCCFKWVPLZDE,GF-276,GrabFood,,American Breakfast Club,Kemang,"Burrito - 2 Scrambled Eggs, Cheddar, Avocado, Tater Tots",American Breakfast Burritos,Cutleries,,1,,600.00,"September 24, 2026 07:59:03AM",DELIVERED
78209188,0015109385-C8JCCCNWJXVDRJ,GF-032,GrabFood,,American Breakfast Club,Kemang,"Burrito - 2 Scrambled Eggs, Cheddar, Avocado, Tater Tots",American Breakfast Burritos,,1,,58000.00,,"September 24, 2026 07:50:03AM",DELIVERED
78208957,001086388672-C8JCCA3CVBWFNX,GF-327,GrabFood,,American Breakfast Club,Kemang,"2 Pancakes - Butter, Maple Syrup",American Breakfast Pancakes,,1,,48000.00,,"September 24, 2026 07:38:54AM",DELIVERED
78208957,001086388672-C8JCCA3CVBWFNX,GF-327,GrabFood,,American Breakfast Club,Kemang,Cheese Omelette - Side Tater Tots,American Breakfast Omelettes,,1,,58000.00,,"September 24, 2026 07:38:54AM",DELIVERED
78208957,001086388672-C8JCCA3CVBWFNX,GF-327,GrabFood,,American Breakfast Club,Kemang,"Burrito - 2 Scrambled Eggs, Cheddar, Avocado, Tater Tots",American Breakfast Burritos,,1,,58000.00,,"September 24, 2026 07:38:54AM",DELIVERED
78208806,00167479973-C8JCBGD3TY6WE2,GF-105,GrabFood,,American Breakfast Club,Greenville,"Burrito - Mock Chicken, 2 Scrambled Eggs, Cheddar, Avocado, Tater Tots",American Breakfast Burritos,,1,,68000.00,,"September 24, 2026 07:31:30AM",DELIVERED
78208785,F-3367573561,4595,gofood,,American Breakfast Club,Greenville,"Burrito - Mock Katsu, 2 Scrambled Eggs, Cheddar, Avocado, Tater Tots",American Breakfast Burritos,,1,,54400.00,,"September 24, 2026 07:29:42AM",DELIVERED
78208785,F-3367573561,4595,gofood,,American Breakfast Club,Greenville,"Burrito - Mock Katsu, 2 Scrambled Eggs, Cheddar, Avocado, Tater Tots",American Breakfast Burritos,Chick Nugget,,1,,35000.00,"September 24, 2026 07:29:42AM",DELIVERED
78208785,F-3367573561,4595,gofood,,American Breakfast Club,Greenville,Cheese Omelette - Side Tater Tots,American Breakfast Omelettes,,1,,46400.00,,"September 24, 2026 07:29:42AM",DELIVERED
78208733,0019571670-C8JCBFTYVKNGA2,GF-849,GrabFood,,American Breakfast Club,Kemang,"Mushroom Omelette - Mushrooms, Spinach, Side Tater Tots",American Breakfast Omelettes,,1,,68000.00,,"September 24, 2026 07:27:07AM",DELIVERED
78208629,00118638164-C8JCBEWKMBAZDA,GF-380,GrabFood,,American Breakfast Club,Kemang,"Burrito - 2 Scrambled Eggs, Cheddar, Avocado, Tater Tots",American Breakfast Burritos,,1,,58000.00,,"September 24, 2026 07:21:20AM",DELIVERED
78208629,00118638164-C8JCBEWKMBAZDA,GF-380,GrabFood,,American Breakfast Club,Kemang,"Burrito - 2 Scrambled Eggs, Cheddar, Avocado, Tater Tots",American Breakfast Burritos,Cutleries,,1,,600.00,"September 24, 2026 07:21:20AM",DELIVERED
78208470,F-3367567598,8138,gofood,,American Breakfast Club,Kemang,Cheese Omelette - Side Tater Tots,American Breakfast Omelettes,,1,,58000.00,,"September 24, 2026 07:12:17AM",DELIVERED
78208470,F-3367567598,8138,gofood,,American Breakfast Club,Kemang,"Burrito - 2 Scrambled Eggs, Cheddar, Avocado, Tater Tots",American Breakfast Burritos,,1,,58000.00,,"September 24, 2026 07:12:17AM",DELIVERED
78208276,00109862275-C8JCBADFKF6KVE,GF-605,GrabFood,,American Breakfast Club,Greenville,"Burrito - 2 Scrambled Eggs, Cheddar, Avocado, Tater Tots",American Breakfast Burritos,,2,,58000.00,,"September 24, 2026 07:01:15AM",DELIVERED
78208276,00109862275-C8JCBADFKF6KVE,GF-605,GrabFood,,American Breakfast Club,Greenville,"Burrito - 2 Scrambled Eggs, Cheddar, Avocado, Tater Tots",American Breakfast Burritos,Cutleries,,2,,1500.00,"September 24, 2026 07:01:15AM",DELIVERED
78207997,001964365622-C8JCA3JGRBCWAT,GF-315,GrabFood,,LA Breakfast Club,Greenville,Cheese Omelette - Side of Tater Tots,LA Breakfast Omelettes,,2,,70000.00,,"September 24, 2026 06:40:30AM",DELIVERED
78207989,00103817808-C8JCA3VUHFDHEX,GF-719,GrabFood,,LA Breakfast Club,Greenville,"Mushroom Omelette - Mushrooms, Spinach, Side of Tater Tots",LA Breakfast Omelettes,,1,,82000.00,,"September 24, 2026 06:39:56AM",DELIVERED
78191650,001082751894-C8JBPF4WNY6HNA,GF-915,GrabFood,,American Breakfast Club,Greenville,"Burrito - Mock Beef, 2 Scrambled Eggs, Cheddar, Avocado, Tater Tots,",American Breakfast Burritos,,1,,68000.00,,"September 23, 2026 08:22:45PM",DELIVERED
78189861,F-3367368556,5164,gofood,,Herbox,Greenville,Beef Mentai Vegan Vegetarian Rice,Mentai Vegan,,1,,47200.00,,"September 23, 2026 08:04:51PM",DELIVERED
78189861,F-3367368556,5164,gofood,,Herbox,Greenville,Beef Mentai Vegan Vegetarian Rice,Mentai Vegan,French Fries,,1,,25000.00,"September 23, 2026 08:04:51PM",DELIVERED
78189861,F-3367368556,5164,gofood,,Herbox,Greenville,Katsu Wrap vegan Herbox,Wrap Series,,1,,47200.00,,"September 23, 2026 08:04:51PM",DELIVERED
78189861,F-3367368556,5164,gofood,,Herbox,Greenville,Katsu Wrap vegan Herbox,Wrap Series,French Fries,,1,,25000.00,"September 23, 2026 08:04:51PM",DELIVERED
78185445,0011745453-C8JBN2XVBEWUVJ,GF-542,GrabFood,,People Pasta,Greenville,Meat-less Burger - Vegan,Meatless Burgers,,1,,49000.00,,"September 23, 2026 07:25:02PM",DELIVERED
78185445,0011745453-C8JBN2XVBEWUVJ,GF-542,GrabFood,,People Pasta,Greenville,Creamy Mushroom - Vegetarian - Plantbased,Signature Pasta,,1,,43000.00,,"September 23, 2026 07:25:02PM",DELIVERED
78185445,0011745453-C8JBN2XVBEWUVJ,GF-542,GrabFood,,People Pasta,Greenville,Creamy Mushroom - Vegetarian - Plantbased,Signature Pasta,Spaghetti,,1,,0.00,"September 23, 2026 07:25:02PM",DELIVERED
78185445,0011745453-C8JBN2XVBEWUVJ,GF-542,GrabFood,,People Pasta,Greenville,Truffle Fries,,,1,,30000.00,,"September 23, 2026 07:25:02PM",DELIVERED
78181709,F-3367259196,4723,gofood,,Tyfel Coffee,Greenville,Original Pancake,Breakfast Pancakes,,1,,48000.00,,"September 23, 2026 06:52:17PM",DELIVERED
78177359,001683495715-C8JBNJWFTTEYAE,GF-288,GrabFood,,Herbox,Greenville,Nasi Goreng Sedap Malam Vegan Vegetarian,Nasi Goreng Special,,1,,35000.00,,"September 23, 2026 06:17:55PM",DELIVERED
78175959,001531023937-C8JBNFKTEUT3N2,GF-643,GrabFood,,People Pasta,Greenville,Creamy Mushroom - Vegetarian - Plantbased,Signature Pasta,,1,,43000.00,,"September 23, 2026 06:05:43PM",DELIVERED
78175959,001531023937-C8JBNFKTEUT3N2,GF-643,GrabFood,,People Pasta,Greenville,Creamy Mushroom - Vegetarian - Plantbased,Signature Pasta,Spaghetti,,1,,0.00,"September 23, 2026 06:05:43PM",DELIVERED
78175366,F-3367173630,3248,gofood,,American Breakfast Club,Greenville,"Burrito - Mock Katsu, 2 Scrambled Eggs, Cheddar, Avocado, Tater Tots",American Breakfast Burritos,,2,,54400.00,,"September 23, 2026 05:59:45PM",DELIVERED
78175366,F-3367173630,3248,gofood,,American Breakfast Club,Greenville,"Burrito - Mock Chicken, 2 Scrambled Eggs, Cheddar, Avocado, Tater Tots",American Breakfast Burritos,,2,,54400.00,,"September 23, 2026 05:59:45PM",DELIVERED
78175366,F-3367173630,3248,gofood,,American Breakfast Club,Greenville,Home Fries,Sides,,1,,22400.00,,"September 23, 2026 05:59:45PM",DELIVERED
78168370,0012437278-C8JBL6JWDEEHCJ,GF-954,GrabFood,,People Pasta,Greenville,Cacio e Pepe - Vegetarian - Plantbased,Signature Pasta,,1,,43000.00,,"September 23, 2026 04:52:03PM",DELIVERED
78168370,0012437278-C8JBL6JWDEEHCJ,GF-954,GrabFood,,People Pasta,Greenville,Cacio e Pepe - Vegetarian - Plantbased,Signature Pasta,Fettucine,,1,,1000.00,"September 23, 2026 04:52:03PM",DELIVERED
78155029,F-3366912188,4342,gofood,,American Breakfast Club,Kemang,"Burrito - Mock Katsu, 2 Scrambled Eggs, Cheddar, Avocado, Tater Tots",American Breakfast Burritos,,1,,68000.00,,"September 23, 2026 01:55:42PM",DELIVERED
78155029,F-3366912188,4342,gofood,,American Breakfast Club,Kemang,"Sandwich - 2 Scrambled Eggs Mock Beef, Cheddar Cheese  on a wavy brioche bun",American Breakfast Sandwiches,,1,,58000.00,,"September 23, 2026 01:55:42PM",DELIVERED
78152420,001686525699-C8JBJUAYLXEVRN,GF-371,GrabFood,,American Breakfast Club,Kemang,"Burrito - Mock Beef, 2 Scrambled Eggs, Cheddar, Avocado, Tater Tots,",American Breakfast Burritos,,2,,68000.00,,"September 23, 2026 01:20:28PM",DELIVERED
78151599,00118218468-C8JBJP4DGUD3NE,GF-539,GrabFood,,American Breakfast Club,Kemang,"Burrito - 2 Scrambled Eggs, Cheddar, Avocado, Tater Tots",American Breakfast Burritos,,1,,58000.00,,"September 23, 2026 01:09:12PM",DELIVERED
78151599,00118218468-C8JBJP4DGUD3NE,GF-539,GrabFood,,American Breakfast Club,Kemang,"Mushroom Omelette - Mushrooms, Spinach, Side Tater Tots",American Breakfast Omelettes,,1,,68000.00,,"September 23, 2026 01:09:12PM",DELIVERED
78143618,F-3366736063,2832,gofood,,American Breakfast Club,Kemang,"Burrito - Mock Beef, 2 Scrambled Eggs, Cheddar, Avocado, Tater Tots,",American Breakfast Burritos,,1,,68000.00,,"September 23, 2026 11:36:44AM",DELIVERED
78142576,F-3366719914,5572,gofood,,American Breakfast Club,Kemang,"Burrito - 2 Scrambled Eggs, Cheddar, Avocado, Tater Tots",American Breakfast Burritos,,1,,58000.00,,"September 23, 2026 11:26:08AM",DELIVERED
78142576,F-3366719914,5572,gofood,,American Breakfast Club,Kemang,"Burrito - 2 Scrambled Eggs, Cheddar, Avocado, Tater Tots",American Breakfast Burritos,Tatter Tots,,1,,30000.00,"September 23, 2026 11:26:08AM",DELIVERED
78142198,001409973858-C8JBG66BUAUDT2,GF-691,GrabFood,,American Breakfast Club,Kemang,"Burrito - Mock Chicken, 2 Scrambled Eggs, Cheddar, Avocado, Tater Tots",American Breakfast Burritos,,1,,68000.00,,"September 23, 2026 11:23:11AM",DELIVERED
78141704,00100391194-C8JBG6JVBF4XMA,GF-260,GrabFood,,American Breakfast Club,Kemang,"Burrito - 2 Scrambled Eggs, Cheddar, Avocado, Tater Tots",American Breakfast Burritos,,1,,58000.00,,"September 23, 2026 11:18:43AM",DELIVERED
78140573,00104921953-C8JBG2XALKXZLX,GF-698,GrabFood,,Tyfel Coffee,Greenville,Nachos - Vegan-option,Lite Bites,,1,,40000.00,,"September 23, 2026 11:07:50AM",DELIVERED
78140573,00104921953-C8JBG2XALKXZLX,GF-698,GrabFood,,Tyfel Coffee,Greenville,Meatless Burger - Vegan Plantbased,Brunch,,1,,45000.00,,"September 23, 2026 11:07:50AM",DELIVERED
78138164,F-3366656378,4781,gofood,,Herbox,Greenville,Kung Paow Chick Vegan Vegetarian Ricebox,Ricebox,,1,,31200.00,,"September 23, 2026 10:41:44AM",DELIVERED
78137826,001286098163-C8JBGUX1LU4HJX,GF-175,GrabFood,,American Breakfast Club,Kemang,"Burrito - 2 Scrambled Eggs, Cheddar, Avocado, Tater Tots",American Breakfast Burritos,,1,,58000.00,,"September 23, 2026 10:38:27AM",DELIVERED
78137826,001286098163-C8JBGUX1LU4HJX,GF-175,GrabFood,,American Breakfast Club,Kemang,"Burrito - 2 Scrambled Eggs, Cheddar, Avocado, Tater Tots",American Breakfast Burritos,Cutleries,,1,,600.00,"September 23, 2026 10:38:27AM",DELIVERED
78137826,001286098163-C8JBGUX1LU4HJX,GF-175,GrabFood,,American Breakfast Club,Kemang,Cheese Omelette - Side Tater Tots,American Breakfast Omelettes,,1,,58000.00,,"September 23, 2026 10:38:27AM",DELIVERED
78137826,001286098163-C8JBGUX1LU4HJX,GF-175,GrabFood,,American Breakfast Club,Kemang,Cheese Omelette - Side Tater Tots,American Breakfast Omelettes,Cutleries,,1,,600.00,"September 23, 2026 10:38:27AM",DELIVERED
78136358,F-3366629732,4296,gofood,,American Breakfast Club,Kemang,"Burrito - Mock Beef, 2 Scrambled Eggs, Cheddar, Avocado, Tater Tots,",American Breakfast Burritos,,1,,68000.00,,"September 23, 2026 10:19:02AM",DELIVERED
78134628,00137938990-C8JBGGJBGVMGHA,GF-119,GrabFood,,American Breakfast Club,Kemang,"Burrito - 2 Scrambled Eggs, Cheddar, Avocado, Tater Tots",American Breakfast Burritos,,1,,58000.00,,"September 23, 2026 09:51:51AM",DELIVERED
78134389,00112155259-C8JBGFN3JFB2DA,GF-865,GrabFood,,American Breakfast Club,Kemang,Sandwich - 2 Scrambled Eggs melty cheddar cheese on a wavy brioche bun,American Breakfast Sandwiches,,1,,45000.00,,"September 23, 2026 09:46:51AM",DELIVERED
78134389,00112155259-C8JBGFN3JFB2DA,GF-865,GrabFood,,American Breakfast Club,Kemang,Sandwich - 2 Scrambled Eggs melty cheddar cheese on a wavy brioche bun,American Breakfast Sandwiches,Cutleries,,1,,600.00,"September 23, 2026 09:46:51AM",DELIVERED
78134389,00112155259-C8JBGFN3JFB2DA,GF-865,GrabFood,,American Breakfast Club,Kemang,Sandwich - 2 Scrambled Eggs melty cheddar cheese on a wavy brioche bun,American Breakfast Sandwiches,Home Fries,,1,,30000.00,"September 23, 2026 09:46:51AM",DELIVERED
78134359,0018431562-C8JBGFMGJKUKC2,GF-907,GrabFood,,American Breakfast Club,Kemang,Sandwich - 2 Scrambled Eggs melty cheddar cheese on a wavy brioche bun,American Breakfast Sandwiches,,5,,45000.00,,"September 23, 2026 09:46:17AM",DELIVERED
78134171,001311977773-C8JBGE6DUGDXFA,GF-077,GrabFood,,American Breakfast Club,Kemang,"Burrito - 2 Scrambled Eggs, Cheddar, Avocado, Tater Tots",American Breakfast Burritos,,1,,58000.00,,"September 23, 2026 09:43:15AM",DELIVERED
78133801,0011463984-C8JBGCNBG6T1A2,GF-991,GrabFood,,American Breakfast Club,Kemang,"Burrito - 2 Scrambled Eggs, Cheddar, Avocado, Tater Tots",American Breakfast Burritos,,1,,58000.00,,"September 23, 2026 09:36:33AM",DELIVERED
78133801,0011463984-C8JBGCNBG6T1A2,GF-991,GrabFood,,American Breakfast Club,Kemang,"Burrito - 2 Scrambled Eggs, Cheddar, Avocado, Tater Tots",American Breakfast Burritos,Cutleries,,1,,600.00,"September 23, 2026 09:36:33AM",DELIVERED
78133797,F-3366590177,7593,gofood,,American Breakfast Club,Kemang,Cheese Omelette - Side Tater Tots,American Breakfast Omelettes,,1,,58000.00,,"September 23, 2026 09:35:51AM",DELIVERED
78133797,F-3366590177,7593,gofood,,American Breakfast Club,Kemang,"Burrito - Mock Fish, 2 Scrambled Eggs, Cheddar, Avocado, Tater Tots,",American Breakfast Burritos,,1,,68000.00,,"September 23, 2026 09:35:51AM",DELIVERED
78133572,001730054738-C8JBGBX1PFKFJJ,GF-716,GrabFood,,People Pasta,Greenville,Creamy Mushroom - Vegetarian - Plantbased,Signature Pasta,,1,,43000.00,,"September 23, 2026 09:31:47AM",DELIVERED
78133572,001730054738-C8JBGBX1PFKFJJ,GF-716,GrabFood,,People Pasta,Greenville,Creamy Mushroom - Vegetarian - Plantbased,Signature Pasta,Fusili,,1,,1000.00,"September 23, 2026 09:31:47AM",DELIVERED
78133502,00108981798-C8JBGBTVLT5XG2,GF-653,GrabFood,,American Breakfast Club,Kemang,"Burrito - Mock Beef, 2 Scrambled Eggs, Cheddar, Avocado, Tater Tots,",American Breakfast Burritos,,1,,68000.00,,"September 23, 2026 09:30:24AM",DELIVERED
78132807,001344835704-C8JBFF2WEUNJRX,GF-514,GrabFood,,American Breakfast Club,Kemang,"Burrito - 2 Scrambled Eggs, Cheddar, Avocado, Tater Tots",American Breakfast Burritos,,1,,58000.00,,"September 23, 2026 09:15:24AM",DELIVERED
78132807,001344835704-C8JBFF2WEUNJRX,GF-514,GrabFood,,American Breakfast Club,Kemang,"Burrito - 2 Scrambled Eggs, Cheddar, Avocado, Tater Tots",American Breakfast Burritos,Mineral Water,,1,,10000.00,"September 23, 2026 09:15:24AM",DELIVERED
78132286,F-3366564023,9244,gofood,,American Breakfast Club,Greenville,"2 Pancakes - Chocolate Chips, Butter, Maple Syrup",American Breakfast Pancakes,,3,,46400.00,,"September 23, 2026 09:00:40AM",DELIVERED
78132286,F-3366564023,9244,gofood,,American Breakfast Club,Greenville,Tater Tots,Sides,,2,,22400.00,,"September 23, 2026 09:00:40AM",DELIVERED
78132286,F-3366564023,9244,gofood,,American Breakfast Club,Greenville,"Burrito - Mock Beef, 2 Scrambled Eggs, Cheddar, Avocado, Tater Tots,",American Breakfast Burritos,,3,,54400.00,,"September 23, 2026 09:00:40AM",DELIVERED
78132044,001933802476-C8JBFBBKA4NTMA,GF-948,GrabFood,,American Breakfast Club,Kemang,"Sandwich - 2 Scrambled Eggs Mock Beef, Cheddar Cheese  on a wavy brioche bun",American Breakfast Sandwiches,,2,,58000.00,,"September 23, 2026 08:53:59AM",DELIVERED
78132044,001933802476-C8JBFBBKA4NTMA,GF-948,GrabFood,,American Breakfast Club,Kemang,"Sandwich - 2 Scrambled Eggs Mock Beef, Cheddar Cheese  on a wavy brioche bun",American Breakfast Sandwiches,Cutleries,,2,,600.00,"September 23, 2026 08:53:59AM",DELIVERED
78132044,001933802476-C8JBFBBKA4NTMA,GF-948,GrabFood,,American Breakfast Club,Kemang,"Sandwich - 2 Scrambled Eggs Mock Beef, Cheddar Cheese  on a wavy brioche bun",American Breakfast Sandwiches,Home Fries,,2,,30000.00,"September 23, 2026 08:53:59AM",DELIVERED
78131531,F-3366550259,4251,gofood,,American Breakfast Club,Kemang,Cheese Omelette - Side Tater Tots,American Breakfast Omelettes,,1,,58000.00,,"September 23, 2026 08:37:07AM",DELIVERED
78131286,001616033102-C8JBE4JAEA5CLE,GF-190,GrabFood,,American Breakfast Club,Kemang,"Sandwich - 2 Scrambled Eggs Mock Beef, Cheddar Cheese  on a wavy brioche bun",American Breakfast Sandwiches,,1,,58000.00,,"September 23, 2026 08:28:30AM",DELIVERED
78131286,001616033102-C8JBE4JAEA5CLE,GF-190,GrabFood,,American Breakfast Club,Kemang,"Sandwich - 2 Scrambled Eggs Mock Beef, Cheddar Cheese  on a wavy brioche bun",American Breakfast Sandwiches,Cutleries,,1,,600.00,"September 23, 2026 08:28:30AM",DELIVERED
78131169,00186200610-C8JBE3UVEVAZAE,GF-958,GrabFood,,American Breakfast Club,Kemang,"Mushroom Omelette - Mushrooms, Spinach, Side Tater Tots",American Breakfast Omelettes,,1,,68000.00,,"September 23, 2026 08:24:02AM",DELIVERED
78131169,00186200610-C8JBE3UVEVAZAE,GF-958,GrabFood,,American Breakfast Club,Kemang,"Mushroom Omelette - Mushrooms, Spinach, Side Tater Tots",American Breakfast Omelettes,Cutleries,,1,,600.00,"September 23, 2026 08:24:02AM",DELIVERED
78131169,00186200610-C8JBE3UVEVAZAE,GF-958,GrabFood,,American Breakfast Club,Kemang,Cheese Omelette - Side Tater Tots,American Breakfast Omelettes,,1,,58000.00,,"September 23, 2026 08:24:02AM",DELIVERED
78131169,00186200610-C8JBE3UVEVAZAE,GF-958,GrabFood,,American Breakfast Club,Kemang,Cheese Omelette - Side Tater Tots,American Breakfast Omelettes,Cutleries,,1,,600.00,"September 23, 2026 08:24:02AM",DELIVERED
78131129,F-3366542174,3414,gofood,,American Breakfast Club,Greenville,"Burrito - 2 Scrambled Eggs, Cheddar, Avocado, Tater Tots",American Breakfast Burritos,,1,,46400.00,,"September 23, 2026 08:22:23AM",DELIVERED
78131129,F-3366542174,3414,gofood,,American Breakfast Club,Greenville,"Burrito - 2 Scrambled Eggs, Cheddar, Avocado, Tater Tots",American Breakfast Burritos,Cutleries,,1,,1500.00,"September 23, 2026 08:22:23AM",DELIVERED
78131115,001395788910-C8JBE3LWAN6EA6,GF-540,GrabFood,,American Breakfast Club,Kemang,Cheese Omelette - Side Tater Tots,American Breakfast Omelettes,,1,,58000.00,,"September 23, 2026 08:22:44AM",DELIVERED
78131027,00113105542-C8JBE253KGBTAE,GF-271,GrabFood,,American Breakfast Club,Greenville,"Burrito - Mock Beef, 2 Scrambled Eggs, Cheddar, Avocado, Tater Tots,",American Breakfast Burritos,,1,,68000.00,,"September 23, 2026 08:19:51AM",DELIVERED
78129129,0019230759-C8JBEAXGLVBYT2,GF-464,GrabFood,,Tyfel Coffee,Greenville,Tyfel Burritos - Vegan,Lite Bites,,1,,45000.00,,"September 23, 2026 06:38:46AM",DELIVERED
78129129,0019230759-C8JBEAXGLVBYT2,GF-464,GrabFood,,Tyfel Coffee,Greenville,Meatless Burger - Vegan Plantbased,Brunch,,1,,45000.00,,"September 23, 2026 06:38:46AM",DELIVERED
78129129,0019230759-C8JBEAXGLVBYT2,GF-464,GrabFood,,Tyfel Coffee,Greenville,Fettucini Mushroom,Main Course,,2,,50000.00,,"September 23, 2026 06:38:46AM",DELIVERED
78129099,001842438161-C8JBEAKECFJKG6,GF-603,GrabFood,,American Breakfast Club,Greenville,Cheese Omelette - Side Tater Tots,American Breakfast Omelettes,,1,,58000.00,,"September 23, 2026 06:35:59AM",DELIVERED
78129099,001842438161-C8JBEAKECFJKG6,GF-603,GrabFood,,American Breakfast Club,Greenville,"Burrito - 2 Scrambled Eggs, Cheddar, Avocado, Tater Tots",American Breakfast Burritos,,1,,58000.00,,"September 23, 2026 06:35:59AM",DELIVERED
78111770,00115344887-C8JATPAKTREYV6,GF-432,GrabFood,,American Breakfast Club,Greenville,"Burrito - Mock Chicken, 2 Scrambled Eggs, Cheddar, Avocado, Tater Tots",American Breakfast Burritos,,1,,68000.00,,"September 22, 2026 08:23:41PM",DELIVERED
78111770,00115344887-C8JATPAKTREYV6,GF-432,GrabFood,,American Breakfast Club,Greenville,Sandwich - 2 Scrambled Eggs melty cheddar cheese on a wavy brioche bun,American Breakfast Sandwiches,,1,,45000.00,,"September 22, 2026 08:23:41PM",DELIVERED
78105079,00139962953-C8JASGBVAKJ2UA,GF-580,GrabFood,,People Pasta,Greenville,Vegan Chicken Crispy Burger,Meatless Burgers,,1,,49000.00,,"September 22, 2026 07:24:02PM",DELIVERED
78100144,001028200154-C8JAR64YNFD1NA,GF-727,GrabFood,,People Pasta,Greenville,Creamy Mushroom - Vegetarian - Plantbased,Signature Pasta,,1,,43000.00,,"September 22, 2026 06:42:45PM",DELIVERED
78100144,001028200154-C8JAR64YNFD1NA,GF-727,GrabFood,,People Pasta,Greenville,Creamy Mushroom - Vegetarian - Plantbased,Signature Pasta,Spaghetti,,1,,0.00,"September 22, 2026 06:42:45PM",DELIVERED
78094522,F-3366110606,6845,gofood,,American Breakfast Club,Greenville,Cheese Omelette - Side Tater Tots,American Breakfast Omelettes,,1,,46400.00,,"September 22, 2026 05:52:13PM",DELIVERED
78094522,F-3366110606,6845,gofood,,American Breakfast Club,Greenville,"Mushroom Omelette - Mushrooms, Spinach, Side Tater Tots",American Breakfast Omelettes,,1,,54400.00,,"September 22, 2026 05:52:13PM",DELIVERED
78094522,F-3366110606,6845,gofood,,American Breakfast Club,Greenville,Tater Tots,Sides,,1,,22400.00,,"September 22, 2026 05:52:13PM",DELIVERED
78087201,001016397156-C8JAPF6KE2MBAA,GF-369,GrabFood,,Herbox,Greenville,Rica Wrap,Wrap Series,,1,,59000.00,,"September 22, 2026 04:36:39PM",DELIVERED
78087201,001016397156-C8JAPF6KE2MBAA,GF-369,GrabFood,,Herbox,Greenville,Rica Wrap,Wrap Series,Vegan Chicken Nugget,,1,,35000.00,"September 22, 2026 04:36:39PM",DELIVERED
78081887,F-3365933414,6673,gofood,,American Breakfast Club,Kemang,"Burrito - Mock Beef, 2 Scrambled Eggs, Cheddar, Avocado, Tater Tots,",American Breakfast Burritos,,1,,68000.00,,"September 22, 2026 03:10:12PM",DELIVERED
78081887,F-3365933414,6673,gofood,,American Breakfast Club,Kemang,"Burrito - Mock Beef, 2 Scrambled Eggs, Cheddar, Avocado, Tater Tots,",American Breakfast Burritos,Home Fries,,1,,30000.00,"September 22, 2026 03:10:12PM",DELIVERED
78081128,00185199192-C8JANVNUNZBWLT,GF-409,GrabFood,,American Breakfast Club,Kemang,"Burrito - 2 Scrambled Eggs, Cheddar, Avocado, Tater Tots",American Breakfast Burritos,,1,,58000.00,,"September 22, 2026 03:16:42PM",DELIVERED
78081128,00185199192-C8JANVNUNZBWLT,GF-409,GrabFood,,American Breakfast Club,Kemang,Cheese Omelette - Side Tater Tots,American Breakfast Omelettes,,1,,58000.00,,"September 22, 2026 03:16:42PM",DELIVERED
78079506,00178472656-C8JANPTWDGL3L6,GF-513,GrabFood,,American Breakfast Club,Greenville,"Burrito - Mock Chicken, 2 Scrambled Eggs, Cheddar, Avocado, Tater Tots",American Breakfast Burritos,,1,,68000.00,,"September 22, 2026 02:53:43PM",DELIVERED
78073367,F-3365823043,6292,gofood,,American Breakfast Club,Kemang,Tater Tots,Sides,,2,,28000.00,,"September 22, 2026 01:19:03PM",DELIVERED
78073367,F-3365823043,6292,gofood,,American Breakfast Club,Kemang,"2 Pancakes - Butter, Maple Syrup",American Breakfast Pancakes,,1,,48000.00,,"September 22, 2026 01:19:03PM",DELIVERED
78073083,001756275779-C8JAL8NEHBMJCA,GF-789,GrabFood,,American Breakfast Club,Greenville,Sandwich - 2 Scrambled Eggs melty cheddar cheese on a wavy brioche bun,American Breakfast Sandwiches,,1,,45000.00,,"September 22, 2026 01:19:57PM",DELIVERED
78073083,001756275779-C8JAL8NEHBMJCA,GF-789,GrabFood,,American Breakfast Club,Greenville,Sandwich - 2 Scrambled Eggs melty cheddar cheese on a wavy brioche bun,American Breakfast Sandwiches,Truffle Home Fries,,1,,40000.00,"September 22, 2026 01:19:57PM",DELIVERED
78073083,001756275779-C8JAL8NEHBMJCA,GF-789,GrabFood,,American Breakfast Club,Greenville,"2 Pancakes - Chocolate Chips, Butter, Maple Syrup",American Breakfast Pancakes,,1,,58000.00,,"September 22, 2026 01:19:57PM",DELIVERED
78073083,001756275779-C8JAL8NEHBMJCA,GF-789,GrabFood,,American Breakfast Club,Greenville,"2 Pancakes - Chocolate Chips, Butter, Maple Syrup",American Breakfast Pancakes,Cutleries,,1,,1500.00,"September 22, 2026 01:19:57PM",DELIVERED
78067793,F-3365739062,6921,gofood,,American Breakfast Club,Kemang,"Burrito - 2 Scrambled Eggs, Cheddar, Avocado, Tater Tots",American Breakfast Burritos,,1,,58000.00,,"September 22, 2026 12:12:04PM",DELIVERED
78067793,F-3365739062,6921,gofood,,American Breakfast Club,Kemang,"Burrito - 2 Scrambled Eggs, Cheddar, Avocado, Tater Tots",American Breakfast Burritos,Home Fries,,1,,30000.00,"September 22, 2026 12:12:04PM",DELIVERED
78067687,001933659711-C8JALRDXANWYHE,GF-183,GrabFood,,American Breakfast Club,Greenville,"Burrito - 2 Scrambled Eggs, Cheddar, Avocado, Tater Tots",American Breakfast Burritos,,2,,58000.00,,"September 22, 2026 12:11:24PM",DELIVERED
78064583,F-3365689083,6114,gofood,,American Breakfast Club,Kemang,"2 Pancakes - Blueberries, Butter, Maple Syrup",American Breakfast Pancakes,,1,,58000.00,,"September 22, 2026 11:36:55AM",DELIVERED
78064583,F-3365689083,6114,gofood,,American Breakfast Club,Kemang,"2 Pancakes - Blueberries, Butter, Maple Syrup",American Breakfast Pancakes,Truffle Tater Tots,,1,,40000.00,"September 22, 2026 11:36:55AM",DELIVERED
78064299,001924157574-C8JALFW2AEJ1N2,GF-914,GrabFood,,People Pasta,Greenville,Chicken Nugget - Vegan,,,1,,35000.00,,"September 22, 2026 11:34:55AM",DELIVERED
78064299,001924157574-C8JALFW2AEJ1N2,GF-914,GrabFood,,People Pasta,Greenville,Cacio e Pepe - Vegetarian - Plantbased,Signature Pasta,,1,,43000.00,,"September 22, 2026 11:34:55AM",DELIVERED
78064299,001924157574-C8JALFW2AEJ1N2,GF-914,GrabFood,,People Pasta,Greenville,Vegan Chicken Crispy Burger,Meatless Burgers,,1,,49000.00,,"September 22, 2026 11:34:55AM",DELIVERED
78062567,F-3365658584,1484,gofood,,American Breakfast Club,Kemang,"Burrito - 2 Scrambled Eggs, Cheddar, Avocado, Tater Tots",American Breakfast Burritos,,1,,58000.00,,"September 22, 2026 11:16:47AM",DELIVERED
78062563,0018589717-C8JALBUUBBJTTN,GF-631,GrabFood,,American Breakfast Club,Greenville,"Burrito - Mock Beef, 2 Scrambled Eggs, Cheddar, Avocado, Tater Tots,",American Breakfast Burritos,,1,,68000.00,,"September 22, 2026 11:17:24AM",DELIVERED
78062375,00196460375-C8JAKF3CWBA3CN,GF-600,GrabFood,,Herbox,Greenville,Teriyaki Vegan Vegetarian Ricebox,Ricebox,,1,,39000.00,,"September 22, 2026 11:15:21AM",DELIVERED
78062375,00196460375-C8JAKF3CWBA3CN,GF-600,GrabFood,,Herbox,Greenville,Teriyaki Vegan Vegetarian Ricebox,Ricebox,Vegan Chicken Nugget,,1,,35000.00,"September 22, 2026 11:15:21AM",DELIVERED
78062269,F-3365654219,3731,gofood,,American Breakfast Club,Kemang,"Burrito - Mock Beef, 2 Scrambled Eggs, Cheddar, Avocado, Tater Tots,",American Breakfast Burritos,,1,,68000.00,,"September 22, 2026 11:13:59AM",DELIVERED
78061070,0011271954-C8JAKF2YAKBVHE,GF-685,GrabFood,,American Breakfast Club,Kemang,"Burrito - 2 Scrambled Eggs, Cheddar, Avocado, Tater Tots",American Breakfast Burritos,,1,,58000.00,,"September 22, 2026 11:02:06AM",DELIVERED
78061070,0011271954-C8JAKF2YAKBVHE,GF-685,GrabFood,,American Breakfast Club,Kemang,"Burrito - 2 Scrambled Eggs, Cheddar, Avocado, Tater Tots",American Breakfast Burritos,Cutleries,,1,,600.00,"September 22, 2026 11:02:06AM",DELIVERED
78059859,F-3365617410,5741,gofood,,American Breakfast Club,Greenville,"Burrito - Mock Chicken, 2 Scrambled Eggs, Cheddar, Avocado, Tater Tots",American Breakfast Burritos,,1,,54400.00,,"September 22, 2026 10:47:31AM",DELIVERED
78059859,F-3365617410,5741,gofood,,American Breakfast Club,Greenville,"2 Pancakes - Butter, Maple Syrup",American Breakfast Pancakes,,1,,38400.00,,"September 22, 2026 10:47:31AM",DELIVERED
78058615,F-3365599114,3638,gofood,,American Breakfast Club,Kemang,"Burrito - 2 Scrambled Eggs, Cheddar, Avocado, Tater Tots",American Breakfast Burritos,,1,,58000.00,,"September 22, 2026 10:32:37AM",DELIVERED
78057963,F-3365589289,4161,gofood,,American Breakfast Club,Kemang,"Burrito - Mock Beef, 2 Scrambled Eggs, Cheddar, Avocado, Tater Tots,",American Breakfast Burritos,,1,,68000.00,,"September 22, 2026 10:24:12AM",DELIVERED
78057597,001177980011-C8JAJ6MJTREVJX,GF-427,GrabFood,,American Breakfast Club,Kemang,"Burrito - 2 Scrambled Eggs, Cheddar, Avocado, Tater Tots",American Breakfast Burritos,,1,,58000.00,,"September 22, 2026 10:19:38AM",DELIVERED
78057597,001177980011-C8JAJ6MJTREVJX,GF-427,GrabFood,,American Breakfast Club,Kemang,"Burrito - 2 Scrambled Eggs, Cheddar, Avocado, Tater Tots",American Breakfast Burritos,Home Fries,,1,,30000.00,"September 22, 2026 10:19:38AM",DELIVERED
78057410,F-3365580553,1461,gofood,,American Breakfast Club,Kemang,"Burrito - 2 Scrambled Eggs, Cheddar, Avocado, Tater Tots",American Breakfast Burritos,,1,,58000.00,,"September 22, 2026 10:16:20AM",DELIVERED
78057288,F-3365579842,5996,gofood,,American Breakfast Club,Kemang,"Burrito - 2 Scrambled Eggs, Cheddar, Avocado, Tater Tots",American Breakfast Burritos,,1,,58000.00,,"September 22, 2026 10:15:40AM",CANCELLED
78055559,0010417762-C8JAJXVTC7D3WE,GF-935,GrabFood,,American Breakfast Club,Kemang,"Sandwich - 2 Scrambled Eggs, Mock Chicken, Cheddar Cheese Mix, Brioche Bun",American Breakfast Sandwiches,,2,,58000.00,,"September 22, 2026 09:47:43AM",DELIVERED
78054761,001201427372-C8JAJTXZHGLFLT,GF-752,GrabFood,,People Pasta,Greenville,Cacio e Pepe - Vegetarian - Plantbased,Signature Pasta,,1,,43000.00,,"September 22, 2026 09:31:47AM",DELIVERED
78054761,001201427372-C8JAJTXZHGLFLT,GF-752,GrabFood,,People Pasta,Greenville,Cacio e Pepe - Vegetarian - Plantbased,Signature Pasta,Fettucine,,1,,1000.00,"September 22, 2026 09:31:47AM",DELIVERED
78054761,001201427372-C8JAJTXZHGLFLT,GF-752,GrabFood,,People Pasta,Greenville,Cacio e Pepe - Vegetarian - Plantbased,Signature Pasta,,1,,43000.00,,"September 22, 2026 09:31:47AM",DELIVERED
78054761,001201427372-C8JAJTXZHGLFLT,GF-752,GrabFood,,People Pasta,Greenville,Cacio e Pepe - Vegetarian - Plantbased,Signature Pasta,Fusili,,1,,1000.00,"September 22, 2026 09:31:47AM",DELIVERED
78054761,001201427372-C8JAJTXZHGLFLT,GF-752,GrabFood,,People Pasta,Greenville,Tattert Tots,,,1,,28000.00,,"September 22, 2026 09:31:47AM",DELIVERED
78054699,00141457375-C8JAJTUGVTNKNT,GF-564,GrabFood,,American Breakfast Club,Kemang,"Mushroom Omelette - Mushrooms, Spinach, Side Tater Tots",American Breakfast Omelettes,,1,,68000.00,,"September 22, 2026 09:30:38AM",DELIVERED
78054699,00141457375-C8JAJTUGVTNKNT,GF-564,GrabFood,,American Breakfast Club,Kemang,"Mushroom Omelette - Mushrooms, Spinach, Side Tater Tots",American Breakfast Omelettes,Cutleries,,1,,600.00,"September 22, 2026 09:30:38AM",DELIVERED
78054281,F-3365523870,4736,gofood,,American Breakfast Club,Kemang,"Original Egg burger - Patties, 2 Scrambled Eggs, Cheddar Cheese, Secret Sauce",American Breakfast Burger,,1,,58000.00,,"September 22, 2026 09:07:55AM",DELIVERED
78054281,F-3365523870,4736,gofood,,American Breakfast Club,Kemang,"Burrito - 2 Scrambled Eggs, Cheddar, Avocado, Tater Tots",American Breakfast Burritos,,1,,58000.00,,"September 22, 2026 09:07:55AM",DELIVERED
78054164,0012515005-C8JAJPJJARBGJ2,GF-465,GrabFood,,People Pasta,Greenville,Meat-less Burger - Vegan,Meatless Burgers,,1,,49000.00,,"September 22, 2026 09:18:38AM",DELIVERED
78053698,0014352928-C8JAJLBBFBUATX,GF-419,GrabFood,,American Breakfast Club,Greenville,Cheese Omelette - Side Tater Tots,American Breakfast Omelettes,,1,,58000.00,,"September 22, 2026 09:07:12AM",DELIVERED
78053698,0014352928-C8JAJLBBFBUATX,GF-419,GrabFood,,American Breakfast Club,Greenville,Cheese Omelette - Side Tater Tots,American Breakfast Omelettes,Cutleries,,1,,1500.00,"September 22, 2026 09:07:12AM",DELIVERED
78053608,00116605783-C8JAJKWKNZNXEE,GF-392,GrabFood,,American Breakfast Club,Greenville,"Burrito - Mock Beef, 2 Scrambled Eggs, Cheddar, Avocado, Tater Tots,",American Breakfast Burritos,,1,,68000.00,,"September 22, 2026 09:04:47AM",DELIVERED
78053608,00116605783-C8JAJKWKNZNXEE,GF-392,GrabFood,,American Breakfast Club,Greenville,"2 Pancakes - Butter, Maple Syrup",American Breakfast Pancakes,,1,,48000.00,,"September 22, 2026 09:04:47AM",DELIVERED
78053450,001786631771-C8JAJJ5XMATBGT,GF-562,GrabFood,,American Breakfast Club,Kemang,"Burrito - Mock Katsu, 2 Scrambled Eggs, Cheddar, Avocado, Tater Tots",American Breakfast Burritos,,1,,68000.00,,"September 22, 2026 08:59:46AM",DELIVERED
78053450,001786631771-C8JAJJ5XMATBGT,GF-562,GrabFood,,American Breakfast Club,Kemang,"Burrito - Mock Katsu, 2 Scrambled Eggs, Cheddar, Avocado, Tater Tots",American Breakfast Burritos,Cutleries,,1,,600.00,"September 22, 2026 08:59:46AM",DELIVERED
78052970,F-3365497493,1864,gofood,,American Breakfast Club,Greenville,"Burrito - 2 Scrambled Eggs, Cheddar, Avocado, Tater Tots",American Breakfast Burritos,,7,,46400.00,,"September 22, 2026 08:21:58AM",DELIVERED
78052726,001974209470-C8JAJCKDLJKEAJ,GF-589,GrabFood,,American Breakfast Club,Kemang,"Burrito - Mock Beef, 2 Scrambled Eggs, Cheddar, Avocado, Tater Tots,",American Breakfast Burritos,,1,,68000.00,,"September 22, 2026 08:35:33AM",DELIVERED
78052726,001974209470-C8JAJCKDLJKEAJ,GF-589,GrabFood,,American Breakfast Club,Kemang,Cutleries,,,1,,600.00,,"September 22, 2026 08:35:33AM",DELIVERED
78052655,F-3365503062,6278,gofood,,Tyfel Coffee,Kemang,Mock Chicken Burrito,Breakfast Burritos,,1,,68000.00,,"September 22, 2026 08:32:35AM",DELIVERED
78052301,00167964167-C8JAHGNJSEKBKE,GF-130,GrabFood,,American Breakfast Club,Greenville,"Burrito - Mock Chicken, 2 Scrambled Eggs, Cheddar, Avocado, Tater Tots",American Breakfast Burritos,,1,,68000.00,,"September 22, 2026 08:19:59AM",DELIVERED
78051534,00173006839-C8JAG8E1PF6DGT,GF-145,GrabFood,,Herbox,Greenville,Beef  wrap Vegan Herbox,Wrap Series,,1,,59000.00,,"September 22, 2026 07:45:10AM",DELIVERED
78051534,00173006839-C8JAG8E1PF6DGT,GF-145,GrabFood,,Herbox,Greenville,Tater tots,Sides,,1,,30000.00,,"September 22, 2026 07:45:10AM",DELIVERED
78051534,00173006839-C8JAG8E1PF6DGT,GF-145,GrabFood,,Herbox,Greenville,Hygiene Cutleries,Extra,,1,,2000.00,,"September 22, 2026 07:45:10AM",DELIVERED
78050949,001254526285-C8JAGY4ENXUVLE,GF-852,GrabFood,,LA Breakfast Club,Greenville,Cheese Omelette - Side of Tater Tots,LA Breakfast Omelettes,,2,,70000.00,,"September 22, 2026 07:14:46AM",DELIVERED
78050377,F-3365459835,3981,gofood,,American Breakfast Club,Greenville,Cheese Omelette - Side Tater Tots,American Breakfast Omelettes,,1,,46400.00,,"September 22, 2026 06:35:13AM",DELIVERED
78050377,F-3365459835,3981,gofood,,American Breakfast Club,Greenville,Home Fries,Sides,,1,,22400.00,,"September 22, 2026 06:35:13AM",DELIVERED
78050377,F-3365459835,3981,gofood,,American Breakfast Club,Greenville,"Burrito - Mock Beef, 2 Scrambled Eggs, Cheddar, Avocado, Tater Tots,",American Breakfast Burritos,,1,,54400.00,,"September 22, 2026 06:35:13AM",DELIVERED
78033554,F-3365277269,6411,gofood,,Tyfel Coffee,Greenville,Mock Beef Sandwich,Breakfast Sandwiches,,1,,58000.00,,"September 21, 2026 08:09:36PM",DELIVERED
78033554,F-3365277269,6411,gofood,,Tyfel Coffee,Greenville,Tater Tots,Sides,,1,,28000.00,,"September 21, 2026 08:09:36PM",DELIVERED
78033554,F-3365277269,6411,gofood,,Tyfel Coffee,Greenville,Chic Chunk - Vegan Plantbased,Lite Bites,,1,,38000.00,,"September 21, 2026 08:09:36PM",DELIVERED
78020606,F-3365105799,4284,gofood,,American Breakfast Club,Greenville,"Burrito - 2 Scrambled Eggs, Cheddar, Avocado, Tater Tots",American Breakfast Burritos,,1,,46400.00,,"September 21, 2026 06:17:33PM",DELIVERED
78006376,00152451176-C8E3TCLJMACKAJ,GF-966,GrabFood,,Herbox,Greenville,Kung Paow Chick Vegan Vegetarian Ricebox,Ricebox,,1,,39000.00,,"September 21, 2026 03:55:58PM",DELIVERED
78006376,00152451176-C8E3TCLJMACKAJ,GF-966,GrabFood,,Herbox,Greenville,Kung Paow Chick Vegan Vegetarian Ricebox,Ricebox,Vegan Chicken Nugget,,1,,35000.00,"September 21, 2026 03:55:58PM",DELIVERED
78006376,00152451176-C8E3TCLJMACKAJ,GF-966,GrabFood,,Herbox,Greenville,Pesmol Vegan Vegetarian Ricebox,Ricebox,,1,,39000.00,,"September 21, 2026 03:55:58PM",DELIVERED
78005413,001184511599-C8E3TANJNXBWCE,GF-856,GrabFood,,Herbox,Greenville,Beef  wrap Vegan Herbox,Wrap Series,,1,,59000.00,,"September 21, 2026 03:43:18PM",DELIVERED
78005413,001184511599-C8E3TANJNXBWCE,GF-856,GrabFood,,Herbox,Greenville,Beef  wrap Vegan Herbox,Wrap Series,Vegan Chicken Nugget,,1,,35000.00,"September 21, 2026 03:43:18PM",DELIVERED
77998025,001580731273-C8E3RRLZRFDZV6,GF-916,GrabFood,,American Breakfast Club,Greenville,Cheese Omelette - Side Tater Tots,American Breakfast Omelettes,,2,,58000.00,,"September 21, 2026 01:59:26PM",DELIVERED
77998025,001580731273-C8E3RRLZRFDZV6,GF-916,GrabFood,,American Breakfast Club,Greenville,Cheese Omelette - Side Tater Tots,American Breakfast Omelettes,Tatter Tots,,2,,30000.00,"September 21, 2026 01:59:26PM",DELIVERED
77995082,F-3364753733,2759,gofood,,American Breakfast Club,Greenville,"Burrito - Mock Beef, 2 Scrambled Eggs, Cheddar, Avocado, Tater Tots,",American Breakfast Burritos,,1,,54400.00,,"September 21, 2026 01:06:59PM",DELIVERED
77993067,F-3364734476,3537,gofood,,Herbox,Greenville,Original Burger Vegan,Vegan Burger,,1,,47200.00,,"September 21, 2026 12:50:50PM",DELIVERED
77993067,F-3364734476,3537,gofood,,Herbox,Greenville,Tater tots,Sides,,1,,24000.00,,"September 21, 2026 12:50:50PM",DELIVERED
77992212,001293164926-C8E3PEVDJYEXGT,GF-689,GrabFood,,American Breakfast Club,Greenville,"Burrito - 2 Scrambled Eggs, Cheddar, Avocado, Tater Tots",American Breakfast Burritos,,1,,58000.00,,"September 21, 2026 12:40:57PM",DELIVERED
77992212,001293164926-C8E3PEVDJYEXGT,GF-689,GrabFood,,American Breakfast Club,Greenville,"Burrito - Mock Chicken, 2 Scrambled Eggs, Cheddar, Avocado, Tater Tots",American Breakfast Burritos,,1,,68000.00,,"September 21, 2026 12:40:57PM",DELIVERED
77992212,001293164926-C8E3PEVDJYEXGT,GF-689,GrabFood,,American Breakfast Club,Greenville,Sandwich - 2 Scrambled Eggs melty cheddar cheese on a wavy brioche bun,American Breakfast Sandwiches,,1,,45000.00,,"September 21, 2026 12:40:57PM",DELIVERED
77985903,001295190560-C8E3NXTJEKVZAA,GF-039,GrabFood,,American Breakfast Club,Greenville,Tater Tots,Sides,,3,,38000.00,,"September 21, 2026 11:33:38AM",DELIVERED
77985903,001295190560-C8E3NXTJEKVZAA,GF-039,GrabFood,,American Breakfast Club,Greenville,Sandwich - 2 Scrambled Eggs melty cheddar cheese on a wavy brioche bun,American Breakfast Sandwiches,,1,,45000.00,,"September 21, 2026 11:33:38AM",DELIVERED
77984028,0014308959-C8E3NTCWE7EBPE,GF-894,GrabFood,,American Breakfast Club,Kemang,"Burrito - 2 Scrambled Eggs, Cheddar, Avocado, Tater Tots",American Breakfast Burritos,,1,,58000.00,,"September 21, 2026 11:14:25AM",DELIVERED
77984028,0014308959-C8E3NTCWE7EBPE,GF-894,GrabFood,,American Breakfast Club,Kemang,Cheese Omelette - Side Tater Tots,American Breakfast Omelettes,,1,,58000.00,,"September 21, 2026 11:14:25AM",DELIVERED
77984028,0014308959-C8E3NTCWE7EBPE,GF-894,GrabFood,,American Breakfast Club,Kemang,Cutleries,,,1,,600.00,,"September 21, 2026 11:14:25AM",DELIVERED
77983058,001827385138-C8E3NPDTCBC2RJ,GF-114,GrabFood,,American Breakfast Club,Kemang,"Sandwich - 2 Scrambled Eggs Mock Beef, Cheddar Cheese  on a wavy brioche bun",American Breakfast Sandwiches,,1,,58000.00,,"September 21, 2026 11:04:42AM",DELIVERED
77979915,00189187563-C8E3NENBRUJAGN,GF-841,GrabFood,,American Breakfast Club,Kemang,"Burrito - Mock Fish, 2 Scrambled Eggs, Cheddar, Avocado, Tater Tots,",American Breakfast Burritos,,1,,68000.00,,"September 21, 2026 10:26:32AM",DELIVERED
77979915,00189187563-C8E3NENBRUJAGN,GF-841,GrabFood,,American Breakfast Club,Kemang,"Burrito - Mock Fish, 2 Scrambled Eggs, Cheddar, Avocado, Tater Tots,",American Breakfast Burritos,Cutleries,,1,,600.00,"September 21, 2026 10:26:32AM",DELIVERED
77979915,00189187563-C8E3NENBRUJAGN,GF-841,GrabFood,,American Breakfast Club,Kemang,"Burrito - Mock Fish, 2 Scrambled Eggs, Cheddar, Avocado, Tater Tots,",American Breakfast Burritos,Chick Nugget,,1,,35000.00,"September 21, 2026 10:26:32AM",DELIVERED
77979468,001233610019-C8E3NCAKJ34XPE,GF-723,GrabFood,,American Breakfast Club,Kemang,"Burrito - Mock Beef, 2 Scrambled Eggs, Cheddar, Avocado, Tater Tots,",American Breakfast Burritos,,1,,68000.00,,"September 21, 2026 10:20:19AM",DELIVERED
77978843,F-3364517481,4369,gofood,,American Breakfast Club,Kemang,"Burrito - Mock Fish, 2 Scrambled Eggs, Cheddar, Avocado, Tater Tots,",American Breakfast Burritos,,1,,68000.00,,"September 21, 2026 10:09:43AM",DELIVERED
77978573,001884477889-C8E3MGNUGUACRN,GF-872,GrabFood,,American Breakfast Club,Greenville,"Burrito - 2 Scrambled Eggs, Cheddar, Avocado, Tater Tots",American Breakfast Burritos,,1,,58000.00,,"September 21, 2026 10:06:41AM",DELIVERED
77978573,001884477889-C8E3MGNUGUACRN,GF-872,GrabFood,,American Breakfast Club,Greenville,"2 Pancakes - Butter, Maple Syrup",American Breakfast Pancakes,,1,,48000.00,,"September 21, 2026 10:06:41AM",DELIVERED
77978573,001884477889-C8E3MGNUGUACRN,GF-872,GrabFood,,American Breakfast Club,Greenville,"Sandwich - 2 Scrambled Eggs Mock Beef, Cheddar Cheese  on a wavy brioche bun",American Breakfast Sandwiches,,1,,58000.00,,"September 21, 2026 10:06:41AM",DELIVERED
77978365,00185427679-C8E3MF6TV3UFVJ,GF-316,GrabFood,,Herbox,Greenville,Rica Wrap,Wrap Series,,1,,59000.00,,"September 21, 2026 10:03:20AM",DELIVERED
77977871,F-3364502488,5491,gofood,,American Breakfast Club,Kemang,"Burrito - 2 Scrambled Eggs, Cheddar, Avocado, Tater Tots",American Breakfast Burritos,,2,,58000.00,,"September 21, 2026 09:53:29AM",DELIVERED
77977871,F-3364502488,5491,gofood,,American Breakfast Club,Kemang,Tater Tots,Sides,,1,,28000.00,,"September 21, 2026 09:53:29AM",DELIVERED
77977252,00174897843-C8E3MBJKLEXTKA,GF-821,GrabFood,,American Breakfast Club,Greenville,"Burrito - Mock Beef, 2 Scrambled Eggs, Cheddar, Avocado, Tater Tots,",American Breakfast Burritos,,1,,68000.00,,"September 21, 2026 09:41:59AM",DELIVERED
77976152,001744681974-C8E3L6AFT2KGAJ,GF-773,GrabFood,,American Breakfast Club,Greenville,Cheese Omelette - Side Tater Tots,American Breakfast Omelettes,,1,,58000.00,,"September 21, 2026 09:16:55AM",DELIVERED
77975903,F-3364467822,4122,gofood,,American Breakfast Club,Kemang,Sandwich - 2 Scrambled Eggs melty cheddar cheese on a wavy brioche bun,American Breakfast Sandwiches,,2,,45000.00,,"September 21, 2026 09:06:30AM",DELIVERED
77975903,F-3364467822,4122,gofood,,American Breakfast Club,Kemang,Home Fries,Sides,,1,,28000.00,,"September 21, 2026 09:06:30AM",DELIVERED
77975451,001420963546-C8E3LZAXVEWAC6,GF-640,GrabFood,,American Breakfast Club,Kemang,"2 Pancakes - Butter, Maple Syrup",American Breakfast Pancakes,,1,,48000.00,,"September 21, 2026 08:57:04AM",DELIVERED
77975451,001420963546-C8E3LZAXVEWAC6,GF-640,GrabFood,,American Breakfast Club,Kemang,"Sandwich - 2 Scrambled Eggs Mock Beef, Cheddar Cheese  on a wavy brioche bun",American Breakfast Sandwiches,,1,,58000.00,,"September 21, 2026 08:57:04AM",DELIVERED
77974940,001152184023-C8E3LU3HHABCTN,GF-118,GrabFood,,American Breakfast Club,Greenville,"Burrito - Mock Beef, 2 Scrambled Eggs, Cheddar, Avocado, Tater Tots,",American Breakfast Burritos,,1,,68000.00,,"September 21, 2026 08:38:57AM",DELIVERED
77974940,001152184023-C8E3LU3HHABCTN,GF-118,GrabFood,,American Breakfast Club,Greenville,Cheese Omelette - Side Tater Tots,American Breakfast Omelettes,,1,,58000.00,,"September 21, 2026 08:38:57AM",DELIVERED
77974699,F-3364446629,7483,gofood,,LA Breakfast Club,Greenville,Mock Fish Sandwich,LA Breakfast Sandwiches,,1,,74000.00,,"September 21, 2026 08:29:15AM",DELIVERED
77974699,F-3364446629,7483,gofood,,LA Breakfast Club,Greenville,Mock Fish Sandwich,LA Breakfast Sandwiches,No Sauce,,1,,0.00,"September 21, 2026 08:29:15AM",DELIVERED
77974581,F-3364444109,7593,gofood,,American Breakfast Club,Kemang,"Burrito - 2 Scrambled Eggs, Cheddar, Avocado, Tater Tots",American Breakfast Burritos,,1,,58000.00,,"September 21, 2026 08:24:25AM",DELIVERED
77974468,001551612708-C8E3LPLZGTAJCE,GF-289,GrabFood,,American Breakfast Club,Greenville,"Burrito - 2 Scrambled Eggs, Cheddar, Avocado, Tater Tots",American Breakfast Burritos,,3,,58000.00,,"September 21, 2026 08:19:29AM",DELIVERED
77974430,0015842249-C8E3LPDAMFBARN,GF-358,GrabFood,,American Breakfast Club,Kemang,"Burrito - Mock Chicken, 2 Scrambled Eggs, Cheddar, Avocado, Tater Tots",American Breakfast Burritos,,1,,68000.00,,"September 21, 2026 08:17:50AM",DELIVERED
77973252,001008344226-C8E3LANGRBEXNJ,GF-568,GrabFood,,American Breakfast Club,Greenville,"Burrito - Mock Beef, 2 Scrambled Eggs, Cheddar, Avocado, Tater Tots,",American Breakfast Burritos,,1,,68000.00,,"September 21, 2026 07:23:16AM",DELIVERED
77973252,001008344226-C8E3LANGRBEXNJ,GF-568,GrabFood,,American Breakfast Club,Greenville,"Burrito - Mock Beef, 2 Scrambled Eggs, Cheddar, Avocado, Tater Tots,",American Breakfast Burritos,Tatter Tots,,1,,30000.00,"September 21, 2026 07:23:16AM",DELIVERED
77972843,001390693341-C8E3KBUXNJBERA,GF-393,GrabFood,,American Breakfast Club,Greenville,Cheese Omelette - Side Tater Tots,American Breakfast Omelettes,,1,,58000.00,,"September 21, 2026 06:57:25AM",DELIVERED
77972717,001110104941-C8E3J3EYN7XJFE,GF-331,GrabFood,,American Breakfast Club,Greenville,"Burrito - Mock Beef, 2 Scrambled Eggs, Cheddar, Avocado, Tater Tots,",American Breakfast Burritos,,1,,68000.00,,"September 21, 2026 06:48:21AM",DELIVERED
77972717,001110104941-C8E3J3EYN7XJFE,GF-331,GrabFood,,American Breakfast Club,Greenville,"Burrito - Mock Beef, 2 Scrambled Eggs, Cheddar, Avocado, Tater Tots,",American Breakfast Burritos,Cutleries,,1,,1500.00,"September 21, 2026 06:48:21AM",DELIVERED
