Order ID,External ID,Short ID,Provider,Order Source,Brand,Branch,Menu Items,Menu Categories,Menu Modifiers,Item Quantity,Modifier Quantity,Item Sale Price,Modifier Sale Price,Created At,Status
77308194,00108790129-C8EVDGCBT76HT2,GF-114,GrabFood,,People Pasta,Greenville,Vegan Chicken Crispy Burger,Meatless Burgers,,1,,49000.00,,"September 12, 2026 08:30:53PM",DELIVERED
77308194,00108790129-C8EVDGCBT76HT2,GF-114,GrabFood,,People Pasta,Greenville,Bolognese - Vegan Friendly - Vegetarian - Plantbase,Signature Pasta,,2,,43000.00,,"September 12, 2026 08:30:53PM",DELIVERED
77308194,00108790129-C8EVDGCBT76HT2,GF-114,GrabFood,,People Pasta,Greenville,Bolognese - Vegan Friendly - Vegetarian - Plantbase,Signature Pasta,Spaghetti,,2,,0.00,"September 12, 2026 08:30:53PM",DELIVERED
77308194,00108790129-C8EVDGCBT76HT2,GF-114,GrabFood,,People Pasta,Greenville,Chicken Nugget - Vegan,,,1,,35000.00,,"September 12, 2026 08:30:53PM",DELIVERED
77302272,00132546626-C8EVC35CVFB1VN,GF-765,GrabFood,,People Pasta,Greenville,Creamy Mushroom - Vegetarian - Plantbased,Signature Pasta,,1,,43000.00,,"September 12, 2026 07:39:34PM",DELIVERED
77302272,00132546626-C8EVC35CVFB1VN,GF-765,GrabFood,,People Pasta,Greenville,Creamy Mushroom - Vegetarian - Plantbased,Signature Pasta,Fettucine,,1,,1000.00,"September 12, 2026 07:39:34PM",DELIVERED
77302272,00132546626-C8EVC35CVFB1VN,GF-765,GrabFood,,People Pasta,Greenville,Tattert Tots,,,1,,28000.00,,"September 12, 2026 07:39:34PM",DELIVERED
77301016,001673187827-C8EVC2M3L2CJJA,GF-208,GrabFood,,People Pasta,Greenville,Chicken Nugget - Vegan,,,1,,35000.00,,"September 12, 2026 07:29:58PM",DELIVERED
77301016,001673187827-C8EVC2M3L2CJJA,GF-208,GrabFood,,People Pasta,Greenville,Tattert Tots,,,1,,28000.00,,"September 12, 2026 07:29:58PM",DELIVERED
77300590,0015630183-C8EVCZNERY4JV2,GF-537,GrabFood,,People Pasta,Greenville,Vegan Chicken Crispy Burger,Meatless Burgers,,1,,49000.00,,"September 12, 2026 07:26:36PM",DELIVERED
77300590,0015630183-C8EVCZNERY4JV2,GF-537,GrabFood,,People Pasta,Greenville,Vegan Chicken Crispy Burger,Meatless Burgers,Hygine Cutleries,,1,,1500.00,"September 12, 2026 07:26:36PM",DELIVERED
77288716,00160851634-C8EVBGCYAT5KTE,GF-283,GrabFood,,Herbox,Greenville,Kung Paow Chick Vegan Vegetarian Ricebox,Ricebox,,10,,39000.00,,"September 12, 2026 05:44:26PM",DELIVERED
77288716,00160851634-C8EVBGCYAT5KTE,GF-283,GrabFood,,Herbox,Greenville,Kung Paow Chick Vegan Vegetarian Ricebox,Ricebox,"Sendok, Garpu, Tissue, Tusuk Gigi",,10,,1500.00,"September 12, 2026 05:44:26PM",DELIVERED
77287948,001402317041-C8EVBFADRAXUT6,GF-325,GrabFood,,People Pasta,Greenville,Truffle Tatter Tots,,,2,,32000.00,,"September 12, 2026 05:36:56PM",DELIVERED
77285431,001947086422-C8EVA8J1EBK3VA,GF-249,GrabFood,,Herbox,Greenville,Rica Rica Vegan Vegetarian Ricebox,Ricebox,,1,,39000.00,,"September 12, 2026 05:12:07PM",DELIVERED
77285431,001947086422-C8EVA8J1EBK3VA,GF-249,GrabFood,,Herbox,Greenville,Rica Rica Vegan Vegetarian Ricebox,Ricebox,Vegan Chicken Nugget,,1,,35000.00,"September 12, 2026 05:12:07PM",DELIVERED
77260532,001281177127-C8EUVEKXNLADJ6,GF-566,GrabFood,,Herbox,Greenville,Kung Paow Chick Vegan Vegetarian Ricebox,Ricebox,,1,,39000.00,,"September 12, 2026 12:32:27PM",DELIVERED
77260532,001281177127-C8EUVEKXNLADJ6,GF-566,GrabFood,,Herbox,Greenville,Kung Paow Chick Vegan Vegetarian Ricebox,Ricebox,Tattertots,,1,,25000.00,"September 12, 2026 12:32:27PM",DELIVERED
77259580,00151545652-C8EUVBL1R4LJLT,GF-242,GrabFood,,American Breakfast Club,Greenville,"Burrito - 2 Scrambled Eggs, Cheddar, Avocado, Tater Tots",American Breakfast Burritos,,2,,58000.00,,"September 12, 2026 12:22:47PM",DELIVERED
77259580,00151545652-C8EUVBL1R4LJLT,GF-242,GrabFood,,American Breakfast Club,Greenville,Tater Tots,Sides,,1,,38000.00,,"September 12, 2026 12:22:47PM",DELIVERED
77254359,00120018311-C8EUT7CETKEVG2,GF-873,GrabFood,,People Pasta,Greenville,Bolognese - Vegan Friendly - Vegetarian - Plantbase,Signature Pasta,,1,,43000.00,,"September 12, 2026 11:30:55AM",DELIVERED
77254359,00120018311-C8EUT7CETKEVG2,GF-873,GrabFood,,People Pasta,Greenville,Bolognese - Vegan Friendly - Vegetarian - Plantbase,Signature Pasta,Spaghetti,,1,,0.00,"September 12, 2026 11:30:55AM",DELIVERED
77254359,00120018311-C8EUT7CETKEVG2,GF-873,GrabFood,,People Pasta,Greenville,Tattert Tots,,,1,,28000.00,,"September 12, 2026 11:30:55AM",DELIVERED
77253293,F-3354344834,3624,gofood,,Tyfel Coffee,Kemang,Mock Beef Sandwich,Breakfast Sandwiches,,1,,58000.00,,"September 12, 2026 11:17:47AM",DELIVERED
77253293,F-3354344834,3624,gofood,,Tyfel Coffee,Kemang,Breakfast Burrito,Breakfast Burritos,,1,,58000.00,,"September 12, 2026 11:17:47AM",DELIVERED
77252156,001210893631-C8EUT2KFN2MZSA,GF-906,GrabFood,,American Breakfast Club,Kemang,"Mushroom Omelette - Mushrooms, Spinach, Side Tater Tots",American Breakfast Omelettes,,1,,68000.00,,"September 12, 2026 11:08:57AM",DELIVERED
77252156,001210893631-C8EUT2KFN2MZSA,GF-906,GrabFood,,American Breakfast Club,Kemang,Cheese Omelette - Side Tater Tots,American Breakfast Omelettes,,1,,58000.00,,"September 12, 2026 11:08:57AM",DELIVERED
77251353,F-3354315635,3772,gofood,,American Breakfast Club,Greenville,Home Fries With Truffle Oil,Sides,,1,,30400.00,,"September 12, 2026 10:59:53AM",DELIVERED
77251353,F-3354315635,3772,gofood,,American Breakfast Club,Greenville,Cutleries,Cutleries,,1,,1000.00,,"September 12, 2026 10:59:53AM",DELIVERED
77251353,F-3354315635,3772,gofood,,American Breakfast Club,Greenville,"Burrito - 2 Scrambled Eggs, Cheddar, Avocado, Tater Tots",American Breakfast Burritos,,1,,46400.00,,"September 12, 2026 10:59:53AM",DELIVERED
77251353,F-3354315635,3772,gofood,,American Breakfast Club,Greenville,Cheese Omelette - Side Tater Tots,American Breakfast Omelettes,,1,,46400.00,,"September 12, 2026 10:59:53AM",DELIVERED
77251246,00121343108-C8EUTYK1CEBVWA,GF-623,GrabFood,,American Breakfast Club,Kemang,"Mushroom Omelette - Mushrooms, Spinach, Side Tater Tots",American Breakfast Omelettes,,1,,68000.00,,"September 12, 2026 10:59:21AM",DELIVERED
77250086,00124039065-C8EUTUU2UBAAA6,GF-508,GrabFood,,Tyfel Coffee,Greenville,Bolognese  - Vegan Plantbased,Main Course,,1,,50000.00,,"September 12, 2026 10:46:16AM",DELIVERED
77249531,F-3354273386,8984,gofood,,Tyfel Coffee,Kemang,Mock Fish Burrito,Breakfast Burritos,,1,,68000.00,,"September 12, 2026 10:30:43AM",DELIVERED
77249531,F-3354273386,8984,gofood,,Tyfel Coffee,Kemang,"Mushroom Omelette-mushrooms,Spinach,Side Of Tater Tots",Breakfast Omlettes,,1,,68000.00,,"September 12, 2026 10:30:43AM",DELIVERED
77249521,F-3354272090,1494,gofood,,American Breakfast Club,Kemang,Tater Tots,Sides,,1,,28000.00,,"September 12, 2026 10:29:48AM",DELIVERED
77249521,F-3354272090,1494,gofood,,American Breakfast Club,Kemang,"Burrito - 2 Scrambled Eggs, Cheddar, Avocado, Tater Tots",American Breakfast Burritos,,1,,58000.00,,"September 12, 2026 10:29:48AM",DELIVERED
77248642,001468310423-C8EUTP3UTJ5KVE,GF-345,GrabFood,,American Breakfast Club,Greenville,"2 Pancakes - Blueberries, Butter, Maple Syrup",American Breakfast Pancakes,,2,,58000.00,,"September 12, 2026 10:29:04AM",DELIVERED
77247579,00130404825-C8EUTLEEVYXVAE,GF-633,GrabFood,,American Breakfast Club,Greenville,"Mushroom Omelette - Mushrooms, Spinach, Side Tater Tots",American Breakfast Omelettes,,1,,68000.00,,"September 12, 2026 10:14:56AM",DELIVERED
77247341,F-3354246604,1594,gofood,,American Breakfast Club,Greenville,"2 Pancakes - Blueberries, Butter, Maple Syrup",American Breakfast Pancakes,,1,,46400.00,,"September 12, 2026 10:10:39AM",DELIVERED
77247341,F-3354246604,1594,gofood,,American Breakfast Club,Greenville,Cheese Omelette - Side Tater Tots,American Breakfast Omelettes,,1,,46400.00,,"September 12, 2026 10:10:39AM",DELIVERED
77247341,F-3354246604,1594,gofood,,American Breakfast Club,Greenville,Cutleries,Cutleries,,3,,1000.00,,"September 12, 2026 10:10:39AM",DELIVERED
77247241,0010105690-C8EUTKNHNN5YHE,GF-853,GrabFood,,American Breakfast Club,Kemang,"Burrito - 2 Scrambled Eggs, Cheddar, Avocado, Tater Tots",American Breakfast Burritos,,1,,58000.00,,"September 12, 2026 10:09:57AM",DELIVERED
77247241,0010105690-C8EUTKNHNN5YHE,GF-853,GrabFood,,American Breakfast Club,Kemang,"Mushroom Omelette - Mushrooms, Spinach, Side Tater Tots",American Breakfast Omelettes,,1,,68000.00,,"September 12, 2026 10:09:57AM",DELIVERED
77247162,001414430256-C8EUTKKKCENXL6,GF-428,GrabFood,,People Pasta,Greenville,Creamy Mushroom - Vegetarian - Plantbased,Signature Pasta,,1,,43000.00,,"September 12, 2026 10:08:58AM",DELIVERED
77247162,001414430256-C8EUTKKKCENXL6,GF-428,GrabFood,,People Pasta,Greenville,Creamy Mushroom - Vegetarian - Plantbased,Signature Pasta,Fettucine,,1,,1000.00,"September 12, 2026 10:08:58AM",DELIVERED
77247162,001414430256-C8EUTKKKCENXL6,GF-428,GrabFood,,People Pasta,Greenville,Cacio e Pepe - Vegetarian - Plantbased,Signature Pasta,,1,,43000.00,,"September 12, 2026 10:08:58AM",DELIVERED
77247162,001414430256-C8EUTKKKCENXL6,GF-428,GrabFood,,People Pasta,Greenville,Cacio e Pepe - Vegetarian - Plantbased,Signature Pasta,Spaghetti,,1,,0.00,"September 12, 2026 10:08:58AM",DELIVERED
77247162,001414430256-C8EUTKKKCENXL6,GF-428,GrabFood,,People Pasta,Greenville,Lada Hitam  - Vegan Friendly - Vegetarian - Plantbased,Signature Pasta,,1,,43000.00,,"September 12, 2026 10:08:58AM",DELIVERED
77247162,001414430256-C8EUTKKKCENXL6,GF-428,GrabFood,,People Pasta,Greenville,Lada Hitam  - Vegan Friendly - Vegetarian - Plantbased,Signature Pasta,Spaghetti,,1,,0.00,"September 12, 2026 10:08:58AM",DELIVERED
77247082,001695467750-C8EUTKCYHAXBA6,GF-217,GrabFood,,American Breakfast Club,Kemang,"Mushroom Omelette - Mushrooms, Spinach, Side Tater Tots",American Breakfast Omelettes,,1,,68000.00,,"September 12, 2026 10:07:48AM",DELIVERED
77247082,001695467750-C8EUTKCYHAXBA6,GF-217,GrabFood,,American Breakfast Club,Kemang,Tater Tots,Sides,,1,,38000.00,,"September 12, 2026 10:07:48AM",DELIVERED
77246856,0010268184-C8EUTJXKLEJCAT,GF-623,GrabFood,,Herbox,Greenville,Beef  wrap Vegan Herbox,Wrap Series,,1,,59000.00,,"September 12, 2026 10:04:59AM",DELIVERED
77246200,F-3354229229,7124,gofood,,American Breakfast Club,Kemang,"Burrito - Mock Beef, 2 Scrambled Eggs, Cheddar, Avocado, Tater Tots,",American Breakfast Burritos,,1,,68000.00,,"September 12, 2026 09:55:37AM",DELIVERED
77245974,001996793177-C8EUTFKTEKWWRX,GF-445,GrabFood,,American Breakfast Club,Kemang,"Burrito - Mock Chicken, 2 Scrambled Eggs, Cheddar, Avocado, Tater Tots",American Breakfast Burritos,,1,,68000.00,,"September 12, 2026 09:52:19AM",DELIVERED
77245085,0017827311-C8EUTBNFRTBVCT,GF-035,GrabFood,,American Breakfast Club,Greenville,"2 Pancakes - Blueberries, Butter, Maple Syrup",American Breakfast Pancakes,,1,,58000.00,,"September 12, 2026 09:36:44AM",DELIVERED
77245085,0017827311-C8EUTBNFRTBVCT,GF-035,GrabFood,,American Breakfast Club,Greenville,Sandwich - 2 Scrambled Eggs melty cheddar cheese on a wavy brioche bun,American Breakfast Sandwiches,,1,,45000.00,,"September 12, 2026 09:36:44AM",DELIVERED
77245080,F-3354209941,4111,gofood,,American Breakfast Club,Kemang,Cheese Omelette - Side Tater Tots,American Breakfast Omelettes,,1,,58000.00,,"September 12, 2026 09:35:52AM",DELIVERED
77245080,F-3354209941,4111,gofood,,American Breakfast Club,Kemang,Tater Tots,Sides,,1,,28000.00,,"September 12, 2026 09:35:52AM",DELIVERED
77244701,0012377933-C8EUTAKULNAZDA,GF-258,GrabFood,,American Breakfast Club,Kemang,"Burrito - Mock Chicken, 2 Scrambled Eggs, Cheddar, Avocado, Tater Tots",American Breakfast Burritos,,1,,68000.00,,"September 12, 2026 09:29:01AM",DELIVERED
77244319,0014076292-C8EUSFWVGLLXCJ,GF-962,GrabFood,,American Breakfast Club,Greenville,"Burrito - 2 Scrambled Eggs, Cheddar, Avocado, Tater Tots",American Breakfast Burritos,,1,,58000.00,,"September 12, 2026 09:21:24AM",DELIVERED
77244319,0014076292-C8EUSFWVGLLXCJ,GF-962,GrabFood,,American Breakfast Club,Greenville,"2 Pancakes - Butter, Maple Syrup",American Breakfast Pancakes,,1,,48000.00,,"September 12, 2026 09:21:24AM",DELIVERED
77244292,F-3354196034,7867,gofood,,American Breakfast Club,Kemang,"Burrito - Mock Katsu, 2 Scrambled Eggs, Cheddar, Avocado, Tater Tots",American Breakfast Burritos,,1,,68000.00,,"September 12, 2026 09:20:13AM",DELIVERED
77244292,F-3354196034,7867,gofood,,American Breakfast Club,Kemang,"Burrito - Mock Katsu, 2 Scrambled Eggs, Cheddar, Avocado, Tater Tots",American Breakfast Burritos,Chick Nugget,,1,,35000.00,"September 12, 2026 09:20:13AM",DELIVERED
77244292,F-3354196034,7867,gofood,,American Breakfast Club,Kemang,Tater Tots With Truffle Oil,Sides,,1,,38000.00,,"September 12, 2026 09:20:13AM",DELIVERED
77244292,F-3354196034,7867,gofood,,American Breakfast Club,Kemang,Cheese Omelette - Side Tater Tots,American Breakfast Omelettes,,1,,58000.00,,"September 12, 2026 09:20:13AM",DELIVERED
77244292,F-3354196034,7867,gofood,,American Breakfast Club,Kemang,"Burrito - 2 Scrambled Eggs, Cheddar, Avocado, Tater Tots",American Breakfast Burritos,,2,,58000.00,,"September 12, 2026 09:20:13AM",DELIVERED
77243126,00146720111-C8EUSAAECJ5YTE,GF-150,GrabFood,,American Breakfast Club,Kemang,"Mushroom Omelette - Mushrooms, Spinach, Side Tater Tots",American Breakfast Omelettes,,1,,68000.00,,"September 12, 2026 08:53:35AM",DELIVERED
77243126,00146720111-C8EUSAAECJ5YTE,GF-150,GrabFood,,American Breakfast Club,Kemang,"Mushroom Omelette - Mushrooms, Spinach, Side Tater Tots",American Breakfast Omelettes,Cutleries,,1,,600.00,"September 12, 2026 08:53:35AM",DELIVERED
77242790,001160566008-C8EUR7BKLZCJWE,GF-986,GrabFood,,American Breakfast Club,Greenville,"Burrito - Mock Beef, 2 Scrambled Eggs, Cheddar, Avocado, Tater Tots,",American Breakfast Burritos,,1,,68000.00,,"September 12, 2026 08:43:59AM",DELIVERED
77242588,001304119426-C8EUR6C2LCCXE2,GF-535,GrabFood,,American Breakfast Club,Kemang,"Burrito - Mock Beef, 2 Scrambled Eggs, Cheddar, Avocado, Tater Tots,",American Breakfast Burritos,,1,,68000.00,,"September 12, 2026 08:37:48AM",DELIVERED
77242542,F-3354161938,5297,gofood,,Tyfel Coffee,Kemang,Breakfast Burrito,Breakfast Burritos,,2,,58000.00,,"September 12, 2026 08:35:41AM",DELIVERED
77242510,F-3354161215,8723,gofood,,American Breakfast Club,Kemang,"Burrito - 2 Scrambled Eggs, Cheddar, Avocado, Tater Tots",American Breakfast Burritos,,1,,58000.00,,"September 12, 2026 08:34:36AM",DELIVERED
77242510,F-3354161215,8723,gofood,,American Breakfast Club,Kemang,Tater Tots,Sides,,1,,28000.00,,"September 12, 2026 08:34:36AM",DELIVERED
77242357,001486032949-C8EUR3VANN62JE,GF-944,GrabFood,,American Breakfast Club,Greenville,"Burrito - Mock Beef, 2 Scrambled Eggs, Cheddar, Avocado, Tater Tots,",American Breakfast Burritos,,2,,68000.00,,"September 12, 2026 08:30:50AM",DELIVERED
77242262,00153135408-C8EUR3CGTPBUVX,GF-429,GrabFood,,American Breakfast Club,Kemang,Sandwich - 2 Scrambled Eggs melty cheddar cheese on a wavy brioche bun,American Breakfast Sandwiches,,1,,45000.00,,"September 12, 2026 08:27:37AM",DELIVERED
77242262,00153135408-C8EUR3CGTPBUVX,GF-429,GrabFood,,American Breakfast Club,Kemang,"Burrito - Mock Beef, 2 Scrambled Eggs, Cheddar, Avocado, Tater Tots,",American Breakfast Burritos,,1,,68000.00,,"September 12, 2026 08:27:37AM",DELIVERED
77241987,00192863767-C8EURZLFGBTVCJ,GF-988,GrabFood,,American Breakfast Club,Greenville,"Burrito - Mock Beef, 2 Scrambled Eggs, Cheddar, Avocado, Tater Tots,",American Breakfast Burritos,,1,,68000.00,,"September 12, 2026 08:19:15AM",DELIVERED
77241758,0017000039-C8EURYB3WE2WN2,GF-536,GrabFood,,American Breakfast Club,Greenville,"Sandwich - 2 Scrambled Eggs, Mock Chicken, Cheddar Cheese Mix, Brioche Bun",American Breakfast Sandwiches,,1,,58000.00,,"September 12, 2026 08:10:49AM",DELIVERED
77241758,0017000039-C8EURYB3WE2WN2,GF-536,GrabFood,,American Breakfast Club,Greenville,Cheese Omelette - Side Tater Tots,American Breakfast Omelettes,,1,,58000.00,,"September 12, 2026 08:10:49AM",DELIVERED
77241336,00133482365-C8EURUKATX3BFA,GF-925,GrabFood,,American Breakfast Club,Greenville,Sandwich - 2 Scrambled Eggs melty cheddar cheese on a wavy brioche bun,American Breakfast Sandwiches,,3,,45000.00,,"September 12, 2026 07:55:31AM",DELIVERED
77241302,F-3354135920,7865,gofood,,American Breakfast Club,Kemang,"Burrito - 2 Scrambled Eggs, Cheddar, Avocado, Tater Tots",American Breakfast Burritos,,1,,58000.00,,"September 12, 2026 07:52:42AM",DELIVERED
77241232,F-3354134666,5715,gofood,,American Breakfast Club,Kemang,Cheese Omelette - Side Tater Tots,American Breakfast Omelettes,,1,,58000.00,,"September 12, 2026 07:50:11AM",DELIVERED
77241197,F-3354134014,7441,gofood,,American Breakfast Club,Kemang,"Burrito - 2 Scrambled Eggs, Cheddar, Avocado, Tater Tots",American Breakfast Burritos,,1,,58000.00,,"September 12, 2026 07:48:54AM",DELIVERED
77241197,F-3354134014,7441,gofood,,American Breakfast Club,Kemang,Tater Tots,Sides,,1,,28000.00,,"September 12, 2026 07:48:54AM",DELIVERED
77241189,F-3354133801,4588,gofood,,American Breakfast Club,Greenville,"Burrito - 2 Scrambled Eggs, Cheddar, Avocado, Tater Tots",American Breakfast Burritos,,1,,46400.00,,"September 12, 2026 07:48:31AM",DELIVERED
77241189,F-3354133801,4588,gofood,,American Breakfast Club,Greenville,Cheese Omelette - Side Tater Tots,American Breakfast Omelettes,,1,,46400.00,,"September 12, 2026 07:48:31AM",DELIVERED
77240990,001869644389-C8EURPUWVN6ALT,GF-915F,GrabFood,,American Breakfast Club,Greenville,"Burrito - 2 Scrambled Eggs, Cheddar, Avocado, Tater Tots",American Breakfast Burritos,,1,,58000.00,,"September 12, 2026 08:59:59AM",DELIVERED
77240990,001869644389-C8EURPUWVN6ALT,GF-915F,GrabFood,,American Breakfast Club,Greenville,Tater Tots,Sides,,1,,38000.00,,"September 12, 2026 08:59:59AM",DELIVERED
77240820,F-3354116394,1871,gofood,,American Breakfast Club,Greenville,"Burrito - 2 Scrambled Eggs, Cheddar, Avocado, Tater Tots",American Breakfast Burritos,,1,,46400.00,,"September 12, 2026 07:10:46AM",DELIVERED
77240820,F-3354116394,1871,gofood,,American Breakfast Club,Greenville,Home Fries,Sides,,1,,22400.00,,"September 12, 2026 07:10:46AM",DELIVERED
77240500,00170358152-C8EURJ5EV4KCVE,GF-491,GrabFood,,American Breakfast Club,Greenville,"Sandwich - 2 Scrambled Eggs, Mock Chicken, Cheddar Cheese Mix, Brioche Bun",American Breakfast Sandwiches,,3,,58000.00,,"September 12, 2026 07:19:34AM",DELIVERED
77240500,00170358152-C8EURJ5EV4KCVE,GF-491,GrabFood,,American Breakfast Club,Greenville,"2 Pancakes - Butter, Maple Syrup",American Breakfast Pancakes,,1,,48000.00,,"September 12, 2026 07:19:34AM",DELIVERED
77240052,00103079537-C8EUREJCCJJHAJ,GF-686,GrabFood,,American Breakfast Club,Kemang,"Burrito - Mock Beef, 2 Scrambled Eggs, Cheddar, Avocado, Tater Tots,",American Breakfast Burritos,,1,,68000.00,,"September 12, 2026 06:58:33AM",DELIVERED
77240052,00103079537-C8EUREJCCJJHAJ,GF-686,GrabFood,,American Breakfast Club,Kemang,"Burrito - 2 Scrambled Eggs, Cheddar, Avocado, Tater Tots",American Breakfast Burritos,,1,,58000.00,,"September 12, 2026 06:58:33AM",DELIVERED
77239957,001704019224-C8EURCAEHF2UDA,GF-001,GrabFood,,American Breakfast Club,Kemang,Sandwich - 2 Scrambled Eggs melty cheddar cheese on a wavy brioche bun,American Breakfast Sandwiches,,1,,45000.00,,"September 12, 2026 06:53:34AM",DELIVERED
77239909,00152157471-C8EURBMWEAXAR2,GF-853,GrabFood,,American Breakfast Club,Greenville,"Burrito - Mock Beef, 2 Scrambled Eggs, Cheddar, Avocado, Tater Tots,",American Breakfast Burritos,,1,,68000.00,,"September 12, 2026 06:49:43AM",DELIVERED
77239909,00152157471-C8EURBMWEAXAR2,GF-853,GrabFood,,American Breakfast Club,Greenville,"2 Pancakes - Chocolate Chips, Butter, Maple Syrup",American Breakfast Pancakes,,1,,58000.00,,"September 12, 2026 06:49:43AM",DELIVERED
77239579,0016177377-C8EUPE3DA7NDVX,GF-151,GrabFood,,American Breakfast Club,Kemang,"Mushroom Omelette - Mushrooms, Spinach, Side Tater Tots",American Breakfast Omelettes,,1,,68000.00,,"September 12, 2026 06:28:52AM",DELIVERED
77219837,0013138897-C8EUGFBKGRD1J6,GF-590,GrabFood,,Herbox,Greenville,Rica Rica Vegan Vegetarian Ricebox,Ricebox,,1,,39000.00,,"September 11, 2026 07:57:19PM",DELIVERED
77219837,0013138897-C8EUGFBKGRD1J6,GF-590,GrabFood,,Herbox,Greenville,Rica Wrap,Wrap Series,,1,,59000.00,,"September 11, 2026 07:57:19PM",DELIVERED
77218673,001520510054-C8EUGB6GG64TJE,GF-865,GrabFood,,People Pasta,Greenville,Chicken Nugget - Vegan,,,1,,35000.00,,"September 11, 2026 07:46:36PM",DELIVERED
77218673,001520510054-C8EUGB6GG64TJE,GF-865,GrabFood,,People Pasta,Greenville,Creamy Mushroom - Vegetarian - Plantbased,Signature Pasta,,1,,43000.00,,"September 11, 2026 07:46:36PM",DELIVERED
77218673,001520510054-C8EUGB6GG64TJE,GF-865,GrabFood,,People Pasta,Greenville,Creamy Mushroom - Vegetarian - Plantbased,Signature Pasta,Spaghetti,,1,,0.00,"September 11, 2026 07:46:36PM",DELIVERED
77217305,0016641995-C8EUGAEBJ2TVGJ,GF-160,GrabFood,,People Pasta,Greenville,Bolognese - Vegan Friendly - Vegetarian - Plantbase,Signature Pasta,,1,,43000.00,,"September 11, 2026 07:34:51PM",DELIVERED
77217305,0016641995-C8EUGAEBJ2TVGJ,GF-160,GrabFood,,People Pasta,Greenville,Bolognese - Vegan Friendly - Vegetarian - Plantbase,Signature Pasta,Spaghetti,,1,,0.00,"September 11, 2026 07:34:51PM",DELIVERED
77217305,0016641995-C8EUGAEBJ2TVGJ,GF-160,GrabFood,,People Pasta,Greenville,Creamy Mushroom - Vegetarian - Plantbased,Signature Pasta,,1,,43000.00,,"September 11, 2026 07:34:51PM",DELIVERED
77217305,0016641995-C8EUGAEBJ2TVGJ,GF-160,GrabFood,,People Pasta,Greenville,Creamy Mushroom - Vegetarian - Plantbased,Signature Pasta,Spaghetti,,1,,0.00,"September 11, 2026 07:34:51PM",DELIVERED
77217305,0016641995-C8EUGAEBJ2TVGJ,GF-160,GrabFood,,People Pasta,Greenville,Tattert Tots,,,1,,28000.00,,"September 11, 2026 07:34:51PM",DELIVERED
77206539,F-3353683382,9686,gofood,,American Breakfast Club,Greenville,Home Fries,Sides,,2,,22400.00,,"September 11, 2026 05:57:57PM",DELIVERED
77206539,F-3353683382,9686,gofood,,American Breakfast Club,Greenville,"Burrito - 2 Scrambled Eggs, Cheddar, Avocado, Tater Tots",American Breakfast Burritos,,3,,46400.00,,"September 11, 2026 05:57:57PM",DELIVERED
77206539,F-3353683382,9686,gofood,,American Breakfast Club,Greenville,Tater Tots,Sides,,1,,22400.00,,"September 11, 2026 05:57:57PM",DELIVERED
77205769,001507443095-C8EUERJ2J4NEET,GF-973,GrabFood,,Herbox,Greenville,Rica Rica Vegan Vegetarian Ricebox,Ricebox,,2,,39000.00,,"September 11, 2026 05:52:13PM",DELIVERED
77205769,001507443095-C8EUERJ2J4NEET,GF-973,GrabFood,,Herbox,Greenville,Beef  wrap Vegan Herbox,Wrap Series,,1,,59000.00,,"September 11, 2026 05:52:13PM",DELIVERED
77205769,001507443095-C8EUERJ2J4NEET,GF-973,GrabFood,,Herbox,Greenville,Teriyaki Vegan Vegetarian Ricebox,Ricebox,,2,,39000.00,,"September 11, 2026 05:52:13PM",DELIVERED
77205769,001507443095-C8EUERJ2J4NEET,GF-973,GrabFood,,Herbox,Greenville,Pesmol Vegan Vegetarian Ricebox,Ricebox,,1,,39000.00,,"September 11, 2026 05:52:13PM",DELIVERED
77201931,00116203854-C8EUEFEKETETME,GF-494,GrabFood,,American Breakfast Club,Greenville,"Burrito - Mock Beef, 2 Scrambled Eggs, Cheddar, Avocado, Tater Tots,",American Breakfast Burritos,,1,,68000.00,,"September 11, 2026 05:11:40PM",DELIVERED
77201931,00116203854-C8EUEFEKETETME,GF-494,GrabFood,,American Breakfast Club,Greenville,"Burrito - Mock Beef, 2 Scrambled Eggs, Cheddar, Avocado, Tater Tots,",American Breakfast Burritos,Cutleries,,1,,1500.00,"September 11, 2026 05:11:40PM",DELIVERED
77201850,00140212676-C8EUEFBJAEN1RN,GF-464,GrabFood,,American Breakfast Club,Greenville,"Burrito - 2 Scrambled Eggs, Cheddar, Avocado, Tater Tots",American Breakfast Burritos,,3,,58000.00,,"September 11, 2026 05:10:40PM",DELIVERED
77195941,F-3353543962,5539,gofood,,Herbox,Greenville,Beef  wrap Vegan Herbox,Wrap Series,,1,,47200.00,,"September 11, 2026 03:58:44PM",DELIVERED
77195941,F-3353543962,5539,gofood,,Herbox,Greenville,Katsu Chickin Vegan Vegetarian Ricebox,Ricebox,,1,,31200.00,,"September 11, 2026 03:58:44PM",DELIVERED
77195941,F-3353543962,5539,gofood,,Herbox,Greenville,Nasi Goreng Bintang Kuning Vegan Vegetarian,Nasi Goreng Special,,1,,28000.00,,"September 11, 2026 03:58:44PM",DELIVERED
77195941,F-3353543962,5539,gofood,,Herbox,Greenville,Kung Paow Chick Vegan Vegetarian Ricebox,Ricebox,,1,,31200.00,,"September 11, 2026 03:58:44PM",DELIVERED
77194238,0019040800-C8EUCY4WCU2YVN,GF-520,GrabFood,,People Pasta,Greenville,Creamy Mushroom - Vegetarian - Plantbased,Signature Pasta,,1,,43000.00,,"September 11, 2026 03:36:03PM",DELIVERED
77194238,0019040800-C8EUCY4WCU2YVN,GF-520,GrabFood,,People Pasta,Greenville,Creamy Mushroom - Vegetarian - Plantbased,Signature Pasta,Fettucine,,1,,1000.00,"September 11, 2026 03:36:03PM",DELIVERED
77192569,F-3353483468,2856,gofood,,Herbox,Greenville,Beef  wrap Vegan Herbox,Wrap Series,,1,,47200.00,,"September 11, 2026 02:58:04PM",DELIVERED
77192569,F-3353483468,2856,gofood,,Herbox,Greenville,Beef  wrap Vegan Herbox,Wrap Series,Tattertots,,1,,25000.00,"September 11, 2026 02:58:04PM",DELIVERED
77192569,F-3353483468,2856,gofood,,Herbox,Greenville,Tater tots,Sides,,2,,24000.00,,"September 11, 2026 02:58:04PM",DELIVERED
77192173,0012324640-C8EUCTCFLLEECN,GF-799,GrabFood,,Herbox,Greenville,Nasi Goreng Bulan Merah Vegan Vegetarian,Nasi Goreng Special,,1,,35000.00,,"September 11, 2026 03:07:35PM",DELIVERED
77192173,0012324640-C8EUCTCFLLEECN,GF-799,GrabFood,,Herbox,Greenville,Nasi Goreng Bintang Kuning Vegan Vegetarian,Nasi Goreng Special,,1,,35000.00,,"September 11, 2026 03:07:35PM",DELIVERED
77191255,00107805931-C8EUCNWUEY5ACX,GF-819,GrabFood,,American Breakfast Club,Greenville,Sandwich - 2 Scrambled Eggs melty cheddar cheese on a wavy brioche bun,American Breakfast Sandwiches,,1,,45000.00,,"September 11, 2026 02:54:43PM",DELIVERED
77191255,00107805931-C8EUCNWUEY5ACX,GF-819,GrabFood,,American Breakfast Club,Greenville,Tater Tots,Sides,,1,,38000.00,,"September 11, 2026 02:54:43PM",DELIVERED
77190654,F-3353458108,4935,gofood,,Tyfel Coffee,Kemang,Mock Chicken Burrito,Breakfast Burritos,,1,,68000.00,,"September 11, 2026 02:33:50PM",DELIVERED
77187664,F-3353423865,8818,gofood,,American Breakfast Club,Kemang,"Burrito - Mock Katsu, 2 Scrambled Eggs, Cheddar, Avocado, Tater Tots",American Breakfast Burritos,,1,,68000.00,,"September 11, 2026 02:03:53PM",DELIVERED
77187664,F-3353423865,8818,gofood,,American Breakfast Club,Kemang,"Burrito - Mock Katsu, 2 Scrambled Eggs, Cheddar, Avocado, Tater Tots",American Breakfast Burritos,Truffle Tater Tots,,1,,40000.00,"September 11, 2026 02:03:53PM",DELIVERED
77180519,F-3353300068,1523,gofood,,American Breakfast Club,Kemang,"Burrito - Mock Fish, 2 Scrambled Eggs, Cheddar, Avocado, Tater Tots,",American Breakfast Burritos,,1,,68000.00,,"September 11, 2026 12:32:11PM",DELIVERED
77180135,F-3353299585,6829,gofood,,American Breakfast Club,Greenville,"Mushroom Omelette - Mushrooms, Spinach, Side Tater Tots",American Breakfast Omelettes,,1,,54400.00,,"September 11, 2026 12:31:52PM",DELIVERED
77180135,F-3353299585,6829,gofood,,American Breakfast Club,Greenville,"Mushroom Omelette - Mushrooms, Spinach, Side Tater Tots",American Breakfast Omelettes,Chick Nugget,,1,,35000.00,"September 11, 2026 12:31:52PM",DELIVERED
77180135,F-3353299585,6829,gofood,,American Breakfast Club,Greenville,Home Fries With Truffle Oil,Sides,,1,,30400.00,,"September 11, 2026 12:31:52PM",DELIVERED
77179852,00108838705-C8EUAULBNEW1N2,GF-460,GrabFood,,American Breakfast Club,Kemang,"Burrito - 2 Scrambled Eggs, Cheddar, Avocado, Tater Tots",American Breakfast Burritos,,1,,58000.00,,"September 11, 2026 12:29:14PM",DELIVERED
77176881,00162464820-C8EUAKCUWEBCHE,GF-170,GrabFood,,American Breakfast Club,Kemang,"Burrito - Mock Chicken, 2 Scrambled Eggs, Cheddar, Avocado, Tater Tots",American Breakfast Burritos,,1,,68000.00,,"September 11, 2026 11:54:22AM",DELIVERED
77176348,001991019345-C8EUAJETSBXYFA,GF-282,GrabFood,,American Breakfast Club,Kemang,"Burrito - Mock Chicken, 2 Scrambled Eggs, Cheddar, Avocado, Tater Tots",American Breakfast Burritos,,2,,68000.00,,"September 11, 2026 11:48:22AM",DELIVERED
77175750,001283321557-C8EUAFXEVGAEHA,GF-065,GrabFood,,American Breakfast Club,Kemang,"2 Pancakes - Chocolate Chips, Butter, Maple Syrup",American Breakfast Pancakes,,1,,58000.00,,"September 11, 2026 11:41:36AM",DELIVERED
77175497,F-3353224397,8821,gofood,,American Breakfast Club,Greenville,"Burrito - Mock Katsu, 2 Scrambled Eggs, Cheddar, Avocado, Tater Tots",American Breakfast Burritos,,1,,54400.00,,"September 11, 2026 11:38:21AM",DELIVERED
77175497,F-3353224397,8821,gofood,,American Breakfast Club,Greenville,"Burrito - Mock Katsu, 2 Scrambled Eggs, Cheddar, Avocado, Tater Tots",American Breakfast Burritos,Cutleries,,1,,1500.00,"September 11, 2026 11:38:21AM",DELIVERED
77175497,F-3353224397,8821,gofood,,American Breakfast Club,Greenville,"Burrito - Mock Katsu, 2 Scrambled Eggs, Cheddar, Avocado, Tater Tots",American Breakfast Burritos,Truffle Home Fries,,1,,40000.00,"September 11, 2026 11:38:21AM",DELIVERED
77174371,0010513560-C8EUAAXYEK5GNE,GF-419,GrabFood,,American Breakfast Club,Greenville,"Burrito - Mock Beef, 2 Scrambled Eggs, Cheddar, Avocado, Tater Tots,",American Breakfast Burritos,,1,,68000.00,,"September 11, 2026 11:26:40AM",DELIVERED
77174156,001605548530-C8EUABWDGA4BBA,GF-769,GrabFood,,American Breakfast Club,Kemang,"2 Pancakes - Blueberries, Butter, Maple Syrup",American Breakfast Pancakes,,1,,58000.00,,"September 11, 2026 11:24:32AM",DELIVERED
77174156,001605548530-C8EUABWDGA4BBA,GF-769,GrabFood,,American Breakfast Club,Kemang,"2 Pancakes - Blueberries, Butter, Maple Syrup",American Breakfast Pancakes,Cutleries,,1,,600.00,"September 11, 2026 11:24:32AM",DELIVERED
77172124,00118044159-C8ETV66ZHA5YCA,GF-412,GrabFood,,Herbox,Greenville,Kung Paow Chick Vegan Vegetarian Ricebox,Ricebox,,1,,39000.00,,"September 11, 2026 11:03:17AM",DELIVERED
77172124,00118044159-C8ETV66ZHA5YCA,GF-412,GrabFood,,Herbox,Greenville,Beef  wrap Vegan Herbox,Wrap Series,,1,,59000.00,,"September 11, 2026 11:03:17AM",DELIVERED
77171471,F-3353161595,2996,gofood,,LA Breakfast Club,Greenville,Breakfast Burrito,LA Breakfast Burritos,,1,,70000.00,,"September 11, 2026 10:56:13AM",CANCELLED
77171471,F-3353161595,2996,gofood,,LA Breakfast Club,Greenville,Breakfast Burrito,LA Breakfast Burritos,Home Fries,,1,,42000.00,"September 11, 2026 10:56:13AM",CANCELLED
77171471,F-3353161595,2996,gofood,,LA Breakfast Club,Greenville,Water (Bottle),Drinks,,1,,15000.00,,"September 11, 2026 10:56:13AM",CANCELLED
77171296,001347410411-C8ETWCJDNAEEGX,GF-487,GrabFood,,American Breakfast Club,Kemang,"Burrito - Mock Beef, 2 Scrambled Eggs, Cheddar, Avocado, Tater Tots,",American Breakfast Burritos,,1,,68000.00,,"September 11, 2026 10:55:14AM",DELIVERED
77171289,0018115885-C8ETWCE2DFATGJ,GF-623,GrabFood,,American Breakfast Club,Greenville,"Burrito - Mock Chicken, 2 Scrambled Eggs, Cheddar, Avocado, Tater Tots",American Breakfast Burritos,,1,,68000.00,,"September 11, 2026 10:55:10AM",DELIVERED
77170907,F-3353153933,3995,gofood,,LA Breakfast Club,Greenville,Mock Chicken Burrito,LA Breakfast Burritos,,1,,86000.00,,"September 11, 2026 10:50:53AM",DELIVERED
77170907,F-3353153933,3995,gofood,,LA Breakfast Club,Greenville,Mock Chicken Burrito,LA Breakfast Burritos,Add Mineral Water (500ml),,1,,15000.00,"September 11, 2026 10:50:53AM",DELIVERED
77170907,F-3353153933,3995,gofood,,LA Breakfast Club,Greenville,Mock Katsu Sandwich,LA Breakfast Sandwiches,,1,,74000.00,,"September 11, 2026 10:50:53AM",DELIVERED
77170907,F-3353153933,3995,gofood,,LA Breakfast Club,Greenville,Mock Katsu Sandwich,LA Breakfast Sandwiches,Mayo,,1,,0.00,"September 11, 2026 10:50:53AM",DELIVERED
77170907,F-3353153933,3995,gofood,,LA Breakfast Club,Greenville,Water (Bottle),Drinks,,2,,15000.00,,"September 11, 2026 10:50:53AM",DELIVERED
77170837,F-3353152576,5439,gofood,,American Breakfast Club,Kemang,"Mushroom Omelette - Mushrooms, Spinach, Side Tater Tots",American Breakfast Omelettes,,1,,68000.00,,"September 11, 2026 10:49:57AM",DELIVERED
77170048,001440835063-C8ETWAKKWEJACX,GF-905,GrabFood,,American Breakfast Club,Greenville,"Sandwich - 2 Scrambled Eggs, Mock Fish, Cheddar Cheese, Mix, Brioche Bun",American Breakfast Sandwiches,,1,,58000.00,,"September 11, 2026 10:42:20AM",DELIVERED
77170048,001440835063-C8ETWAKKWEJACX,GF-905,GrabFood,,American Breakfast Club,Greenville,"Sandwich - 2 Scrambled Eggs, Mock Fish, Cheddar Cheese, Mix, Brioche Bun",American Breakfast Sandwiches,Cutleries,,1,,1500.00,"September 11, 2026 10:42:20AM",DELIVERED
77170048,001440835063-C8ETWAKKWEJACX,GF-905,GrabFood,,American Breakfast Club,Greenville,Home Fries With Truffle Oil,Sides,,1,,48000.00,,"September 11, 2026 10:42:20AM",DELIVERED
77168264,001271649907-C8ETV4JDCJTWLT,GF-114,GrabFood,,American Breakfast Club,Greenville,"2 Pancakes - Blueberries, Butter, Maple Syrup",American Breakfast Pancakes,,1,,58000.00,,"September 11, 2026 10:21:52AM",DELIVERED
77167992,F-3353109132,1722,gofood,,American Breakfast Club,Greenville,Cheese Omelette - Side Tater Tots,American Breakfast Omelettes,,1,,46400.00,,"September 11, 2026 10:17:31AM",DELIVERED
77167992,F-3353109132,1722,gofood,,American Breakfast Club,Greenville,Tater Tots With Truffle Oil,Sides,,1,,30400.00,,"September 11, 2026 10:17:31AM",DELIVERED
77167992,F-3353109132,1722,gofood,,American Breakfast Club,Greenville,"Burrito - Mock Beef, 2 Scrambled Eggs, Cheddar, Avocado, Tater Tots,",American Breakfast Burritos,,1,,54400.00,,"September 11, 2026 10:17:31AM",DELIVERED
77167992,F-3353109132,1722,gofood,,American Breakfast Club,Greenville,"2 Pancakes - Butter, Maple Syrup",American Breakfast Pancakes,,1,,38400.00,,"September 11, 2026 10:17:31AM",DELIVERED
77167854,F-3353107549,7578,gofood,,American Breakfast Club,Greenville,Cheese Omelette - Side Tater Tots,American Breakfast Omelettes,,1,,46400.00,,"September 11, 2026 10:16:12AM",CANCELLED
77167854,F-3353107549,7578,gofood,,American Breakfast Club,Greenville,Tater Tots With Truffle Oil,Sides,,1,,30400.00,,"September 11, 2026 10:16:12AM",CANCELLED
77167854,F-3353107549,7578,gofood,,American Breakfast Club,Greenville,"Burrito - Mock Beef, 2 Scrambled Eggs, Cheddar, Avocado, Tater Tots,",American Breakfast Burritos,,1,,54400.00,,"September 11, 2026 10:16:12AM",CANCELLED
77167437,001816331677-C8ETV2UVCT3KEX,GF-344,GrabFood,,American Breakfast Club,Greenville,"Burrito - Mock Beef, 2 Scrambled Eggs, Cheddar, Avocado, Tater Tots,",American Breakfast Burritos,,2,,68000.00,,"September 11, 2026 10:10:42AM",DELIVERED
77165930,001910640776-C8ETVVBDAE4GVX,GF-374,GrabFood,,American Breakfast Club,Greenville,"Burrito - Mock Chicken, 2 Scrambled Eggs, Cheddar, Avocado, Tater Tots",American Breakfast Burritos,,1,,68000.00,,"September 11, 2026 09:47:13AM",DELIVERED
77164366,001009753222-C8ETVLKXN6XKAN,GF-319,GrabFood,,American Breakfast Club,Kemang,"Burrito - 2 Scrambled Eggs, Cheddar, Avocado, Tater Tots",American Breakfast Burritos,,1,,58000.00,,"September 11, 2026 09:15:47AM",DELIVERED
77163632,F-3353036052,1835,gofood,,American Breakfast Club,Greenville,"Burrito - Mock Katsu, 2 Scrambled Eggs, Cheddar, Avocado, Tater Tots",American Breakfast Burritos,,1,,54400.00,,"September 11, 2026 08:56:44AM",DELIVERED
77163632,F-3353036052,1835,gofood,,American Breakfast Club,Greenville,"Burrito - Mock Katsu, 2 Scrambled Eggs, Cheddar, Avocado, Tater Tots",American Breakfast Burritos,Chick Nugget,,1,,35000.00,"September 11, 2026 08:56:44AM",DELIVERED
77163616,00192566047-C8ETVF63PCN3CJ,GF-998,GrabFood,,American Breakfast Club,Greenville,"Burrito - Mock Beef, 2 Scrambled Eggs, Cheddar, Avocado, Tater Tots,",American Breakfast Burritos,,1,,68000.00,,"September 11, 2026 08:56:49AM",DELIVERED
77163616,00192566047-C8ETVF63PCN3CJ,GF-998,GrabFood,,American Breakfast Club,Greenville,"Burrito - Mock Beef, 2 Scrambled Eggs, Cheddar, Avocado, Tater Tots,",American Breakfast Burritos,Truffle Tater Tots,,1,,40000.00,"September 11, 2026 08:56:49AM",DELIVERED
77163616,00192566047-C8ETVF63PCN3CJ,GF-998,GrabFood,,American Breakfast Club,Greenville,Coke (Can),Drinks,,1,,15000.00,,"September 11, 2026 08:56:49AM",DELIVERED
77163561,0012954758-C8ETVFX3JEUKEN,GF-460,GrabFood,,American Breakfast Club,Greenville,"Burrito - 2 Scrambled Eggs, Cheddar, Avocado, Tater Tots",American Breakfast Burritos,,1,,58000.00,,"September 11, 2026 08:55:11AM",DELIVERED
77163561,0012954758-C8ETVFX3JEUKEN,GF-460,GrabFood,,American Breakfast Club,Greenville,"Burrito - 2 Scrambled Eggs, Cheddar, Avocado, Tater Tots",American Breakfast Burritos,Cutleries,,1,,1500.00,"September 11, 2026 08:55:11AM",DELIVERED
77162632,001720291462-C8ETUGBUJJMXLX,GF-306,GrabFood,,American Breakfast Club,Greenville,"Burrito - 2 Scrambled Eggs, Cheddar, Avocado, Tater Tots",American Breakfast Burritos,,2,,58000.00,,"September 11, 2026 08:24:07AM",DELIVERED
77162422,0014271418-C8ETUE41V4JAAT,GF-085,GrabFood,,American Breakfast Club,Kemang,"Burrito - Mock Beef, 2 Scrambled Eggs, Cheddar, Avocado, Tater Tots,",American Breakfast Burritos,,1,,68000.00,,"September 11, 2026 08:16:08AM",DELIVERED
77162287,001035868371-C8ETUEAGGBCXNX,GF-829,GrabFood,,American Breakfast Club,Greenville,Cheese Omelette - Side Tater Tots,American Breakfast Omelettes,,1,,58000.00,,"September 11, 2026 08:10:15AM",DELIVERED
77161687,F-3352996790,2478,gofood,,American Breakfast Club,Kemang,"Burrito - 2 Scrambled Eggs, Cheddar, Avocado, Tater Tots",American Breakfast Burritos,,2,,58000.00,,"September 11, 2026 07:43:14AM",DELIVERED
77161687,F-3352996790,2478,gofood,,American Breakfast Club,Kemang,"Burrito - 2 Scrambled Eggs, Cheddar, Avocado, Tater Tots",American Breakfast Burritos,Cutleries,,2,,600.00,"September 11, 2026 07:43:14AM",DELIVERED
77161687,F-3352996790,2478,gofood,,American Breakfast Club,Kemang,"Katsu Egg burger - Patties, 2 Scrambled Eggs, Cheddar Cheese, Secret Sauce",American Breakfast Burger,,1,,58000.00,,"September 11, 2026 07:43:14AM",DELIVERED
77161687,F-3352996790,2478,gofood,,American Breakfast Club,Kemang,"Katsu Egg burger - Patties, 2 Scrambled Eggs, Cheddar Cheese, Secret Sauce",American Breakfast Burger,Cutleries,,1,,600.00,"September 11, 2026 07:43:14AM",DELIVERED
77161445,F-3352991588,1259,gofood,,American Breakfast Club,Kemang,Cheese Omelette - Side Tater Tots,American Breakfast Omelettes,,1,,58000.00,,"September 11, 2026 07:30:26AM",DELIVERED
77161366,00172801061-C8ETT3BVRX6WWA,GF-718,GrabFood,,American Breakfast Club,Kemang,"Burrito - 2 Scrambled Eggs, Cheddar, Avocado, Tater Tots",American Breakfast Burritos,,1,,58000.00,,"September 11, 2026 07:27:22AM",DELIVERED
77160716,00170047744-C8ETTKE2RE4JTJ,GF-853,GrabFood,,People Pasta,Greenville,Lada Hitam  - Vegan Friendly - Vegetarian - Plantbased,Signature Pasta,,1,,43000.00,,"September 11, 2026 06:49:28AM",DELIVERED
77160716,00170047744-C8ETTKE2RE4JTJ,GF-853,GrabFood,,People Pasta,Greenville,Lada Hitam  - Vegan Friendly - Vegetarian - Plantbased,Signature Pasta,Spaghetti,,1,,0.00,"September 11, 2026 06:49:28AM",DELIVERED
77160716,00170047744-C8ETTKE2RE4JTJ,GF-853,GrabFood,,People Pasta,Greenville,Bolognese - Vegan Friendly - Vegetarian - Plantbase,Signature Pasta,,1,,43000.00,,"September 11, 2026 06:49:28AM",DELIVERED
77160716,00170047744-C8ETTKE2RE4JTJ,GF-853,GrabFood,,People Pasta,Greenville,Bolognese - Vegan Friendly - Vegetarian - Plantbase,Signature Pasta,Spaghetti,,1,,0.00,"September 11, 2026 06:49:28AM",DELIVERED
77160716,00170047744-C8ETTKE2RE4JTJ,GF-853,GrabFood,,People Pasta,Greenville,Chicken Nugget - Vegan,,,1,,35000.00,,"September 11, 2026 06:49:28AM",DELIVERED
77160572,0019934129-C8ETTK5FLTUZTA,GF-071,GrabFood,,American Breakfast Club,Greenville,"Burrito - Mock Chicken, 2 Scrambled Eggs, Cheddar, Avocado, Tater Tots",American Breakfast Burritos,,1,,68000.00,,"September 11, 2026 06:38:03AM",DELIVERED
77143374,F-3352779285,6843,gofood,,Tyfel Coffee,Greenville,Mock Chicken Burrito,Breakfast Burritos,,1,,68000.00,,"September 10, 2026 08:10:20PM",DELIVERED
77143374,F-3352779285,6843,gofood,,Tyfel Coffee,Greenville,Tater Tots,Sides,,1,,28000.00,,"September 10, 2026 08:10:20PM",DELIVERED
77143374,F-3352779285,6843,gofood,,Tyfel Coffee,Greenville,Chic Chunk - Vegan Plantbased,Lite Bites,,1,,38000.00,,"September 10, 2026 08:10:20PM",DELIVERED
77143374,F-3352779285,6843,gofood,,Tyfel Coffee,Greenville,Mozarella Stick,Lite Bites,,1,,40000.00,,"September 10, 2026 08:10:20PM",DELIVERED
77142674,F-3352769215,3378,gofood,,Herbox,Greenville,Katsu Chickin Vegan Vegetarian Ricebox,Ricebox,,1,,31200.00,,"September 10, 2026 08:02:47PM",DELIVERED
77142674,F-3352769215,3378,gofood,,Herbox,Greenville,katsu burger vegan,Vegan Burger,,1,,47200.00,,"September 10, 2026 08:02:47PM",DELIVERED
77139772,001720010837-C8ETJP2DEY2AKE,GF-512,GrabFood,,Herbox,Greenville,Kung Paow Chick Vegan Vegetarian Ricebox,Ricebox,,1,,39000.00,,"September 10, 2026 07:36:03PM",DELIVERED
77139772,001720010837-C8ETJP2DEY2AKE,GF-512,GrabFood,,Herbox,Greenville,Kung Paow Chick Vegan Vegetarian Ricebox,Ricebox,Vegan Chicken Nugget,,1,,35000.00,"September 10, 2026 07:36:03PM",DELIVERED
77139772,001720010837-C8ETJP2DEY2AKE,GF-512,GrabFood,,Herbox,Greenville,Nasi Goreng Sedap Malam Vegan Vegetarian,Nasi Goreng Special,,1,,35000.00,,"September 10, 2026 07:36:03PM",DELIVERED
77139772,001720010837-C8ETJP2DEY2AKE,GF-512,GrabFood,,Herbox,Greenville,Nasi Goreng Bintang Kuning Vegan Vegetarian,Nasi Goreng Special,,1,,35000.00,,"September 10, 2026 07:36:03PM",DELIVERED
77139772,001720010837-C8ETJP2DEY2AKE,GF-512,GrabFood,,Herbox,Greenville,Nasi Goreng Bulan Merah Vegan Vegetarian,Nasi Goreng Special,,1,,35000.00,,"September 10, 2026 07:36:03PM",DELIVERED
77138004,00186694403-C8ETJLADUANXTX,GF-038,GrabFood,,American Breakfast Club,Greenville,"2 Pancakes - Blueberries, Butter, Maple Syrup",American Breakfast Pancakes,,1,,58000.00,,"September 10, 2026 07:20:13PM",DELIVERED
77130628,F-3352595113,2744,gofood,,Herbox,Greenville,Fish Burger Vegan,Vegan Burger,,1,,47200.00,,"September 10, 2026 06:13:49PM",DELIVERED
77121594,00177868432-C8ETGN2ZJZD1CJ,GF-133,GrabFood,,Herbox,Greenville,Kung Paow Chick Vegan Vegetarian Ricebox,Ricebox,,1,,39000.00,,"September 10, 2026 04:42:06PM",DELIVERED
77121594,00177868432-C8ETGN2ZJZD1CJ,GF-133,GrabFood,,Herbox,Greenville,Lada Hitam Blackpepper Vegan Vegetarian Ricebox,Ricebox,,1,,39000.00,,"September 10, 2026 04:42:06PM",DELIVERED
77118555,00153042776-C8ETGEM1TJTFLN,GF-557,GrabFood,,Herbox,Greenville,Nasi Goreng Bintang Kuning Vegan Vegetarian,Nasi Goreng Special,,1,,35000.00,,"September 10, 2026 04:06:27PM",DELIVERED
77115873,00139256682-C8ETFCNKMFVACX,GF-366,GrabFood,,American Breakfast Club,Greenville,"2 Pancakes - Blueberries, Butter, Maple Syrup",American Breakfast Pancakes,,1,,58000.00,,"September 10, 2026 03:29:59PM",DELIVERED
77113002,00153805229-C8ETE3BJVND2WE,GF-994,GrabFood,,American Breakfast Club,Kemang,Sandwich - 2 Scrambled Eggs melty cheddar cheese on a wavy brioche bun,American Breakfast Sandwiches,,1,,45000.00,,"September 10, 2026 02:47:21PM",DELIVERED
77109657,001485044384-C8ETEPCCGAJAJE,GF-709,GrabFood,,American Breakfast Club,Greenville,"Burrito - Mock Beef, 2 Scrambled Eggs, Cheddar, Avocado, Tater Tots,",American Breakfast Burritos,,1,,68000.00,,"September 10, 2026 01:57:33PM",DELIVERED
77107053,F-3352257368,3163,gofood,,Herbox,Greenville,Katsu Wrap vegan Herbox,Wrap Series,,1,,47200.00,,"September 10, 2026 01:18:42PM",DELIVERED
77107053,F-3352257368,3163,gofood,,Herbox,Greenville,Katsu Wrap vegan Herbox,Wrap Series,Tattertots,,1,,25000.00,"September 10, 2026 01:18:42PM",DELIVERED
77107053,F-3352257368,3163,gofood,,Herbox,Greenville,Tater tots,Sides,,1,,24000.00,,"September 10, 2026 01:18:42PM",DELIVERED
77105718,001383867110-C8ETEADEE8EUJA,GF-047,GrabFood,,American Breakfast Club,Greenville,"Burrito - Mock Beef, 2 Scrambled Eggs, Cheddar, Avocado, Tater Tots,",American Breakfast Burritos,,1,,68000.00,,"September 10, 2026 01:01:39PM",DELIVERED
77103930,001419862168-C8ETDBMFJNEXRJ,GF-431,GrabFood,,American Breakfast Club,Greenville,Tater Tots,Sides,,3,,38000.00,,"September 10, 2026 12:38:38PM",DELIVERED
77102140,F-3352144450,7677,gofood,,Tyfel Coffee,Kemang,Breakfast Burrito,Breakfast Burritos,,1,,58000.00,,"September 10, 2026 11:53:44AM",DELIVERED
77102140,F-3352144450,7677,gofood,,Tyfel Coffee,Kemang,Mock Fish Burrito,Breakfast Burritos,,1,,68000.00,,"September 10, 2026 11:53:44AM",DELIVERED
77102140,F-3352144450,7677,gofood,,Tyfel Coffee,Kemang,"Mushroom Omelette-mushrooms,Spinach,Side Of Tater Tots",Breakfast Omlettes,,1,,68000.00,,"September 10, 2026 11:53:44AM",DELIVERED
77102140,F-3352144450,7677,gofood,,Tyfel Coffee,Kemang,Mock Katsu Sandwich,Breakfast Sandwiches,,1,,58000.00,,"September 10, 2026 11:53:44AM",DELIVERED
77102140,F-3352144450,7677,gofood,,Tyfel Coffee,Kemang,Tater Tots With Truffle Oil,Sides,,1,,38000.00,,"September 10, 2026 11:53:44AM",DELIVERED
77100417,F-3352149245,3869,gofood,,American Breakfast Club,Greenville,"Burrito - 2 Scrambled Eggs, Cheddar, Avocado, Tater Tots",American Breakfast Burritos,,1,,46400.00,,"September 10, 2026 11:57:00AM",DELIVERED
77100417,F-3352149245,3869,gofood,,American Breakfast Club,Greenville,Home Fries With Truffle Oil,Sides,,1,,30400.00,,"September 10, 2026 11:57:00AM",DELIVERED
77100417,F-3352149245,3869,gofood,,American Breakfast Club,Greenville,"2 Pancakes - Blueberries, Butter, Maple Syrup",American Breakfast Pancakes,,1,,46400.00,,"September 10, 2026 11:57:00AM",DELIVERED
77098229,00106552445-C8ETCVDAJZBKN6,GF-794,GrabFood,,Herbox,Greenville,Teriyaki Vegan Vegetarian Ricebox,Ricebox,,1,,39000.00,,"September 10, 2026 11:34:31AM",DELIVERED
77098229,00106552445-C8ETCVDAJZBKN6,GF-794,GrabFood,,Herbox,Greenville,Nasi Goreng Bintang Kuning Vegan Vegetarian,Nasi Goreng Special,,1,,35000.00,,"September 10, 2026 11:34:31AM",DELIVERED
77098136,F-3352113506,5825,gofood,,American Breakfast Club,Greenville,"Burrito - Mock Beef, 2 Scrambled Eggs, Cheddar, Avocado, Tater Tots,",American Breakfast Burritos,,1,,54400.00,,"September 10, 2026 11:32:58AM",DELIVERED
77098136,F-3352113506,5825,gofood,,American Breakfast Club,Greenville,"Burrito - Mock Beef, 2 Scrambled Eggs, Cheddar, Avocado, Tater Tots,",American Breakfast Burritos,Cutleries,,1,,1500.00,"September 10, 2026 11:32:58AM",DELIVERED
77098065,F-3352111545,6465,gofood,,American Breakfast Club,Kemang,"Burrito - Mock Katsu, 2 Scrambled Eggs, Cheddar, Avocado, Tater Tots",American Breakfast Burritos,,1,,68000.00,,"September 10, 2026 11:31:38AM",DELIVERED
77097595,F-3352105130,3274,gofood,,American Breakfast Club,Kemang,"Egg burger - 2 Scrambled Eggs, Cheddar Cheese, Secret Sauce",American Breakfast Burger,,2,,45000.00,,"September 10, 2026 11:27:30AM",DELIVERED
77096420,00137688370-C8ETCP5XJ4A3GN,GF-615,GrabFood,,American Breakfast Club,Greenville,"Burrito - Mock Beef, 2 Scrambled Eggs, Cheddar, Avocado, Tater Tots,",American Breakfast Burritos,,1,,68000.00,,"September 10, 2026 11:16:25AM",DELIVERED
77093707,F-3352047238,8445,gofood,,American Breakfast Club,Kemang,"Burrito - Mock Beef, 2 Scrambled Eggs, Cheddar, Avocado, Tater Tots,",American Breakfast Burritos,,1,,68000.00,,"September 10, 2026 10:48:36AM",DELIVERED
77090311,00146023237-C8ETBFMYN8L3RX,GF-265,GrabFood,,American Breakfast Club,Kemang,Sandwich - 2 Scrambled Eggs melty cheddar cheese on a wavy brioche bun,American Breakfast Sandwiches,,1,,45000.00,,"September 10, 2026 10:06:28AM",DELIVERED
77089501,001962352437-C8ETBB3JHCJJLN,GF-959,GrabFood,,American Breakfast Club,Kemang,"Sandwich - 2 Scrambled Eggs Mock Beef, Cheddar Cheese  on a wavy brioche bun",American Breakfast Sandwiches,,1,,58000.00,,"September 10, 2026 09:52:18AM",DELIVERED
77089501,001962352437-C8ETBB3JHCJJLN,GF-959,GrabFood,,American Breakfast Club,Kemang,Home Fries,Sides,,1,,38000.00,,"September 10, 2026 09:52:18AM",DELIVERED
77089040,F-3351975184,8625,gofood,,American Breakfast Club,Kemang,"Burrito - 2 Scrambled Eggs, Cheddar, Avocado, Tater Tots",American Breakfast Burritos,,1,,58000.00,,"September 10, 2026 09:42:08AM",DELIVERED
77089036,001621385960-C8ETBALDEZK1AT,GF-983,GrabFood,,Herbox,Greenville,Nasi Goreng Bintang Kuning Vegan Vegetarian,Nasi Goreng Special,,1,,35000.00,,"September 10, 2026 09:42:34AM",DELIVERED
77089036,001621385960-C8ETBALDEZK1AT,GF-983,GrabFood,,Herbox,Greenville,Nasi Goreng Bintang Kuning Vegan Vegetarian,Nasi Goreng Special,Vegan Chicken Nugget,,1,,35000.00,"September 10, 2026 09:42:34AM",DELIVERED
77089036,001621385960-C8ETBALDEZK1AT,GF-983,GrabFood,,Herbox,Greenville,Hygiene Cutleries,Extra,,1,,2000.00,,"September 10, 2026 09:42:34AM",DELIVERED
77089036,001621385960-C8ETBALDEZK1AT,GF-983,GrabFood,,Herbox,Greenville,Perfect mineral water ph 9,Extra,,1,,15000.00,,"September 10, 2026 09:42:34AM",DELIVERED
77087753,F-3351954185,2465,gofood,,American Breakfast Club,Greenville,"Burrito - Mock Fish, 2 Scrambled Eggs, Cheddar, Avocado, Tater Tots,",American Breakfast Burritos,,1,,54400.00,,"September 10, 2026 09:15:21AM",DELIVERED
77087753,F-3351954185,2465,gofood,,American Breakfast Club,Greenville,"Mushroom Omelette - Mushrooms, Spinach, Side Tater Tots",American Breakfast Omelettes,,1,,54400.00,,"September 10, 2026 09:15:21AM",DELIVERED
77087212,0017694998-C8ETAY4DAGKYV6,GF-175,GrabFood,,People Pasta,Greenville,Meat-less Burger - Vegan,Meatless Burgers,,1,,49000.00,,"September 10, 2026 09:02:33AM",DELIVERED
77087212,0017694998-C8ETAY4DAGKYV6,GF-175,GrabFood,,People Pasta,Greenville,Cacio e Pepe - Vegetarian - Plantbased,Signature Pasta,,1,,43000.00,,"September 10, 2026 09:02:33AM",DELIVERED
77087212,0017694998-C8ETAY4DAGKYV6,GF-175,GrabFood,,People Pasta,Greenville,Cacio e Pepe - Vegetarian - Plantbased,Signature Pasta,Fusili,,1,,1000.00,"September 10, 2026 09:02:33AM",DELIVERED
77086918,F-3351939366,1537,gofood,,American Breakfast Club,Kemang,"Burrito - Mock Chicken, 2 Scrambled Eggs, Cheddar, Avocado, Tater Tots",American Breakfast Burritos,,2,,68000.00,,"September 10, 2026 08:53:22AM",DELIVERED
77086857,F-3351937846,6666,gofood,,American Breakfast Club,Greenville,Home Fries,Sides,,2,,22400.00,,"September 10, 2026 08:50:51AM",DELIVERED
77086791,00173924124-C8ETAVL1JZMHN6,GF-113,GrabFood,,American Breakfast Club,Greenville,"Burrito - 2 Scrambled Eggs, Cheddar, Avocado, Tater Tots",American Breakfast Burritos,,1,,58000.00,,"September 10, 2026 08:49:27AM",DELIVERED
77086735,00131769800-C8ETAVCHTJ6JWE,GF-257,GrabFood,,American Breakfast Club,Greenville,"Mushroom Omelette - Mushrooms, Spinach, Side Tater Tots",American Breakfast Omelettes,,1,,68000.00,,"September 10, 2026 08:47:39AM",DELIVERED
77086735,00131769800-C8ETAVCHTJ6JWE,GF-257,GrabFood,,American Breakfast Club,Greenville,"Sandwich - 2 Scrambled Eggs, Mock Chicken, Cheddar Cheese Mix, Brioche Bun",American Breakfast Sandwiches,,1,,58000.00,,"September 10, 2026 08:47:39AM",DELIVERED
77086673,001493334392-C8ETAU3TCPJCEN,GF-944,GrabFood,,Herbox,Greenville,Kung Paow Chick Vegan Vegetarian Ricebox,Ricebox,,1,,39000.00,,"September 10, 2026 08:45:39AM",DELIVERED
77086673,001493334392-C8ETAU3TCPJCEN,GF-944,GrabFood,,Herbox,Greenville,Kung Paow Chick Vegan Vegetarian Ricebox,Ricebox,"Sendok, Garpu, Tissue, Tusuk Gigi",,1,,1500.00,"September 10, 2026 08:45:39AM",DELIVERED
77086596,00157543352-C8ETAUMANX6UJT,GF-276,GrabFood,,American Breakfast Club,Kemang,"Burrito - 2 Scrambled Eggs, Cheddar, Avocado, Tater Tots",American Breakfast Burritos,,1,,58000.00,,"September 10, 2026 08:42:50AM",DELIVERED
77086268,0011834542-C8ETARD1AJE2GX,GF-575,GrabFood,,American Breakfast Club,Kemang,"Burrito - 2 Scrambled Eggs, Cheddar, Avocado, Tater Tots",American Breakfast Burritos,,1,,58000.00,,"September 10, 2026 08:31:29AM",DELIVERED
77086268,0011834542-C8ETARD1AJE2GX,GF-575,GrabFood,,American Breakfast Club,Kemang,"Burrito - 2 Scrambled Eggs, Cheddar, Avocado, Tater Tots",American Breakfast Burritos,Cutleries,,1,,600.00,"September 10, 2026 08:31:29AM",DELIVERED
77086268,0011834542-C8ETARD1AJE2GX,GF-575,GrabFood,,American Breakfast Club,Kemang,Cutleries,,,5,,600.00,,"September 10, 2026 08:31:29AM",DELIVERED
77086154,001641583922-C8ETAPUXCJJCME,GF-435,GrabFood,,American Breakfast Club,Greenville,Sandwich - 2 Scrambled Eggs melty cheddar cheese on a wavy brioche bun,American Breakfast Sandwiches,,1,,45000.00,,"September 10, 2026 08:27:24AM",DELIVERED
77086154,001641583922-C8ETAPUXCJJCME,GF-435,GrabFood,,American Breakfast Club,Greenville,Sandwich - 2 Scrambled Eggs melty cheddar cheese on a wavy brioche bun,American Breakfast Sandwiches,Tatter Tots,,1,,30000.00,"September 10, 2026 08:27:24AM",DELIVERED
77085953,00156085692-C8ETANL2FBKUJE,GF-329,GrabFood,,American Breakfast Club,Kemang,Cheese Omelette - Side Tater Tots,American Breakfast Omelettes,,1,,58000.00,,"September 10, 2026 08:19:29AM",DELIVERED
77085953,00156085692-C8ETANL2FBKUJE,GF-329,GrabFood,,American Breakfast Club,Kemang,Cheese Omelette - Side Tater Tots,American Breakfast Omelettes,Cutleries,,1,,600.00,"September 10, 2026 08:19:29AM",DELIVERED
77085860,F-3351917785,6961,gofood,,Tyfel Coffee,Kemang,Mock Chicken Sandwich,Breakfast Sandwiches,,1,,68000.00,,"September 10, 2026 08:14:58AM",DELIVERED
77085860,F-3351917785,6961,gofood,,Tyfel Coffee,Kemang,Tater Tots With Truffle Oil,Sides,,1,,38000.00,,"September 10, 2026 08:14:58AM",DELIVERED
77085860,F-3351917785,6961,gofood,,Tyfel Coffee,Kemang,Mock Katsu Burrito,Breakfast Burritos,,1,,68000.00,,"September 10, 2026 08:14:58AM",DELIVERED
77085860,F-3351917785,6961,gofood,,Tyfel Coffee,Kemang,Mock Fish Sandwich,Breakfast Sandwiches,,1,,58000.00,,"September 10, 2026 08:14:58AM",DELIVERED
77085661,001759703616-C8ETAKKCPGC1J2,GF-544,GrabFood,,American Breakfast Club,Greenville,"Mushroom Omelette - Mushrooms, Spinach, Side Tater Tots",American Breakfast Omelettes,,1,,68000.00,,"September 10, 2026 08:08:52AM",DELIVERED
77085661,001759703616-C8ETAKKCPGC1J2,GF-544,GrabFood,,American Breakfast Club,Greenville,"Mushroom Omelette - Mushrooms, Spinach, Side Tater Tots",American Breakfast Omelettes,Cutleries,,1,,1500.00,"September 10, 2026 08:08:52AM",DELIVERED
77085655,F-3351914233,9292,gofood,,American Breakfast Club,Greenville,"Burrito - 2 Scrambled Eggs, Cheddar, Avocado, Tater Tots",American Breakfast Burritos,,1,,46400.00,,"September 10, 2026 08:08:05AM",DELIVERED
77085472,F-3351910500,2337,gofood,,American Breakfast Club,Kemang,"Egg burger - 2 Scrambled Eggs, Cheddar Cheese, Secret Sauce",American Breakfast Burger,,1,,45000.00,,"September 10, 2026 08:00:24AM",DELIVERED
77085466,00185897043-C8ETAJBYR8DBT2,GF-920,GrabFood,,American Breakfast Club,Greenville,"Sandwich - 2 Scrambled Eggs, Mock Chicken, Cheddar Cheese Mix, Brioche Bun",American Breakfast Sandwiches,,1,,58000.00,,"September 10, 2026 08:00:47AM",DELIVERED
77085407,F-3351909286,8655,gofood,,American Breakfast Club,Kemang,"Burrito - 2 Scrambled Eggs, Cheddar, Avocado, Tater Tots",American Breakfast Burritos,,1,,58000.00,,"September 10, 2026 07:57:29AM",DELIVERED
77085407,F-3351909286,8655,gofood,,American Breakfast Club,Kemang,"Burrito - 2 Scrambled Eggs, Cheddar, Avocado, Tater Tots",American Breakfast Burritos,Cutleries,,1,,600.00,"September 10, 2026 07:57:29AM",DELIVERED
77085407,F-3351909286,8655,gofood,,American Breakfast Club,Kemang,"Katsu Egg burger - Patties, 2 Scrambled Eggs, Cheddar Cheese, Secret Sauce",American Breakfast Burger,,1,,58000.00,,"September 10, 2026 07:57:29AM",DELIVERED
77085407,F-3351909286,8655,gofood,,American Breakfast Club,Kemang,"Katsu Egg burger - Patties, 2 Scrambled Eggs, Cheddar Cheese, Secret Sauce",American Breakfast Burger,Cutleries,,1,,600.00,"September 10, 2026 07:57:29AM",DELIVERED
77085314,F-3351904370,9531,gofood,,Tyfel Coffee,Kemang,Breakfast Burrito,Breakfast Burritos,,1,,58000.00,,"September 10, 2026 07:45:15AM",DELIVERED
77085280,00174141955-C8ETAFLAT3TESA,GF-391,GrabFood,,American Breakfast Club,Greenville,Cheese Omelette - Side Tater Tots,American Breakfast Omelettes,,1,,58000.00,,"September 10, 2026 07:52:31AM",DELIVERED
77085280,00174141955-C8ETAFLAT3TESA,GF-391,GrabFood,,American Breakfast Club,Greenville,Cheese Omelette - Side Tater Tots,American Breakfast Omelettes,Chick Nugget,,1,,35000.00,"September 10, 2026 07:52:31AM",DELIVERED
77085082,001764442595-C8ETACBCNLEGKE,GF-658,GrabFood,,American Breakfast Club,Kemang,"Mushroom Omelette - Mushrooms, Spinach, Side Tater Tots",American Breakfast Omelettes,,1,,68000.00,,"September 10, 2026 07:40:32AM",DELIVERED
77085082,001764442595-C8ETACBCNLEGKE,GF-658,GrabFood,,American Breakfast Club,Kemang,"Mushroom Omelette - Mushrooms, Spinach, Side Tater Tots",American Breakfast Omelettes,Cutleries,,1,,600.00,"September 10, 2026 07:40:32AM",DELIVERED
77085061,F-3351901018,8542,gofood,,American Breakfast Club,Kemang,"Burrito - 2 Scrambled Eggs, Cheddar, Avocado, Tater Tots",American Breakfast Burritos,,1,,58000.00,,"September 10, 2026 07:36:29AM",DELIVERED
77084883,F-3351898980,7799,gofood,,American Breakfast Club,Kemang,"Egg burger - 2 Scrambled Eggs, Cheddar Cheese, Secret Sauce",American Breakfast Burger,,1,,45000.00,,"September 10, 2026 07:30:54AM",DELIVERED
77084883,F-3351898980,7799,gofood,,American Breakfast Club,Kemang,Cheese Omelette - Side Tater Tots,American Breakfast Omelettes,,1,,58000.00,,"September 10, 2026 07:30:54AM",DELIVERED
77084883,F-3351898980,7799,gofood,,American Breakfast Club,Kemang,Home Fries,Sides,,1,,28000.00,,"September 10, 2026 07:30:54AM",DELIVERED
77084683,F-3351895245,2524,gofood,,American Breakfast Club,Greenville,"Burrito - 2 Scrambled Eggs, Cheddar, Avocado, Tater Tots",American Breakfast Burritos,,1,,46400.00,,"September 10, 2026 07:20:09AM",DELIVERED
77084683,F-3351895245,2524,gofood,,American Breakfast Club,Greenville,Cheese Omelette - Side Tater Tots,American Breakfast Omelettes,,1,,46400.00,,"September 10, 2026 07:20:09AM",DELIVERED
77083946,001168916691-C8EKV35FL7VWEA,GF-412,GrabFood,,American Breakfast Club,Greenville,"Sandwich - 2 Scrambled Eggs Mock Beef, Cheddar Cheese  on a wavy brioche bun",American Breakfast Sandwiches,,1,,58000.00,,"September 10, 2026 06:32:57AM",DELIVERED
77083946,001168916691-C8EKV35FL7VWEA,GF-412,GrabFood,,American Breakfast Club,Greenville,"Sandwich - 2 Scrambled Eggs Mock Beef, Cheddar Cheese  on a wavy brioche bun",American Breakfast Sandwiches,Tatter Tots,,1,,30000.00,"September 10, 2026 06:32:57AM",DELIVERED
77083946,001168916691-C8EKV35FL7VWEA,GF-412,GrabFood,,American Breakfast Club,Greenville,Cutleries,Cutleries,,1,,1000.00,,"September 10, 2026 06:32:57AM",DELIVERED
77064823,00105496677-C8EKMBDUJ6W3RT,GF-925,GrabFood,,People Pasta,Greenville,Chicken Nugget - Vegan,,,1,,35000.00,,"September 09, 2026 07:54:41PM",DELIVERED
77064823,00105496677-C8EKMBDUJ6W3RT,GF-925,GrabFood,,People Pasta,Greenville,Vegan Chicken Crispy Burger,Meatless Burgers,,1,,49000.00,,"September 09, 2026 07:54:41PM",DELIVERED
77063890,F-3351652728,1221,gofood,,Herbox,Greenville,Nasi Putih,Extra,,1,,10000.00,,"September 09, 2026 07:45:02PM",DELIVERED
77063890,F-3351652728,1221,gofood,,Herbox,Greenville,Vegan Chickin Nugget,Sides,,1,,32000.00,,"September 09, 2026 07:45:02PM",DELIVERED
77063890,F-3351652728,1221,gofood,,Herbox,Greenville,Perfect mineral water ph 9,Extra,,1,,15000.00,,"September 09, 2026 07:45:02PM",DELIVERED
77039405,0019721874-C8EKJP2VC26EEN,GF-954,GrabFood,,American Breakfast Club,Greenville,"Burrito - Mock Beef, 2 Scrambled Eggs, Cheddar, Avocado, Tater Tots,",American Breakfast Burritos,,1,,68000.00,,"September 09, 2026 03:48:43PM",DELIVERED
77038050,001295766653-C8EKJK2HTRKWLX,GF-527,GrabFood,,Herbox,Greenville,Nasi Goreng Sedap Malam Vegan Vegetarian,Nasi Goreng Special,,1,,35000.00,,"September 09, 2026 03:31:59PM",DELIVERED
77038050,001295766653-C8EKJK2HTRKWLX,GF-527,GrabFood,,Herbox,Greenville,Nasi Goreng Bulan Merah Vegan Vegetarian,Nasi Goreng Special,,1,,35000.00,,"September 09, 2026 03:31:59PM",DELIVERED
77036762,F-3351291514,6238,gofood,,American Breakfast Club,Greenville,Cheese Omelette - Side Tater Tots,American Breakfast Omelettes,,1,,46400.00,,"September 09, 2026 03:13:59PM",DELIVERED
77036762,F-3351291514,6238,gofood,,American Breakfast Club,Greenville,"Burrito - 2 Scrambled Eggs, Cheddar, Avocado, Tater Tots",American Breakfast Burritos,,1,,46400.00,,"September 09, 2026 03:13:59PM",DELIVERED
77036762,F-3351291514,6238,gofood,,American Breakfast Club,Greenville,Home Fries With Truffle Oil,Sides,,1,,30400.00,,"September 09, 2026 03:13:59PM",DELIVERED
77036762,F-3351291514,6238,gofood,,American Breakfast Club,Greenville,Tater Tots,Sides,,1,,22400.00,,"September 09, 2026 03:13:59PM",DELIVERED
77035044,00145134447-C8EKJAWZDCLYTJ,GF-934,GrabFood,,American Breakfast Club,Greenville,"Burrito - 2 Scrambled Eggs, Cheddar, Avocado, Tater Tots",American Breakfast Burritos,,2,,58000.00,,"September 09, 2026 02:51:27PM",DELIVERED
77032962,001652838665-C8EKHBLFL6VJN6,GF-845,GrabFood,,People Pasta,Greenville,Vegan Chicken Crispy Burger,Meatless Burgers,,1,,49000.00,,"September 09, 2026 02:22:36PM",DELIVERED
77032962,001652838665-C8EKHBLFL6VJN6,GF-845,GrabFood,,People Pasta,Greenville,Tattert Tots,,,1,,28000.00,,"September 09, 2026 02:22:36PM",DELIVERED
77032962,001652838665-C8EKHBLFL6VJN6,GF-845,GrabFood,,People Pasta,Greenville,Home Fries,,,1,,25000.00,,"September 09, 2026 02:22:36PM",DELIVERED
77030566,F-3351202224,8643,gofood,,Herbox,Greenville,Pesmol Vegan Vegetarian Ricebox,Ricebox,,2,,31200.00,,"September 09, 2026 01:48:45PM",DELIVERED
77029877,001090911732-C8EKG2AZVAJHAE,GF-785,GrabFood,,American Breakfast Club,Greenville,"Burrito - 2 Scrambled Eggs, Cheddar, Avocado, Tater Tots",American Breakfast Burritos,,1,,58000.00,,"September 09, 2026 01:40:26PM",DELIVERED
77029877,001090911732-C8EKG2AZVAJHAE,GF-785,GrabFood,,American Breakfast Club,Greenville,"Burrito - 2 Scrambled Eggs, Cheddar, Avocado, Tater Tots",American Breakfast Burritos,Cutleries,,1,,1500.00,"September 09, 2026 01:40:26PM",DELIVERED
77026484,00174076836-C8EKGPBBNPB2NX,GF-089,GrabFood,,Herbox,Greenville,Pesmol Vegan Vegetarian Ricebox,Ricebox,,2,,39000.00,,"September 09, 2026 12:57:11PM",DELIVERED
77020330,F-3351039197,5277,gofood,,American Breakfast Club,Greenville,"2 Pancakes - Chocolate Chips, Butter, Maple Syrup",American Breakfast Pancakes,,1,,46400.00,,"September 09, 2026 11:47:38AM",DELIVERED
77020330,F-3351039197,5277,gofood,,American Breakfast Club,Greenville,Tater Tots With Truffle Oil,Sides,,1,,30400.00,,"September 09, 2026 11:47:38AM",DELIVERED
77020330,F-3351039197,5277,gofood,,American Breakfast Club,Greenville,"Burrito - 2 Scrambled Eggs, Cheddar, Avocado, Tater Tots",American Breakfast Burritos,,1,,46400.00,,"September 09, 2026 11:47:38AM",DELIVERED
77020330,F-3351039197,5277,gofood,,American Breakfast Club,Greenville,"Mushroom Omelette - Mushrooms, Spinach, Side Tater Tots",American Breakfast Omelettes,,1,,54400.00,,"September 09, 2026 11:47:38AM",DELIVERED
77015720,F-3350966822,8562,gofood,,American Breakfast Club,Greenville,Cheese Omelette - Side Tater Tots,American Breakfast Omelettes,,1,,46400.00,,"September 09, 2026 11:02:16AM",DELIVERED
77014947,00180837218-C8EKE2EULX6YCT,GF-799,GrabFood,,American Breakfast Club,Greenville,"Burrito - Mock Chicken, 2 Scrambled Eggs, Cheddar, Avocado, Tater Tots",American Breakfast Burritos,,1,,68000.00,,"September 09, 2026 10:55:05AM",DELIVERED
77014947,00180837218-C8EKE2EULX6YCT,GF-799,GrabFood,,American Breakfast Club,Greenville,"Mushroom Omelette - Mushrooms, Spinach, Side Tater Tots",American Breakfast Omelettes,,1,,68000.00,,"September 09, 2026 10:55:05AM",DELIVERED
77011271,001974889528-C8EKEKAYPF4ALT,GF-176,GrabFood,,Tyfel Coffee,Greenville,Potato Nugget - Truffle Vegan Plantbased,Lite Bites,,1,,38000.00,,"September 09, 2026 10:11:02AM",DELIVERED
77011271,001974889528-C8EKEKAYPF4ALT,GF-176,GrabFood,,Tyfel Coffee,Greenville,Tyfel Burritos - Vegan,Lite Bites,,1,,45000.00,,"September 09, 2026 10:11:02AM",DELIVERED
77011035,0013096857-C8EKENVDRCJYRT,GF-364,GrabFood,,Herbox,Greenville,Teriyaki Vegan Vegetarian Ricebox,Ricebox,,1,,39000.00,,"September 09, 2026 10:07:34AM",DELIVERED
77011035,0013096857-C8EKENVDRCJYRT,GF-364,GrabFood,,Herbox,Greenville,Teriyaki Vegan Vegetarian Ricebox,Ricebox,Vegan Chicken Nugget,,1,,35000.00,"September 09, 2026 10:07:34AM",DELIVERED
77011035,0013096857-C8EKENVDRCJYRT,GF-364,GrabFood,,Herbox,Greenville,Lada Hitam Blackpepper Vegan Vegetarian Ricebox,Ricebox,,1,,39000.00,,"September 09, 2026 10:07:34AM",DELIVERED
77011035,0013096857-C8EKENVDRCJYRT,GF-364,GrabFood,,Herbox,Greenville,Fish Burger Vegan,Vegan Burger,,1,,59000.00,,"September 09, 2026 10:07:34AM",DELIVERED
77011035,0013096857-C8EKENVDRCJYRT,GF-364,GrabFood,,Herbox,Greenville,Lauk size Regular Vegan Vegetarian,Lauk Only,,1,,60000.00,,"September 09, 2026 10:07:34AM",DELIVERED
77011035,0013096857-C8EKENVDRCJYRT,GF-364,GrabFood,,Herbox,Greenville,Perfect mineral water ph 9,Extra,,1,,15000.00,,"September 09, 2026 10:07:34AM",DELIVERED
77010632,F-3350888750,4274,gofood,,American Breakfast Club,Kemang,"2 Pancakes - Blueberries, Butter, Maple Syrup",American Breakfast Pancakes,,1,,58000.00,,"September 09, 2026 10:01:22AM",DELIVERED
77010084,00150027921-C8EKEJ52JJKBRA,GF-392,GrabFood,,American Breakfast Club,Kemang,"Burrito - 2 Scrambled Eggs, Cheddar, Avocado, Tater Tots",American Breakfast Burritos,,1,,58000.00,,"September 09, 2026 09:53:32AM",DELIVERED
77009505,0017950423-C8EKEF6AEKK1FE,GF-025,GrabFood,,American Breakfast Club,Kemang,"Burrito - 2 Scrambled Eggs, Cheddar, Avocado, Tater Tots",American Breakfast Burritos,,1,,58000.00,,"September 09, 2026 09:43:10AM",DELIVERED
77008567,001221919720-C8EKEBUVVXXDA6,GF-445,GrabFood,,Herbox,Greenville,Kung Paow Chick Vegan Vegetarian Ricebox,Ricebox,,1,,39000.00,,"September 09, 2026 09:24:02AM",DELIVERED
77008567,001221919720-C8EKEBUVVXXDA6,GF-445,GrabFood,,Herbox,Greenville,Kung Paow Chick Vegan Vegetarian Ricebox,Ricebox,"Sendok, Garpu, Tissue, Tusuk Gigi",,1,,1500.00,"September 09, 2026 09:24:02AM",DELIVERED
77008180,0015169030-C8EKEAKVGNK2TX,GF-326,GrabFood,,American Breakfast Club,Kemang,Cheese Omelette - Side Tater Tots,American Breakfast Omelettes,,1,,58000.00,,"September 09, 2026 09:15:43AM",DELIVERED
77008140,00133744020-C8EKEADTG36CN6,GF-125,GrabFood,,American Breakfast Club,Greenville,Cheese Omelette - Side Tater Tots,American Breakfast Omelettes,,1,,58000.00,,"September 09, 2026 09:14:40AM",DELIVERED
77008140,00133744020-C8EKEADTG36CN6,GF-125,GrabFood,,American Breakfast Club,Greenville,"Mushroom Omelette - Mushrooms, Spinach, Side Tater Tots",American Breakfast Omelettes,,1,,68000.00,,"September 09, 2026 09:14:40AM",DELIVERED
77008140,00133744020-C8EKEADTG36CN6,GF-125,GrabFood,,American Breakfast Club,Greenville,Sandwich - 2 Scrambled Eggs melty cheddar cheese on a wavy brioche bun,American Breakfast Sandwiches,,1,,45000.00,,"September 09, 2026 09:14:40AM",DELIVERED
77008095,001607300898-C8EKEAAEABDUEA,GF-414,GrabFood,,American Breakfast Club,Kemang,"Burrito - Mock Chicken, 2 Scrambled Eggs, Cheddar, Avocado, Tater Tots",American Breakfast Burritos,,1,,68000.00,,"September 09, 2026 09:13:35AM",DELIVERED
77008095,001607300898-C8EKEAAEABDUEA,GF-414,GrabFood,,American Breakfast Club,Kemang,Cheese Omelette - Side Tater Tots,American Breakfast Omelettes,,1,,58000.00,,"September 09, 2026 09:13:35AM",DELIVERED
77008065,001635404452-C8EKDGLYTE4XVJ,GF-734,GrabFood,,People Pasta,Greenville,Bolognese - Vegan Friendly - Vegetarian - Plantbase,Signature Pasta,,1,,43000.00,,"September 09, 2026 09:12:46AM",DELIVERED
77008065,001635404452-C8EKDGLYTE4XVJ,GF-734,GrabFood,,People Pasta,Greenville,Bolognese - Vegan Friendly - Vegetarian - Plantbase,Signature Pasta,Fusili,,1,,1000.00,"September 09, 2026 09:12:46AM",DELIVERED
77008065,001635404452-C8EKDGLYTE4XVJ,GF-734,GrabFood,,People Pasta,Greenville,Chicken Nugget - Vegan,,,1,,35000.00,,"September 09, 2026 09:12:46AM",DELIVERED
77008065,001635404452-C8EKDGLYTE4XVJ,GF-734,GrabFood,,People Pasta,Greenville,Tattert Tots,,,1,,28000.00,,"September 09, 2026 09:12:46AM",DELIVERED
77008065,001635404452-C8EKDGLYTE4XVJ,GF-734,GrabFood,,People Pasta,Greenville,Vegan Chicken Crispy Burger,Meatless Burgers,,1,,49000.00,,"September 09, 2026 09:12:46AM",DELIVERED
77007934,001933082052-C8EKDF5CE3JTSA,GF-154,GrabFood,,American Breakfast Club,Greenville,Cheese Omelette - Side Tater Tots,American Breakfast Omelettes,,2,,58000.00,,"September 09, 2026 09:09:32AM",DELIVERED
77007934,001933082052-C8EKDF5CE3JTSA,GF-154,GrabFood,,American Breakfast Club,Greenville,Cheese Omelette - Side Tater Tots,American Breakfast Omelettes,Tatter Tots,,2,,30000.00,"September 09, 2026 09:09:32AM",DELIVERED
77007435,001400642560-C8EKDCJUN7BUGA,GF-916,GrabFood,,American Breakfast Club,Kemang,"Burrito - 2 Scrambled Eggs, Cheddar, Avocado, Tater Tots",American Breakfast Burritos,,1,,58000.00,,"September 09, 2026 08:55:24AM",DELIVERED
77007360,00146647837-C8EKDB6DT8JWCA,GF-494,GrabFood,,American Breakfast Club,Greenville,"Burrito - 2 Scrambled Eggs, Cheddar, Avocado, Tater Tots",American Breakfast Burritos,,1,,58000.00,,"September 09, 2026 08:53:13AM",DELIVERED
77007120,0014674009-C8EKDA4ACUTFPE,GF-068,GrabFood,,American Breakfast Club,Kemang,"Burrito - 2 Scrambled Eggs, Cheddar, Avocado, Tater Tots",American Breakfast Burritos,,1,,58000.00,,"September 09, 2026 08:45:52AM",DELIVERED
77007120,0014674009-C8EKDA4ACUTFPE,GF-068,GrabFood,,American Breakfast Club,Kemang,"Burrito - 2 Scrambled Eggs, Cheddar, Avocado, Tater Tots",American Breakfast Burritos,Cutleries,,1,,600.00,"September 09, 2026 08:45:52AM",DELIVERED
77007120,0014674009-C8EKDA4ACUTFPE,GF-068,GrabFood,,American Breakfast Club,Kemang,Cutleries,,,5,,600.00,,"September 09, 2026 08:45:52AM",DELIVERED
77007107,001079046850-C8EKDA3CJ2MWRJ,GF-831,GrabFood,,American Breakfast Club,Greenville,"Burrito - 2 Scrambled Eggs, Cheddar, Avocado, Tater Tots",American Breakfast Burritos,,1,,58000.00,,"September 09, 2026 08:45:32AM",DELIVERED
77007107,001079046850-C8EKDA3CJ2MWRJ,GF-831,GrabFood,,American Breakfast Club,Greenville,"Burrito - 2 Scrambled Eggs, Cheddar, Avocado, Tater Tots",American Breakfast Burritos,Tatter Tots,,1,,30000.00,"September 09, 2026 08:45:32AM",DELIVERED
77006265,001062558848-C8EKC3NUJNX3AE,GF-859,GrabFood,,American Breakfast Club,Greenville,Cheese Omelette - Side Tater Tots,American Breakfast Omelettes,,1,,58000.00,,"September 09, 2026 08:16:41AM",DELIVERED
77006265,001062558848-C8EKC3NUJNX3AE,GF-859,GrabFood,,American Breakfast Club,Greenville,Cheese Omelette - Side Tater Tots,American Breakfast Omelettes,Cutleries,,1,,1500.00,"September 09, 2026 08:16:41AM",DELIVERED
77006162,0017269328-C8EKC25YRZLBR2,GF-388,GrabFood,,American Breakfast Club,Kemang,"Burrito - Mock Beef, 2 Scrambled Eggs, Cheddar, Avocado, Tater Tots,",American Breakfast Burritos,,1,,68000.00,,"September 09, 2026 08:13:05AM",DELIVERED
77006002,F-3350807852,5517,gofood,,American Breakfast Club,Kemang,Home Fries,Sides,,1,,28000.00,,"September 09, 2026 08:06:45AM",DELIVERED
77006002,F-3350807852,5517,gofood,,American Breakfast Club,Kemang,"Mushroom Omelette - Mushrooms, Spinach, Side Tater Tots",American Breakfast Omelettes,,1,,68000.00,,"September 09, 2026 08:06:45AM",DELIVERED
77005821,0013400827-C8EKCYVXGBUXGN,GF-727,GrabFood,,American Breakfast Club,Kemang,"Mushroom Omelette - Mushrooms, Spinach, Side Tater Tots",American Breakfast Omelettes,,1,,68000.00,,"September 09, 2026 08:01:04AM",DELIVERED
77005821,0013400827-C8EKCYVXGBUXGN,GF-727,GrabFood,,American Breakfast Club,Kemang,"Mushroom Omelette - Mushrooms, Spinach, Side Tater Tots",American Breakfast Omelettes,Tatter Tots,,1,,30000.00,"September 09, 2026 08:01:04AM",DELIVERED
77005655,00144473171-C8EKCXT2VX6GGT,GF-798,GrabFood,,American Breakfast Club,Kemang,"Burrito - Mock Chicken, 2 Scrambled Eggs, Cheddar, Avocado, Tater Tots",American Breakfast Burritos,,1,,68000.00,,"September 09, 2026 07:53:49AM",DELIVERED
77005655,00144473171-C8EKCXT2VX6GGT,GF-798,GrabFood,,American Breakfast Club,Kemang,"Burrito - Mock Beef, 2 Scrambled Eggs, Cheddar, Avocado, Tater Tots,",American Breakfast Burritos,,1,,68000.00,,"September 09, 2026 07:53:49AM",DELIVERED
77005615,0016423078-C8EKCXJGRFDBV2,GF-868,GrabFood,,American Breakfast Club,Greenville,Sandwich - 2 Scrambled Eggs melty cheddar cheese on a wavy brioche bun,American Breakfast Sandwiches,,1,,45000.00,,"September 09, 2026 07:51:56AM",DELIVERED
77005615,0016423078-C8EKCXJGRFDBV2,GF-868,GrabFood,,American Breakfast Club,Greenville,Sandwich - 2 Scrambled Eggs melty cheddar cheese on a wavy brioche bun,American Breakfast Sandwiches,Cutleries,,1,,1500.00,"September 09, 2026 07:51:56AM",DELIVERED
77004734,F-3350783014,3637,gofood,,American Breakfast Club,Greenville,"Burrito - 2 Scrambled Eggs, Cheddar, Avocado, Tater Tots",American Breakfast Burritos,,1,,46400.00,,"September 09, 2026 07:02:18AM",DELIVERED
77004734,F-3350783014,3637,gofood,,American Breakfast Club,Greenville,Cheese Omelette - Side Tater Tots,American Breakfast Omelettes,,1,,46400.00,,"September 09, 2026 07:02:18AM",DELIVERED
77004687,F-3350781907,7655,gofood,,American Breakfast Club,Greenville,"Burrito - 2 Scrambled Eggs, Cheddar, Avocado, Tater Tots",American Breakfast Burritos,,1,,46400.00,,"September 09, 2026 06:58:24AM",DELIVERED
77004622,F-3350780871,7324,gofood,,Tyfel Coffee,Greenville,Mock Fish Sandwich,Breakfast Sandwiches,,1,,58000.00,,"September 09, 2026 06:54:19AM",DELIVERED
77004622,F-3350780871,7324,gofood,,Tyfel Coffee,Greenville,"Mushroom Omelette-mushrooms,Spinach,Side Of Tater Tots",Breakfast Omlettes,,1,,68000.00,,"September 09, 2026 06:54:19AM",DELIVERED
77004257,00198575855-C8EKCABTCNUWC6,GF-360,GrabFood,,American Breakfast Club,Greenville,Sandwich - 2 Scrambled Eggs melty cheddar cheese on a wavy brioche bun,American Breakfast Sandwiches,,5,,45000.00,,"September 09, 2026 06:27:22AM",DELIVERED
77004257,00198575855-C8EKCABTCNUWC6,GF-360,GrabFood,,American Breakfast Club,Greenville,Tater Tots With Truffle Oil,Sides,,3,,48000.00,,"September 09, 2026 06:27:22AM",DELIVERED
76991230,0018700080-C8EJRY3ADE3VGE,GF-171,GrabFood,,American Breakfast Club,Greenville,"Burrito - 2 Scrambled Eggs, Cheddar, Avocado, Tater Tots",American Breakfast Burritos,,2,,58000.00,,"September 08, 2026 08:55:29PM",DELIVERED
76988612,001680022475-C8EJRRLVPBJXRN,GF-412F,GrabFood,,American Breakfast Club,Greenville,"2 Pancakes - Blueberries, Butter, Maple Syrup",American Breakfast Pancakes,,1,,58000.00,,"September 09, 2026 06:30:01AM",DELIVERED
76988612,001680022475-C8EJRRLVPBJXRN,GF-412F,GrabFood,,American Breakfast Club,Greenville,Sandwich - 2 Scrambled Eggs melty cheddar cheese on a wavy brioche bun,American Breakfast Sandwiches,,1,,45000.00,,"September 09, 2026 06:30:01AM",DELIVERED
76987346,F-3350575956,3866,gofood,,American Breakfast Club,Greenville,"Burrito - Mock Chicken, 2 Scrambled Eggs, Cheddar, Avocado, Tater Tots",American Breakfast Burritos,,1,,54400.00,,"September 08, 2026 08:08:20PM",DELIVERED
76987346,F-3350575956,3866,gofood,,American Breakfast Club,Greenville,Tater Tots,Sides,,1,,22400.00,,"September 08, 2026 08:08:20PM",DELIVERED
76984642,001454899683-C8EJRFU2MAM2R6,GF-563,GrabFood,,Herbox,Greenville,Pesmol Vegan Vegetarian Ricebox,Ricebox,,2,,39000.00,,"September 08, 2026 07:47:28PM",DELIVERED
76984642,001454899683-C8EJRFU2MAM2R6,GF-563,GrabFood,,Herbox,Greenville,Rica Wrap,Wrap Series,,1,,59000.00,,"September 08, 2026 07:47:28PM",DELIVERED
76984642,001454899683-C8EJRFU2MAM2R6,GF-563,GrabFood,,Herbox,Greenville,Rica Rica Vegan Vegetarian Ricebox,Ricebox,,1,,39000.00,,"September 08, 2026 07:47:28PM",DELIVERED
76964870,00134143938-C8EJNB6ZGPNUT2,GF-582,GrabFood,,American Breakfast Club,Greenville,"Burrito - 2 Scrambled Eggs, Cheddar, Avocado, Tater Tots",American Breakfast Burritos,,1,,58000.00,,"September 08, 2026 04:46:49PM",DELIVERED
76964870,00134143938-C8EJNB6ZGPNUT2,GF-582,GrabFood,,American Breakfast Club,Greenville,"Burrito - Mock Chicken, 2 Scrambled Eggs, Cheddar, Avocado, Tater Tots",American Breakfast Burritos,,1,,68000.00,,"September 08, 2026 04:46:49PM",DELIVERED
76963761,FP-17261226,8449,gofood,,People Pasta,Greenville,Cacio e Pepe - Vegetarian - Plantbased,Signature Pasta,,1,,43000.00,,"September 08, 2026 04:33:49PM",DELIVERED
76963761,FP-17261226,8449,gofood,,People Pasta,Greenville,Cacio e Pepe - Vegetarian - Plantbased,Signature Pasta,Spaghetti,,1,,0.00,"September 08, 2026 04:33:49PM",DELIVERED
76960764,F-3350222587,1817,gofood,,American Breakfast Club,Kemang,"Burrito - 2 Scrambled Eggs, Cheddar, Avocado, Tater Tots",American Breakfast Burritos,,1,,58000.00,,"September 08, 2026 03:56:05PM",DELIVERED
76959427,00174822609-C8EJL4DJNKTJBE,GF-279,GrabFood,,American Breakfast Club,Greenville,"Burrito - Mock Chicken, 2 Scrambled Eggs, Cheddar, Avocado, Tater Tots",American Breakfast Burritos,,1,,68000.00,,"September 08, 2026 03:41:18PM",DELIVERED
76957818,F-3350185436,5498,gofood,,American Breakfast Club,Kemang,"Sandwich - 2 Scrambled Eggs, Mock Fish, Cheddar Cheese, Mix, Brioche Bun",American Breakfast Sandwiches,,1,,58000.00,,"September 08, 2026 03:18:52PM",DELIVERED
76956675,00170608441-C8EJLULWEAEART,GF-825,GrabFood,,American Breakfast Club,Kemang,"Burrito - 2 Scrambled Eggs, Cheddar, Avocado, Tater Tots",American Breakfast Burritos,,1,,58000.00,,"September 08, 2026 03:02:44PM",DELIVERED
76956675,00170608441-C8EJLULWEAEART,GF-825,GrabFood,,American Breakfast Club,Kemang,Tater Tots,Sides,,1,,38000.00,,"September 08, 2026 03:02:44PM",DELIVERED
76956264,001799687679-C8EJLTNWR33GME,GF-924,GrabFood,,American Breakfast Club,Greenville,Cheese Omelette - Side Tater Tots,American Breakfast Omelettes,,1,,58000.00,,"September 08, 2026 02:56:44PM",DELIVERED
76956264,001799687679-C8EJLTNWR33GME,GF-924,GrabFood,,American Breakfast Club,Greenville,Cheese Omelette - Side Tater Tots,American Breakfast Omelettes,Chick Nugget,,1,,35000.00,"September 08, 2026 02:56:44PM",DELIVERED
76949417,001639574385-C8EJKBEAVXAKTN,GF-816,GrabFood,,American Breakfast Club,Kemang,"Burrito - Mock Chicken, 2 Scrambled Eggs, Cheddar, Avocado, Tater Tots",American Breakfast Burritos,,1,,68000.00,,"September 08, 2026 01:21:38PM",DELIVERED
76945841,001609940560-C8EJJY4ZC7UUR2,GF-065,GrabFood,,American Breakfast Club,Greenville,"Burrito - Mock Chicken, 2 Scrambled Eggs, Cheddar, Avocado, Tater Tots",American Breakfast Burritos,,1,,68000.00,,"September 08, 2026 12:37:59PM",DELIVERED
76945036,F-3349987762,6717,gofood,,Herbox,Greenville,Katsu Chickin Vegan Vegetarian Ricebox,Ricebox,,2,,31200.00,,"September 08, 2026 12:28:32PM",DELIVERED
76945036,F-3349987762,6717,gofood,,Herbox,Greenville,Original Burger Vegan,Vegan Burger,,1,,47200.00,,"September 08, 2026 12:28:32PM",DELIVERED
76944446,F-3349977484,5466,gofood,,American Breakfast Club,Kemang,"2 Pancakes - Butter, Maple Syrup",American Breakfast Pancakes,,1,,48000.00,,"September 08, 2026 12:21:40PM",DELIVERED
76940789,F-3349918718,7319,gofood,,American Breakfast Club,Kemang,"Burrito - Mock Beef, 2 Scrambled Eggs, Cheddar, Avocado, Tater Tots,",American Breakfast Burritos,,1,,68000.00,,"September 08, 2026 11:44:01AM",DELIVERED
76940015,F-3349904126,4149,gofood,,American Breakfast Club,Greenville,"Burrito - Mock Katsu, 2 Scrambled Eggs, Cheddar, Avocado, Tater Tots",American Breakfast Burritos,,2,,54400.00,,"September 08, 2026 11:34:51AM",DELIVERED
76940015,F-3349904126,4149,gofood,,American Breakfast Club,Greenville,"2 Pancakes - Chocolate Chips, Butter, Maple Syrup",American Breakfast Pancakes,,1,,46400.00,,"September 08, 2026 11:34:51AM",DELIVERED
76937702,F-3349851832,6747,gofood,,Herbox,Greenville,Beef  wrap Vegan Herbox,Wrap Series,,1,,47200.00,,"September 08, 2026 11:03:03AM",DELIVERED
76937702,F-3349851832,6747,gofood,,Herbox,Greenville,Nasi Goreng Sedap Malam Vegan Vegetarian,Nasi Goreng Special,,1,,28000.00,,"September 08, 2026 11:03:03AM",DELIVERED
76937702,F-3349851832,6747,gofood,,Herbox,Greenville,Nasi Goreng Bintang Kuning Vegan Vegetarian,Nasi Goreng Special,,1,,28000.00,,"September 08, 2026 11:03:03AM",DELIVERED
76937257,001867174612-C8EJJAXHNBKZNA,GF-697,GrabFood,,Herbox,Greenville,Tater tots,Sides,,1,,30000.00,,"September 08, 2026 11:10:38AM",DELIVERED
76937257,001867174612-C8EJJAXHNBKZNA,GF-697,GrabFood,,Herbox,Greenville,Teriyaki Vegan Vegetarian Ricebox,Ricebox,,1,,39000.00,,"September 08, 2026 11:10:38AM",DELIVERED
76937257,001867174612-C8EJJAXHNBKZNA,GF-697,GrabFood,,Herbox,Greenville,Hygiene Cutleries,Extra,,1,,2000.00,,"September 08, 2026 11:10:38AM",DELIVERED
76936831,00183217629-C8EJJA63G7K2AA,GF-276,GrabFood,,American Breakfast Club,Greenville,Sandwich - 2 Scrambled Eggs melty cheddar cheese on a wavy brioche bun,American Breakfast Sandwiches,,1,,45000.00,,"September 08, 2026 11:06:49AM",DELIVERED
76934751,001047537808-C8EJHEK2SBXCEJ,GF-646,GrabFood,,American Breakfast Club,Greenville,"Burrito - Mock Katsu, 2 Scrambled Eggs, Cheddar, Avocado, Tater Tots",American Breakfast Burritos,,1,,68000.00,,"September 08, 2026 10:45:51AM",DELIVERED
76934692,00125293543-C8EJHEJBAAWWTJ,GF-069,GrabFood,,American Breakfast Club,Kemang,"Burrito - Mock Beef, 2 Scrambled Eggs, Cheddar, Avocado, Tater Tots,",American Breakfast Burritos,,1,,68000.00,,"September 08, 2026 10:45:11AM",DELIVERED
76934692,00125293543-C8EJHEJBAAWWTJ,GF-069,GrabFood,,American Breakfast Club,Kemang,Cheese Omelette - Side Tater Tots,American Breakfast Omelettes,,1,,58000.00,,"September 08, 2026 10:45:11AM",DELIVERED
76934322,00104034897-C8EJHCBZJ3WTG6,GF-969,GrabFood,,American Breakfast Club,Kemang,"Burrito - 2 Scrambled Eggs, Cheddar, Avocado, Tater Tots",American Breakfast Burritos,,1,,58000.00,,"September 08, 2026 10:40:59AM",DELIVERED
76929588,F-3349747622,1592,gofood,,American Breakfast Club,Kemang,Cheese Omelette - Side Tater Tots,American Breakfast Omelettes,,1,,58000.00,,"September 08, 2026 09:34:48AM",DELIVERED
76929116,F-3349740078,9214,gofood,,Herbox,Greenville,Fish Burger Vegan,Vegan Burger,,1,,47200.00,,"September 08, 2026 09:25:28AM",DELIVERED
76929116,F-3349740078,9214,gofood,,Herbox,Greenville,Fish Burger Vegan,Vegan Burger,Vegan Chicken Nugget,,1,,35000.00,"September 08, 2026 09:25:28AM",DELIVERED
76929116,F-3349740078,9214,gofood,,Herbox,Greenville,Rica Rica Vegan Vegetarian Ricebox,Ricebox,,1,,31200.00,,"September 08, 2026 09:25:28AM",DELIVERED
76929116,F-3349740078,9214,gofood,,Herbox,Greenville,Original Burger Vegan,Vegan Burger,,1,,47200.00,,"September 08, 2026 09:25:28AM",DELIVERED
76929025,F-3349738619,4174,gofood,,American Breakfast Club,Greenville,Cheese Omelette - Side Tater Tots,American Breakfast Omelettes,,1,,46400.00,,"September 08, 2026 09:23:43AM",DELIVERED
76929025,F-3349738619,4174,gofood,,American Breakfast Club,Greenville,Tater Tots With Truffle Oil,Sides,,1,,30400.00,,"September 08, 2026 09:23:43AM",DELIVERED
76928743,001835954462-C8EJGRC3J2EKNT,GF-717,GrabFood,,American Breakfast Club,Kemang,"Sandwich - 2 Scrambled Eggs Mock Beef, Cheddar Cheese  on a wavy brioche bun",American Breakfast Sandwiches,,1,,58000.00,,"September 08, 2026 09:17:51AM",DELIVERED
76928743,001835954462-C8EJGRC3J2EKNT,GF-717,GrabFood,,American Breakfast Club,Kemang,"Sandwich - 2 Scrambled Eggs Mock Beef, Cheddar Cheese  on a wavy brioche bun",American Breakfast Sandwiches,Cutleries,,1,,600.00,"September 08, 2026 09:17:51AM",DELIVERED
76928743,001835954462-C8EJGRC3J2EKNT,GF-717,GrabFood,,American Breakfast Club,Kemang,"Sandwich - 2 Scrambled Eggs Mock Beef, Cheddar Cheese  on a wavy brioche bun",American Breakfast Sandwiches,Home Fries,,1,,30000.00,"September 08, 2026 09:17:51AM",DELIVERED
76928743,001835954462-C8EJGRC3J2EKNT,GF-717,GrabFood,,American Breakfast Club,Kemang,"2 Pancakes - Butter, Maple Syrup",American Breakfast Pancakes,,1,,48000.00,,"September 08, 2026 09:17:51AM",DELIVERED
76928743,001835954462-C8EJGRC3J2EKNT,GF-717,GrabFood,,American Breakfast Club,Kemang,"2 Pancakes - Butter, Maple Syrup",American Breakfast Pancakes,Cutleries,,1,,600.00,"September 08, 2026 09:17:51AM",DELIVERED
76928743,001835954462-C8EJGRC3J2EKNT,GF-717,GrabFood,,American Breakfast Club,Kemang,"2 Pancakes - Butter, Maple Syrup",American Breakfast Pancakes,Chick Nugget,,1,,35000.00,"September 08, 2026 09:17:51AM",DELIVERED
76928731,F-3349733361,4334,gofood,,American Breakfast Club,Kemang,"Burrito - Mock Beef, 2 Scrambled Eggs, Cheddar, Avocado, Tater Tots,",American Breakfast Burritos,,1,,68000.00,,"September 08, 2026 09:17:07AM",DELIVERED
76928577,001530633939-C8EJGPXCWB5VWA,GF-507,GrabFood,,American Breakfast Club,Kemang,Cheese Omelette - Side Tater Tots,American Breakfast Omelettes,,1,,58000.00,,"September 08, 2026 09:14:54AM",DELIVERED
76927894,0018349032-C8EJGK4JRCCUV6,GF-128,GrabFood,,American Breakfast Club,Kemang,"Burrito - 2 Scrambled Eggs, Cheddar, Avocado, Tater Tots",American Breakfast Burritos,,1,,58000.00,,"September 08, 2026 08:59:20AM",DELIVERED
76927894,0018349032-C8EJGK4JRCCUV6,GF-128,GrabFood,,American Breakfast Club,Kemang,Cutleries,,,6,,600.00,,"September 08, 2026 08:59:20AM",DELIVERED
76927562,F-3349705780,5535,gofood,,Tyfel Coffee,Greenville,Omelette Toast,Brunch,,1,,38000.00,,"September 08, 2026 08:36:22AM",DELIVERED
76927397,00189375282-C8EJGF5ZLP4KBA,GF-562,GrabFood,,American Breakfast Club,Kemang,Sandwich - 2 Scrambled Eggs melty cheddar cheese on a wavy brioche bun,American Breakfast Sandwiches,,1,,45000.00,,"September 08, 2026 08:43:06AM",DELIVERED
76927397,00189375282-C8EJGF5ZLP4KBA,GF-562,GrabFood,,American Breakfast Club,Kemang,Sandwich - 2 Scrambled Eggs melty cheddar cheese on a wavy brioche bun,American Breakfast Sandwiches,Cutleries,,1,,600.00,"September 08, 2026 08:43:06AM",DELIVERED
76926641,F-3349694093,9532,gofood,,American Breakfast Club,Kemang,"Burrito - Mock Chicken, 2 Scrambled Eggs, Cheddar, Avocado, Tater Tots",American Breakfast Burritos,,1,,68000.00,,"September 08, 2026 08:15:52AM",DELIVERED
76926527,001538442536-C8EJFGJKRTCJJA,GF-747,GrabFood,,American Breakfast Club,Greenville,"Burrito - 2 Scrambled Eggs, Cheddar, Avocado, Tater Tots",American Breakfast Burritos,,2,,58000.00,,"September 08, 2026 08:11:59AM",DELIVERED
76926527,001538442536-C8EJFGJKRTCJJA,GF-747,GrabFood,,American Breakfast Club,Greenville,"2 Pancakes - Butter, Maple Syrup",American Breakfast Pancakes,,1,,48000.00,,"September 08, 2026 08:11:59AM",DELIVERED
76926219,0015731644-C8EJFEEVKBWXAE,GF-423,GrabFood,,American Breakfast Club,Kemang,"Burrito - 2 Scrambled Eggs, Cheddar, Avocado, Tater Tots",American Breakfast Burritos,,1,,58000.00,,"September 08, 2026 07:58:29AM",DELIVERED
76926048,F-3349681899,9478,gofood,,American Breakfast Club,Kemang,Cheese Omelette - Side Tater Tots,American Breakfast Omelettes,,1,,58000.00,,"September 08, 2026 07:50:13AM",DELIVERED
76926048,F-3349681899,9478,gofood,,American Breakfast Club,Kemang,"Katsu Egg burger - Patties, 2 Scrambled Eggs, Cheddar Cheese, Secret Sauce",American Breakfast Burger,,2,,58000.00,,"September 08, 2026 07:50:13AM",DELIVERED
76925997,F-3349680917,7861,gofood,,American Breakfast Club,Greenville,"Burrito - Mock Chicken, 2 Scrambled Eggs, Cheddar, Avocado, Tater Tots",American Breakfast Burritos,,1,,54400.00,,"September 08, 2026 07:47:58AM",DELIVERED
76925997,F-3349680917,7861,gofood,,American Breakfast Club,Greenville,Cheese Omelette - Side Tater Tots,American Breakfast Omelettes,,1,,46400.00,,"September 08, 2026 07:47:58AM",DELIVERED
76925444,001097299874-C8EJE36JR65UA2,GF-338,GrabFood,,American Breakfast Club,Greenville,"Burrito - 2 Scrambled Eggs, Cheddar, Avocado, Tater Tots",American Breakfast Burritos,,2,,58000.00,,"September 08, 2026 07:20:00AM",DELIVERED
76925444,001097299874-C8EJE36JR65UA2,GF-338,GrabFood,,American Breakfast Club,Greenville,"2 Pancakes - Butter, Maple Syrup",American Breakfast Pancakes,,1,,48000.00,,"September 08, 2026 07:20:00AM",DELIVERED
76925410,00128094555-C8EJE3WWRRNEHE,GF-647,GrabFood,,American Breakfast Club,Kemang,"Sandwich - 2 Scrambled Eggs Mock Beef, Cheddar Cheese  on a wavy brioche bun",American Breakfast Sandwiches,,1,,58000.00,,"September 08, 2026 07:18:06AM",DELIVERED
76925410,00128094555-C8EJE3WWRRNEHE,GF-647,GrabFood,,American Breakfast Club,Kemang,"Sandwich - 2 Scrambled Eggs Mock Beef, Cheddar Cheese  on a wavy brioche bun",American Breakfast Sandwiches,Tatter Tots,,1,,30000.00,"September 08, 2026 07:18:06AM",DELIVERED
76925394,F-3349668893,7194,gofood,,American Breakfast Club,Kemang,"Burrito - Mock Fish, 2 Scrambled Eggs, Cheddar, Avocado, Tater Tots,",American Breakfast Burritos,,1,,68000.00,,"September 08, 2026 07:16:29AM",DELIVERED
76925166,F-3349664123,3861,gofood,,American Breakfast Club,Greenville,"Burrito - 2 Scrambled Eggs, Cheddar, Avocado, Tater Tots",American Breakfast Burritos,,1,,46400.00,,"September 08, 2026 07:02:49AM",DELIVERED
76924994,FP-17259812,5726,gofood,,Herbox,Greenville,Kung Paow Chick Vegan Vegetarian Ricebox,Ricebox,,1,,31200.00,,"September 08, 2026 06:52:56AM",DELIVERED
76924994,FP-17259812,5726,gofood,,Herbox,Greenville,Katsu Wrap vegan Herbox,Wrap Series,,1,,47200.00,,"September 08, 2026 06:52:56AM",DELIVERED
76924959,00194470093-C8EJEXA2LPD3RE,GF-875,GrabFood,,American Breakfast Club,Greenville,Sandwich - 2 Scrambled Eggs melty cheddar cheese on a wavy brioche bun,American Breakfast Sandwiches,,4,,45000.00,,"September 08, 2026 06:50:31AM",DELIVERED
76924959,00194470093-C8EJEXA2LPD3RE,GF-875,GrabFood,,American Breakfast Club,Greenville,Tater Tots With Truffle Oil,Sides,,4,,48000.00,,"September 08, 2026 06:50:31AM",DELIVERED
76908942,00167571282-C8EHT7UWNJVYGJ,GF-143,GrabFood,,American Breakfast Club,Greenville,"Burrito - 2 Scrambled Eggs, Cheddar, Avocado, Tater Tots",American Breakfast Burritos,,1,,58000.00,,"September 07, 2026 08:27:23PM",DELIVERED
76908728,001252204544-C8EHT7E1NRJCKA,GF-928,GrabFood,,LA Breakfast Club,Greenville,Mock Chicken Burrito,LA Breakfast Burritos,,1,,86000.00,,"September 07, 2026 08:25:09PM",DELIVERED
76908652,001189216441-C8EHT7CECX33TJ,GF-127,GrabFood,,People Pasta,Greenville,Cacio e Pepe - Vegetarian - Plantbased,Signature Pasta,,1,,43000.00,,"September 07, 2026 08:24:14PM",DELIVERED
76908652,001189216441-C8EHT7CECX33TJ,GF-127,GrabFood,,People Pasta,Greenville,Cacio e Pepe - Vegetarian - Plantbased,Signature Pasta,Fettucine,,1,,1000.00,"September 07, 2026 08:24:14PM",DELIVERED
76908652,001189216441-C8EHT7CECX33TJ,GF-127,GrabFood,,People Pasta,Greenville,Cacio e Pepe - Vegetarian - Plantbased,Signature Pasta,,1,,43000.00,,"September 07, 2026 08:24:14PM",DELIVERED
76908652,001189216441-C8EHT7CECX33TJ,GF-127,GrabFood,,People Pasta,Greenville,Cacio e Pepe - Vegetarian - Plantbased,Signature Pasta,Fusili,,1,,1000.00,"September 07, 2026 08:24:14PM",DELIVERED
76908652,001189216441-C8EHT7CECX33TJ,GF-127,GrabFood,,People Pasta,Greenville,Truffle Fries,,,1,,30000.00,,"September 07, 2026 08:24:14PM",DELIVERED
76907680,001957250285-C8EHT4B2L4NFTA,GF-202,GrabFood,,Herbox,Greenville,Rica Rica Vegan Vegetarian Ricebox,Ricebox,,2,,39000.00,,"September 07, 2026 08:14:12PM",DELIVERED
76907680,001957250285-C8EHT4B2L4NFTA,GF-202,GrabFood,,Herbox,Greenville,Lada Hitam Blackpepper Vegan Vegetarian Ricebox,Ricebox,,1,,39000.00,,"September 07, 2026 08:14:12PM",DELIVERED
76907680,001957250285-C8EHT4B2L4NFTA,GF-202,GrabFood,,Herbox,Greenville,Pesmol Vegan Vegetarian Ricebox,Ricebox,,1,,39000.00,,"September 07, 2026 08:14:12PM",DELIVERED
76899877,001054134181-C8EHTKV1LRADGA,GF-016,GrabFood,,Herbox,Greenville,Fysh Mentai,Mentai Vegan,,1,,59000.00,,"September 07, 2026 07:04:29PM",DELIVERED
76892017,00112146320-C8EHSBEUNLEEPA,GF-822,GrabFood,,Tyfel Coffee,Greenville,Tyfel Sandwich,Brunch,,1,,43000.00,,"September 07, 2026 05:55:23PM",DELIVERED
76892017,00112146320-C8EHSBEUNLEEPA,GF-822,GrabFood,,Tyfel Coffee,Greenville,Potato Nugget - Truffle Vegan Plantbased,Lite Bites,,1,,38000.00,,"September 07, 2026 05:55:23PM",DELIVERED
76883699,001592490510-C8EHRPL1CVE3CA,GF-499,GrabFood,,People Pasta,Greenville,Chicken Nugget - Vegan,,,1,,35000.00,,"September 07, 2026 04:32:56PM",DELIVERED
76883699,001592490510-C8EHRPL1CVE3CA,GF-499,GrabFood,,People Pasta,Greenville,Bolognese - Vegan Friendly - Vegetarian - Plantbase,Signature Pasta,,1,,43000.00,,"September 07, 2026 04:32:56PM",DELIVERED
76883699,001592490510-C8EHRPL1CVE3CA,GF-499,GrabFood,,People Pasta,Greenville,Bolognese - Vegan Friendly - Vegetarian - Plantbase,Signature Pasta,Spaghetti,,1,,0.00,"September 07, 2026 04:32:56PM",DELIVERED
76877859,0019097310-C8EHPEUDMB4WAJ,GF-450,GrabFood,,Herbox,Greenville,Rica Rica Vegan Vegetarian Ricebox,Ricebox,,1,,39000.00,,"September 07, 2026 03:20:33PM",DELIVERED
76872890,00199795308-C8EHNTJFNPVTVE,GF-707,GrabFood,,People Pasta,Greenville,Vegan Chicken Crispy Burger,Meatless Burgers,,1,,49000.00,,"September 07, 2026 02:11:16PM",DELIVERED
76872890,00199795308-C8EHNTJFNPVTVE,GF-707,GrabFood,,People Pasta,Greenville,Cacio e Pepe - Vegetarian - Plantbased,Signature Pasta,,1,,43000.00,,"September 07, 2026 02:11:16PM",DELIVERED
76872890,00199795308-C8EHNTJFNPVTVE,GF-707,GrabFood,,People Pasta,Greenville,Cacio e Pepe - Vegetarian - Plantbased,Signature Pasta,Spaghetti,,1,,0.00,"September 07, 2026 02:11:16PM",DELIVERED
76870688,001380548453-C8EHNNKKRACAR6,GF-715,GrabFood,,American Breakfast Club,Greenville,Cheese Omelette - Side Tater Tots,American Breakfast Omelettes,,1,,58000.00,,"September 07, 2026 01:41:27PM",DELIVERED
76870688,001380548453-C8EHNNKKRACAR6,GF-715,GrabFood,,American Breakfast Club,Greenville,Cheese Omelette - Side Tater Tots,American Breakfast Omelettes,Cutleries,,1,,1500.00,"September 07, 2026 01:41:27PM",DELIVERED
76870688,001380548453-C8EHNNKKRACAR6,GF-715,GrabFood,,American Breakfast Club,Greenville,Cheese Omelette - Side Tater Tots,American Breakfast Omelettes,Add Hydro Coco,,1,,15000.00,"September 07, 2026 01:41:27PM",DELIVERED
76870688,001380548453-C8EHNNKKRACAR6,GF-715,GrabFood,,American Breakfast Club,Greenville,Cheese Omelette - Side Tater Tots,American Breakfast Omelettes,Tatter Tots,,1,,30000.00,"September 07, 2026 01:41:27PM",DELIVERED
76870266,0019507516-C8EHNLECC8JDTE,GF-723,GrabFood,,American Breakfast Club,Greenville,"Burrito - Mock Chicken, 2 Scrambled Eggs, Cheddar, Avocado, Tater Tots",American Breakfast Burritos,,1,,68000.00,,"September 07, 2026 01:35:23PM",DELIVERED
76865608,00152584193-C8EHMFCBT23UJT,GF-195,GrabFood,,American Breakfast Club,Kemang,Sandwich - 2 Scrambled Eggs melty cheddar cheese on a wavy brioche bun,American Breakfast Sandwiches,,1,,45000.00,,"September 07, 2026 12:37:37PM",DELIVERED
76865608,00152584193-C8EHMFCBT23UJT,GF-195,GrabFood,,American Breakfast Club,Kemang,Cheese Omelette - Side Tater Tots,American Breakfast Omelettes,,1,,58000.00,,"September 07, 2026 12:37:37PM",DELIVERED
76862772,00178058278-C8EHL6VZTA2ALJ,GF-819,GrabFood,,American Breakfast Club,Kemang,"Burrito - 2 Scrambled Eggs, Cheddar, Avocado, Tater Tots",American Breakfast Burritos,,1,,58000.00,,"September 07, 2026 12:09:11PM",DELIVERED
76861280,F-3348786668,1838,gofood,,American Breakfast Club,Kemang,Sandwich - 2 Scrambled Eggs melty cheddar cheese on a wavy brioche bun,American Breakfast Sandwiches,,1,,45000.00,,"September 07, 2026 11:53:18AM",DELIVERED
76857401,0015561710-C8EHLULFTBNGCX,GF-995,GrabFood,,American Breakfast Club,Kemang,"Mushroom Omelette - Mushrooms, Spinach, Side Tater Tots",American Breakfast Omelettes,,1,,68000.00,,"September 07, 2026 11:15:58AM",DELIVERED
76857401,0015561710-C8EHLULFTBNGCX,GF-995,GrabFood,,American Breakfast Club,Kemang,"Mushroom Omelette - Mushrooms, Spinach, Side Tater Tots",American Breakfast Omelettes,Chick Nugget,,1,,35000.00,"September 07, 2026 11:15:58AM",DELIVERED
76855027,F-3348689233,7871,gofood,,Tyfel Coffee,Greenville,Breakfast Burrito,Breakfast Burritos,,2,,58000.00,,"September 07, 2026 10:53:23AM",DELIVERED
76854493,001769832156-C8EHLLJTRYDXLX,GF-019,GrabFood,,American Breakfast Club,Greenville,"Sandwich - 2 Scrambled Eggs Mock Beef, Cheddar Cheese  on a wavy brioche bun",American Breakfast Sandwiches,,1,,58000.00,,"September 07, 2026 10:48:41AM",DELIVERED
76854493,001769832156-C8EHLLJTRYDXLX,GF-019,GrabFood,,American Breakfast Club,Greenville,"Sandwich - 2 Scrambled Eggs Mock Beef, Cheddar Cheese  on a wavy brioche bun",American Breakfast Sandwiches,Cutleries,,1,,1500.00,"September 07, 2026 10:48:41AM",DELIVERED
76854271,0019075936-C8EHLK5BNYMGGE,GF-309,GrabFood,,American Breakfast Club,Greenville,"Burrito - Mock Beef, 2 Scrambled Eggs, Cheddar, Avocado, Tater Tots,",American Breakfast Burritos,,1,,68000.00,,"September 07, 2026 10:46:11AM",DELIVERED
76853952,F-3348673374,4712,gofood,,American Breakfast Club,Kemang,"Original Egg burger - Patties, 2 Scrambled Eggs, Cheddar Cheese, Secret Sauce",American Breakfast Burger,,1,,58000.00,,"September 07, 2026 10:42:05AM",DELIVERED
76853952,F-3348673374,4712,gofood,,American Breakfast Club,Kemang,"Original Egg burger - Patties, 2 Scrambled Eggs, Cheddar Cheese, Secret Sauce",American Breakfast Burger,Tatter Tots,,1,,30000.00,"September 07, 2026 10:42:05AM",DELIVERED
76853145,F-3348633735,2815,gofood,,American Breakfast Club,Kemang,"Burrito - 2 Scrambled Eggs, Cheddar, Avocado, Tater Tots",American Breakfast Burritos,,1,,58000.00,,"September 07, 2026 10:10:17AM",DELIVERED
76853145,F-3348633735,2815,gofood,,American Breakfast Club,Kemang,"Burrito - 2 Scrambled Eggs, Cheddar, Avocado, Tater Tots",American Breakfast Burritos,Tatter Tots,,1,,30000.00,"September 07, 2026 10:10:17AM",DELIVERED
76851901,001098482479-C8EHLEAHR7TERJ,GF-906,GrabFood,,American Breakfast Club,Kemang,"Burrito - Mock Beef, 2 Scrambled Eggs, Cheddar, Avocado, Tater Tots,",American Breakfast Burritos,,1,,68000.00,,"September 07, 2026 10:16:59AM",DELIVERED
76851901,001098482479-C8EHLEAHR7TERJ,GF-906,GrabFood,,American Breakfast Club,Kemang,"Burrito - Mock Beef, 2 Scrambled Eggs, Cheddar, Avocado, Tater Tots,",American Breakfast Burritos,Tatter Tots,,1,,30000.00,"September 07, 2026 10:16:59AM",DELIVERED
76851291,00118063610-C8EHLBJBPAU2SA,GF-879,GrabFood,,American Breakfast Club,Greenville,"Burrito - Mock Beef, 2 Scrambled Eggs, Cheddar, Avocado, Tater Tots,",American Breakfast Burritos,,1,,68000.00,,"September 07, 2026 10:08:31AM",DELIVERED
76850842,F-3348609516,1121,gofood,,Tyfel Coffee,Greenville,Mock Chicken Burrito,Breakfast Burritos,,1,,68000.00,,"September 07, 2026 09:45:20AM",DELIVERED
76850842,F-3348609516,1121,gofood,,Tyfel Coffee,Greenville,Tater Tots,Sides,,1,,28000.00,,"September 07, 2026 09:45:20AM",DELIVERED
76850842,F-3348609516,1121,gofood,,Tyfel Coffee,Greenville,Chic Chunk - Vegan Plantbased,Lite Bites,,1,,38000.00,,"September 07, 2026 09:45:20AM",DELIVERED
76850842,F-3348609516,1121,gofood,,Tyfel Coffee,Greenville,Tyfel Burritos - Vegan,Lite Bites,,1,,45000.00,,"September 07, 2026 09:45:20AM",DELIVERED
76850536,00164370815-C8EHKGBDC8NENJ,GF-474,GrabFood,,American Breakfast Club,Kemang,"Burrito - 2 Scrambled Eggs, Cheddar, Avocado, Tater Tots",American Breakfast Burritos,,1,,58000.00,,"September 07, 2026 09:57:13AM",DELIVERED
76850485,00102526779-C8EHKF5DEEEKTJ,GF-261,GrabFood,,American Breakfast Club,Kemang,"Burrito - Mock Fish, 2 Scrambled Eggs, Cheddar, Avocado, Tater Tots,",American Breakfast Burritos,,1,,68000.00,,"September 07, 2026 09:56:13AM",DELIVERED
76850447,F-3348618221,9868,gofood,,American Breakfast Club,Kemang,"Burrito - 2 Scrambled Eggs, Cheddar, Avocado, Tater Tots",American Breakfast Burritos,,2,,58000.00,,"September 07, 2026 09:55:15AM",DELIVERED
76850447,F-3348618221,9868,gofood,,American Breakfast Club,Kemang,Tater Tots,Sides,,1,,28000.00,,"September 07, 2026 09:55:15AM",DELIVERED
76850262,00126623671-C8EHKFLXCBBWPA,GF-226,GrabFood,,American Breakfast Club,Kemang,Cheese Omelette - Side Tater Tots,American Breakfast Omelettes,,1,,58000.00,,"September 07, 2026 09:52:45AM",DELIVERED
76850262,00126623671-C8EHKFLXCBBWPA,GF-226,GrabFood,,American Breakfast Club,Kemang,Cheese Omelette - Side Tater Tots,American Breakfast Omelettes,Cutleries,,1,,600.00,"September 07, 2026 09:52:45AM",DELIVERED
76849442,00144677140-C8EHKBLACT4WVX,GF-058,GrabFood,,American Breakfast Club,Kemang,"Burrito - 2 Scrambled Eggs, Cheddar, Avocado, Tater Tots",American Breakfast Burritos,,1,,58000.00,,"September 07, 2026 09:35:58AM",DELIVERED
76849214,F-3348595601,4542,gofood,,American Breakfast Club,Greenville,Home Fries,Sides,,1,,22400.00,,"September 07, 2026 09:29:08AM",DELIVERED
76849214,F-3348595601,4542,gofood,,American Breakfast Club,Greenville,"2 Pancakes - Butter, Maple Syrup",American Breakfast Pancakes,,1,,38400.00,,"September 07, 2026 09:29:08AM",DELIVERED
76848960,001361242637-C8EHJ8NKN2U1E6,GF-523,GrabFood,,People Pasta,Greenville,Chicken Nugget - Vegan,,,1,,35000.00,,"September 07, 2026 09:26:46AM",DELIVERED
76848960,001361242637-C8EHJ8NKN2U1E6,GF-523,GrabFood,,People Pasta,Greenville,Cacio e Pepe - Vegetarian - Plantbased,Signature Pasta,,1,,43000.00,,"September 07, 2026 09:26:46AM",DELIVERED
76848960,001361242637-C8EHJ8NKN2U1E6,GF-523,GrabFood,,People Pasta,Greenville,Cacio e Pepe - Vegetarian - Plantbased,Signature Pasta,Spaghetti,,1,,0.00,"September 07, 2026 09:26:46AM",DELIVERED
76848081,00127637160-C8EHJ4DXLTMGGE,GF-855,GrabFood,,American Breakfast Club,Kemang,"Sandwich - 2 Scrambled Eggs, Mock Fish, Cheddar Cheese, Mix, Brioche Bun",American Breakfast Sandwiches,,1,,58000.00,,"September 07, 2026 09:08:06AM",DELIVERED
76848081,00127637160-C8EHJ4DXLTMGGE,GF-855,GrabFood,,American Breakfast Club,Kemang,"Sandwich - 2 Scrambled Eggs, Mock Fish, Cheddar Cheese, Mix, Brioche Bun",American Breakfast Sandwiches,Cutleries,,1,,600.00,"September 07, 2026 09:08:06AM",DELIVERED
76848081,00127637160-C8EHJ4DXLTMGGE,GF-855,GrabFood,,American Breakfast Club,Kemang,Cheese Omelette - Side Tater Tots,American Breakfast Omelettes,,1,,58000.00,,"September 07, 2026 09:08:06AM",DELIVERED
76847693,F-3348571691,5843,gofood,,American Breakfast Club,Greenville,Cheese Omelette - Side Tater Tots,American Breakfast Omelettes,,1,,46400.00,,"September 07, 2026 08:58:37AM",DELIVERED
76847693,F-3348571691,5843,gofood,,American Breakfast Club,Greenville,"2 Pancakes - Chocolate Chips, Butter, Maple Syrup",American Breakfast Pancakes,,1,,46400.00,,"September 07, 2026 08:58:37AM",DELIVERED
76847645,0019465984-C8EHJ2WWEVB2FA,GF-823,GrabFood,,American Breakfast Club,Kemang,"Burrito - Mock Beef, 2 Scrambled Eggs, Cheddar, Avocado, Tater Tots,",American Breakfast Burritos,,1,,68000.00,,"September 07, 2026 08:58:04AM",DELIVERED
76847412,001404127731-C8EHJZDTFBBKG2,GF-548,GrabFood,,American Breakfast Club,Greenville,Cheese Omelette - Side Tater Tots,American Breakfast Omelettes,,2,,58000.00,,"September 07, 2026 08:51:19AM",DELIVERED
76847412,001404127731-C8EHJZDTFBBKG2,GF-548,GrabFood,,American Breakfast Club,Greenville,Cheese Omelette - Side Tater Tots,American Breakfast Omelettes,Tatter Tots,,2,,30000.00,"September 07, 2026 08:51:19AM",DELIVERED
76847355,F-3348561196,7729,gofood,,American Breakfast Club,Kemang,"Burrito - Mock Chicken, 2 Scrambled Eggs, Cheddar, Avocado, Tater Tots",American Breakfast Burritos,,1,,68000.00,,"September 07, 2026 08:41:03AM",DELIVERED
76847188,001192971978-C8EHJYDERKJZBE,GF-916,GrabFood,,American Breakfast Club,Greenville,"Burrito - 2 Scrambled Eggs, Cheddar, Avocado, Tater Tots",American Breakfast Burritos,,1,,58000.00,,"September 07, 2026 08:44:34AM",DELIVERED
76847052,F-3348560896,2543,gofood,,American Breakfast Club,Kemang,"Mushroom Omelette - Mushrooms, Spinach, Side Tater Tots",American Breakfast Omelettes,,1,,68000.00,,"September 07, 2026 08:40:35AM",DELIVERED
76846743,00164766216-C8EHJUUCN3J1TT,GF-529,GrabFood,,American Breakfast Club,Kemang,"Mushroom Omelette - Mushrooms, Spinach, Side Tater Tots",American Breakfast Omelettes,,2,,68000.00,,"September 07, 2026 08:30:35AM",DELIVERED
76846711,F-3348554047,7325,gofood,,American Breakfast Club,Kemang,"Burrito - 2 Scrambled Eggs, Cheddar, Avocado, Tater Tots",American Breakfast Burritos,,1,,58000.00,,"September 07, 2026 08:28:51AM",DELIVERED
76846708,F-3348553985,1531,gofood,,American Breakfast Club,Kemang,Cheese Omelette - Side Tater Tots,American Breakfast Omelettes,,1,,58000.00,,"September 07, 2026 08:28:45AM",DELIVERED
76846708,F-3348553985,1531,gofood,,American Breakfast Club,Kemang,Cheese Omelette - Side Tater Tots,American Breakfast Omelettes,Cutleries,,1,,600.00,"September 07, 2026 08:28:45AM",DELIVERED
76846497,F-3348549186,9116,gofood,,American Breakfast Club,Greenville,Tater Tots With Truffle Oil,Sides,,1,,30400.00,,"September 07, 2026 08:20:05AM",DELIVERED
76846497,F-3348549186,9116,gofood,,American Breakfast Club,Greenville,"2 Pancakes - Butter, Maple Syrup",American Breakfast Pancakes,,1,,38400.00,,"September 07, 2026 08:20:05AM",DELIVERED
76846497,F-3348549186,9116,gofood,,American Breakfast Club,Greenville,"Burrito - Mock Beef, 2 Scrambled Eggs, Cheddar, Avocado, Tater Tots,",American Breakfast Burritos,,1,,54400.00,,"September 07, 2026 08:20:05AM",DELIVERED
76846455,0019058154-C8EHJRJ3CCL3FA,GF-844,GrabFood,,American Breakfast Club,Kemang,"Burrito - Mock Chicken, 2 Scrambled Eggs, Cheddar, Avocado, Tater Tots",American Breakfast Burritos,,1,,68000.00,,"September 07, 2026 08:18:49AM",DELIVERED
76846455,0019058154-C8EHJRJ3CCL3FA,GF-844,GrabFood,,American Breakfast Club,Kemang,"Burrito - Mock Chicken, 2 Scrambled Eggs, Cheddar, Avocado, Tater Tots",American Breakfast Burritos,Cutleries,,1,,600.00,"September 07, 2026 08:18:49AM",DELIVERED
76846455,0019058154-C8EHJRJ3CCL3FA,GF-844,GrabFood,,American Breakfast Club,Kemang,Cutleries,,,1,,600.00,,"September 07, 2026 08:18:49AM",DELIVERED
76846410,001676256656-C8EHJRCGEZNZJ2,GF-044,GrabFood,,American Breakfast Club,Kemang,"Burrito - Mock Beef, 2 Scrambled Eggs, Cheddar, Avocado, Tater Tots,",American Breakfast Burritos,,2,,68000.00,,"September 07, 2026 08:17:36AM",DELIVERED
76846319,001936189115-C8EHJPVTVLLHJE,GF-062,GrabFood,,American Breakfast Club,Kemang,"Sandwich - 2 Scrambled Eggs Mock Beef, Cheddar Cheese  on a wavy brioche bun",American Breakfast Sandwiches,,1,,58000.00,,"September 07, 2026 08:14:21AM",DELIVERED
76846319,001936189115-C8EHJPVTVLLHJE,GF-062,GrabFood,,American Breakfast Club,Kemang,"Burrito - Mock Beef, 2 Scrambled Eggs, Cheddar, Avocado, Tater Tots,",American Breakfast Burritos,,1,,68000.00,,"September 07, 2026 08:14:21AM",DELIVERED
76846319,001936189115-C8EHJPVTVLLHJE,GF-062,GrabFood,,American Breakfast Club,Kemang,"Burrito - 2 Scrambled Eggs, Cheddar, Avocado, Tater Tots",American Breakfast Burritos,,1,,58000.00,,"September 07, 2026 08:14:21AM",DELIVERED
76846293,F-3348545130,2678,gofood,,People Pasta,Greenville,Vegan Fillet-no-Fish,Meatless Burgers,,1,,49000.00,,"September 07, 2026 08:12:38AM",DELIVERED
76846293,F-3348545130,2678,gofood,,People Pasta,Greenville,Vegan Fillet-no-Fish,Meatless Burgers,Truffle Tatter Tots,,1,,32000.00,"September 07, 2026 08:12:38AM",DELIVERED
76845787,F-3348535900,2211,gofood,,American Breakfast Club,Kemang,"Burrito - Mock Chicken, 2 Scrambled Eggs, Cheddar, Avocado, Tater Tots",American Breakfast Burritos,,1,,68000.00,,"September 07, 2026 07:53:08AM",DELIVERED
76845787,F-3348535900,2211,gofood,,American Breakfast Club,Kemang,Tater Tots With Truffle Oil,Sides,,1,,38000.00,,"September 07, 2026 07:53:08AM",DELIVERED
76845603,001379541837-C8EHJGDJE7LDG6,GF-269,GrabFood,,American Breakfast Club,Greenville,Cheese Omelette - Side Tater Tots,American Breakfast Omelettes,,1,,58000.00,,"September 07, 2026 07:44:38AM",DELIVERED
76845603,001379541837-C8EHJGDJE7LDG6,GF-269,GrabFood,,American Breakfast Club,Greenville,Cheese Omelette - Side Tater Tots,American Breakfast Omelettes,Cutleries,,1,,1500.00,"September 07, 2026 07:44:38AM",DELIVERED
76845548,001489160049-C8EHJFT2WBTWEX,GF-425,GrabFood,,Tyfel Coffee,Greenville,Omelette Toast,Brunch,,2,,38000.00,,"September 07, 2026 07:42:32AM",DELIVERED
76845498,F-3348530516,2951,gofood,,American Breakfast Club,Kemang,"Burrito - Mock Chicken, 2 Scrambled Eggs, Cheddar, Avocado, Tater Tots",American Breakfast Burritos,,2,,68000.00,,"September 07, 2026 07:39:50AM",DELIVERED
76845365,F-3348527568,9716,gofood,,American Breakfast Club,Greenville,"Burrito - Mock Katsu, 2 Scrambled Eggs, Cheddar, Avocado, Tater Tots",American Breakfast Burritos,,1,,54400.00,,"September 07, 2026 07:32:07AM",DELIVERED
76845362,00103521734-C8EHJELFEF6TE2,GF-148,GrabFood,,American Breakfast Club,Greenville,"Burrito - 2 Scrambled Eggs, Cheddar, Avocado, Tater Tots",American Breakfast Burritos,,2,,58000.00,,"September 07, 2026 07:32:37AM",DELIVERED
76845321,00117453452-C8EHJEBGEU5KT6,GF-913,GrabFood,,American Breakfast Club,Greenville,"Burrito - 2 Scrambled Eggs, Cheddar, Avocado, Tater Tots",American Breakfast Burritos,,1,,58000.00,,"September 07, 2026 07:30:35AM",DELIVERED
76844977,F-3348520771,5869,gofood,,American Breakfast Club,Greenville,"Burrito - 2 Scrambled Eggs, Cheddar, Avocado, Tater Tots",American Breakfast Burritos,,1,,46400.00,,"September 07, 2026 07:12:23AM",DELIVERED
76844521,0011251192-C8EHHAEFAUAULJ,GF-682,GrabFood,,American Breakfast Club,Greenville,"Burrito - 2 Scrambled Eggs, Cheddar, Avocado, Tater Tots",American Breakfast Burritos,,2,,58000.00,,"September 07, 2026 06:41:36AM",DELIVERED
76844443,001580957831-C8EHG7MFN231ET,GF-069,GrabFood,,People Pasta,Greenville,Bolognese - Vegan Friendly - Vegetarian - Plantbase,Signature Pasta,,1,,43000.00,,"September 07, 2026 06:35:28AM",DELIVERED
76844443,001580957831-C8EHG7MFN231ET,GF-069,GrabFood,,People Pasta,Greenville,Bolognese - Vegan Friendly - Vegetarian - Plantbase,Signature Pasta,Spaghetti,,1,,0.00,"September 07, 2026 06:35:28AM",DELIVERED
76844436,00175475296-C8EHG7XBNF6JLN,GF-622,GrabFood,,American Breakfast Club,Greenville,"Burrito - 2 Scrambled Eggs, Cheddar, Avocado, Tater Tots",American Breakfast Burritos,,1,,58000.00,,"September 07, 2026 06:34:51AM",DELIVERED
76844436,00175475296-C8EHG7XBNF6JLN,GF-622,GrabFood,,American Breakfast Club,Greenville,"Burrito - Mock Beef, 2 Scrambled Eggs, Cheddar, Avocado, Tater Tots,",American Breakfast Burritos,,1,,68000.00,,"September 07, 2026 06:34:51AM",DELIVERED
76844218,00126143614-C8EHG3LFEE3URJ,GF-330,GrabFood,,American Breakfast Club,Greenville,"Sandwich - 2 Scrambled Eggs Mock Beef, Cheddar Cheese  on a wavy brioche bun",American Breakfast Sandwiches,,4,,58000.00,,"September 07, 2026 06:15:57AM",DELIVERED
76844218,00126143614-C8EHG3LFEE3URJ,GF-330,GrabFood,,American Breakfast Club,Greenville,Cheese Omelette - Side Tater Tots,American Breakfast Omelettes,,1,,58000.00,,"September 07, 2026 06:15:57AM",DELIVERED
76844218,00126143614-C8EHG3LFEE3URJ,GF-330,GrabFood,,American Breakfast Club,Greenville,Home Fries With Truffle Oil,Sides,,2,,48000.00,,"September 07, 2026 06:15:57AM",DELIVERED
76824344,001435194035-C8EGWFJWVETUV2,GF-501,GrabFood,,People Pasta,Greenville,Truffle Fries,,,1,,30000.00,,"September 06, 2026 07:58:46PM",DELIVERED
76824344,001435194035-C8EGWFJWVETUV2,GF-501,GrabFood,,People Pasta,Greenville,Truffle Tatter Tots,,,1,,32000.00,,"September 06, 2026 07:58:46PM",DELIVERED
76822970,001682717416-C8EGWCA2ETNBT6,GF-370,GrabFood,,People Pasta,Greenville,Chicken Nugget - Vegan,,,1,,35000.00,,"September 06, 2026 07:47:15PM",DELIVERED
76822970,001682717416-C8EGWCA2ETNBT6,GF-370,GrabFood,,People Pasta,Greenville,Lada Hitam  - Vegan Friendly - Vegetarian - Plantbased,Signature Pasta,,1,,43000.00,,"September 06, 2026 07:47:15PM",DELIVERED
76821598,001168925646-C8EGWAKHTFX2EA,GF-520,GrabFood,,Herbox,Greenville,Lada Hitam Blackpepper Vegan Vegetarian Ricebox,Ricebox,,1,,39000.00,,"September 06, 2026 07:35:39PM",DELIVERED
76821598,001168925646-C8EGWAKHTFX2EA,GF-520,GrabFood,,Herbox,Greenville,Vegan Chickin Nugget,Sides,,1,,40000.00,,"September 06, 2026 07:35:39PM",DELIVERED
76818186,001244358277-C8EGV3JFVPMXJX,GF-382,GrabFood,,People Pasta,Greenville,Home Fries,,,1,,25000.00,,"September 06, 2026 07:08:35PM",DELIVERED
76818186,001244358277-C8EGV3JFVPMXJX,GF-382,GrabFood,,People Pasta,Greenville,Vegan Chicken Crispy Burger,Meatless Burgers,,1,,49000.00,,"September 06, 2026 07:08:35PM",DELIVERED
76818186,001244358277-C8EGV3JFVPMXJX,GF-382,GrabFood,,People Pasta,Greenville,Chicken Nugget - Vegan,,,1,,35000.00,,"September 06, 2026 07:08:35PM",DELIVERED
76816066,0015092059-C8EGVYLJNTKART,GF-644,GrabFood,,American Breakfast Club,Greenville,"Burrito - 2 Scrambled Eggs, Cheddar, Avocado, Tater Tots",American Breakfast Burritos,,1,,58000.00,,"September 06, 2026 06:52:38PM",DELIVERED
76816066,0015092059-C8EGVYLJNTKART,GF-644,GrabFood,,American Breakfast Club,Greenville,Cheese Omelette - Side Tater Tots,American Breakfast Omelettes,,1,,58000.00,,"September 06, 2026 06:52:38PM",DELIVERED
76814334,001542845232-C8EGVU4YBF2WEE,GF-210,GrabFood,,Herbox,Greenville,Nasi Goreng Bintang Kuning Vegan Vegetarian,Nasi Goreng Special,,1,,35000.00,,"September 06, 2026 06:39:25PM",DELIVERED
76814334,001542845232-C8EGVU4YBF2WEE,GF-210,GrabFood,,Herbox,Greenville,Pesmol Vegan Vegetarian Ricebox,Ricebox,,1,,39000.00,,"September 06, 2026 06:39:25PM",DELIVERED
76814334,001542845232-C8EGVU4YBF2WEE,GF-210,GrabFood,,Herbox,Greenville,Teriyaki Vegan Vegetarian Ricebox,Ricebox,,1,,39000.00,,"September 06, 2026 06:39:25PM",DELIVERED
76814334,001542845232-C8EGVU4YBF2WEE,GF-210,GrabFood,,Herbox,Greenville,Nasi Goreng Bulan Merah Vegan Vegetarian,Nasi Goreng Special,,1,,35000.00,,"September 06, 2026 06:39:25PM",DELIVERED
76811027,0011762123-C8EGVNTFG6VESA,GF-223,GrabFood,,People Pasta,Greenville,Chicken Nugget - Vegan,,,2,,35000.00,,"September 06, 2026 06:13:36PM",DELIVERED
76811027,0011762123-C8EGVNTFG6VESA,GF-223,GrabFood,,People Pasta,Greenville,Vegan Chicken Crispy Burger,Meatless Burgers,,1,,49000.00,,"September 06, 2026 06:13:36PM",DELIVERED
76811027,0011762123-C8EGVNTFG6VESA,GF-223,GrabFood,,People Pasta,Greenville,Truffle Fries,,,1,,30000.00,,"September 06, 2026 06:13:36PM",DELIVERED
76805749,00152650713-C8EGVBN1WATUFE,GF-609,GrabFood,,Herbox,Greenville,Pesmol Vegan Vegetarian Ricebox,Ricebox,,2,,39000.00,,"September 06, 2026 05:30:08PM",DELIVERED
76803708,F-3347973771,2966,gofood,,Herbox,Greenville,Nasi Goreng Sedap Malam Vegan Vegetarian,Nasi Goreng Special,,1,,28000.00,,"September 06, 2026 04:58:04PM",DELIVERED
76803708,F-3347973771,2966,gofood,,Herbox,Greenville,Salted no Egg Vegan Vegetarian Ricebox,Ricebox,,1,,31200.00,,"September 06, 2026 04:58:04PM",DELIVERED
76803708,F-3347973771,2966,gofood,,Herbox,Greenville,Tater tots,Sides,,1,,24000.00,,"September 06, 2026 04:58:04PM",DELIVERED
76803708,F-3347973771,2966,gofood,,Herbox,Greenville,Pesmol Vegan Vegetarian Ricebox,Ricebox,,1,,31200.00,,"September 06, 2026 04:58:04PM",DELIVERED
76803708,F-3347973771,2966,gofood,,Herbox,Greenville,Kung Paow Chick Vegan Vegetarian Ricebox,Ricebox,,1,,31200.00,,"September 06, 2026 04:58:04PM",DELIVERED
76801968,001951355126-C8EGUBWGPA3BTX,GF-777,GrabFood,,American Breakfast Club,Greenville,"Sandwich - 2 Scrambled Eggs, Mock Fish, Cheddar Cheese, Mix, Brioche Bun",American Breakfast Sandwiches,,1,,58000.00,,"September 06, 2026 04:57:56PM",DELIVERED
76801968,001951355126-C8EGUBWGPA3BTX,GF-777,GrabFood,,American Breakfast Club,Greenville,"Sandwich - 2 Scrambled Eggs, Mock Fish, Cheddar Cheese, Mix, Brioche Bun",American Breakfast Sandwiches,Cutleries,,1,,1500.00,"September 06, 2026 04:57:56PM",DELIVERED
76801968,001951355126-C8EGUBWGPA3BTX,GF-777,GrabFood,,American Breakfast Club,Greenville,Home Fries With Truffle Oil,Sides,,1,,48000.00,,"September 06, 2026 04:57:56PM",DELIVERED
76801419,001245171741-C8EGUA6BLTATBA,GF-991,GrabFood,,Herbox,Greenville,Lada Hitam Blackpepper Vegan Vegetarian Ricebox,Ricebox,,1,,39000.00,,"September 06, 2026 04:53:11PM",DELIVERED
76801419,001245171741-C8EGUA6BLTATBA,GF-991,GrabFood,,Herbox,Greenville,Lada Hitam Blackpepper Vegan Vegetarian Ricebox,Ricebox,Tattertots with Truffle,,1,,35000.00,"September 06, 2026 04:53:11PM",DELIVERED
76801297,001608755760-C8EGUA22VZDVJ2,GF-830,GrabFood,,Herbox,Greenville,Teriyaki Vegan Vegetarian Ricebox,Ricebox,,1,,39000.00,,"September 06, 2026 04:52:08PM",DELIVERED
76801297,001608755760-C8EGUA22VZDVJ2,GF-830,GrabFood,,Herbox,Greenville,Teriyaki Vegan Vegetarian Ricebox,Ricebox,Vegan Chicken Nugget,,1,,35000.00,"September 06, 2026 04:52:08PM",DELIVERED
76791715,F-3347839575,9186,gofood,,American Breakfast Club,Greenville,Cheese Omelette - Side Tater Tots,American Breakfast Omelettes,,1,,46400.00,,"September 06, 2026 03:15:23PM",DELIVERED
76791715,F-3347839575,9186,gofood,,American Breakfast Club,Greenville,"Burrito - 2 Scrambled Eggs, Cheddar, Avocado, Tater Tots",American Breakfast Burritos,,1,,46400.00,,"September 06, 2026 03:15:23PM",DELIVERED
76791715,F-3347839575,9186,gofood,,American Breakfast Club,Greenville,Home Fries With Truffle Oil,Sides,,1,,30400.00,,"September 06, 2026 03:15:23PM",DELIVERED
76791715,F-3347839575,9186,gofood,,American Breakfast Club,Greenville,Tater Tots,Sides,,1,,22400.00,,"September 06, 2026 03:15:23PM",DELIVERED
76790351,001865144835-C8EGTFW2RZKESE,GF-513,GrabFood,,Herbox,Greenville,Pesmol Vegan Vegetarian Ricebox,Ricebox,,1,,39000.00,,"September 06, 2026 03:01:33PM",DELIVERED
76790351,001865144835-C8EGTFW2RZKESE,GF-513,GrabFood,,Herbox,Greenville,Lada Hitam Blackpepper Vegan Vegetarian Ricebox,Ricebox,,1,,39000.00,,"September 06, 2026 03:01:33PM",DELIVERED
76790351,001865144835-C8EGTFW2RZKESE,GF-513,GrabFood,,Herbox,Greenville,Hygiene Cutleries,Extra,,1,,2000.00,,"September 06, 2026 03:01:33PM",DELIVERED
76790351,001865144835-C8EGTFW2RZKESE,GF-513,GrabFood,,Herbox,Greenville,Nasi Goreng Sedap Malam Vegan Vegetarian,Nasi Goreng Special,,1,,35000.00,,"September 06, 2026 03:01:33PM",DELIVERED
76790351,001865144835-C8EGTFW2RZKESE,GF-513,GrabFood,,Herbox,Greenville,Nasi Goreng Sedap Malam Vegan Vegetarian,Nasi Goreng Special,Vegan Chicken Nugget,,1,,35000.00,"September 06, 2026 03:01:33PM",DELIVERED
76790351,001865144835-C8EGTFW2RZKESE,GF-513,GrabFood,,Herbox,Greenville,Rica Wrap,Wrap Series,,1,,59000.00,,"September 06, 2026 03:01:33PM",DELIVERED
76789832,001772501199-C8EGTE5CCY2ECT,GF-923,GrabFood,,American Breakfast Club,Greenville,"2 Pancakes - Blueberries, Butter, Maple Syrup",American Breakfast Pancakes,,1,,58000.00,,"September 06, 2026 02:56:11PM",DELIVERED
76768245,001572430336-C8EGPFECNTEATJ,GF-171,GrabFood,,American Breakfast Club,Kemang,"Mushroom Omelette - Mushrooms, Spinach, Side Tater Tots",American Breakfast Omelettes,,1,,68000.00,,"September 06, 2026 11:38:15AM",DELIVERED
76768245,001572430336-C8EGPFECNTEATJ,GF-171,GrabFood,,American Breakfast Club,Kemang,"Mushroom Omelette - Mushrooms, Spinach, Side Tater Tots",American Breakfast Omelettes,Tatter Tots,,1,,30000.00,"September 06, 2026 11:38:15AM",DELIVERED
76766430,F-3347441977,8558,gofood,,American Breakfast Club,Kemang,"Burrito - 2 Scrambled Eggs, Cheddar, Avocado, Tater Tots",American Breakfast Burritos,,1,,58000.00,,"September 06, 2026 11:19:16AM",DELIVERED
76766430,F-3347441977,8558,gofood,,American Breakfast Club,Kemang,Tater Tots,Sides,,1,,28000.00,,"September 06, 2026 11:19:16AM",DELIVERED
76765130,F-3347421549,3212,gofood,,Tyfel Coffee,Greenville,Tater Tots,Sides,,1,,28000.00,,"September 06, 2026 11:08:01AM",DELIVERED
76765130,F-3347421549,3212,gofood,,Tyfel Coffee,Greenville,Tyfel Burritos - Vegan,Lite Bites,,1,,45000.00,,"September 06, 2026 11:08:01AM",DELIVERED
76765130,F-3347421549,3212,gofood,,Tyfel Coffee,Greenville,Tater Tots With Truffle Oil,Sides,,1,,38000.00,,"September 06, 2026 11:08:01AM",DELIVERED
76765130,F-3347421549,3212,gofood,,Tyfel Coffee,Greenville,Omelette Toast,Brunch,,1,,38000.00,,"September 06, 2026 11:08:01AM",DELIVERED
76763740,F-3347400225,9768,gofood,,LA Breakfast Club,Greenville,Mock Chicken Sandwich,LA Breakfast Sandwiches,,1,,86000.00,,"September 06, 2026 10:55:32AM",DELIVERED
76763740,F-3347400225,9768,gofood,,LA Breakfast Club,Greenville,Mock Chicken Sandwich,LA Breakfast Sandwiches,Ketchup,,1,,0.00,"September 06, 2026 10:55:32AM",DELIVERED
76763740,F-3347400225,9768,gofood,,LA Breakfast Club,Greenville,Mock Chicken Sandwich,LA Breakfast Sandwiches,Add Mineral Water (500ml),,1,,15000.00,"September 06, 2026 10:55:32AM",DELIVERED
76762721,001860350943-C8EGN22UAKVGRX,GF-091,GrabFood,,American Breakfast Club,Greenville,"Burrito - Mock Chicken, 2 Scrambled Eggs, Cheddar, Avocado, Tater Tots",American Breakfast Burritos,,1,,68000.00,,"September 06, 2026 10:45:24AM",DELIVERED
76762721,001860350943-C8EGN22UAKVGRX,GF-091,GrabFood,,American Breakfast Club,Greenville,Cutleries,Cutleries,,3,,1000.00,,"September 06, 2026 10:45:24AM",DELIVERED
76762721,001860350943-C8EGN22UAKVGRX,GF-091,GrabFood,,American Breakfast Club,Greenville,"2 Pancakes - Blueberries, Butter, Maple Syrup",American Breakfast Pancakes,,1,,58000.00,,"September 06, 2026 10:45:24AM",DELIVERED
76759893,001301986082-C8EGNUCAANMBV2,GF-819,GrabFood,,American Breakfast Club,Kemang,"Burrito - 2 Scrambled Eggs, Cheddar, Avocado, Tater Tots",American Breakfast Burritos,,2,,58000.00,,"September 06, 2026 10:14:10AM",DELIVERED
76759893,001301986082-C8EGNUCAANMBV2,GF-819,GrabFood,,American Breakfast Club,Kemang,"Burrito - 2 Scrambled Eggs, Cheddar, Avocado, Tater Tots",American Breakfast Burritos,Cutleries,,2,,600.00,"September 06, 2026 10:14:10AM",DELIVERED
76759096,F-3347322987,7168,gofood,,American Breakfast Club,Kemang,"Sandwich - 2 Scrambled Eggs, Mock Fish, Cheddar Cheese, Mix, Brioche Bun",American Breakfast Sandwiches,,1,,58000.00,,"September 06, 2026 10:03:52AM",DELIVERED
76758880,001594081312-C8EGNPW3TUBWGN,GF-993,GrabFood,,American Breakfast Club,Greenville,"Burrito - Mock Beef, 2 Scrambled Eggs, Cheddar, Avocado, Tater Tots,",American Breakfast Burritos,,2,,68000.00,,"September 06, 2026 10:01:30AM",DELIVERED
76758345,001825114403-C8EGNNTURE6AEX,GF-704,GrabFood,,American Breakfast Club,Greenville,"2 Pancakes - Blueberries, Butter, Maple Syrup",American Breakfast Pancakes,,1,,58000.00,,"September 06, 2026 09:53:41AM",DELIVERED
76758345,001825114403-C8EGNNTURE6AEX,GF-704,GrabFood,,American Breakfast Club,Greenville,"2 Pancakes - Blueberries, Butter, Maple Syrup",American Breakfast Pancakes,Cutleries,,1,,1500.00,"September 06, 2026 09:53:41AM",DELIVERED
76758058,F-3347305644,5793,gofood,,American Breakfast Club,Greenville,"Burrito - Mock Beef, 2 Scrambled Eggs, Cheddar, Avocado, Tater Tots,",American Breakfast Burritos,,1,,54400.00,,"September 06, 2026 09:48:33AM",DELIVERED
76758058,F-3347305644,5793,gofood,,American Breakfast Club,Greenville,"Burrito - Mock Chicken, 2 Scrambled Eggs, Cheddar, Avocado, Tater Tots",American Breakfast Burritos,,1,,54400.00,,"September 06, 2026 09:48:33AM",DELIVERED
76758058,F-3347305644,5793,gofood,,American Breakfast Club,Greenville,"Burrito - Mock Beef, 2 Scrambled Eggs, Cheddar, Avocado, Tater Tots,",American Breakfast Burritos,,1,,54400.00,,"September 06, 2026 09:48:33AM",DELIVERED
76758058,F-3347305644,5793,gofood,,American Breakfast Club,Greenville,"2 Pancakes - Blueberries, Butter, Maple Syrup",American Breakfast Pancakes,,1,,46400.00,,"September 06, 2026 09:48:33AM",DELIVERED
76757978,001695038826-C8EGNLDBV72DV2,GF-270,GrabFood,,American Breakfast Club,Kemang,"Burrito - Mock Beef, 2 Scrambled Eggs, Cheddar, Avocado, Tater Tots,",American Breakfast Burritos,,2,,68000.00,,"September 06, 2026 09:47:53AM",DELIVERED
76757911,F-3347303247,2822,gofood,,Tyfel Coffee,Kemang,Breakfast Burrito,Breakfast Burritos,,1,,58000.00,,"September 06, 2026 09:46:18AM",DELIVERED
76757781,F-3347301341,9451,gofood,,American Breakfast Club,Kemang,"Burrito - 2 Scrambled Eggs, Cheddar, Avocado, Tater Tots",American Breakfast Burritos,,1,,58000.00,,"September 06, 2026 09:44:35AM",DELIVERED
76757626,F-3347298112,1815,gofood,,American Breakfast Club,Kemang,"Burrito - 2 Scrambled Eggs, Cheddar, Avocado, Tater Tots",American Breakfast Burritos,,1,,58000.00,,"September 06, 2026 09:41:38AM",DELIVERED
76757626,F-3347298112,1815,gofood,,American Breakfast Club,Kemang,"Burrito - 2 Scrambled Eggs, Cheddar, Avocado, Tater Tots",American Breakfast Burritos,Tatter Tots,,1,,30000.00,"September 06, 2026 09:41:38AM",DELIVERED
76757375,F-3347294111,8836,gofood,,American Breakfast Club,Greenville,"Burrito - 2 Scrambled Eggs, Cheddar, Avocado, Tater Tots",American Breakfast Burritos,,1,,46400.00,,"September 06, 2026 09:37:54AM",DELIVERED
76756897,00151082211-C8EGNGBKHGJ3CT,GF-866,GrabFood,,American Breakfast Club,Kemang,Sandwich - 2 Scrambled Eggs melty cheddar cheese on a wavy brioche bun,American Breakfast Sandwiches,,1,,45000.00,,"September 06, 2026 09:30:39AM",DELIVERED
76756897,00151082211-C8EGNGBKHGJ3CT,GF-866,GrabFood,,American Breakfast Club,Kemang,"Burrito - Mock Fish, 2 Scrambled Eggs, Cheddar, Avocado, Tater Tots,",American Breakfast Burritos,,1,,68000.00,,"September 06, 2026 09:30:39AM",DELIVERED
76755610,001987899221-C8EGNBATRX2ATA,GF-394,GrabFood,,American Breakfast Club,Kemang,Cheese Omelette - Side Tater Tots,American Breakfast Omelettes,,1,,58000.00,,"September 06, 2026 09:07:00AM",DELIVERED
76755585,F-3347262530,4467,gofood,,American Breakfast Club,Kemang,"Katsu Egg burger - Patties, 2 Scrambled Eggs, Cheddar Cheese, Secret Sauce",American Breakfast Burger,,1,,58000.00,,"September 06, 2026 09:05:54AM",DELIVERED
76755585,F-3347262530,4467,gofood,,American Breakfast Club,Kemang,"Katsu Egg burger - Patties, 2 Scrambled Eggs, Cheddar Cheese, Secret Sauce",American Breakfast Burger,Tatter Tots,,1,,30000.00,"September 06, 2026 09:05:54AM",DELIVERED
76755585,F-3347262530,4467,gofood,,American Breakfast Club,Kemang,"Burrito - 2 Scrambled Eggs, Cheddar, Avocado, Tater Tots",American Breakfast Burritos,,1,,58000.00,,"September 06, 2026 09:05:54AM",DELIVERED
76755585,F-3347262530,4467,gofood,,American Breakfast Club,Kemang,"Katsu Egg burger - Patties, 2 Scrambled Eggs, Cheddar Cheese, Secret Sauce",American Breakfast Burger,,1,,58000.00,,"September 06, 2026 09:05:54AM",DELIVERED
76755028,00183075051-C8EGMFT3BBNXEE,GF-062,GrabFood,,American Breakfast Club,Kemang,"Mushroom Omelette - Mushrooms, Spinach, Side Tater Tots",American Breakfast Omelettes,,1,,68000.00,,"September 06, 2026 08:53:48AM",DELIVERED
76754197,F-3347233586,1128,gofood,,Tyfel Coffee,Greenville,Mock Beef Sandwich,Breakfast Sandwiches,,2,,58000.00,,"September 06, 2026 08:28:41AM",DELIVERED
76754192,001531562950-C8EGMA3AGTCEPE,GF-418,GrabFood,,American Breakfast Club,Kemang,Cheese Omelette - Side Tater Tots,American Breakfast Omelettes,,1,,58000.00,,"September 06, 2026 08:32:10AM",DELIVERED
76754192,001531562950-C8EGMA3AGTCEPE,GF-418,GrabFood,,American Breakfast Club,Kemang,"Burrito - Mock Chicken, 2 Scrambled Eggs, Cheddar, Avocado, Tater Tots",American Breakfast Burritos,,1,,68000.00,,"September 06, 2026 08:32:10AM",DELIVERED
76754022,00107178703-C8EGMAC3EEDGA2,GF-264,GrabFood,,American Breakfast Club,Kemang,"Mushroom Omelette - Mushrooms, Spinach, Side Tater Tots",American Breakfast Omelettes,,1,,68000.00,,"September 06, 2026 08:27:50AM",DELIVERED
76754022,00107178703-C8EGMAC3EEDGA2,GF-264,GrabFood,,American Breakfast Club,Kemang,"Mushroom Omelette - Mushrooms, Spinach, Side Tater Tots",American Breakfast Omelettes,Cutleries,,1,,600.00,"September 06, 2026 08:27:50AM",DELIVERED
76753836,F-3347228062,9124,gofood,,American Breakfast Club,Kemang,"Burrito - Mock Katsu, 2 Scrambled Eggs, Cheddar, Avocado, Tater Tots",American Breakfast Burritos,,1,,68000.00,,"September 06, 2026 08:21:05AM",DELIVERED
76753836,F-3347228062,9124,gofood,,American Breakfast Club,Kemang,"Burrito - Mock Katsu, 2 Scrambled Eggs, Cheddar, Avocado, Tater Tots",American Breakfast Burritos,Tatter Tots,,1,,30000.00,"September 06, 2026 08:21:05AM",DELIVERED
76752920,00197230705-C8EGLZEANGDJNX,GF-376,GrabFood,,American Breakfast Club,Kemang,"Mushroom Omelette - Mushrooms, Spinach, Side Tater Tots",American Breakfast Omelettes,,1,,68000.00,,"September 06, 2026 07:51:30AM",DELIVERED
76752920,00197230705-C8EGLZEANGDJNX,GF-376,GrabFood,,American Breakfast Club,Kemang,Sandwich - 2 Scrambled Eggs melty cheddar cheese on a wavy brioche bun,American Breakfast Sandwiches,,1,,45000.00,,"September 06, 2026 07:51:30AM",DELIVERED
76752711,00161870455-C8EGLX5ZTLKEA6,GF-078,GrabFood,,American Breakfast Club,Greenville,"Burrito - Mock Chicken, 2 Scrambled Eggs, Cheddar, Avocado, Tater Tots",American Breakfast Burritos,,1,,68000.00,,"September 06, 2026 07:43:08AM",DELIVERED
76752574,F-3347199890,5327,gofood,,American Breakfast Club,Kemang,Cheese Omelette - Side Tater Tots,American Breakfast Omelettes,,1,,58000.00,,"September 06, 2026 07:34:36AM",DELIVERED
76752574,F-3347199890,5327,gofood,,American Breakfast Club,Kemang,Cheese Omelette - Side Tater Tots,American Breakfast Omelettes,Cutleries,,1,,600.00,"September 06, 2026 07:34:36AM",DELIVERED
76752540,0018268024-C8EGLXABABBHVT,GF-256,GrabFood,,American Breakfast Club,Greenville,"Sandwich - 2 Scrambled Eggs, Mock Fish, Cheddar Cheese, Mix, Brioche Bun",American Breakfast Sandwiches,,1,,58000.00,,"September 06, 2026 07:36:51AM",DELIVERED
76752540,0018268024-C8EGLXABABBHVT,GF-256,GrabFood,,American Breakfast Club,Greenville,"Sandwich - 2 Scrambled Eggs, Mock Fish, Cheddar Cheese, Mix, Brioche Bun",American Breakfast Sandwiches,Cutleries,,1,,1500.00,"September 06, 2026 07:36:51AM",DELIVERED
76752540,0018268024-C8EGLXABABBHVT,GF-256,GrabFood,,American Breakfast Club,Greenville,Cheese Omelette - Side Tater Tots,American Breakfast Omelettes,,1,,58000.00,,"September 06, 2026 07:36:51AM",DELIVERED
76752540,0018268024-C8EGLXABABBHVT,GF-256,GrabFood,,American Breakfast Club,Greenville,Cheese Omelette - Side Tater Tots,American Breakfast Omelettes,Cutleries,,1,,1500.00,"September 06, 2026 07:36:51AM",DELIVERED
76752168,001594465067-C8EGLTDZFAVJRE,GF-715,GrabFood,,American Breakfast Club,Greenville,"Burrito - Mock Beef, 2 Scrambled Eggs, Cheddar, Avocado, Tater Tots,",American Breakfast Burritos,,1,,68000.00,,"September 06, 2026 07:21:27AM",DELIVERED
76752079,0017737712-C8EGLJMXNF6CAX,GF-950,GrabFood,,American Breakfast Club,Greenville,"Burrito - 2 Scrambled Eggs, Cheddar, Avocado, Tater Tots",American Breakfast Burritos,,1,,58000.00,,"September 06, 2026 07:17:28AM",DELIVERED
76752016,0016060765-C8EGLPX3VFXXEE,GF-075,GrabFood,,American Breakfast Club,Greenville,"Burrito - Mock Beef, 2 Scrambled Eggs, Cheddar, Avocado, Tater Tots,",American Breakfast Burritos,,2,,68000.00,,"September 06, 2026 07:15:10AM",DELIVERED
76751737,00126795658-C8EGLLDVNVEZBA,GF-785,GrabFood,,American Breakfast Club,Greenville,"Burrito - Mock Beef, 2 Scrambled Eggs, Cheddar, Avocado, Tater Tots,",American Breakfast Burritos,,1,,68000.00,,"September 06, 2026 07:01:23AM",DELIVERED
76751737,00126795658-C8EGLLDVNVEZBA,GF-785,GrabFood,,American Breakfast Club,Greenville,"Burrito - Mock Chicken, 2 Scrambled Eggs, Cheddar, Avocado, Tater Tots",American Breakfast Burritos,,1,,68000.00,,"September 06, 2026 07:01:23AM",DELIVERED
76751737,00126795658-C8EGLLDVNVEZBA,GF-785,GrabFood,,American Breakfast Club,Greenville,"Sandwich - 2 Scrambled Eggs Mock Beef, Cheddar Cheese  on a wavy brioche bun",American Breakfast Sandwiches,,1,,58000.00,,"September 06, 2026 07:01:23AM",DELIVERED
76751352,00126954781-C8EGLELCCABDUA,GF-136,GrabFood,,American Breakfast Club,Greenville,"Burrito - Mock Beef, 2 Scrambled Eggs, Cheddar, Avocado, Tater Tots,",American Breakfast Burritos,,2,,68000.00,,"September 06, 2026 06:35:00AM",DELIVERED
